request_id	round	cpu_unit	template_id	curl_rc	http_code	elapsed_seconds	status	signature	sandbox_id	delete_status
r01-q00004-1u-t4	1	1	tpl-c72232c980e34baa8115d380	0	201	0.057069	PASS	none	fd8227a0032f49dabe13208c68cd9445	PASS
r01-q00007-1u-t7	1	1	tpl-c72232c980e34baa8115d380	0	201	0.066875	PASS	none	450dbd4cf0d04dcabe38ad5f57f09642	PASS
r01-q00001-1u-t1	1	1	tpl-c72232c980e34baa8115d380	0	201	0.061470	PASS	none	90b01379e2b944ff9cbc9bdc84029ed5	PASS
r01-q00003-1u-t3	1	1	tpl-c72232c980e34baa8115d380	0	201	0.056664	PASS	none	717943a35e654718a9901e9c6e1774d3	PASS
r01-q00006-1u-t6	1	1	tpl-c72232c980e34baa8115d380	0	201	0.056851	PASS	none	6c24d145a5fd46a7a1e4b00c50c02870	PASS
r01-q00005-1u-t5	1	1	tpl-c72232c980e34baa8115d380	0	201	0.058481	PASS	none	daf64a8749d8472da1f31af0d317ae13	PASS
r01-q00011-1u-t11	1	1	tpl-c72232c980e34baa8115d380	0	201	0.081075	PASS	none	3f047b4f61fa41c694dd6fde875d059b	PASS
r01-q00009-1u-t9	1	1	tpl-c72232c980e34baa8115d380	0	201	0.069051	PASS	none	1422018521004b8da6279f494eb06487	PASS
r01-q00002-1u-t2	1	1	tpl-c72232c980e34baa8115d380	0	201	0.058316	PASS	none	574c958b45be4856882c77dd8dfce3af	PASS
r01-q00008-1u-t8	1	1	tpl-c72232c980e34baa8115d380	0	201	0.072603	PASS	none	aa8567b75b764a6a9b1d49155cd3c3cd	PASS
r01-q00013-1u-t13	1	1	tpl-c72232c980e34baa8115d380	0	201	0.096714	PASS	none	0c9307d0d11844d984c79427368649bb	PASS
r01-q00010-1u-t10	1	1	tpl-c72232c980e34baa8115d380	0	201	0.082039	PASS	none	b3d8c9e07767421f9519844f6bc50d7f	PASS
r01-q00012-1u-t12	1	1	tpl-c72232c980e34baa8115d380	0	201	0.093210	PASS	none	97a2acfcea41455b8b82bc568ad4fe44	PASS
r01-q00017-1u-t17	1	1	tpl-c72232c980e34baa8115d380	0	201	0.118065	PASS	none	43b4d9777e894781a7701c2716842697	PASS
r01-q00019-1u-t19	1	1	tpl-c72232c980e34baa8115d380	0	201	0.146160	PASS	none	291c96c0a1eb42f598e512227fd8f922	PASS
r01-q00018-1u-t18	1	1	tpl-c72232c980e34baa8115d380	0	201	0.138243	PASS	none	b7c2a0ea6cf64e21a1c719507e0cfe1c	PASS
r01-q00014-1u-t14	1	1	tpl-c72232c980e34baa8115d380	0	201	0.119694	PASS	none	0d6e28ae69724c028fe301fc5e567d95	PASS
r01-q00015-1u-t15	1	1	tpl-c72232c980e34baa8115d380	0	201	0.114591	PASS	none	1a35b4077e7b42e596c186b0cbdd17ff	PASS
r01-q00025-1u-t25	1	1	tpl-c72232c980e34baa8115d380	0	201	0.122293	PASS	none	b1d87693b2ed428eaa019d84cdf9cf35	PASS
r01-q00021-1u-t21	1	1	tpl-c72232c980e34baa8115d380	0	201	0.139275	PASS	none	4262e3c70c1e4139a61b79b898310961	PASS
r01-q00016-1u-t16	1	1	tpl-c72232c980e34baa8115d380	0	201	0.111833	PASS	none	6eb0e98d02814d6fac3d8894fc3e570d	PASS
r01-q00020-1u-t20	1	1	tpl-c72232c980e34baa8115d380	0	201	0.142910	PASS	none	4def3098dd8540679ce17d96d9b3262b	PASS
r01-q00033-1u-t33	1	1	tpl-c72232c980e34baa8115d380	0	201	0.120601	PASS	none	159a8b523f384bc0b3ba640a3930fc62	PASS
r01-q00022-1u-t22	1	1	tpl-c72232c980e34baa8115d380	0	201	0.137639	PASS	none	dc14c73ecb4042658e1fe9381ecb5195	PASS
r01-q00024-1u-t24	1	1	tpl-c72232c980e34baa8115d380	0	201	0.127363	PASS	none	ba55fd5dff7d4f6fb297064f4bb2fa92	PASS
r01-q00028-1u-t28	1	1	tpl-c72232c980e34baa8115d380	0	201	0.125818	PASS	none	d091ab60c7684d77ba6b13f83b39811b	PASS
r01-q00023-1u-t23	1	1	tpl-c72232c980e34baa8115d380	0	201	0.128175	PASS	none	8935bf5ea54b423988f742b74f5bd190	PASS
r01-q00027-1u-t27	1	1	tpl-c72232c980e34baa8115d380	0	201	0.129705	PASS	none	b0ebe241587641a4b15e2f5286320784	PASS
r01-q00026-1u-t26	1	1	tpl-c72232c980e34baa8115d380	0	201	0.118249	PASS	none	0c83ca497c9a4c7aaa2cbec58f4fa66b	PASS
r01-q00031-1u-t31	1	1	tpl-c72232c980e34baa8115d380	0	201	0.122091	PASS	none	b8958aa897b04e0aba7e3c24e14c677f	PASS
r01-q00034-1u-t34	1	1	tpl-c72232c980e34baa8115d380	0	201	0.130076	PASS	none	6fab1f8c25fc48cab8e8851ec2caba5c	PASS
r01-q00030-1u-t30	1	1	tpl-c72232c980e34baa8115d380	0	201	0.118901	PASS	none	712c28f93eab42da89a45ca9e9e34d90	PASS
r01-q00037-1u-t37	1	1	tpl-c72232c980e34baa8115d380	0	201	0.206379	PASS	none	8fe462efb04c450dbe5a13a0a5d6e905	PASS
r01-q00032-1u-t32	1	1	tpl-c72232c980e34baa8115d380	0	201	0.124841	PASS	none	a6c5e1d669394815bc8c06255cf35f58	PASS
r01-q00036-1u-t36	1	1	tpl-c72232c980e34baa8115d380	0	201	0.214328	PASS	none	ba18a7d04aaa422f9f5b0f46453b3454	PASS
r01-q00050-1u-t50	1	1	tpl-c72232c980e34baa8115d380	0	201	0.152832	PASS	none	efd4f45a79244243a1099ef5c35f279e	PASS
r01-q00048-1u-t48	1	1	tpl-c72232c980e34baa8115d380	0	201	0.158926	PASS	none	c62a7840d77c41139811439f102cc4f2	PASS
r01-q00045-1u-t45	1	1	tpl-c72232c980e34baa8115d380	0	201	0.172153	PASS	none	194ae9c2fdee4190be7a7d5938b67303	PASS
r01-q00047-1u-t47	1	1	tpl-c72232c980e34baa8115d380	0	201	0.163336	PASS	none	03a16830d1a8456da47d50f03c43ba85	PASS
r01-q00029-1u-t29	1	1	tpl-c72232c980e34baa8115d380	0	201	0.121376	PASS	none	08a904633bef410fb059189b1ef83f6a	PASS
r01-q00035-1u-t35	1	1	tpl-c72232c980e34baa8115d380	0	201	0.220343	PASS	none	39ab843f059a4de591463322e9025710	PASS
r01-q00043-1u-t43	1	1	tpl-c72232c980e34baa8115d380	0	201	0.185918	PASS	none	3473fb0afdc74e58b8e2ed0f7c6bd6d1	PASS
r01-q00042-1u-t42	1	1	tpl-c72232c980e34baa8115d380	0	201	0.193310	PASS	none	8d2aa357a2964100974b8178724d4b2c	PASS
r01-q00046-1u-t46	1	1	tpl-c72232c980e34baa8115d380	0	201	0.169668	PASS	none	8564d0f1057a4be4821063f8cd0536d3	PASS
r01-q00039-1u-t39	1	1	tpl-c72232c980e34baa8115d380	0	201	0.200307	PASS	none	97bd7c50fbf34460a70fc6744dbf384a	PASS
r01-q00040-1u-t40	1	1	tpl-c72232c980e34baa8115d380	0	201	0.196036	PASS	none	708f559f0fd641b5ba0b2e62582e1c5b	PASS
r01-q00044-1u-t44	1	1	tpl-c72232c980e34baa8115d380	0	201	0.182452	PASS	none	62c3eb3d31e74687b839032701cfe12c	PASS
r01-q00038-1u-t38	1	1	tpl-c72232c980e34baa8115d380	0	201	0.219054	PASS	none	02a926485cbc4761ae1b0732b85de1f5	PASS
r01-q00041-1u-t41	1	1	tpl-c72232c980e34baa8115d380	0	201	0.192971	PASS	none	550d6df0d45b4509bbba2d859ae9e027	PASS
r01-q00049-1u-t49	1	1	tpl-c72232c980e34baa8115d380	0	201	0.154845	PASS	none	6055107ccec5414197f32026c70e5d59	PASS
r02-q00053-1u-t3	2	1	tpl-c72232c980e34baa8115d380	0	201	0.059598	PASS	none	9c142b31372d4f64924cffd8ccdce775	PASS
r02-q00051-1u-t1	2	1	tpl-c72232c980e34baa8115d380	0	201	0.073249	PASS	none	790ec0a8d9e34b5781d379b7e531f878	PASS
r02-q00064-1u-t14	2	1	tpl-c72232c980e34baa8115d380	0	201	0.098569	PASS	none	d9d8dfe156da41f3a37b580342b01e24	PASS
r02-q00052-1u-t2	2	1	tpl-c72232c980e34baa8115d380	0	201	0.068176	PASS	none	1fdd71cdc67a4276a59ec83d752f1fb1	PASS
r02-q00058-1u-t8	2	1	tpl-c72232c980e34baa8115d380	0	201	0.062846	PASS	none	4e4ca86a6ccf48799687d28293c0ccaa	PASS
r02-q00059-1u-t9	2	1	tpl-c72232c980e34baa8115d380	0	201	0.102466	PASS	none	02d953bd7c064d0b8eda83fb8e72b2b2	PASS
r02-q00062-1u-t12	2	1	tpl-c72232c980e34baa8115d380	0	201	0.101771	PASS	none	387a9c40d5704dc5bceafc36f3ec5ec4	PASS
r02-q00055-1u-t5	2	1	tpl-c72232c980e34baa8115d380	0	201	0.061394	PASS	none	c9fe1e0273484a9c8516801cc3423ef8	PASS
r02-q00065-1u-t15	2	1	tpl-c72232c980e34baa8115d380	0	201	0.111062	PASS	none	d274a8dd7b784319a76e6dfe65ab44ea	PASS
r02-q00056-1u-t6	2	1	tpl-c72232c980e34baa8115d380	0	201	0.060213	PASS	none	53ced2ff0b2245d1966e3f0406379550	PASS
r02-q00061-1u-t11	2	1	tpl-c72232c980e34baa8115d380	0	201	0.088886	PASS	none	2b602b31b81a4300acb9f71a78cac2b1	PASS
r02-q00067-1u-t17	2	1	tpl-c72232c980e34baa8115d380	0	201	0.112883	PASS	none	9ac99604303b4dc4b01719c132ba957c	PASS
r02-q00054-1u-t4	2	1	tpl-c72232c980e34baa8115d380	0	201	0.096300	PASS	none	8361fe0b281f42429a7450119fa883b4	PASS
r02-q00060-1u-t10	2	1	tpl-c72232c980e34baa8115d380	0	201	0.086060	PASS	none	4ff53eafe3c84d348fb9592305fbe3ea	PASS
r02-q00057-1u-t7	2	1	tpl-c72232c980e34baa8115d380	0	201	0.076192	PASS	none	9e657772efe1450f8c416813cb78b7e4	PASS
r02-q00068-1u-t18	2	1	tpl-c72232c980e34baa8115d380	0	201	0.118153	PASS	none	7cfbbd57d8754d2aa52704bbe8f16451	PASS
r02-q00063-1u-t13	2	1	tpl-c72232c980e34baa8115d380	0	201	0.100114	PASS	none	044680e912f546548f4f5ef34d5ef6a2	PASS
r02-q00066-1u-t16	2	1	tpl-c72232c980e34baa8115d380	0	201	0.148587	PASS	none	a7338ae1e0f5483e80ab246936c68092	PASS
r02-q00070-1u-t20	2	1	tpl-c72232c980e34baa8115d380	0	201	0.121093	PASS	none	c2d4ecf5e9714e10886d094b7dce3e93	PASS
r02-q00071-1u-t21	2	1	tpl-c72232c980e34baa8115d380	0	201	0.121889	PASS	none	0f07731730654d3eba5f5cdc8f927307	PASS
r02-q00074-1u-t24	2	1	tpl-c72232c980e34baa8115d380	0	201	0.136715	PASS	none	6a56710fd14542938158da29b533793c	PASS
r02-q00077-1u-t27	2	1	tpl-c72232c980e34baa8115d380	0	201	0.140467	PASS	none	918d8617579342e098386bcd2c506d87	PASS
r02-q00072-1u-t22	2	1	tpl-c72232c980e34baa8115d380	0	201	0.120457	PASS	none	0f1bfe83f59142a98ea9efebdba085c0	PASS
r02-q00073-1u-t23	2	1	tpl-c72232c980e34baa8115d380	0	201	0.128361	PASS	none	f422945a27724462beadb8b475de2028	PASS
r02-q00078-1u-t28	2	1	tpl-c72232c980e34baa8115d380	0	201	0.142287	PASS	none	97acbf20bf744a2b83380aaa6fcfd7cd	PASS
r02-q00069-1u-t19	2	1	tpl-c72232c980e34baa8115d380	0	201	0.113981	PASS	none	9dcc72d8b75c409c98552bd5729aae09	PASS
r02-q00081-1u-t31	2	1	tpl-c72232c980e34baa8115d380	0	201	0.142733	PASS	none	c14ecbd658d44a0f8c3dae058ac46cb1	PASS
r02-q00082-1u-t32	2	1	tpl-c72232c980e34baa8115d380	0	201	0.157584	PASS	none	e6cb313b08cb487ca85152d9f13dc7ad	PASS
r02-q00079-1u-t29	2	1	tpl-c72232c980e34baa8115d380	0	201	0.146374	PASS	none	71528ac6732e47b882724e2530441b11	PASS
r02-q00094-1u-t44	2	1	tpl-c72232c980e34baa8115d380	0	201	0.170511	PASS	none	e28e58e2fd0748efa33b283fa0e331a5	PASS
r02-q00087-1u-t37	2	1	tpl-c72232c980e34baa8115d380	0	201	0.164117	PASS	none	9eccaa51ce5d4bf4abd994bb2cf31560	PASS
r02-q00075-1u-t25	2	1	tpl-c72232c980e34baa8115d380	0	201	0.133351	PASS	none	8dde1b282a3942af8b260802138623a7	PASS
r02-q00085-1u-t35	2	1	tpl-c72232c980e34baa8115d380	0	201	0.168382	PASS	none	d11ef22d74974ec584641defa21fc2e8	PASS
r02-q00080-1u-t30	2	1	tpl-c72232c980e34baa8115d380	0	201	0.143617	PASS	none	a284b1affd524ec8bf76e2e9772941dd	PASS
r02-q00089-1u-t39	2	1	tpl-c72232c980e34baa8115d380	0	201	0.174964	PASS	none	831da2967d414bbf8ba3520e3a7b4fb8	PASS
r02-q00076-1u-t26	2	1	tpl-c72232c980e34baa8115d380	0	201	0.137182	PASS	none	665485c74e574c15ae81313526e87b1d	PASS
r02-q00091-1u-t41	2	1	tpl-c72232c980e34baa8115d380	0	201	0.171159	PASS	none	c124cd5dfb214a16892a35997c398c51	PASS
r02-q00083-1u-t33	2	1	tpl-c72232c980e34baa8115d380	0	201	0.181117	PASS	none	6050fe42c07a4758a032f67a92d2cedc	PASS
r02-q00092-1u-t42	2	1	tpl-c72232c980e34baa8115d380	0	201	0.165695	PASS	none	2628f7b7825b4280816c2259e310bab4	PASS
r02-q00086-1u-t36	2	1	tpl-c72232c980e34baa8115d380	0	201	0.175660	PASS	none	ac687e1f2b634db7854b8cdd80e95e30	PASS
r02-q00084-1u-t34	2	1	tpl-c72232c980e34baa8115d380	0	201	0.175962	PASS	none	9a9e0be59c6b44a582f7c485dc867d6b	PASS
r02-q00099-1u-t49	2	1	tpl-c72232c980e34baa8115d380	0	201	0.160962	PASS	none	0bd8a1b23c4f4e35afd1a2a75f601af6	PASS
r02-q00098-1u-t48	2	1	tpl-c72232c980e34baa8115d380	0	201	0.163844	PASS	none	9b72b157b98a499ea3533d22daf7486b	PASS
r02-q00100-1u-t50	2	1	tpl-c72232c980e34baa8115d380	0	201	0.153350	PASS	none	b402439e1df44307b2bca9eac0eb15d6	PASS
r02-q00096-1u-t46	2	1	tpl-c72232c980e34baa8115d380	0	201	0.170225	PASS	none	16ad2bbc9ad646c68cec85e3969454dc	PASS
r02-q00090-1u-t40	2	1	tpl-c72232c980e34baa8115d380	0	201	0.174647	PASS	none	a72e86a9346e4790b106f2f1591f620b	PASS
r02-q00088-1u-t38	2	1	tpl-c72232c980e34baa8115d380	0	201	0.175352	PASS	none	395c56eb7cd0445182ae978c00babcbf	PASS
r02-q00097-1u-t47	2	1	tpl-c72232c980e34baa8115d380	0	201	0.167408	PASS	none	a1b4a68f5cbb474db47b391b79fabe75	PASS
r02-q00095-1u-t45	2	1	tpl-c72232c980e34baa8115d380	0	201	0.170033	PASS	none	0c0f9b278118457b8e02af41c88c3995	PASS
r02-q00093-1u-t43	2	1	tpl-c72232c980e34baa8115d380	0	201	0.179831	PASS	none	312e3c0c76314dde835fc1ef90eae1c9	PASS
r03-q00105-1u-t5	3	1	tpl-c72232c980e34baa8115d380	0	201	0.073319	PASS	none	d27162c81ba94eb699eba7fa1370a723	PASS
r03-q00104-1u-t4	3	1	tpl-c72232c980e34baa8115d380	0	201	0.080746	PASS	none	8b4673c2f34847499430d9bd460add56	PASS
r03-q00101-1u-t1	3	1	tpl-c72232c980e34baa8115d380	0	201	0.082618	PASS	none	aedc5e44fa654ccaa98f77ade30f4aef	PASS
r03-q00106-1u-t6	3	1	tpl-c72232c980e34baa8115d380	0	201	0.088106	PASS	none	99c5dfa2938a466ca5397ec653f3b9e5	PASS
r03-q00111-1u-t11	3	1	tpl-c72232c980e34baa8115d380	0	201	0.097164	PASS	none	0fed6b75559846e9aed978ae2c4f8093	PASS
r03-q00108-1u-t8	3	1	tpl-c72232c980e34baa8115d380	0	201	0.088183	PASS	none	b0341498daf94e58bd38d0f98c3e3318	PASS
r03-q00107-1u-t7	3	1	tpl-c72232c980e34baa8115d380	0	201	0.103868	PASS	none	260e9f6578ce49d783e29d8297940c74	PASS
r03-q00102-1u-t2	3	1	tpl-c72232c980e34baa8115d380	0	201	0.083560	PASS	none	237946db529f4d959b0e1a91bc752a70	PASS
r03-q00112-1u-t12	3	1	tpl-c72232c980e34baa8115d380	0	201	0.095151	PASS	none	64e4779a188a409f84cffddaeeb11527	PASS
r03-q00109-1u-t9	3	1	tpl-c72232c980e34baa8115d380	0	201	0.110682	PASS	none	b90c9691732d4101bd53a87a88a4ed90	PASS
r03-q00113-1u-t13	3	1	tpl-c72232c980e34baa8115d380	0	201	0.095355	PASS	none	49de4be70a694e18b953ec25108a2a64	PASS
r03-q00103-1u-t3	3	1	tpl-c72232c980e34baa8115d380	0	201	0.091599	PASS	none	2ca7c80d73374e118e397da2a6d18d3b	PASS
r03-q00110-1u-t10	3	1	tpl-c72232c980e34baa8115d380	0	201	0.121484	PASS	none	42ecef8d8e564cbc9660ac4b391d05e8	PASS
r03-q00114-1u-t14	3	1	tpl-c72232c980e34baa8115d380	0	201	0.097909	PASS	none	74f5457e3c1a427d86f8f3ddb26e063f	PASS
r03-q00116-1u-t16	3	1	tpl-c72232c980e34baa8115d380	0	201	0.121620	PASS	none	f3fba92e59cc4affa8ddf3083b9b023c	PASS
r03-q00118-1u-t18	3	1	tpl-c72232c980e34baa8115d380	0	201	0.123593	PASS	none	6ba046a1feb04c8faca484317f15912c	PASS
r03-q00119-1u-t19	3	1	tpl-c72232c980e34baa8115d380	0	201	0.136816	PASS	none	c2a4dd82a3174201bed7cbf0326c39fe	PASS
r03-q00117-1u-t17	3	1	tpl-c72232c980e34baa8115d380	0	201	0.116778	PASS	none	fb993921705c412b9ced789fd24414ff	PASS
r03-q00120-1u-t20	3	1	tpl-c72232c980e34baa8115d380	0	201	0.118827	PASS	none	574d12db335c4544a09c483f9ef68790	PASS
r03-q00115-1u-t15	3	1	tpl-c72232c980e34baa8115d380	0	201	0.114843	PASS	none	4402bcc91b2a4b1eb48316022ab06dfc	PASS
r03-q00122-1u-t22	3	1	tpl-c72232c980e34baa8115d380	0	201	0.121514	PASS	none	382c34e173c14e8aafa808490f1252ce	PASS
r03-q00125-1u-t25	3	1	tpl-c72232c980e34baa8115d380	0	201	0.144875	PASS	none	4c94c94ade934ff4aacc898cd03e2b63	PASS
r03-q00127-1u-t27	3	1	tpl-c72232c980e34baa8115d380	0	201	0.140697	PASS	none	554a71dfb51d4f8bb29a68744dcf8aba	PASS
r03-q00124-1u-t24	3	1	tpl-c72232c980e34baa8115d380	0	201	0.141778	PASS	none	23987822f9584c9eb095310cbd93ceb6	PASS
r03-q00130-1u-t30	3	1	tpl-c72232c980e34baa8115d380	0	201	0.148499	PASS	none	7c74a492810f42529f9191e437eac8f7	PASS
r03-q00128-1u-t28	3	1	tpl-c72232c980e34baa8115d380	0	201	0.142350	PASS	none	bb8d5d6fcf9c4362bfd8543c3a8b1375	PASS
r03-q00123-1u-t23	3	1	tpl-c72232c980e34baa8115d380	0	201	0.132546	PASS	none	c02c620f27634f4980b21ddb15cb271b	PASS
r03-q00129-1u-t29	3	1	tpl-c72232c980e34baa8115d380	0	201	0.148245	PASS	none	a41e20c22013477dbfa88447a1b2fd62	PASS
r03-q00131-1u-t31	3	1	tpl-c72232c980e34baa8115d380	0	201	0.151275	PASS	none	8455dea11ca346408416cd96e2bc5c73	PASS
r03-q00121-1u-t21	3	1	tpl-c72232c980e34baa8115d380	0	201	0.120039	PASS	none	8f20bad2d441482db4a7ccc1ccb36590	PASS
r03-q00126-1u-t26	3	1	tpl-c72232c980e34baa8115d380	0	201	0.139670	PASS	none	aa984849ece248babadcc6a7536a653f	PASS
r03-q00134-1u-t34	3	1	tpl-c72232c980e34baa8115d380	0	201	0.164733	PASS	none	4e5f100e553a4d5385e54420311645fa	PASS
r03-q00139-1u-t39	3	1	tpl-c72232c980e34baa8115d380	0	201	0.168967	PASS	none	63843b3af9e74c93af04cfd79560d363	PASS
r03-q00132-1u-t32	3	1	tpl-c72232c980e34baa8115d380	0	201	0.152125	PASS	none	7f3de762df9c49f78a6e595e20eb05af	PASS
r03-q00137-1u-t37	3	1	tpl-c72232c980e34baa8115d380	0	201	0.170018	PASS	none	3602bd08854640d9a65448c31df97ecb	PASS
r03-q00133-1u-t33	3	1	tpl-c72232c980e34baa8115d380	0	201	0.159566	PASS	none	88a405dc58074289a3534f3263157aca	PASS
r03-q00135-1u-t35	3	1	tpl-c72232c980e34baa8115d380	0	201	0.165150	PASS	none	b41aa18f07da4f6ebdc86cf4163f3701	PASS
r03-q00140-1u-t40	3	1	tpl-c72232c980e34baa8115d380	0	201	0.168715	PASS	none	965e2a211124446c9efff47ca1ee4ce0	PASS
r03-q00143-1u-t43	3	1	tpl-c72232c980e34baa8115d380	0	201	0.169318	PASS	none	08b4ac65caf24e55a86f2ce45b982f25	PASS
r03-q00144-1u-t44	3	1	tpl-c72232c980e34baa8115d380	0	201	0.170621	PASS	none	8d55cb879fa34bcaa11432ecc0758854	PASS
r03-q00146-1u-t46	3	1	tpl-c72232c980e34baa8115d380	0	201	0.161406	PASS	none	3ff0d052520645eb9e70d09ef88bfb60	PASS
r03-q00138-1u-t38	3	1	tpl-c72232c980e34baa8115d380	0	201	0.174106	PASS	none	0a76cf774a594ef0b8ce0be9a70107f9	PASS
r03-q00142-1u-t42	3	1	tpl-c72232c980e34baa8115d380	0	201	0.167138	PASS	none	931ea8a86e524dc19d5a4500a9896371	PASS
r03-q00145-1u-t45	3	1	tpl-c72232c980e34baa8115d380	0	201	0.164910	PASS	none	f8124e0b0c1d4497a57411175dbf73d2	PASS
r03-q00147-1u-t47	3	1	tpl-c72232c980e34baa8115d380	0	201	0.156487	PASS	none	32b44c5bd24c4d089e59f1ee95d41a25	PASS
r03-q00141-1u-t41	3	1	tpl-c72232c980e34baa8115d380	0	201	0.168117	PASS	none	405dfc2121b7411e9592765be4c6cdf2	PASS
r03-q00136-1u-t36	3	1	tpl-c72232c980e34baa8115d380	0	201	0.168997	PASS	none	c0891ab3b8b648d8900435323ae24cb5	PASS
r03-q00148-1u-t48	3	1	tpl-c72232c980e34baa8115d380	0	201	0.152534	PASS	none	faf0ac205cf549a19fe5ced471085312	PASS
r03-q00149-1u-t49	3	1	tpl-c72232c980e34baa8115d380	0	201	0.156812	PASS	none	4792b60aec344c2eb668ccfa60d796bb	PASS
r03-q00150-1u-t50	3	1	tpl-c72232c980e34baa8115d380	0	201	0.150414	PASS	none	cb637eb6403147dd97bcb2e051f3ef59	PASS
r04-q00153-1u-t3	4	1	tpl-c72232c980e34baa8115d380	0	201	0.061001	PASS	none	5a0635d90b384c79bd03a0853f7fd83b	PASS
r04-q00156-1u-t6	4	1	tpl-c72232c980e34baa8115d380	0	201	0.090518	PASS	none	eedbda4061f345d6b545c33b599f9095	PASS
r04-q00155-1u-t5	4	1	tpl-c72232c980e34baa8115d380	0	201	0.065176	PASS	none	6963050ead9049beb1460ee57c65c4ec	PASS
r04-q00152-1u-t2	4	1	tpl-c72232c980e34baa8115d380	0	201	0.075335	PASS	none	93a114479f38420a861a86ff2f5b4f80	PASS
r04-q00154-1u-t4	4	1	tpl-c72232c980e34baa8115d380	0	201	0.069542	PASS	none	ff740195d4c14ebf8b9166c3209eb767	PASS
r04-q00151-1u-t1	4	1	tpl-c72232c980e34baa8115d380	0	201	0.061762	PASS	none	85010dbc81684d3397d727e414b1f6f1	PASS
r04-q00158-1u-t8	4	1	tpl-c72232c980e34baa8115d380	0	201	0.066737	PASS	none	ba00e5094e6a406b9f2bfb725214d532	PASS
r04-q00162-1u-t12	4	1	tpl-c72232c980e34baa8115d380	0	201	0.085248	PASS	none	7a742af370e7416a97f75ec236777427	PASS
r04-q00159-1u-t9	4	1	tpl-c72232c980e34baa8115d380	0	201	0.069173	PASS	none	053a73e3f4904e9aa91a6196c26e834b	PASS
r04-q00157-1u-t7	4	1	tpl-c72232c980e34baa8115d380	0	201	0.065144	PASS	none	9859ec43305949b2b5c4ca30fc848a59	PASS
r04-q00161-1u-t11	4	1	tpl-c72232c980e34baa8115d380	0	201	0.124673	PASS	none	299661dd04534dfc953e755ead43879f	PASS
r04-q00163-1u-t13	4	1	tpl-c72232c980e34baa8115d380	0	201	0.097479	PASS	none	f2d5e4cd224d479eb4bb8ae020d7b01b	PASS
r04-q00165-1u-t15	4	1	tpl-c72232c980e34baa8115d380	0	201	0.106892	PASS	none	0fe468625aa948d0b5b99679c0a9ec33	PASS
r04-q00160-1u-t10	4	1	tpl-c72232c980e34baa8115d380	0	201	0.128820	PASS	none	87a8ed68d5ab4af0bb387f8bde61f989	PASS
r04-q00164-1u-t14	4	1	tpl-c72232c980e34baa8115d380	0	201	0.104711	PASS	none	2914f13b599747cfac4ef754c80adb0f	PASS
r04-q00176-1u-t26	4	1	tpl-c72232c980e34baa8115d380	0	201	0.130697	PASS	none	02038850d97a415eb2b611b1759b05d1	PASS
r04-q00169-1u-t19	4	1	tpl-c72232c980e34baa8115d380	0	201	0.127575	PASS	none	7f64fbe7e7334b1a8e580b22f7845120	PASS
r04-q00174-1u-t24	4	1	tpl-c72232c980e34baa8115d380	0	201	0.118968	PASS	none	4701115d3b254edaaa70efd701c6f060	PASS
r04-q00171-1u-t21	4	1	tpl-c72232c980e34baa8115d380	0	201	0.116939	PASS	none	61bd41930ece40119c1c8cb49a6bc538	PASS
r04-q00166-1u-t16	4	1	tpl-c72232c980e34baa8115d380	0	201	0.117039	PASS	none	37b4bfb779ba494da938423e191dde29	PASS
r04-q00168-1u-t18	4	1	tpl-c72232c980e34baa8115d380	0	201	0.108743	PASS	none	330021633f9b43debad28f9c1dd8ab4a	PASS
r04-q00167-1u-t17	4	1	tpl-c72232c980e34baa8115d380	0	201	0.140770	PASS	none	96f3d6d352434612ab4172bd294674e2	PASS
r04-q00173-1u-t23	4	1	tpl-c72232c980e34baa8115d380	0	201	0.122236	PASS	none	df7cb5a43deb438b970121a488d018c8	PASS
r04-q00178-1u-t28	4	1	tpl-c72232c980e34baa8115d380	0	201	0.131867	PASS	none	1fed648eba8d47f2b3c5bf715be6d78d	PASS
r04-q00172-1u-t22	4	1	tpl-c72232c980e34baa8115d380	0	201	0.127590	PASS	none	e0c50371d45942a0b2b2d652d02cdeca	PASS
r04-q00170-1u-t20	4	1	tpl-c72232c980e34baa8115d380	0	201	0.120755	PASS	none	dbcdeb42231e41f79a77da09c79d7609	PASS
r04-q00177-1u-t27	4	1	tpl-c72232c980e34baa8115d380	0	201	0.125053	PASS	none	897c3184dc5f442b86177062fe4de26f	PASS
r04-q00179-1u-t29	4	1	tpl-c72232c980e34baa8115d380	0	201	0.140230	PASS	none	c6d13ffab5a3416790d2a40a0eaf0230	PASS
r04-q00181-1u-t31	4	1	tpl-c72232c980e34baa8115d380	0	201	0.157811	PASS	none	99858e2a0ce44ebc85c32a2adadf30ce	PASS
r04-q00187-1u-t37	4	1	tpl-c72232c980e34baa8115d380	0	201	0.172988	PASS	none	183b1b889cc140dca68d24c16d821bc9	PASS
r04-q00182-1u-t32	4	1	tpl-c72232c980e34baa8115d380	0	201	0.158234	PASS	none	9254f55956c8481da25dd7315d73f225	PASS
r04-q00183-1u-t33	4	1	tpl-c72232c980e34baa8115d380	0	201	0.155464	PASS	none	667614a29661435bafc9a3f065c01fa0	PASS
r04-q00175-1u-t25	4	1	tpl-c72232c980e34baa8115d380	0	201	0.134509	PASS	none	2825f5940f344d54a9ccde222e0caa45	PASS
r04-q00186-1u-t36	4	1	tpl-c72232c980e34baa8115d380	0	201	0.173142	PASS	none	b404da0db0824f0383dcd9a8c2110ffc	PASS
r04-q00199-1u-t49	4	1	tpl-c72232c980e34baa8115d380	0	201	0.145722	PASS	none	799ef8cf4ab6457e889ea064ae271396	PASS
r04-q00190-1u-t40	4	1	tpl-c72232c980e34baa8115d380	0	201	0.167768	PASS	none	8c320e8510bd4f26b990fd9805f69d8e	PASS
r04-q00185-1u-t35	4	1	tpl-c72232c980e34baa8115d380	0	201	0.164432	PASS	none	4bf0ae663f9a439cab566420e01bb945	PASS
r04-q00188-1u-t38	4	1	tpl-c72232c980e34baa8115d380	0	201	0.170779	PASS	none	62edc3c0466248b7b8906d48a68e4bf6	PASS
r04-q00189-1u-t39	4	1	tpl-c72232c980e34baa8115d380	0	201	0.169660	PASS	none	a25ccf5389e74566a6e561060a6b510b	PASS
r04-q00184-1u-t34	4	1	tpl-c72232c980e34baa8115d380	0	201	0.158545	PASS	none	4f9150a9162649e0abb8d28baa29d1cf	PASS
r04-q00200-1u-t50	4	1	tpl-c72232c980e34baa8115d380	0	201	0.140962	PASS	none	57a0a27f68f14ac09c501656a83969b7	PASS
r04-q00193-1u-t43	4	1	tpl-c72232c980e34baa8115d380	0	201	0.160752	PASS	none	c71ed904d4df49fbb2605b63f3985f0c	PASS
r04-q00180-1u-t30	4	1	tpl-c72232c980e34baa8115d380	0	201	0.155699	PASS	none	0ae28bbfbabf42879cfff81b099afdaf	PASS
r04-q00194-1u-t44	4	1	tpl-c72232c980e34baa8115d380	0	201	0.158104	PASS	none	9ed849bd470d4a1284a9bc354a9b414c	PASS
r04-q00191-1u-t41	4	1	tpl-c72232c980e34baa8115d380	0	201	0.164835	PASS	none	89facb6055db426abdc139a15cc47407	PASS
r04-q00192-1u-t42	4	1	tpl-c72232c980e34baa8115d380	0	201	0.165606	PASS	none	1fa3ba24cda748b9ad2fcdf2418440c7	PASS
r04-q00197-1u-t47	4	1	tpl-c72232c980e34baa8115d380	0	201	0.149568	PASS	none	dfe0b55c4dc344bdafd927ec0aa6dc8a	PASS
r04-q00198-1u-t48	4	1	tpl-c72232c980e34baa8115d380	0	201	0.143643	PASS	none	aa62acc6d76747b1955b89a381390713	PASS
r04-q00196-1u-t46	4	1	tpl-c72232c980e34baa8115d380	0	201	0.151410	PASS	none	5460312b70be44649932cf9313e0806c	PASS
r04-q00195-1u-t45	4	1	tpl-c72232c980e34baa8115d380	0	201	0.158279	PASS	none	643f71488b2542a0abf75ea0c7b6d176	PASS
r05-q00201-1u-t1	5	1	tpl-c72232c980e34baa8115d380	0	201	0.067264	PASS	none	b92ac690b2994c9abb778b2c12921eb0	PASS
r05-q00205-1u-t5	5	1	tpl-c72232c980e34baa8115d380	0	201	0.075075	PASS	none	35986be1e60b4c8d848822bf75bb4705	PASS
r05-q00206-1u-t6	5	1	tpl-c72232c980e34baa8115d380	0	201	0.087444	PASS	none	0717381f2ae746cdbd26cb28925b332b	PASS
r05-q00209-1u-t9	5	1	tpl-c72232c980e34baa8115d380	0	201	0.083588	PASS	none	af786bb645414d63b942925ffeba4059	PASS
r05-q00215-1u-t15	5	1	tpl-c72232c980e34baa8115d380	0	201	0.102968	PASS	none	38f0d7cf34394daf8f0d24d733884106	PASS
r05-q00202-1u-t2	5	1	tpl-c72232c980e34baa8115d380	0	201	0.070153	PASS	none	0217aa84c8c5499ea2662be409e138ee	PASS
r05-q00213-1u-t13	5	1	tpl-c72232c980e34baa8115d380	0	201	0.086840	PASS	none	be3fe039bcdf42afa169eddf2e2cbcaa	PASS
r05-q00227-1u-t27	5	1	tpl-c72232c980e34baa8115d380	0	201	0.165857	PASS	none	56f26708f61e439abf1ab0812845ac30	PASS
r05-q00208-1u-t8	5	1	tpl-c72232c980e34baa8115d380	0	201	0.079567	PASS	none	c3c228e04a1849d4a8ccb3b7ca7a7ad6	PASS
r05-q00210-1u-t10	5	1	tpl-c72232c980e34baa8115d380	0	201	0.084542	PASS	none	25c58b5df15d481088c53521c6ebff28	PASS
r05-q00214-1u-t14	5	1	tpl-c72232c980e34baa8115d380	0	201	0.132736	PASS	none	d3ff4e4d1c94444194b765007d6e1463	PASS
r05-q00203-1u-t3	5	1	tpl-c72232c980e34baa8115d380	0	201	0.111581	PASS	none	831de76b06b44973a1ca677273a1a6d1	PASS
r05-q00211-1u-t11	5	1	tpl-c72232c980e34baa8115d380	0	201	0.081921	PASS	none	b2a74cea3b7940869cd383fa7b6549be	PASS
r05-q00212-1u-t12	5	1	tpl-c72232c980e34baa8115d380	0	201	0.091840	PASS	none	4845904f607b41a38e7ce7d472ca938f	PASS
r05-q00207-1u-t7	5	1	tpl-c72232c980e34baa8115d380	0	201	0.082292	PASS	none	4eb47a25cb8f47ce82af63f6f45725a1	PASS
r05-q00218-1u-t18	5	1	tpl-c72232c980e34baa8115d380	0	201	0.130367	PASS	none	9d3232f4132147a2a1c68e1ef6cc6911	PASS
r05-q00219-1u-t19	5	1	tpl-c72232c980e34baa8115d380	0	201	0.133713	PASS	none	e7ac5430962a410dbf5e576a7b7c2b78	PASS
r05-q00225-1u-t25	5	1	tpl-c72232c980e34baa8115d380	0	201	0.146329	PASS	none	195e3239243948e3b5fea885c2e562fe	PASS
r05-q00232-1u-t32	5	1	tpl-c72232c980e34baa8115d380	0	201	0.174174	PASS	none	48fee9d5a9bc47a19a87ef27aa9356d7	PASS
r05-q00236-1u-t36	5	1	tpl-c72232c980e34baa8115d380	0	201	0.170673	PASS	none	92bb320aa5cb467aa33669b2f55b67f1	PASS
r05-q00244-1u-t44	5	1	tpl-c72232c980e34baa8115d380	0	201	0.181132	PASS	none	689de7d55511402c967f518c7d07b905	PASS
r05-q00228-1u-t28	5	1	tpl-c72232c980e34baa8115d380	0	201	0.149708	PASS	none	550122e628a4493088c11e09bb04f56e	PASS
r05-q00226-1u-t26	5	1	tpl-c72232c980e34baa8115d380	0	201	0.141400	PASS	none	5357c65a1c6847ceb063d9c9a80c024a	PASS
r05-q00240-1u-t40	5	1	tpl-c72232c980e34baa8115d380	0	201	0.173900	PASS	none	f5721ff2ed074a329fbb1e96397ef812	PASS
r05-q00230-1u-t30	5	1	tpl-c72232c980e34baa8115d380	0	201	0.175441	PASS	none	8fe38e951573412392c171b283692348	PASS
r05-q00231-1u-t31	5	1	tpl-c72232c980e34baa8115d380	0	201	0.158868	PASS	none	bf5370036c434e20bf09f5bb382261dc	PASS
r05-q00217-1u-t17	5	1	tpl-c72232c980e34baa8115d380	0	201	0.122729	PASS	none	569506b4ed1246419d42e70b1d086feb	PASS
r05-q00233-1u-t33	5	1	tpl-c72232c980e34baa8115d380	0	201	0.171782	PASS	none	198fab211d8e4c83b34b0fdfa0043c64	PASS
r05-q00245-1u-t45	5	1	tpl-c72232c980e34baa8115d380	0	201	0.176967	PASS	none	e1290ee19b004d3d8434d29691337cb2	PASS
r05-q00222-1u-t22	5	1	tpl-c72232c980e34baa8115d380	0	201	0.143966	PASS	none	bd28feafaca84f449b2b374121a56bdd	PASS
r05-q00204-1u-t4	5	1	tpl-c72232c980e34baa8115d380	0	201	0.110972	PASS	none	34b7cd2e1bf0413bac7da6ec26f770fe	PASS
r05-q00239-1u-t39	5	1	tpl-c72232c980e34baa8115d380	0	201	0.181953	PASS	none	37e700f700ce4177b7ffcd8455391912	PASS
r05-q00221-1u-t21	5	1	tpl-c72232c980e34baa8115d380	0	201	0.138780	PASS	none	bf82bbb201514a6f9fe8936d86d76c69	PASS
r05-q00237-1u-t37	5	1	tpl-c72232c980e34baa8115d380	0	201	0.168873	PASS	none	bab677f7daf44cd6bf8ed75da192e467	PASS
r05-q00247-1u-t47	5	1	tpl-c72232c980e34baa8115d380	0	201	0.173726	PASS	none	59a854feb2b9471680547a8c72cf78ad	PASS
r05-q00242-1u-t42	5	1	tpl-c72232c980e34baa8115d380	0	201	0.186853	PASS	none	3dd21531e4d048e7a6d98d512d166055	PASS
r05-q00241-1u-t41	5	1	tpl-c72232c980e34baa8115d380	0	201	0.187683	PASS	none	fa23da4bec1a4b039ee51912654263dd	PASS
r05-q00220-1u-t20	5	1	tpl-c72232c980e34baa8115d380	0	201	0.139381	PASS	none	ea61724149dc4d8882e230f6058a292d	PASS
r05-q00216-1u-t16	5	1	tpl-c72232c980e34baa8115d380	0	201	0.120904	PASS	none	5312df3c78d240a782d4dbee4c8f75dc	PASS
r05-q00246-1u-t46	5	1	tpl-c72232c980e34baa8115d380	0	201	0.175483	PASS	none	102d2f44ec0046e0ae6022910919ec81	PASS
r05-q00250-1u-t50	5	1	tpl-c72232c980e34baa8115d380	0	201	0.161872	PASS	none	e73ff147e9bb4754bef1bdce2b0d64c9	PASS
r05-q00224-1u-t24	5	1	tpl-c72232c980e34baa8115d380	0	201	0.146363	PASS	none	336213b210cc452b8c0aa227ab811843	PASS
r05-q00249-1u-t49	5	1	tpl-c72232c980e34baa8115d380	0	201	0.168672	PASS	none	7076e380624448d0b6186ba94a98f1e0	PASS
r05-q00235-1u-t35	5	1	tpl-c72232c980e34baa8115d380	0	201	0.171144	PASS	none	863e49c832774dd6bc17275cd58b099f	PASS
r05-q00238-1u-t38	5	1	tpl-c72232c980e34baa8115d380	0	201	0.170870	PASS	none	5e9ce7742e4d4467b09e4688a925de1a	PASS
r05-q00234-1u-t34	5	1	tpl-c72232c980e34baa8115d380	0	201	0.169416	PASS	none	c438f7cdda53400d87ff7ea1c65cd935	PASS
r05-q00229-1u-t29	5	1	tpl-c72232c980e34baa8115d380	0	201	0.150135	PASS	none	2ae6f37791084caa8280a1a51d72db25	PASS
r05-q00243-1u-t43	5	1	tpl-c72232c980e34baa8115d380	0	201	0.182277	PASS	none	fe7a90cf843f4295a82f61bc17df4777	PASS
r05-q00248-1u-t48	5	1	tpl-c72232c980e34baa8115d380	0	201	0.175366	PASS	none	6cb1c6070a934913b2d55ec950b4eb30	PASS
r05-q00223-1u-t23	5	1	tpl-c72232c980e34baa8115d380	0	201	0.140782	PASS	none	6a6e11fa574f498789c1227c84a435e7	PASS
r06-q00255-1u-t5	6	1	tpl-c72232c980e34baa8115d380	0	201	0.075139	PASS	none	12a7584bcc3b43e5bd69bb7a4b102679	PASS
r06-q00252-1u-t2	6	1	tpl-c72232c980e34baa8115d380	0	201	0.068235	PASS	none	ae7cab02beab426b931fec0c33259860	PASS
r06-q00251-1u-t1	6	1	tpl-c72232c980e34baa8115d380	0	201	0.070737	PASS	none	1aa45a8449784844b5e42efc6e4df2ff	PASS
r06-q00256-1u-t6	6	1	tpl-c72232c980e34baa8115d380	0	201	0.071254	PASS	none	064ec8699c024c7481373dc470e1dab6	PASS
r06-q00259-1u-t9	6	1	tpl-c72232c980e34baa8115d380	0	201	0.062172	PASS	none	5431a40a8b224d9b8049fd00f29521bd	PASS
r06-q00257-1u-t7	6	1	tpl-c72232c980e34baa8115d380	0	201	0.067942	PASS	none	c5aadf0ee7414a5e9e18c6fdedc05c25	PASS
r06-q00254-1u-t4	6	1	tpl-c72232c980e34baa8115d380	0	201	0.062563	PASS	none	8a28ad476fa044679d0c89c53ce44baa	PASS
r06-q00263-1u-t13	6	1	tpl-c72232c980e34baa8115d380	0	201	0.078295	PASS	none	8f8dc68359b94eef8044019bae29f161	PASS
r06-q00260-1u-t10	6	1	tpl-c72232c980e34baa8115d380	0	201	0.118390	PASS	none	c80c438a578848289d50f2264cdd5d8a	PASS
r06-q00258-1u-t8	6	1	tpl-c72232c980e34baa8115d380	0	201	0.072484	PASS	none	bb0cc88c66ee4efc9f5d8572c59394d3	PASS
r06-q00265-1u-t15	6	1	tpl-c72232c980e34baa8115d380	0	201	0.100431	PASS	none	b5c93481b01f4ab7803c2243c452fc25	PASS
r06-q00264-1u-t14	6	1	tpl-c72232c980e34baa8115d380	0	201	0.103717	PASS	none	0fcaa9d0bf914645b48eed651e4b79f2	PASS
r06-q00261-1u-t11	6	1	tpl-c72232c980e34baa8115d380	0	201	0.082591	PASS	none	788389272598421590590da237a9bb46	PASS
r06-q00262-1u-t12	6	1	tpl-c72232c980e34baa8115d380	0	201	0.086724	PASS	none	12a4e313b80f44e19cca50e8f5c447a5	PASS
r06-q00269-1u-t19	6	1	tpl-c72232c980e34baa8115d380	0	201	0.126671	PASS	none	fcc3fe75a54f45c7845ba8fa4fef64bf	PASS
r06-q00253-1u-t3	6	1	tpl-c72232c980e34baa8115d380	0	201	0.089188	PASS	none	2b55511ce1df498c8c7b2a737429ccf6	PASS
r06-q00267-1u-t17	6	1	tpl-c72232c980e34baa8115d380	0	201	0.123262	PASS	none	b537eee1ec4d4b7f9b41d2f02e9561d1	PASS
r06-q00271-1u-t21	6	1	tpl-c72232c980e34baa8115d380	0	201	0.134291	PASS	none	bfe4c5a7ef524128832275f9d1130611	PASS
r06-q00270-1u-t20	6	1	tpl-c72232c980e34baa8115d380	0	201	0.131848	PASS	none	5901e8a7fb68480c971a7dbbb529b6a3	PASS
r06-q00268-1u-t18	6	1	tpl-c72232c980e34baa8115d380	0	201	0.121745	PASS	none	82ae2b1fda0a4235801d72102fb56e36	PASS
r06-q00272-1u-t22	6	1	tpl-c72232c980e34baa8115d380	0	201	0.128232	PASS	none	65d09d9ad70448279c527684a0444b5f	PASS
r06-q00273-1u-t23	6	1	tpl-c72232c980e34baa8115d380	0	201	0.125463	PASS	none	39d1d92d25d24447b4a7bfed851398f5	PASS
r06-q00266-1u-t16	6	1	tpl-c72232c980e34baa8115d380	0	201	0.121602	PASS	none	562b8877f062443683382e5718bc4c1f	PASS
r06-q00275-1u-t25	6	1	tpl-c72232c980e34baa8115d380	0	201	0.132664	PASS	none	0dac28a4457948e0be03ff6949cab817	PASS
r06-q00274-1u-t24	6	1	tpl-c72232c980e34baa8115d380	0	201	0.133885	PASS	none	d73a95dc478a4d529b1797ef6b92e988	PASS
r06-q00286-1u-t36	6	1	tpl-c72232c980e34baa8115d380	0	201	0.171437	PASS	none	05d2ae29f5ed449e8893339af9b29a27	PASS
r06-q00280-1u-t30	6	1	tpl-c72232c980e34baa8115d380	0	201	0.175785	PASS	none	5e4890ef6c71477e8ee9386cf62d0b3a	PASS
r06-q00277-1u-t27	6	1	tpl-c72232c980e34baa8115d380	0	201	0.152197	PASS	none	899c9cac86244d9f99151b05110fc057	PASS
r06-q00278-1u-t28	6	1	tpl-c72232c980e34baa8115d380	0	201	0.149298	PASS	none	3be29ed5bcac469eaa513a4a9b10541b	PASS
r06-q00293-1u-t43	6	1	tpl-c72232c980e34baa8115d380	0	201	0.175828	PASS	none	509c97361d964d72823ffff3b54fc801	PASS
r06-q00283-1u-t33	6	1	tpl-c72232c980e34baa8115d380	0	201	0.158006	PASS	none	d8539cd5da0245b2898335e6d25f496d	PASS
r06-q00282-1u-t32	6	1	tpl-c72232c980e34baa8115d380	0	201	0.159978	PASS	none	c4cb9b271bbe45d1bfced4a8e7bfc2f5	PASS
r06-q00281-1u-t31	6	1	tpl-c72232c980e34baa8115d380	0	201	0.170318	PASS	none	97f6602ccaf044d9888b6183e25172bb	PASS
r06-q00285-1u-t35	6	1	tpl-c72232c980e34baa8115d380	0	201	0.177406	PASS	none	6b7150d4eb284f1bb0e5aab6751e2e5e	PASS
r06-q00291-1u-t41	6	1	tpl-c72232c980e34baa8115d380	0	201	0.177558	PASS	none	81c28504d71740118d07733ba7819175	PASS
r06-q00284-1u-t34	6	1	tpl-c72232c980e34baa8115d380	0	201	0.177976	PASS	none	68e9774b1ebf49bfbcde5ac8bac53902	PASS
r06-q00290-1u-t40	6	1	tpl-c72232c980e34baa8115d380	0	201	0.185725	PASS	none	3f8ee04efd2e4d8081ff56109e26479f	PASS
r06-q00289-1u-t39	6	1	tpl-c72232c980e34baa8115d380	0	201	0.176905	PASS	none	4ea5e3e8cfc14080a04d5830d9830834	PASS
r06-q00295-1u-t45	6	1	tpl-c72232c980e34baa8115d380	0	201	0.168949	PASS	none	31298175e4604d34bea954f3d6a7fe4d	PASS
r06-q00276-1u-t26	6	1	tpl-c72232c980e34baa8115d380	0	201	0.168307	PASS	none	c97f912017854167985cddafa9225c57	PASS
r06-q00292-1u-t42	6	1	tpl-c72232c980e34baa8115d380	0	201	0.185536	PASS	none	0748e794fb19478a8b7bd6a6f770c182	PASS
r06-q00294-1u-t44	6	1	tpl-c72232c980e34baa8115d380	0	201	0.176047	PASS	none	f23fb347ac894a0db4f52c8a8af2e6b3	PASS
r06-q00297-1u-t47	6	1	tpl-c72232c980e34baa8115d380	0	201	0.171358	PASS	none	e585748a802b4c0381719be17a970893	PASS
r06-q00287-1u-t37	6	1	tpl-c72232c980e34baa8115d380	0	201	0.172642	PASS	none	e1968e9409624ff09e4d7c37cecb36de	PASS
r06-q00288-1u-t38	6	1	tpl-c72232c980e34baa8115d380	0	201	0.175242	PASS	none	ab436046fca94869b3f9fcd32f8ef21b	PASS
r06-q00279-1u-t29	6	1	tpl-c72232c980e34baa8115d380	0	201	0.152141	PASS	none	5b7602d757394b02b57448042764b47a	PASS
r06-q00298-1u-t48	6	1	tpl-c72232c980e34baa8115d380	0	201	0.164217	PASS	none	6a5853d90afe4578802389e4a1fd3955	PASS
r06-q00300-1u-t50	6	1	tpl-c72232c980e34baa8115d380	0	201	0.153441	PASS	none	7cb38659f315428bb3b58e8e83e6bceb	PASS
r06-q00296-1u-t46	6	1	tpl-c72232c980e34baa8115d380	0	201	0.166989	PASS	none	9f4bd0327337455bb93665eaa5e2854f	PASS
r06-q00299-1u-t49	6	1	tpl-c72232c980e34baa8115d380	0	201	0.161082	PASS	none	0833584c2c9f496289d7def8de33b9a7	PASS
r01-q00308-1u-t8	1	1	tpl-08b4c6aa2c4a428599909f36	0	201	0.060755	PASS	none	aa8ee6a04cf54227ba8d47af6922b6d0	PASS
r01-q00311-1u-t11	1	1	tpl-08b4c6aa2c4a428599909f36	0	201	0.061393	PASS	none	f0907756373446c2855cca013c8c5fa0	PASS
r01-q00306-1u-t6	1	1	tpl-08b4c6aa2c4a428599909f36	0	201	0.081149	PASS	none	c0f165005f7c4b2abb4a7b5c503a401a	PASS
r01-q00310-1u-t10	1	1	tpl-08b4c6aa2c4a428599909f36	0	201	0.061418	PASS	none	9fb73cf8a0474d19a2db2fb824314793	PASS
r01-q00304-1u-t4	1	1	tpl-08b4c6aa2c4a428599909f36	0	201	0.054544	PASS	none	0abb704e451a4703b6f7c5f0f5c9953d	PASS
r01-q00314-1u-t14	1	1	tpl-08b4c6aa2c4a428599909f36	0	201	0.064704	PASS	none	1cde9a5f8bf54bf9a965cd4c7ccb810a	PASS
r01-q00301-1u-t1	1	1	tpl-08b4c6aa2c4a428599909f36	0	201	0.085776	PASS	none	fadb7323249f44c6ba2d358742722b17	PASS
r01-q00305-1u-t5	1	1	tpl-08b4c6aa2c4a428599909f36	0	201	0.064295	PASS	none	352e31b2d6904f208aebf150fec72c5e	PASS
r01-q00302-1u-t2	1	1	tpl-08b4c6aa2c4a428599909f36	0	201	0.082444	PASS	none	ef1425f1700b408baddba421f38b85c7	PASS
r01-q00315-1u-t15	1	1	tpl-08b4c6aa2c4a428599909f36	0	201	0.069563	PASS	none	8eb0f987c3084966b25d23b505c02923	PASS
r01-q00307-1u-t7	1	1	tpl-08b4c6aa2c4a428599909f36	0	201	0.078326	PASS	none	8be1382ce38740c6ba18561939bc319e	PASS
r01-q00319-1u-t19	1	1	tpl-08b4c6aa2c4a428599909f36	0	201	0.078724	PASS	none	cb286ef6cb4f42c3a9bb18d1fbe0e5c8	PASS
r01-q00303-1u-t3	1	1	tpl-08b4c6aa2c4a428599909f36	0	201	0.060629	PASS	none	75b3023a59e1459c9a778a7591861823	PASS
r01-q00316-1u-t16	1	1	tpl-08b4c6aa2c4a428599909f36	0	201	0.072466	PASS	none	7503ae6f582f4c2aa5e49805dec22054	PASS
r01-q00313-1u-t13	1	1	tpl-08b4c6aa2c4a428599909f36	0	201	0.068331	PASS	none	affe0673f4094707bb7e9987492de4b4	PASS
r01-q00323-1u-t23	1	1	tpl-08b4c6aa2c4a428599909f36	0	201	0.076693	PASS	none	fab0bf42f79a4dfd9b100e65b4021301	PASS
r01-q00330-1u-t30	1	1	tpl-08b4c6aa2c4a428599909f36	0	201	0.067693	PASS	none	ee251bda308a4863a86b402363681c37	PASS
r01-q00320-1u-t20	1	1	tpl-08b4c6aa2c4a428599909f36	0	201	0.079219	PASS	none	142b26d59cbd457784d2f3d3974aca2a	PASS
r01-q00318-1u-t18	1	1	tpl-08b4c6aa2c4a428599909f36	0	201	0.081097	PASS	none	800cf281cfba47a4bf6f933b471a3e41	PASS
r01-q00322-1u-t22	1	1	tpl-08b4c6aa2c4a428599909f36	0	201	0.079339	PASS	none	a12254b1c3db42babff368e284a1256b	PASS
r01-q00327-1u-t27	1	1	tpl-08b4c6aa2c4a428599909f36	0	201	0.069502	PASS	none	36e3f09b23434e579e854953d1eb9c1d	PASS
r01-q00326-1u-t26	1	1	tpl-08b4c6aa2c4a428599909f36	0	201	0.070875	PASS	none	11380d5041164cb492ab74cc76617b8a	PASS
r01-q00317-1u-t17	1	1	tpl-08b4c6aa2c4a428599909f36	0	201	0.078421	PASS	none	ca085cedb9cf46a2bed6a3839deb356f	PASS
r01-q00312-1u-t12	1	1	tpl-08b4c6aa2c4a428599909f36	0	201	0.059919	PASS	none	2d4310a4f167497db90c56543c5f606b	PASS
r01-q00321-1u-t21	1	1	tpl-08b4c6aa2c4a428599909f36	0	201	0.074917	PASS	none	eb32409dc7f24288a5a85cd9e69d123b	PASS
r01-q00324-1u-t24	1	1	tpl-08b4c6aa2c4a428599909f36	0	201	0.083130	PASS	none	dc7dfaf055c247febd49519ba25c326f	PASS
r01-q00325-1u-t25	1	1	tpl-08b4c6aa2c4a428599909f36	0	201	0.074024	PASS	none	d6f1d0de4ac240eca83d6ede3773583c	PASS
r01-q00309-1u-t9	1	1	tpl-08b4c6aa2c4a428599909f36	0	201	0.081336	PASS	none	1216dc3207d44f65830bf18153a98660	PASS
r01-q00340-1u-t40	1	1	tpl-08b4c6aa2c4a428599909f36	0	201	0.081307	PASS	none	0b9cc34ac79e45f2be5ea0dfb0e92ae2	PASS
r01-q00329-1u-t29	1	1	tpl-08b4c6aa2c4a428599909f36	0	201	0.072562	PASS	none	5b21c8ddb5a643ad9f0af2e8a7ddf59e	PASS
r01-q00337-1u-t37	1	1	tpl-08b4c6aa2c4a428599909f36	0	201	0.068983	PASS	none	985ba5457d794d7d9e14219feff6b766	PASS
r01-q00331-1u-t31	1	1	tpl-08b4c6aa2c4a428599909f36	0	201	0.085432	PASS	none	72d1a537cb2a41799c4c2c24a176206f	PASS
r01-q00333-1u-t33	1	1	tpl-08b4c6aa2c4a428599909f36	0	201	0.068443	PASS	none	4549e88378b744afbd081ad5d4d65650	PASS
r01-q00341-1u-t41	1	1	tpl-08b4c6aa2c4a428599909f36	0	201	0.081905	PASS	none	f04f50d40ee74f7ab7e2b20e008124bf	PASS
r01-q00328-1u-t28	1	1	tpl-08b4c6aa2c4a428599909f36	0	201	0.072909	PASS	none	2ba6383110854560bbf945c58e004a76	PASS
r01-q00335-1u-t35	1	1	tpl-08b4c6aa2c4a428599909f36	0	201	0.068207	PASS	none	85c9775a7eb74a8e8e3235c8597b3811	PASS
r01-q00349-1u-t49	1	1	tpl-08b4c6aa2c4a428599909f36	0	201	0.073716	PASS	none	e1f482e3c9114ca296f99775aa95a718	PASS
r01-q00347-1u-t47	1	1	tpl-08b4c6aa2c4a428599909f36	0	201	0.083903	PASS	none	3d68bd7a52584964b0682dff83943941	PASS
r01-q00345-1u-t45	1	1	tpl-08b4c6aa2c4a428599909f36	0	201	0.081487	PASS	none	b4d6d3324999437f8fea40ed9e1a725f	PASS
r01-q00350-1u-t50	1	1	tpl-08b4c6aa2c4a428599909f36	0	201	0.074666	PASS	none	4f1fcf8b5a9846cfae766bbec582af63	PASS
r01-q00346-1u-t46	1	1	tpl-08b4c6aa2c4a428599909f36	0	201	0.080018	PASS	none	9d146e45a23b430eaa8d52bd2ac9ea0a	PASS
r01-q00332-1u-t32	1	1	tpl-08b4c6aa2c4a428599909f36	0	201	0.075409	PASS	none	425430df196b44f4933f702b8e119d56	PASS
r01-q00343-1u-t43	1	1	tpl-08b4c6aa2c4a428599909f36	0	201	0.085276	PASS	none	bd7dfd0be96f4e61b050d6e6193693c3	PASS
r01-q00334-1u-t34	1	1	tpl-08b4c6aa2c4a428599909f36	0	201	0.069694	PASS	none	7692bffd18cd43d9a65a4e2b8b0d68a6	PASS
r01-q00338-1u-t38	1	1	tpl-08b4c6aa2c4a428599909f36	0	201	0.076220	PASS	none	34b6e29c8e474d2baa3be0eeafb438cc	PASS
r01-q00339-1u-t39	1	1	tpl-08b4c6aa2c4a428599909f36	0	201	0.080050	PASS	none	e7fc69e0a8ef440fb514eb12f15eeafd	PASS
r01-q00342-1u-t42	1	1	tpl-08b4c6aa2c4a428599909f36	0	201	0.086461	PASS	none	e2f6e8a0be4947d9b10c58e57c70ca10	PASS
r01-q00344-1u-t44	1	1	tpl-08b4c6aa2c4a428599909f36	0	201	0.075346	PASS	none	d39e1035f6a844c1a410b2a071a48e00	PASS
r01-q00336-1u-t36	1	1	tpl-08b4c6aa2c4a428599909f36	0	201	0.074344	PASS	none	b20077bc1a444f8481e8aa9e270258fb	PASS
r01-q00348-1u-t48	1	1	tpl-08b4c6aa2c4a428599909f36	0	201	0.084439	PASS	none	93f045aa74aa421f9c8acc5b3f9831f3	PASS
r02-q00353-1u-t3	2	1	tpl-08b4c6aa2c4a428599909f36	0	201	0.062091	PASS	none	a9665c138eb445b3bdf7aeea04ff9b6a	PASS
r02-q00359-1u-t9	2	1	tpl-08b4c6aa2c4a428599909f36	0	201	0.059864	PASS	none	42e9f0f8024e48408c254dcae003f68c	PASS
r02-q00352-1u-t2	2	1	tpl-08b4c6aa2c4a428599909f36	0	201	0.080502	PASS	none	bdb0c7bb09124514ab8973e295a9001a	PASS
r02-q00354-1u-t4	2	1	tpl-08b4c6aa2c4a428599909f36	0	201	0.059798	PASS	none	421ade467fe047d991fb383fa53e7b21	PASS
r02-q00355-1u-t5	2	1	tpl-08b4c6aa2c4a428599909f36	0	201	0.056021	PASS	none	4ef91fff74d249909955ebccdf3d6241	PASS
r02-q00357-1u-t7	2	1	tpl-08b4c6aa2c4a428599909f36	0	201	0.056184	PASS	none	842f8b40eb284fbeb13c58a4e6ac18ef	PASS
r02-q00362-1u-t12	2	1	tpl-08b4c6aa2c4a428599909f36	0	201	0.057540	PASS	none	818c5c3d44ff44408041b303ec5f2cc4	PASS
r02-q00366-1u-t16	2	1	tpl-08b4c6aa2c4a428599909f36	0	201	0.061763	PASS	none	8756eb678ccc4ce58bfd7bc98d700f22	PASS
r02-q00358-1u-t8	2	1	tpl-08b4c6aa2c4a428599909f36	0	201	0.058609	PASS	none	6bb0d4ffbd674ae4a4dd28bd7d6a16e5	PASS
r02-q00351-1u-t1	2	1	tpl-08b4c6aa2c4a428599909f36	0	201	0.058066	PASS	none	6f783cb5ac164ae9a92f6f4bd8657d4a	PASS
r02-q00363-1u-t13	2	1	tpl-08b4c6aa2c4a428599909f36	0	201	0.059650	PASS	none	336cab5249ec4640949ad8f67df8ead3	PASS
r02-q00364-1u-t14	2	1	tpl-08b4c6aa2c4a428599909f36	0	201	0.061675	PASS	none	cccbe6e834d54bf4a7608868ffd4411c	PASS
r02-q00361-1u-t11	2	1	tpl-08b4c6aa2c4a428599909f36	0	201	0.069119	PASS	none	61c2ce13daa6418fafdf3a41097f07c0	PASS
r02-q00365-1u-t15	2	1	tpl-08b4c6aa2c4a428599909f36	0	201	0.060885	PASS	none	01a9ba8be7e94a4d93f14a7927892b63	PASS
r02-q00367-1u-t17	2	1	tpl-08b4c6aa2c4a428599909f36	0	201	0.062826	PASS	none	69a9f5638f654c77af3cd9e60e50104c	PASS
r02-q00356-1u-t6	2	1	tpl-08b4c6aa2c4a428599909f36	0	201	0.055566	PASS	none	0d8e562e6a97432fb21646f921729a6c	PASS
r02-q00360-1u-t10	2	1	tpl-08b4c6aa2c4a428599909f36	0	201	0.060663	PASS	none	860be2a69dbb4195aa996c342539932f	PASS
r02-q00375-1u-t25	2	1	tpl-08b4c6aa2c4a428599909f36	0	201	0.081468	PASS	none	236584c4022f4f6bb8950dbc906a486f	PASS
r02-q00371-1u-t21	2	1	tpl-08b4c6aa2c4a428599909f36	0	201	0.077898	PASS	none	8db968367b3c45ed8991d4579e046033	PASS
r02-q00370-1u-t20	2	1	tpl-08b4c6aa2c4a428599909f36	0	201	0.065576	PASS	none	ddb830ce19a6404799a9160666412e2b	PASS
r02-q00369-1u-t19	2	1	tpl-08b4c6aa2c4a428599909f36	0	201	0.077541	PASS	none	ee2ef5c1bb5445dabcb653e82eec60df	PASS
r02-q00373-1u-t23	2	1	tpl-08b4c6aa2c4a428599909f36	0	201	0.062675	PASS	none	753c4f8201204a8f80dd4f1cb6c1f522	PASS
r02-q00374-1u-t24	2	1	tpl-08b4c6aa2c4a428599909f36	0	201	0.068060	PASS	none	f4c0fabee432457b98270b3ed07068cf	PASS
r02-q00378-1u-t28	2	1	tpl-08b4c6aa2c4a428599909f36	0	201	0.074115	PASS	none	b411b1473d5349d99a1c34ad6cbd7e16	PASS
r02-q00376-1u-t26	2	1	tpl-08b4c6aa2c4a428599909f36	0	201	0.079634	PASS	none	bdf78b0b0f7844278fe801a78e1ed15d	PASS
r02-q00379-1u-t29	2	1	tpl-08b4c6aa2c4a428599909f36	0	201	0.076337	PASS	none	7489b3d6d04b438eb28338eb5508994a	PASS
r02-q00372-1u-t22	2	1	tpl-08b4c6aa2c4a428599909f36	0	201	0.065161	PASS	none	b5f7882306ce4ef18d162850196d753b	PASS
r02-q00368-1u-t18	2	1	tpl-08b4c6aa2c4a428599909f36	0	201	0.066078	PASS	none	2674743cd58143beb65a4c1264c3b0c1	PASS
r02-q00381-1u-t31	2	1	tpl-08b4c6aa2c4a428599909f36	0	201	0.080379	PASS	none	42063a0d73d74214b6380b04151360a2	PASS
r02-q00383-1u-t33	2	1	tpl-08b4c6aa2c4a428599909f36	0	201	0.075871	PASS	none	6e37be99101a489886e23be7e4b2d441	PASS
r02-q00377-1u-t27	2	1	tpl-08b4c6aa2c4a428599909f36	0	201	0.087020	PASS	none	ac286e482d894d928d56fcdb4cc52d97	PASS
r02-q00382-1u-t32	2	1	tpl-08b4c6aa2c4a428599909f36	0	201	0.080872	PASS	none	1398d71fd5344c6dbcdb230dc0a886b5	PASS
r02-q00384-1u-t34	2	1	tpl-08b4c6aa2c4a428599909f36	0	201	0.082039	PASS	none	1103068704da40878927416fa136da93	PASS
r02-q00387-1u-t37	2	1	tpl-08b4c6aa2c4a428599909f36	0	201	0.093220	PASS	none	3e5f6a7c40b6485296c2ed49f7345ca1	PASS
r02-q00380-1u-t30	2	1	tpl-08b4c6aa2c4a428599909f36	0	201	0.088401	PASS	none	ceda0b32adbe485c84d57ce86b2aa170	PASS
r02-q00390-1u-t40	2	1	tpl-08b4c6aa2c4a428599909f36	0	201	0.076772	PASS	none	da6f53f931af4230b3d1dbd8592da1f8	PASS
r02-q00386-1u-t36	2	1	tpl-08b4c6aa2c4a428599909f36	0	201	0.086412	PASS	none	a5f0935552ec4a80ba2679ebfc4c50f4	PASS
r02-q00389-1u-t39	2	1	tpl-08b4c6aa2c4a428599909f36	0	201	0.077460	PASS	none	cc5648fa076d4410a17b93d91e527658	PASS
r02-q00385-1u-t35	2	1	tpl-08b4c6aa2c4a428599909f36	0	201	0.089552	PASS	none	d4fa944ba78b4190a6d78d07e33353cb	PASS
r02-q00388-1u-t38	2	1	tpl-08b4c6aa2c4a428599909f36	0	201	0.084756	PASS	none	504609742bbc4510bbf78017168f8aab	PASS
r02-q00395-1u-t45	2	1	tpl-08b4c6aa2c4a428599909f36	0	201	0.085814	PASS	none	b086f47dbcff47708a1f12cc6d2042bd	PASS
r02-q00399-1u-t49	2	1	tpl-08b4c6aa2c4a428599909f36	0	201	0.080933	PASS	none	6d1ca2478f17426cbe6f80a7db33b588	PASS
r02-q00394-1u-t44	2	1	tpl-08b4c6aa2c4a428599909f36	0	201	0.089468	PASS	none	b44d48788d87473ea39e7e55df0f518a	PASS
r02-q00392-1u-t42	2	1	tpl-08b4c6aa2c4a428599909f36	0	201	0.086265	PASS	none	52aef855fbeb44b9a8fe0441f4ff2f77	PASS
r02-q00393-1u-t43	2	1	tpl-08b4c6aa2c4a428599909f36	0	201	0.089935	PASS	none	3f27bb04b0d84d1bbd6c8f9fcc96222b	PASS
r02-q00397-1u-t47	2	1	tpl-08b4c6aa2c4a428599909f36	0	201	0.089400	PASS	none	3aa6b81920bd426b973d6cb046f30f80	PASS
r02-q00400-1u-t50	2	1	tpl-08b4c6aa2c4a428599909f36	0	201	0.089388	PASS	none	10c20b86ebf547bf91b3ae772a41c46c	PASS
r02-q00398-1u-t48	2	1	tpl-08b4c6aa2c4a428599909f36	0	201	0.084161	PASS	none	bf1c270e10e945f7a4fc2b4d7bfc5c57	PASS
r02-q00396-1u-t46	2	1	tpl-08b4c6aa2c4a428599909f36	0	201	0.089308	PASS	none	fbe2558042804b478714c8a663338741	PASS
r02-q00391-1u-t41	2	1	tpl-08b4c6aa2c4a428599909f36	0	201	0.086217	PASS	none	01eb679646dc4a1b8f0cf8402b8efd78	PASS
r03-q00404-1u-t4	3	1	tpl-08b4c6aa2c4a428599909f36	0	201	0.056193	PASS	none	31dad4f59a7944e1b4652ad6d9ec0bed	PASS
r03-q00401-1u-t1	3	1	tpl-08b4c6aa2c4a428599909f36	0	201	0.056873	PASS	none	41d573eb24824c82b748172dead95d63	PASS
r03-q00408-1u-t8	3	1	tpl-08b4c6aa2c4a428599909f36	0	201	0.053183	PASS	none	3bfca9019c394dbeaecc62f7b8c6fce0	PASS
r03-q00402-1u-t2	3	1	tpl-08b4c6aa2c4a428599909f36	0	201	0.058681	PASS	none	75f4236da28f4f9a892e5eaa1bf8bec9	PASS
r03-q00410-1u-t10	3	1	tpl-08b4c6aa2c4a428599909f36	0	201	0.060793	PASS	none	2e8ad64143f54104ba700627e2134cab	PASS
r03-q00413-1u-t13	3	1	tpl-08b4c6aa2c4a428599909f36	0	201	0.059467	PASS	none	d894cb3d58a04e5abdf1289068852133	PASS
r03-q00407-1u-t7	3	1	tpl-08b4c6aa2c4a428599909f36	0	201	0.055630	PASS	none	aabb9f5dfcb54796811145de52a4d5d9	PASS
r03-q00403-1u-t3	3	1	tpl-08b4c6aa2c4a428599909f36	0	201	0.070521	PASS	none	e806e84f7de44490a3468d8e96a21f56	PASS
r03-q00406-1u-t6	3	1	tpl-08b4c6aa2c4a428599909f36	0	201	0.051807	PASS	none	fd9ef99197f342119e9ac5d268d8ee40	PASS
r03-q00405-1u-t5	3	1	tpl-08b4c6aa2c4a428599909f36	0	201	0.083589	PASS	none	073db23e0fd94f9482381a2aac7d6441	PASS
r03-q00409-1u-t9	3	1	tpl-08b4c6aa2c4a428599909f36	0	201	0.058211	PASS	none	8237e03ff5bb47e4a63ac07036dff3b5	PASS
r03-q00411-1u-t11	3	1	tpl-08b4c6aa2c4a428599909f36	0	201	0.058623	PASS	none	02d0f88e231d451f9f04665e78751499	PASS
r03-q00415-1u-t15	3	1	tpl-08b4c6aa2c4a428599909f36	0	201	0.059398	PASS	none	b27a095729ff4b9facd085402fa5c224	PASS
r03-q00414-1u-t14	3	1	tpl-08b4c6aa2c4a428599909f36	0	201	0.059967	PASS	none	dd69aea562d84f67a0d883ba2acb2fe3	PASS
r03-q00412-1u-t12	3	1	tpl-08b4c6aa2c4a428599909f36	0	201	0.086969	PASS	none	9cced6745de745d4a5df30180bdc7bf7	PASS
r03-q00420-1u-t20	3	1	tpl-08b4c6aa2c4a428599909f36	0	201	0.058294	PASS	none	c6f086fbab2c4eafa5b3ae0d595aa855	PASS
r03-q00418-1u-t18	3	1	tpl-08b4c6aa2c4a428599909f36	0	201	0.063955	PASS	none	8e8b0860ecba404d8e73dcaa9405690e	PASS
r03-q00416-1u-t16	3	1	tpl-08b4c6aa2c4a428599909f36	0	201	0.061559	PASS	none	49c2771905e94bb28b972969e76eff1f	PASS
r03-q00425-1u-t25	3	1	tpl-08b4c6aa2c4a428599909f36	0	201	0.060324	PASS	none	645dae865e1043cc8eb3bed6dfd23b5b	PASS
r03-q00417-1u-t17	3	1	tpl-08b4c6aa2c4a428599909f36	0	201	0.076107	PASS	none	77eab04c3409452b84a3f6de1b4e9e5b	PASS
r03-q00422-1u-t22	3	1	tpl-08b4c6aa2c4a428599909f36	0	201	0.072480	PASS	none	e7a5491445a04ca882ab8f2a3e838945	PASS
r03-q00419-1u-t19	3	1	tpl-08b4c6aa2c4a428599909f36	0	201	0.091170	PASS	none	b3da22fd55b84d9ab6e0f6c50aaf2a61	PASS
r03-q00421-1u-t21	3	1	tpl-08b4c6aa2c4a428599909f36	0	201	0.078655	PASS	none	13daef9bd0814d2ab45a018497ad6786	PASS
r03-q00426-1u-t26	3	1	tpl-08b4c6aa2c4a428599909f36	0	201	0.063249	PASS	none	c97e30718f444988996f5c7cf5d67acb	PASS
r03-q00424-1u-t24	3	1	tpl-08b4c6aa2c4a428599909f36	0	201	0.060986	PASS	none	f84588ecd9f74bbe8044d884f8222dae	PASS
r03-q00423-1u-t23	3	1	tpl-08b4c6aa2c4a428599909f36	0	201	0.078511	PASS	none	92fcfccce8c54ff9804a10953584ed5d	PASS
r03-q00433-1u-t33	3	1	tpl-08b4c6aa2c4a428599909f36	0	201	0.072675	PASS	none	f919bd98a80347619fbd65305f210a0e	PASS
r03-q00427-1u-t27	3	1	tpl-08b4c6aa2c4a428599909f36	0	201	0.064666	PASS	none	874bc287ba7140cc9342b296c1e96779	PASS
r03-q00428-1u-t28	3	1	tpl-08b4c6aa2c4a428599909f36	0	201	0.060455	PASS	none	0e0ec098c726427b8a4a4ff25df8202c	PASS
r03-q00434-1u-t34	3	1	tpl-08b4c6aa2c4a428599909f36	0	201	0.079653	PASS	none	babc7b2564a5441fafcaca87a162628d	PASS
r03-q00437-1u-t37	3	1	tpl-08b4c6aa2c4a428599909f36	0	201	0.076578	PASS	none	6db04ec1097044cdbd426a8c64b37fff	PASS
r03-q00432-1u-t32	3	1	tpl-08b4c6aa2c4a428599909f36	0	201	0.083992	PASS	none	1304edaf30f34f5cbbbc75c2b313a3d8	PASS
r03-q00430-1u-t30	3	1	tpl-08b4c6aa2c4a428599909f36	0	201	0.086859	PASS	none	f3fb4b750c53425a9911ba91206a56da	PASS
r03-q00436-1u-t36	3	1	tpl-08b4c6aa2c4a428599909f36	0	201	0.079332	PASS	none	1023826960544ef68bdde13a5902a681	PASS
r03-q00431-1u-t31	3	1	tpl-08b4c6aa2c4a428599909f36	0	201	0.078981	PASS	none	0d0e0888dbb949b6ac64ac2e09bdebb2	PASS
r03-q00435-1u-t35	3	1	tpl-08b4c6aa2c4a428599909f36	0	201	0.085654	PASS	none	cf42998b03bd4843ad0f922686d1d85f	PASS
r03-q00444-1u-t44	3	1	tpl-08b4c6aa2c4a428599909f36	0	201	0.075183	PASS	none	2485448ea5b84fdf9f4aa945b5503adb	PASS
r03-q00438-1u-t38	3	1	tpl-08b4c6aa2c4a428599909f36	0	201	0.090339	PASS	none	fc0e46cb9ce1469c809fe9984f4003bc	PASS
r03-q00439-1u-t39	3	1	tpl-08b4c6aa2c4a428599909f36	0	201	0.085162	PASS	none	7d84b6338ddb4501a74930ba8b413bc5	PASS
r03-q00443-1u-t43	3	1	tpl-08b4c6aa2c4a428599909f36	0	201	0.083148	PASS	none	92984db3fc7e48b8b9fcd0064663f833	PASS
r03-q00442-1u-t42	3	1	tpl-08b4c6aa2c4a428599909f36	0	201	0.082025	PASS	none	b38b62c39054407aa5bd7c7e9bee5945	PASS
r03-q00429-1u-t29	3	1	tpl-08b4c6aa2c4a428599909f36	0	201	0.092311	PASS	none	ad8316d3806b49a797b08f524753ad48	PASS
r03-q00440-1u-t40	3	1	tpl-08b4c6aa2c4a428599909f36	0	201	0.081930	PASS	none	097f7c40b4da4783acdcf6d4cac047bb	PASS
r03-q00441-1u-t41	3	1	tpl-08b4c6aa2c4a428599909f36	0	201	0.085779	PASS	none	6541c1e41cdb4dd1a957e65b81528c26	PASS
r03-q00447-1u-t47	3	1	tpl-08b4c6aa2c4a428599909f36	0	201	0.076226	PASS	none	a853ee84faba410fa3197f5973aee337	PASS
r03-q00446-1u-t46	3	1	tpl-08b4c6aa2c4a428599909f36	0	201	0.078557	PASS	none	e93f79d8ed92427db18e58169220782d	PASS
r03-q00445-1u-t45	3	1	tpl-08b4c6aa2c4a428599909f36	0	201	0.087201	PASS	none	1ca6b6ed9aa5490fa0423b56ea74b6f7	PASS
r03-q00450-1u-t50	3	1	tpl-08b4c6aa2c4a428599909f36	0	201	0.077465	PASS	none	ff9a66f2e47f4c58887e51a0104fc50b	PASS
r03-q00449-1u-t49	3	1	tpl-08b4c6aa2c4a428599909f36	0	201	0.072126	PASS	none	4f469c31bba848b5a2fc6348bce69b4e	PASS
r03-q00448-1u-t48	3	1	tpl-08b4c6aa2c4a428599909f36	0	201	0.074809	PASS	none	3a3b74de78ec45a690e574e0d4636f76	PASS
r04-q00451-1u-t1	4	1	tpl-08b4c6aa2c4a428599909f36	0	201	0.055047	PASS	none	f61c0f817e32481eb263c13764eed422	PASS
r04-q00458-1u-t8	4	1	tpl-08b4c6aa2c4a428599909f36	0	201	0.056330	PASS	none	a3a4d92915504c49bc668e76a156b654	PASS
r04-q00465-1u-t15	4	1	tpl-08b4c6aa2c4a428599909f36	0	201	0.053978	PASS	none	45cdbed47fa74118a048c05c7ad5d334	PASS
r04-q00461-1u-t11	4	1	tpl-08b4c6aa2c4a428599909f36	0	201	0.058479	PASS	none	b43fcd23c4b14949ae1a9c8a0a678dc6	PASS
r04-q00459-1u-t9	4	1	tpl-08b4c6aa2c4a428599909f36	0	201	0.055348	PASS	none	ce9765c066dc4ec8949548a15201c5cf	PASS
r04-q00453-1u-t3	4	1	tpl-08b4c6aa2c4a428599909f36	0	201	0.047155	PASS	none	7551d551479c48aeb1ec0931f400e174	PASS
r04-q00456-1u-t6	4	1	tpl-08b4c6aa2c4a428599909f36	0	201	0.050323	PASS	none	88f26d05cf954257ae73b3d27b2fbca4	PASS
r04-q00452-1u-t2	4	1	tpl-08b4c6aa2c4a428599909f36	0	201	0.050170	PASS	none	53e6543d4898440f82677caf6c450163	PASS
r04-q00454-1u-t4	4	1	tpl-08b4c6aa2c4a428599909f36	0	201	0.042911	PASS	none	013c888d783e4fd2b17072990e9543c6	PASS
r04-q00455-1u-t5	4	1	tpl-08b4c6aa2c4a428599909f36	0	201	0.055436	PASS	none	6b65277449594d7bbef09af7bbd600ba	PASS
r04-q00460-1u-t10	4	1	tpl-08b4c6aa2c4a428599909f36	0	201	0.060790	PASS	none	ffa55196608349af87a6dc1e9fd23049	PASS
r04-q00462-1u-t12	4	1	tpl-08b4c6aa2c4a428599909f36	0	201	0.056633	PASS	none	4b928394c921438fb2ee616fc76c28f4	PASS
r04-q00466-1u-t16	4	1	tpl-08b4c6aa2c4a428599909f36	0	201	0.054818	PASS	none	1a83ec7247b94ccd97a1d5e9d32407af	PASS
r04-q00464-1u-t14	4	1	tpl-08b4c6aa2c4a428599909f36	0	201	0.060224	PASS	none	9781690bf5a64bbc9c67b617a66c2b04	PASS
r04-q00469-1u-t19	4	1	tpl-08b4c6aa2c4a428599909f36	0	201	0.056705	PASS	none	e6dbc8017c5944f08fd9ec7a1f4c3e86	PASS
r04-q00474-1u-t24	4	1	tpl-08b4c6aa2c4a428599909f36	0	201	0.057095	PASS	none	9075f0ef542c45908d54815ca105fee6	PASS
r04-q00470-1u-t20	4	1	tpl-08b4c6aa2c4a428599909f36	0	201	0.059316	PASS	none	763c236308f9437a8e7bdc80be4874f2	PASS
r04-q00457-1u-t7	4	1	tpl-08b4c6aa2c4a428599909f36	0	201	0.056265	PASS	none	ed4ac7850a0a47cc83dc598f71df1169	PASS
r04-q00472-1u-t22	4	1	tpl-08b4c6aa2c4a428599909f36	0	201	0.056585	PASS	none	5ead9acd3d9a40edaedbdbad193d0c01	PASS
r04-q00468-1u-t18	4	1	tpl-08b4c6aa2c4a428599909f36	0	201	0.056882	PASS	none	fe8871a3759d40f1b1ea5c0ef7b2b73a	PASS
r04-q00463-1u-t13	4	1	tpl-08b4c6aa2c4a428599909f36	0	201	0.065162	PASS	none	5263ea34a4d94645917b8a540c0c674c	PASS
r04-q00475-1u-t25	4	1	tpl-08b4c6aa2c4a428599909f36	0	201	0.060889	PASS	none	00d73b829ad640ab8234bd5766db8290	PASS
r04-q00478-1u-t28	4	1	tpl-08b4c6aa2c4a428599909f36	0	201	0.067932	PASS	none	de0de0ea971e4f44b0d2b480caeca81b	PASS
r04-q00473-1u-t23	4	1	tpl-08b4c6aa2c4a428599909f36	0	201	0.057870	PASS	none	7b5a1e2183de4033ac052df457be7baa	PASS
r04-q00476-1u-t26	4	1	tpl-08b4c6aa2c4a428599909f36	0	201	0.066831	PASS	none	f65796ea449b4652aa4aa681263c5966	PASS
r04-q00471-1u-t21	4	1	tpl-08b4c6aa2c4a428599909f36	0	201	0.063945	PASS	none	5700ff2598554d94b33382769ebd8193	PASS
r04-q00467-1u-t17	4	1	tpl-08b4c6aa2c4a428599909f36	0	201	0.063233	PASS	none	8551062104f143a0a8aa0e126a8bce12	PASS
r04-q00479-1u-t29	4	1	tpl-08b4c6aa2c4a428599909f36	0	201	0.080442	PASS	none	cdafb6eb050b474cb2caad6934192c06	PASS
r04-q00477-1u-t27	4	1	tpl-08b4c6aa2c4a428599909f36	0	201	0.064688	PASS	none	a37a72df7fb7411f8e37dc309e8c061c	PASS
r04-q00482-1u-t32	4	1	tpl-08b4c6aa2c4a428599909f36	0	201	0.067973	PASS	none	31ce481416804c4d9527f2c049cde01a	PASS
r04-q00481-1u-t31	4	1	tpl-08b4c6aa2c4a428599909f36	0	201	0.069483	PASS	none	e0e82a52346947bb8d736cd516553b37	PASS
r04-q00488-1u-t38	4	1	tpl-08b4c6aa2c4a428599909f36	0	201	0.073892	PASS	none	719605f2cbf940e8aa2673fa4c38c2ce	PASS
r04-q00486-1u-t36	4	1	tpl-08b4c6aa2c4a428599909f36	0	201	0.082509	PASS	none	8e33daae802941469e4da64f6290b7e5	PASS
r04-q00489-1u-t39	4	1	tpl-08b4c6aa2c4a428599909f36	0	201	0.079465	PASS	none	6c461872f2e148888a3141003eb36e3a	PASS
r04-q00480-1u-t30	4	1	tpl-08b4c6aa2c4a428599909f36	0	201	0.064332	PASS	none	3d01a3bd8ead4727b53d1c0944d7adf0	PASS
r04-q00490-1u-t40	4	1	tpl-08b4c6aa2c4a428599909f36	0	201	0.072243	PASS	none	a88d0d19cc954bf0b66ddad66f9a0655	PASS
r04-q00485-1u-t35	4	1	tpl-08b4c6aa2c4a428599909f36	0	201	0.070043	PASS	none	8e10ef0b321142ad8048f0bc9670deef	PASS
r04-q00483-1u-t33	4	1	tpl-08b4c6aa2c4a428599909f36	0	201	0.087441	PASS	none	53603150d50546daa19c5d08146e21b0	PASS
r04-q00492-1u-t42	4	1	tpl-08b4c6aa2c4a428599909f36	0	201	0.076208	PASS	none	df4218cdf3514c05b68845499bac1c0d	PASS
r04-q00484-1u-t34	4	1	tpl-08b4c6aa2c4a428599909f36	0	201	0.072032	PASS	none	ba17ee764b2a4ffd8a223cde9bfe2ff2	PASS
r04-q00493-1u-t43	4	1	tpl-08b4c6aa2c4a428599909f36	0	201	0.076185	PASS	none	fa2471d610214aa597434eb2d2113467	PASS
r04-q00487-1u-t37	4	1	tpl-08b4c6aa2c4a428599909f36	0	201	0.076057	PASS	none	11163195b3b54c36b9d552372f1e7a2f	PASS
r04-q00498-1u-t48	4	1	tpl-08b4c6aa2c4a428599909f36	0	201	0.075143	PASS	none	dc8dca5199b0453a881791f9384bc8ab	PASS
r04-q00494-1u-t44	4	1	tpl-08b4c6aa2c4a428599909f36	0	201	0.083064	PASS	none	bf5f7cd0b1d847fa9043269396644096	PASS
r04-q00496-1u-t46	4	1	tpl-08b4c6aa2c4a428599909f36	0	201	0.078101	PASS	none	352201612e9e4885884d9f845e6db2ab	PASS
r04-q00491-1u-t41	4	1	tpl-08b4c6aa2c4a428599909f36	0	201	0.077439	PASS	none	f120c974d9c846bc9ece206844bbb179	PASS
r04-q00495-1u-t45	4	1	tpl-08b4c6aa2c4a428599909f36	0	201	0.077704	PASS	none	4042e25075dc42d59c85e9594f165a69	PASS
r04-q00499-1u-t49	4	1	tpl-08b4c6aa2c4a428599909f36	0	201	0.078667	PASS	none	839bbb4caa334b73b9bb28ed52f1f4c2	PASS
r04-q00500-1u-t50	4	1	tpl-08b4c6aa2c4a428599909f36	0	201	0.078503	PASS	none	93e99054befe458a811a0132420f7ba2	PASS
r04-q00497-1u-t47	4	1	tpl-08b4c6aa2c4a428599909f36	0	201	0.082284	PASS	none	28045d49d95e4b77ba6405e252dc1331	PASS
r05-q00511-1u-t11	5	1	tpl-08b4c6aa2c4a428599909f36	0	201	0.063104	PASS	none	4f0b12fbe8804b4780ee9817e463fc8b	PASS
r05-q00501-1u-t1	5	1	tpl-08b4c6aa2c4a428599909f36	0	201	0.062025	PASS	none	e1e08530934e4edc94cbc30411bddf1d	PASS
r05-q00502-1u-t2	5	1	tpl-08b4c6aa2c4a428599909f36	0	201	0.059323	PASS	none	b2f09fad78604f928fa4d87f1f7c1c7a	PASS
r05-q00518-1u-t18	5	1	tpl-08b4c6aa2c4a428599909f36	0	201	0.068990	PASS	none	4103b12fbb1c475cafff63c8329c7d12	PASS
r05-q00503-1u-t3	5	1	tpl-08b4c6aa2c4a428599909f36	0	201	0.061442	PASS	none	d5ce0902006244f5af8cc344974f39cd	PASS
r05-q00515-1u-t15	5	1	tpl-08b4c6aa2c4a428599909f36	0	201	0.067833	PASS	none	f1efb962557c46e9a3b2004fcae4fc53	PASS
r05-q00513-1u-t13	5	1	tpl-08b4c6aa2c4a428599909f36	0	201	0.082375	PASS	none	ce9ac5f33ff44e4ab64fac1ae923af2b	PASS
r05-q00505-1u-t5	5	1	tpl-08b4c6aa2c4a428599909f36	0	201	0.055195	PASS	none	bb68aba37ade4bc4b429ed5e91239faf	PASS
r05-q00510-1u-t10	5	1	tpl-08b4c6aa2c4a428599909f36	0	201	0.060283	PASS	none	38dcd25bba494d119b9809030fecf817	PASS
r05-q00504-1u-t4	5	1	tpl-08b4c6aa2c4a428599909f36	0	201	0.053076	PASS	none	47b643eaa57e42c1afd216b89cc5163e	PASS
r05-q00507-1u-t7	5	1	tpl-08b4c6aa2c4a428599909f36	0	201	0.053114	PASS	none	bba35d5b66ec44ce8b909b4a812134e5	PASS
r05-q00506-1u-t6	5	1	tpl-08b4c6aa2c4a428599909f36	0	201	0.067507	PASS	none	42bb5ce8b3bd40b9a3bc2bdbb561c726	PASS
r05-q00525-1u-t25	5	1	tpl-08b4c6aa2c4a428599909f36	0	201	0.075602	PASS	none	be8bf4d3b0854311a6a3a7364919f1a8	PASS
r05-q00508-1u-t8	5	1	tpl-08b4c6aa2c4a428599909f36	0	201	0.059023	PASS	none	a0f4334f619341a380ac77456001eb04	PASS
r05-q00514-1u-t14	5	1	tpl-08b4c6aa2c4a428599909f36	0	201	0.068693	PASS	none	a114e8a72c7a4281acbfee285ee7726c	PASS
r05-q00512-1u-t12	5	1	tpl-08b4c6aa2c4a428599909f36	0	201	0.059600	PASS	none	8ecd7aca8f1a4543bc4273767aeb94d0	PASS
r05-q00522-1u-t22	5	1	tpl-08b4c6aa2c4a428599909f36	0	201	0.100668	PASS	none	52e80ad4dc864a4a807f3aa0dfd1270a	PASS
r05-q00523-1u-t23	5	1	tpl-08b4c6aa2c4a428599909f36	0	201	0.068428	PASS	none	0cec3d03812442dd98912d58d80be2ef	PASS
r05-q00519-1u-t19	5	1	tpl-08b4c6aa2c4a428599909f36	0	201	0.079665	PASS	none	aafe013322d04a08a6e084c71c916fdd	PASS
r05-q00517-1u-t17	5	1	tpl-08b4c6aa2c4a428599909f36	0	201	0.068219	PASS	none	3b949f9536ef49c28fbb14a57f25ce77	PASS
r05-q00530-1u-t30	5	1	tpl-08b4c6aa2c4a428599909f36	0	201	0.075504	PASS	none	621b672aea994be5b7e420871829247e	PASS
r05-q00526-1u-t26	5	1	tpl-08b4c6aa2c4a428599909f36	0	201	0.069913	PASS	none	cab175d095814856b185395279f643b3	PASS
r05-q00527-1u-t27	5	1	tpl-08b4c6aa2c4a428599909f36	0	201	0.074665	PASS	none	cfae490357654fdab81f2ea5628d2229	PASS
r05-q00524-1u-t24	5	1	tpl-08b4c6aa2c4a428599909f36	0	201	0.086222	PASS	none	35a38431223c4507b9069736a384dbef	PASS
r05-q00516-1u-t16	5	1	tpl-08b4c6aa2c4a428599909f36	0	201	0.067086	PASS	none	d20890147d9d446094dab9b9fe323cae	PASS
r05-q00533-1u-t33	5	1	tpl-08b4c6aa2c4a428599909f36	0	201	0.084551	PASS	none	9ff00f8a73774d3f8d50d24983096104	PASS
r05-q00521-1u-t21	5	1	tpl-08b4c6aa2c4a428599909f36	0	201	0.086803	PASS	none	0e356d3caece482695e7170c7456cf9f	PASS
r05-q00528-1u-t28	5	1	tpl-08b4c6aa2c4a428599909f36	0	201	0.088348	PASS	none	529c366b539640ac9d82b674ed6bb290	PASS
r05-q00534-1u-t34	5	1	tpl-08b4c6aa2c4a428599909f36	0	201	0.081254	PASS	none	be03915490b54170a75ef8894acb6e40	PASS
r05-q00509-1u-t9	5	1	tpl-08b4c6aa2c4a428599909f36	0	201	0.058271	PASS	none	349f80e0d5cb4d63aa6f266cb16d2f67	PASS
r05-q00529-1u-t29	5	1	tpl-08b4c6aa2c4a428599909f36	0	201	0.075918	PASS	none	56b9edaead7f4b15bde8856e13ee04d4	PASS
r05-q00520-1u-t20	5	1	tpl-08b4c6aa2c4a428599909f36	0	201	0.070990	PASS	none	e4a1e01e24cf44c6bb94d22e990c656c	PASS
r05-q00538-1u-t38	5	1	tpl-08b4c6aa2c4a428599909f36	0	201	0.079911	PASS	none	f6a998fdd18746a4becd38cb8a0993bb	PASS
r05-q00537-1u-t37	5	1	tpl-08b4c6aa2c4a428599909f36	0	201	0.087044	PASS	none	73caf453067c4c4fbd6f6c9cd2803a0b	PASS
r05-q00536-1u-t36	5	1	tpl-08b4c6aa2c4a428599909f36	0	201	0.077394	PASS	none	92383113c71f4ddf8b75cd32e25d2b20	PASS
r05-q00540-1u-t40	5	1	tpl-08b4c6aa2c4a428599909f36	0	201	0.080532	PASS	none	ac6d4231d7b24fbd8ef4e624542a1bb4	PASS
r05-q00535-1u-t35	5	1	tpl-08b4c6aa2c4a428599909f36	0	201	0.085859	PASS	none	f3f61c072c4b43e098e858fc8d5e37a9	PASS
r05-q00532-1u-t32	5	1	tpl-08b4c6aa2c4a428599909f36	0	201	0.098332	PASS	none	2fc419f0686f45bfbab4c8831c71b665	PASS
r05-q00544-1u-t44	5	1	tpl-08b4c6aa2c4a428599909f36	0	201	0.076175	PASS	none	b67e431657bd409a9d7d162a2e26dbcc	PASS
r05-q00539-1u-t39	5	1	tpl-08b4c6aa2c4a428599909f36	0	201	0.081901	PASS	none	cc598042dbe7424e877d8ebab2356263	PASS
r05-q00543-1u-t43	5	1	tpl-08b4c6aa2c4a428599909f36	0	201	0.081657	PASS	none	93c5089866574666a7c2479de1f651d5	PASS
r05-q00531-1u-t31	5	1	tpl-08b4c6aa2c4a428599909f36	0	201	0.073575	PASS	none	426e4c69ab1843c4a3a3d9efcc9f15ad	PASS
r05-q00542-1u-t42	5	1	tpl-08b4c6aa2c4a428599909f36	0	201	0.080342	PASS	none	b9cdf0cdbf1841f38f741199478d2629	PASS
r05-q00546-1u-t46	5	1	tpl-08b4c6aa2c4a428599909f36	0	201	0.075741	PASS	none	810f0c6d894d4bd7a5457158cebdb3d6	PASS
r05-q00545-1u-t45	5	1	tpl-08b4c6aa2c4a428599909f36	0	201	0.076831	PASS	none	0fada2ef94fe472bbcd867fbc11d4a24	PASS
r05-q00541-1u-t41	5	1	tpl-08b4c6aa2c4a428599909f36	0	201	0.072992	PASS	none	bda748903dca4cc1b50e0882ec6e9df0	PASS
r05-q00550-1u-t50	5	1	tpl-08b4c6aa2c4a428599909f36	0	201	0.079175	PASS	none	ac1e6a2e7f2442e08584e3f47259c44e	PASS
r05-q00547-1u-t47	5	1	tpl-08b4c6aa2c4a428599909f36	0	201	0.081676	PASS	none	3574ecbbc78747ddac7a8a3ed1595409	PASS
r05-q00548-1u-t48	5	1	tpl-08b4c6aa2c4a428599909f36	0	201	0.073622	PASS	none	42e19b40bc104bedbb62ea2d03554446	PASS
r05-q00549-1u-t49	5	1	tpl-08b4c6aa2c4a428599909f36	0	201	0.072473	PASS	none	ca8d486606864ce18a1a30cbe2efc979	PASS
r06-q00552-1u-t2	6	1	tpl-08b4c6aa2c4a428599909f36	0	201	0.056608	PASS	none	37accba66b474d7cb89164b6f7112030	PASS
r06-q00554-1u-t4	6	1	tpl-08b4c6aa2c4a428599909f36	0	201	0.053530	PASS	none	d2bf87872a2e42538c7333c36a186558	PASS
r06-q00559-1u-t9	6	1	tpl-08b4c6aa2c4a428599909f36	0	201	0.071913	PASS	none	ad372a90cc7841c181aad4458486e863	PASS
r06-q00555-1u-t5	6	1	tpl-08b4c6aa2c4a428599909f36	0	201	0.075191	PASS	none	e1470f56286a4a12b56dca5dc1541fc4	PASS
r06-q00557-1u-t7	6	1	tpl-08b4c6aa2c4a428599909f36	0	201	0.056229	PASS	none	844d4c6115034b8ab7fdc98bea7eedfd	PASS
r06-q00565-1u-t15	6	1	tpl-08b4c6aa2c4a428599909f36	0	201	0.058177	PASS	none	0c2715fb52974c51a04b403c0c7d90e0	PASS
r06-q00558-1u-t8	6	1	tpl-08b4c6aa2c4a428599909f36	0	201	0.052363	PASS	none	8f77e1f0a0c7471b9cebac8004df789a	PASS
r06-q00556-1u-t6	6	1	tpl-08b4c6aa2c4a428599909f36	0	201	0.052250	PASS	none	b808933a06c64956a142633d43eafa5e	PASS
r06-q00551-1u-t1	6	1	tpl-08b4c6aa2c4a428599909f36	0	201	0.064156	PASS	none	bf7ced80d1f74dbaaa2f8cd1e8e91dcd	PASS
r06-q00553-1u-t3	6	1	tpl-08b4c6aa2c4a428599909f36	0	201	0.054716	PASS	none	87c0e01005b8448aa37f0c01c25ba667	PASS
r06-q00566-1u-t16	6	1	tpl-08b4c6aa2c4a428599909f36	0	201	0.059795	PASS	none	2f77927d0322416fa7a7157091114384	PASS
r06-q00561-1u-t11	6	1	tpl-08b4c6aa2c4a428599909f36	0	201	0.059420	PASS	none	7c454d504af94df1a38e56eaea93e1c0	PASS
r06-q00569-1u-t19	6	1	tpl-08b4c6aa2c4a428599909f36	0	201	0.060176	PASS	none	91ae73f08041427eab50f7c473402028	PASS
r06-q00563-1u-t13	6	1	tpl-08b4c6aa2c4a428599909f36	0	201	0.064578	PASS	none	c41da9a6ada940aa8a525758bf0fee86	PASS
r06-q00560-1u-t10	6	1	tpl-08b4c6aa2c4a428599909f36	0	201	0.053754	PASS	none	45dbf67a53b1487fb1cb0c89014d0bf5	PASS
r06-q00567-1u-t17	6	1	tpl-08b4c6aa2c4a428599909f36	0	201	0.079006	PASS	none	75f9bc7fa1e74c6a972d27fb3bbbc3d7	PASS
r06-q00568-1u-t18	6	1	tpl-08b4c6aa2c4a428599909f36	0	201	0.057498	PASS	none	31e56227422745569c642970f0844093	PASS
r06-q00562-1u-t12	6	1	tpl-08b4c6aa2c4a428599909f36	0	201	0.054082	PASS	none	f04fd05098b2429f97771f9e1fff0d5d	PASS
r06-q00564-1u-t14	6	1	tpl-08b4c6aa2c4a428599909f36	0	201	0.056137	PASS	none	e52656a7d3314017a8c1ef5297ca2e08	PASS
r06-q00574-1u-t24	6	1	tpl-08b4c6aa2c4a428599909f36	0	201	0.063931	PASS	none	e481f31fe33041a9ab4c75dcb0a45354	PASS
r06-q00577-1u-t27	6	1	tpl-08b4c6aa2c4a428599909f36	0	201	0.067858	PASS	none	840631c3c2d54cee93eedddda782e6ae	PASS
r06-q00578-1u-t28	6	1	tpl-08b4c6aa2c4a428599909f36	0	201	0.064565	PASS	none	785f5a3dd9d648cf9ae935f9ef445745	PASS
r06-q00571-1u-t21	6	1	tpl-08b4c6aa2c4a428599909f36	0	201	0.062767	PASS	none	672c0545eb2f40d4bf297c0987c043f7	PASS
r06-q00579-1u-t29	6	1	tpl-08b4c6aa2c4a428599909f36	0	201	0.072944	PASS	none	d1d535ecb25a4257aeaa12e681106d44	PASS
r06-q00573-1u-t23	6	1	tpl-08b4c6aa2c4a428599909f36	0	201	0.063545	PASS	none	ff1a0ba4896a47bbbad69bf50c316c69	PASS
r06-q00572-1u-t22	6	1	tpl-08b4c6aa2c4a428599909f36	0	201	0.065370	PASS	none	820b17d7241a4074a800048eff28b2aa	PASS
r06-q00583-1u-t33	6	1	tpl-08b4c6aa2c4a428599909f36	0	201	0.066530	PASS	none	f15e08780af94892b8cb8ea54c451dd7	PASS
r06-q00580-1u-t30	6	1	tpl-08b4c6aa2c4a428599909f36	0	201	0.068722	PASS	none	d905b5eaa1fa43b48c37672b41b85e35	PASS
r06-q00576-1u-t26	6	1	tpl-08b4c6aa2c4a428599909f36	0	201	0.066613	PASS	none	5c9324810c464eb5b1fd3089b9705722	PASS
r06-q00570-1u-t20	6	1	tpl-08b4c6aa2c4a428599909f36	0	201	0.062738	PASS	none	a9e142f001f34d2492ec664fbe5bb22b	PASS
r06-q00585-1u-t35	6	1	tpl-08b4c6aa2c4a428599909f36	0	201	0.071720	PASS	none	4e70209b63c0489690c473125ac50ba2	PASS
r06-q00581-1u-t31	6	1	tpl-08b4c6aa2c4a428599909f36	0	201	0.069775	PASS	none	25a463f7cee64d97a2599fea25cfe116	PASS
r06-q00586-1u-t36	6	1	tpl-08b4c6aa2c4a428599909f36	0	201	0.072338	PASS	none	43acb4dadcd449d0b6143597e2907533	PASS
r06-q00584-1u-t34	6	1	tpl-08b4c6aa2c4a428599909f36	0	201	0.071724	PASS	none	31f334e811744c3ab82a250170523be9	PASS
r06-q00575-1u-t25	6	1	tpl-08b4c6aa2c4a428599909f36	0	201	0.081118	PASS	none	0f7feee7e0b54798a47965aebab347ee	PASS
r06-q00591-1u-t41	6	1	tpl-08b4c6aa2c4a428599909f36	0	201	0.080353	PASS	none	e9dabe79fa444a94844a6ab597b824f1	PASS
r06-q00582-1u-t32	6	1	tpl-08b4c6aa2c4a428599909f36	0	201	0.071323	PASS	none	8f49d1727bcc49848c2288f9542e99fc	PASS
r06-q00590-1u-t40	6	1	tpl-08b4c6aa2c4a428599909f36	0	201	0.084891	PASS	none	87650cb3db2b4ccb91e014fb0c38cd3a	PASS
r06-q00587-1u-t37	6	1	tpl-08b4c6aa2c4a428599909f36	0	201	0.076857	PASS	none	d3a0d6dfea234d4095524e7818bd67e9	PASS
r06-q00592-1u-t42	6	1	tpl-08b4c6aa2c4a428599909f36	0	201	0.082441	PASS	none	b0039fd53d9f40a687c6bf4070abe8b5	PASS
r06-q00588-1u-t38	6	1	tpl-08b4c6aa2c4a428599909f36	0	201	0.083519	PASS	none	ea14677db41c45609963873b532a7cfb	PASS
r06-q00596-1u-t46	6	1	tpl-08b4c6aa2c4a428599909f36	0	201	0.082567	PASS	none	551fb783d7234a9aa0a710bb772ecc2c	PASS
r06-q00595-1u-t45	6	1	tpl-08b4c6aa2c4a428599909f36	0	201	0.084770	PASS	none	995a257934a14762b88e3a738b97e0f0	PASS
r06-q00597-1u-t47	6	1	tpl-08b4c6aa2c4a428599909f36	0	201	0.076214	PASS	none	970ccbfb00994b38af5892b760af216e	PASS
r06-q00594-1u-t44	6	1	tpl-08b4c6aa2c4a428599909f36	0	201	0.081581	PASS	none	25e2f10bf2394328b70a2f4484f92ffd	PASS
r06-q00593-1u-t43	6	1	tpl-08b4c6aa2c4a428599909f36	0	201	0.087379	PASS	none	20b2da861f15456b9998334ed6e61d67	PASS
r06-q00589-1u-t39	6	1	tpl-08b4c6aa2c4a428599909f36	0	201	0.093533	PASS	none	46719ddc7b1a4474a8e056fbceb5578a	PASS
r06-q00598-1u-t48	6	1	tpl-08b4c6aa2c4a428599909f36	0	201	0.089049	PASS	none	47d556cd5b154c3d9a85bb59141a8708	PASS
r06-q00599-1u-t49	6	1	tpl-08b4c6aa2c4a428599909f36	0	201	0.090127	PASS	none	fd80f24810ac44d699b8ba449fa2e1de	PASS
r06-q00600-1u-t50	6	1	tpl-08b4c6aa2c4a428599909f36	0	201	0.081748	PASS	none	92494aff2ffa4728a18bd232fed4607c	PASS
r01-q00601-1u-t1	1	1	tpl-88fbbfff787b4a598f68a3a5	0	201	0.060826	PASS	none	7258f3d6d02a4b8abaf10fc83f5623fa	PASS
r01-q00610-1u-t10	1	1	tpl-88fbbfff787b4a598f68a3a5	0	201	0.060650	PASS	none	a6513f109d0848bf99685086f79a5136	PASS
r01-q00603-1u-t3	1	1	tpl-88fbbfff787b4a598f68a3a5	0	201	0.054232	PASS	none	0af97c0d868f44cb9e2811f0e27bf19e	PASS
r01-q00604-1u-t4	1	1	tpl-88fbbfff787b4a598f68a3a5	0	201	0.052895	PASS	none	b0355814a6c94d14b1de7280cc2d680c	PASS
r01-q00602-1u-t2	1	1	tpl-88fbbfff787b4a598f68a3a5	0	201	0.074984	PASS	none	970ddb79e4424528a3d461b615279003	PASS
r01-q00609-1u-t9	1	1	tpl-88fbbfff787b4a598f68a3a5	0	201	0.059789	PASS	none	baa11c4932dd40bd9b218afd2e5acbf4	PASS
r01-q00606-1u-t6	1	1	tpl-88fbbfff787b4a598f68a3a5	0	201	0.058285	PASS	none	0098eef7714347fcb27ec59e51ed2f28	PASS
r01-q00605-1u-t5	1	1	tpl-88fbbfff787b4a598f68a3a5	0	201	0.062227	PASS	none	fe16dfa7006b47a8a5b175df37d75a99	PASS
r01-q00607-1u-t7	1	1	tpl-88fbbfff787b4a598f68a3a5	0	201	0.056493	PASS	none	c6dd55b43c5e4b5db04fcfca9525a303	PASS
r01-q00608-1u-t8	1	1	tpl-88fbbfff787b4a598f68a3a5	0	201	0.057603	PASS	none	53b38d78a53c4c51b9f313ab5e98621c	PASS
r01-q00612-1u-t12	1	1	tpl-88fbbfff787b4a598f68a3a5	0	201	0.067845	PASS	none	912ab8739c7d472a90d664a54bf37917	PASS
r01-q00614-1u-t14	1	1	tpl-88fbbfff787b4a598f68a3a5	0	201	0.074870	PASS	none	c87c96f568454e85a42b5ecd577fe07e	PASS
r01-q00615-1u-t15	1	1	tpl-88fbbfff787b4a598f68a3a5	0	201	0.076505	PASS	none	d75c082df22d41a69ceb2f3c7ee6309d	PASS
r01-q00613-1u-t13	1	1	tpl-88fbbfff787b4a598f68a3a5	0	201	0.064844	PASS	none	5d059fb721a74c438fb81f7a71d1e18e	PASS
r01-q00619-1u-t19	1	1	tpl-88fbbfff787b4a598f68a3a5	0	201	0.085620	PASS	none	582008c110f64dcda4377e38f54b650c	PASS
r01-q00611-1u-t11	1	1	tpl-88fbbfff787b4a598f68a3a5	0	201	0.067587	PASS	none	b063a4cca57441e89b5a00eb800fefeb	PASS
r01-q00620-1u-t20	1	1	tpl-88fbbfff787b4a598f68a3a5	0	201	0.081661	PASS	none	c6485fa085724362b002fc33a3810a87	PASS
r01-q00616-1u-t16	1	1	tpl-88fbbfff787b4a598f68a3a5	0	201	0.094012	PASS	none	2cff3ea9db6247b6afe8169608439020	PASS
r01-q00621-1u-t21	1	1	tpl-88fbbfff787b4a598f68a3a5	0	201	0.080492	PASS	none	67b1763d53e2427a947a1d963b2c0b0e	PASS
r01-q00625-1u-t25	1	1	tpl-88fbbfff787b4a598f68a3a5	0	201	0.079991	PASS	none	64a0d4d384e2401ea063cb4a4dee9fe1	PASS
r01-q00618-1u-t18	1	1	tpl-88fbbfff787b4a598f68a3a5	0	201	0.087975	PASS	none	c14a185a5fd94017ac8bcec0a7a8f174	PASS
r01-q00626-1u-t26	1	1	tpl-88fbbfff787b4a598f68a3a5	0	201	0.077219	PASS	none	62d3017fb4e245949d3ce3c32233752f	PASS
r01-q00622-1u-t22	1	1	tpl-88fbbfff787b4a598f68a3a5	0	201	0.079965	PASS	none	1326752502d94ae1a62dad395cb48fc3	PASS
r01-q00624-1u-t24	1	1	tpl-88fbbfff787b4a598f68a3a5	0	201	0.073030	PASS	none	526b249783bf482bb9cc7779918bd98c	PASS
r01-q00617-1u-t17	1	1	tpl-88fbbfff787b4a598f68a3a5	0	201	0.079162	PASS	none	f508aeaab0744438b740697b33df7eb7	PASS
r01-q00630-1u-t30	1	1	tpl-88fbbfff787b4a598f68a3a5	0	201	0.081821	PASS	none	704f41ee4c6547bbb7d24aef618608b7	PASS
r01-q00628-1u-t28	1	1	tpl-88fbbfff787b4a598f68a3a5	0	201	0.088178	PASS	none	9f4a811e6f07494d960336678d20b57a	PASS
r01-q00627-1u-t27	1	1	tpl-88fbbfff787b4a598f68a3a5	0	201	0.071334	PASS	none	bf87a574299743d2947279785a85dcd2	PASS
r01-q00629-1u-t29	1	1	tpl-88fbbfff787b4a598f68a3a5	0	201	0.086391	PASS	none	5462170dbb3c4374b6ccd84e78763c81	PASS
r01-q00623-1u-t23	1	1	tpl-88fbbfff787b4a598f68a3a5	0	201	0.072827	PASS	none	a39e1610dce047f0b735dda75a246c9a	PASS
r01-q00631-1u-t31	1	1	tpl-88fbbfff787b4a598f68a3a5	0	201	0.090277	PASS	none	aa1c1aed20464ae38e2f5c74e2a7524d	PASS
r01-q00632-1u-t32	1	1	tpl-88fbbfff787b4a598f68a3a5	0	201	0.096356	PASS	none	b471e6acd983486e9cf73bbb66045b3b	PASS
r01-q00635-1u-t35	1	1	tpl-88fbbfff787b4a598f68a3a5	0	201	0.095732	PASS	none	f13345e7bafe48eca3a25217ca220ccc	PASS
r01-q00639-1u-t39	1	1	tpl-88fbbfff787b4a598f68a3a5	0	201	0.115317	PASS	none	146395025c71466cbecf14f23720589b	PASS
r01-q00633-1u-t33	1	1	tpl-88fbbfff787b4a598f68a3a5	0	201	0.090944	PASS	none	987041c96f224879a3a0213045646bf8	PASS
r01-q00637-1u-t37	1	1	tpl-88fbbfff787b4a598f68a3a5	0	201	0.091984	PASS	none	40adbc199821476fb65ecaf62032dc05	PASS
r01-q00634-1u-t34	1	1	tpl-88fbbfff787b4a598f68a3a5	0	201	0.095670	PASS	none	99bd7ace1c644ed88aad61590fdf8543	PASS
r01-q00643-1u-t43	1	1	tpl-88fbbfff787b4a598f68a3a5	0	201	0.118304	PASS	none	d6e2f2171876413b8bafda6e5bcf30c2	PASS
r01-q00640-1u-t40	1	1	tpl-88fbbfff787b4a598f68a3a5	0	201	0.114234	PASS	none	1a09dd027a6340a0b25ae0a1bbf14aa9	PASS
r01-q00644-1u-t44	1	1	tpl-88fbbfff787b4a598f68a3a5	0	201	0.116619	PASS	none	27b5206d77a14dd7bbac338d823b928b	PASS
r01-q00646-1u-t46	1	1	tpl-88fbbfff787b4a598f68a3a5	0	201	0.109568	PASS	none	b9a7386210f545ef81ba9d54dfe168a8	PASS
r01-q00638-1u-t38	1	1	tpl-88fbbfff787b4a598f68a3a5	0	201	0.088675	PASS	none	9dddcdfe4e0a4c38a0385c82fb8f6341	PASS
r01-q00636-1u-t36	1	1	tpl-88fbbfff787b4a598f68a3a5	0	201	0.094356	PASS	none	b1c36ab5d5b7401b97eba15516bc223e	PASS
r01-q00641-1u-t41	1	1	tpl-88fbbfff787b4a598f68a3a5	0	201	0.112383	PASS	none	8a46e080450a4889aca777397a637d9e	PASS
r01-q00649-1u-t49	1	1	tpl-88fbbfff787b4a598f68a3a5	0	201	0.103618	PASS	none	30b42f1e3b1c40c2a3f07d7e2cbab52f	PASS
r01-q00650-1u-t50	1	1	tpl-88fbbfff787b4a598f68a3a5	0	201	0.095955	PASS	none	3d66bec97ebb432f94ed860c38249348	PASS
r01-q00642-1u-t42	1	1	tpl-88fbbfff787b4a598f68a3a5	0	201	0.115264	PASS	none	a99dd8c59b0a42298f99d5bc661106e0	PASS
r01-q00647-1u-t47	1	1	tpl-88fbbfff787b4a598f68a3a5	0	201	0.102141	PASS	none	01e474edaeec471e9aff43e4a9e59c6b	PASS
r01-q00645-1u-t45	1	1	tpl-88fbbfff787b4a598f68a3a5	0	201	0.117729	PASS	none	44aa50d171564dd9aaad8603b0dc1f91	PASS
r01-q00648-1u-t48	1	1	tpl-88fbbfff787b4a598f68a3a5	0	201	0.112209	PASS	none	0ffb3409548342a782e28533ece50020	PASS
r02-q00654-1u-t4	2	1	tpl-88fbbfff787b4a598f68a3a5	0	201	0.058784	PASS	none	133ee814376e4d2bb3b5c7e7e867e980	PASS
r02-q00659-1u-t9	2	1	tpl-88fbbfff787b4a598f68a3a5	0	201	0.061785	PASS	none	9487fe73205b41968cdd09bf9af06382	PASS
r02-q00658-1u-t8	2	1	tpl-88fbbfff787b4a598f68a3a5	0	201	0.054312	PASS	none	64b8ff3c86d14bf999d7ae44b204d9c0	PASS
r02-q00657-1u-t7	2	1	tpl-88fbbfff787b4a598f68a3a5	0	201	0.051271	PASS	none	6a09be3662734389bf5bb399522dd951	PASS
r02-q00660-1u-t10	2	1	tpl-88fbbfff787b4a598f68a3a5	0	201	0.069823	PASS	none	fecbbfd8dc8f4add9a21ff2c023f074d	PASS
r02-q00656-1u-t6	2	1	tpl-88fbbfff787b4a598f68a3a5	0	201	0.055392	PASS	none	7e5c7683f70a40078d19eedd71ec33b8	PASS
r02-q00655-1u-t5	2	1	tpl-88fbbfff787b4a598f68a3a5	0	201	0.056024	PASS	none	64c94b3150bb4a1198e9316778b1f45b	PASS
r02-q00652-1u-t2	2	1	tpl-88fbbfff787b4a598f68a3a5	0	201	0.065207	PASS	none	e51e19f4e93e4367bf105b87d159a23f	PASS
r02-q00651-1u-t1	2	1	tpl-88fbbfff787b4a598f68a3a5	0	201	0.069951	PASS	none	eadb1a1cc2274f3a979912343b8e708a	PASS
r02-q00664-1u-t14	2	1	tpl-88fbbfff787b4a598f68a3a5	0	201	0.078235	PASS	none	bf2252b9b6624e658399fe0d17099df0	PASS
r02-q00666-1u-t16	2	1	tpl-88fbbfff787b4a598f68a3a5	0	201	0.091632	PASS	none	7b03bf0752df48e2bedc5e1325d72e28	PASS
r02-q00662-1u-t12	2	1	tpl-88fbbfff787b4a598f68a3a5	0	201	0.075801	PASS	none	086b3a12bdf140b9ae77b7cd4b13e472	PASS
r02-q00663-1u-t13	2	1	tpl-88fbbfff787b4a598f68a3a5	0	201	0.073305	PASS	none	38789693348d451bb50dbcb52c28022f	PASS
r02-q00661-1u-t11	2	1	tpl-88fbbfff787b4a598f68a3a5	0	201	0.087092	PASS	none	dd23f4e554c94595b607c8da09aa7ad4	PASS
r02-q00653-1u-t3	2	1	tpl-88fbbfff787b4a598f68a3a5	0	201	0.077634	PASS	none	d3e22bf1a0e349c8a11e355db63ab616	PASS
r02-q00665-1u-t15	2	1	tpl-88fbbfff787b4a598f68a3a5	0	201	0.073802	PASS	none	b360006cd98243e3b117cc954ff86d4f	PASS
r02-q00669-1u-t19	2	1	tpl-88fbbfff787b4a598f68a3a5	0	201	0.081951	PASS	none	5bb404873dfd4733a863ac24764f9001	PASS
r02-q00667-1u-t17	2	1	tpl-88fbbfff787b4a598f68a3a5	0	201	0.090751	PASS	none	4d93234c9fcd40eab5ac6fcea23d643e	PASS
r02-q00673-1u-t23	2	1	tpl-88fbbfff787b4a598f68a3a5	0	201	0.102499	PASS	none	392741a3c333498e9a5d226b814342f6	PASS
r02-q00672-1u-t22	2	1	tpl-88fbbfff787b4a598f68a3a5	0	201	0.076487	PASS	none	32596bcae7ed4ea28ccea8b80d0c65cf	PASS
r02-q00668-1u-t18	2	1	tpl-88fbbfff787b4a598f68a3a5	0	201	0.083482	PASS	none	1ad38dae9a974d9aa731337029062c27	PASS
r02-q00670-1u-t20	2	1	tpl-88fbbfff787b4a598f68a3a5	0	201	0.086613	PASS	none	9fe2abf2fd2e4842913dee46872b64d7	PASS
r02-q00671-1u-t21	2	1	tpl-88fbbfff787b4a598f68a3a5	0	201	0.083301	PASS	none	e3c32e255a5a4601a2e78a69bc808950	PASS
r02-q00674-1u-t24	2	1	tpl-88fbbfff787b4a598f68a3a5	0	201	0.089482	PASS	none	84dcde4e273c41a698bb25b455258652	PASS
r02-q00675-1u-t25	2	1	tpl-88fbbfff787b4a598f68a3a5	0	201	0.081486	PASS	none	c3422a49e2434d56965c4ac0ecc6ec2c	PASS
r02-q00676-1u-t26	2	1	tpl-88fbbfff787b4a598f68a3a5	0	201	0.105784	PASS	none	54101b9ec7e247c88dc17349735b3653	PASS
r02-q00683-1u-t33	2	1	tpl-88fbbfff787b4a598f68a3a5	0	201	0.090403	PASS	none	342cce3bf22043cdbbc8f1d34822e537	PASS
r02-q00682-1u-t32	2	1	tpl-88fbbfff787b4a598f68a3a5	0	201	0.102184	PASS	none	9a011277c138497f8680e105b78192b9	PASS
r02-q00677-1u-t27	2	1	tpl-88fbbfff787b4a598f68a3a5	0	201	0.092520	PASS	none	62ea44e81fe14966bd303fa555896ffb	PASS
r02-q00678-1u-t28	2	1	tpl-88fbbfff787b4a598f68a3a5	0	201	0.083062	PASS	none	c5ff88edceec42569d20c66b8686371c	PASS
r02-q00680-1u-t30	2	1	tpl-88fbbfff787b4a598f68a3a5	0	201	0.102987	PASS	none	34763efc92fb402cb2db35018ee04169	PASS
r02-q00684-1u-t34	2	1	tpl-88fbbfff787b4a598f68a3a5	0	201	0.082722	PASS	none	b6cb19b5ec704ea28ec11a7149e95968	PASS
r02-q00681-1u-t31	2	1	tpl-88fbbfff787b4a598f68a3a5	0	201	0.089058	PASS	none	1810a316fc224160bfe7e87fc0cbf9ca	PASS
r02-q00679-1u-t29	2	1	tpl-88fbbfff787b4a598f68a3a5	0	201	0.087175	PASS	none	5931687469024f33a2cc0fef51ba40e4	PASS
r02-q00688-1u-t38	2	1	tpl-88fbbfff787b4a598f68a3a5	0	201	0.084594	PASS	none	dc146aa3786c44c085812777651706e8	PASS
r02-q00686-1u-t36	2	1	tpl-88fbbfff787b4a598f68a3a5	0	201	0.091282	PASS	none	f53f63b31fd2482dba9e0c4bdf1ac082	PASS
r02-q00687-1u-t37	2	1	tpl-88fbbfff787b4a598f68a3a5	0	201	0.089715	PASS	none	caee35f471644fafbb5013c9f5a119ec	PASS
r02-q00685-1u-t35	2	1	tpl-88fbbfff787b4a598f68a3a5	0	201	0.090493	PASS	none	b486d4eff82a47ff9effe7ac3c838c5b	PASS
r02-q00693-1u-t43	2	1	tpl-88fbbfff787b4a598f68a3a5	0	201	0.088433	PASS	none	96444c2174734ffe8186832fc578b114	PASS
r02-q00691-1u-t41	2	1	tpl-88fbbfff787b4a598f68a3a5	0	201	0.086238	PASS	none	20bc00961a4b481abda4bf344b9c22c7	PASS
r02-q00694-1u-t44	2	1	tpl-88fbbfff787b4a598f68a3a5	0	201	0.088481	PASS	none	dcfaa5c08f37465d879e1e3a074b1d8d	PASS
r02-q00689-1u-t39	2	1	tpl-88fbbfff787b4a598f68a3a5	0	201	0.095354	PASS	none	f24d8874de174ad6b58f5ef880deac9f	PASS
r02-q00695-1u-t45	2	1	tpl-88fbbfff787b4a598f68a3a5	0	201	0.084496	PASS	none	328ee929c0d945fa8cf7bef41a48f2ff	PASS
r02-q00692-1u-t42	2	1	tpl-88fbbfff787b4a598f68a3a5	0	201	0.079093	PASS	none	1ba51c5c252348c48af6264140bb453d	PASS
r02-q00698-1u-t48	2	1	tpl-88fbbfff787b4a598f68a3a5	0	201	0.095983	PASS	none	07b2d41ce169433a9b491fc08fd2f640	PASS
r02-q00696-1u-t46	2	1	tpl-88fbbfff787b4a598f68a3a5	0	201	0.086596	PASS	none	5426cf987b144e6fa9fa44eea050ae8c	PASS
r02-q00699-1u-t49	2	1	tpl-88fbbfff787b4a598f68a3a5	0	201	0.092869	PASS	none	a6daae624d3f454c807633de3f4d4385	PASS
r02-q00690-1u-t40	2	1	tpl-88fbbfff787b4a598f68a3a5	0	201	0.089615	PASS	none	408d907c27e243c3bd931c2709061eb0	PASS
r02-q00697-1u-t47	2	1	tpl-88fbbfff787b4a598f68a3a5	0	201	0.099480	PASS	none	ccc66a8242c04d1a832586ed2e0a96f7	PASS
r02-q00700-1u-t50	2	1	tpl-88fbbfff787b4a598f68a3a5	0	201	0.090633	PASS	none	bf5d3f9bdf6f440091397fd8e8f1488b	PASS
r03-q00705-1u-t5	3	1	tpl-88fbbfff787b4a598f68a3a5	0	201	0.055259	PASS	none	5620cde816114e9c8f4665bcccf46c69	PASS
r03-q00701-1u-t1	3	1	tpl-88fbbfff787b4a598f68a3a5	0	201	0.058005	PASS	none	0c5f77be14b14d7491b1e18743e87d7a	PASS
r03-q00704-1u-t4	3	1	tpl-88fbbfff787b4a598f68a3a5	0	201	0.057420	PASS	none	1b23baa24cfe471d8aaf62962625191d	PASS
r03-q00706-1u-t6	3	1	tpl-88fbbfff787b4a598f68a3a5	0	201	0.066884	PASS	none	0bfc0cdc5c2d4bbcbd086d52afaf4afb	PASS
r03-q00710-1u-t10	3	1	tpl-88fbbfff787b4a598f68a3a5	0	201	0.058581	PASS	none	daf11403de1143f7aaa283c000abb114	PASS
r03-q00703-1u-t3	3	1	tpl-88fbbfff787b4a598f68a3a5	0	201	0.052031	PASS	none	626fefdf6de646b1a6d684996e975d3e	PASS
r03-q00709-1u-t9	3	1	tpl-88fbbfff787b4a598f68a3a5	0	201	0.068320	PASS	none	5e751108b636498d9be12556553028ea	PASS
r03-q00708-1u-t8	3	1	tpl-88fbbfff787b4a598f68a3a5	0	201	0.080574	PASS	none	0a806b857eab4ed5b0c2f6bfbbb3385a	PASS
r03-q00702-1u-t2	3	1	tpl-88fbbfff787b4a598f68a3a5	0	201	0.054464	PASS	none	4fdf5c2513ec4434846a9e3de61509cd	PASS
r03-q00714-1u-t14	3	1	tpl-88fbbfff787b4a598f68a3a5	0	201	0.102350	PASS	none	77d2fe11ef5a488a941e3f9f424c2bc6	PASS
r03-q00707-1u-t7	3	1	tpl-88fbbfff787b4a598f68a3a5	0	201	0.069916	PASS	none	1aea385cc69d4c1d96d44c18a5b7f266	PASS
r03-q00715-1u-t15	3	1	tpl-88fbbfff787b4a598f68a3a5	0	201	0.080966	PASS	none	5e272d69590a4b85bb3543f39354b773	PASS
r03-q00716-1u-t16	3	1	tpl-88fbbfff787b4a598f68a3a5	0	201	0.077317	PASS	none	b725a6fe4fb54d1ba67c5f4389083172	PASS
r03-q00719-1u-t19	3	1	tpl-88fbbfff787b4a598f68a3a5	0	201	0.077367	PASS	none	fb4d8b7893d245d4b2af01bfb2e8114b	PASS
r03-q00717-1u-t17	3	1	tpl-88fbbfff787b4a598f68a3a5	0	201	0.071367	PASS	none	c411065816624652b03876e4706a59d2	PASS
r03-q00723-1u-t23	3	1	tpl-88fbbfff787b4a598f68a3a5	0	201	0.080655	PASS	none	5bbdb064e53c41bebc68c08199f3d9e0	PASS
r03-q00711-1u-t11	3	1	tpl-88fbbfff787b4a598f68a3a5	0	201	0.066429	PASS	none	ef931f2ab05749638d04bb778ec964b1	PASS
r03-q00721-1u-t21	3	1	tpl-88fbbfff787b4a598f68a3a5	0	201	0.088434	PASS	none	a8f95c39390546b4b958d90f387c88c8	PASS
r03-q00718-1u-t18	3	1	tpl-88fbbfff787b4a598f68a3a5	0	201	0.094949	PASS	none	6bf0a704a15a4c5e92188745bca71b95	PASS
r03-q00720-1u-t20	3	1	tpl-88fbbfff787b4a598f68a3a5	0	201	0.083976	PASS	none	639952b77c034336967868ba0ddcf795	PASS
r03-q00713-1u-t13	3	1	tpl-88fbbfff787b4a598f68a3a5	0	201	0.073112	PASS	none	a61916840a9e4ca890ff2004e3c6fc18	PASS
r03-q00722-1u-t22	3	1	tpl-88fbbfff787b4a598f68a3a5	0	201	0.085980	PASS	none	e63d607932bd45fd8c8c3b86e7857569	PASS
r03-q00712-1u-t12	3	1	tpl-88fbbfff787b4a598f68a3a5	0	201	0.098986	PASS	none	d9a0118809f54c7982c923df84f93d40	PASS
r03-q00730-1u-t30	3	1	tpl-88fbbfff787b4a598f68a3a5	0	201	0.104805	PASS	none	7468cff3cb09487eb092b5a50c36b8d4	PASS
r03-q00727-1u-t27	3	1	tpl-88fbbfff787b4a598f68a3a5	0	201	0.089200	PASS	none	65afa2f79fdb42c7acd867a21ec80a60	PASS
r03-q00724-1u-t24	3	1	tpl-88fbbfff787b4a598f68a3a5	0	201	0.088065	PASS	none	710fee854012460baf712c2a36bd006d	PASS
r03-q00726-1u-t26	3	1	tpl-88fbbfff787b4a598f68a3a5	0	201	0.086932	PASS	none	fe9dd6fcd91f48e3a14e4ca72aa9a74a	PASS
r03-q00734-1u-t34	3	1	tpl-88fbbfff787b4a598f68a3a5	0	201	0.102591	PASS	none	a50115cdef1846e3a52fbe2a596ff0c9	PASS
r03-q00728-1u-t28	3	1	tpl-88fbbfff787b4a598f68a3a5	0	201	0.103336	PASS	none	c1fb38380d164b3d9d8ee7b4fef791e4	PASS
r03-q00725-1u-t25	3	1	tpl-88fbbfff787b4a598f68a3a5	0	201	0.086841	PASS	none	8d205cd16d6a4d9e8b38ec64172c4520	PASS
r03-q00729-1u-t29	3	1	tpl-88fbbfff787b4a598f68a3a5	0	201	0.100072	PASS	none	c10ea2369aa24aecb725b465ddfd964b	PASS
r03-q00731-1u-t31	3	1	tpl-88fbbfff787b4a598f68a3a5	0	201	0.113799	PASS	none	f1d1bbc0a77b483f8f743dad254c37f1	PASS
r03-q00732-1u-t32	3	1	tpl-88fbbfff787b4a598f68a3a5	0	201	0.104038	PASS	none	128919bab06346eea3030b8e730f3c14	PASS
r03-q00733-1u-t33	3	1	tpl-88fbbfff787b4a598f68a3a5	0	201	0.103682	PASS	none	1177a28dd92b4054b7b53b3464e796df	PASS
r03-q00739-1u-t39	3	1	tpl-88fbbfff787b4a598f68a3a5	0	201	0.103644	PASS	none	13d215571095490fb5ea7cd4b1139ad6	PASS
r03-q00736-1u-t36	3	1	tpl-88fbbfff787b4a598f68a3a5	0	201	0.109116	PASS	none	63efd97067fb4c2bb1ceeafbf54c7c60	PASS
r03-q00744-1u-t44	3	1	tpl-88fbbfff787b4a598f68a3a5	0	201	0.107559	PASS	none	8e372099c711411ea37c4aa163c28b11	PASS
r03-q00741-1u-t41	3	1	tpl-88fbbfff787b4a598f68a3a5	0	201	0.109828	PASS	none	71a68c05c6454f5bb051932782a5715b	PASS
r03-q00740-1u-t40	3	1	tpl-88fbbfff787b4a598f68a3a5	0	201	0.109248	PASS	none	cbe3cd490bc64ea4b8e683da126b615b	PASS
r03-q00738-1u-t38	3	1	tpl-88fbbfff787b4a598f68a3a5	0	201	0.114014	PASS	none	9cd3993ad06f495b8542295419ff7166	PASS
r03-q00735-1u-t35	3	1	tpl-88fbbfff787b4a598f68a3a5	0	201	0.121922	PASS	none	38c3149be3c94b51bf6f363447c9d24d	PASS
r03-q00742-1u-t42	3	1	tpl-88fbbfff787b4a598f68a3a5	0	201	0.115393	PASS	none	938419c77fde49e093f823091dbebd61	PASS
r03-q00747-1u-t47	3	1	tpl-88fbbfff787b4a598f68a3a5	0	201	0.102088	PASS	none	9d896902d44444908353f468fe40bdf7	PASS
r03-q00746-1u-t46	3	1	tpl-88fbbfff787b4a598f68a3a5	0	201	0.107583	PASS	none	69d2397ffd2e40288edd5ac775401633	PASS
r03-q00750-1u-t50	3	1	tpl-88fbbfff787b4a598f68a3a5	0	201	0.094024	PASS	none	fa7cc7c4ec314bf8b0e2a2edee21dcf4	PASS
r03-q00743-1u-t43	3	1	tpl-88fbbfff787b4a598f68a3a5	0	201	0.108339	PASS	none	405ab5c939bd406897d2c300040f9083	PASS
r03-q00737-1u-t37	3	1	tpl-88fbbfff787b4a598f68a3a5	0	201	0.108007	PASS	none	4ea271b8d5b142bab779cca7358f64be	PASS
r03-q00748-1u-t48	3	1	tpl-88fbbfff787b4a598f68a3a5	0	201	0.102283	PASS	none	cf9be14994d74c7c96d2f2b7f82633c8	PASS
r03-q00745-1u-t45	3	1	tpl-88fbbfff787b4a598f68a3a5	0	201	0.112039	PASS	none	7609d962148e4383a6556ef5cdfdf7a1	PASS
r03-q00749-1u-t49	3	1	tpl-88fbbfff787b4a598f68a3a5	0	201	0.104228	PASS	none	1f8a5e682af74d1bad2ce31ffcfb214e	PASS
r04-q00751-1u-t1	4	1	tpl-88fbbfff787b4a598f68a3a5	0	201	0.059648	PASS	none	b6054b1f278e45fab966a43c1551b1aa	PASS
r04-q00755-1u-t5	4	1	tpl-88fbbfff787b4a598f68a3a5	0	201	0.055453	PASS	none	c2176ed86a684068aad9840098a263c5	PASS
r04-q00753-1u-t3	4	1	tpl-88fbbfff787b4a598f68a3a5	0	201	0.060134	PASS	none	41e122ea05c3457e936454e84afce54b	PASS
r04-q00754-1u-t4	4	1	tpl-88fbbfff787b4a598f68a3a5	0	201	0.055114	PASS	none	6cc5f8f0f7f144efa605364cb272eefa	PASS
r04-q00756-1u-t6	4	1	tpl-88fbbfff787b4a598f68a3a5	0	201	0.064971	PASS	none	652f7577d8f94eeebecf6a3c702073fc	PASS
r04-q00757-1u-t7	4	1	tpl-88fbbfff787b4a598f68a3a5	0	201	0.058383	PASS	none	f2b75ed8d4014c6ca49d4d43c4141cae	PASS
r04-q00762-1u-t12	4	1	tpl-88fbbfff787b4a598f68a3a5	0	201	0.075006	PASS	none	1f2948976df945a7bea42ab9114f7cb3	PASS
r04-q00752-1u-t2	4	1	tpl-88fbbfff787b4a598f68a3a5	0	201	0.055189	PASS	none	f374546180004fd8981b58afe6eea56d	PASS
r04-q00759-1u-t9	4	1	tpl-88fbbfff787b4a598f68a3a5	0	201	0.079926	PASS	none	c1558d71364845deb741bc3794d2b42f	PASS
r04-q00765-1u-t15	4	1	tpl-88fbbfff787b4a598f68a3a5	0	201	0.071986	PASS	none	6a13e0702d574541a9c34e0f87f902e1	PASS
r04-q00763-1u-t13	4	1	tpl-88fbbfff787b4a598f68a3a5	0	201	0.073460	PASS	none	1da0eec1614c4e31baa85350208a5106	PASS
r04-q00769-1u-t19	4	1	tpl-88fbbfff787b4a598f68a3a5	0	201	0.083627	PASS	none	5dc1c788354a4e5db5b090ebc79ce321	PASS
r04-q00766-1u-t16	4	1	tpl-88fbbfff787b4a598f68a3a5	0	201	0.074072	PASS	none	e84ed2aca7d641318c0281d85f8cbfc8	PASS
r04-q00758-1u-t8	4	1	tpl-88fbbfff787b4a598f68a3a5	0	201	0.066952	PASS	none	884af705d4954e1ea4473b4d38799ef0	PASS
r04-q00761-1u-t11	4	1	tpl-88fbbfff787b4a598f68a3a5	0	201	0.088205	PASS	none	197da8bca0d34987a40c9d24dc091ff3	PASS
r04-q00772-1u-t22	4	1	tpl-88fbbfff787b4a598f68a3a5	0	201	0.079758	PASS	none	8b9b6233b23b4b72b7ed4d161802b143	PASS
r04-q00760-1u-t10	4	1	tpl-88fbbfff787b4a598f68a3a5	0	201	0.091676	PASS	none	28b35289e18c4e31a52c9b24eab2772b	PASS
r04-q00767-1u-t17	4	1	tpl-88fbbfff787b4a598f68a3a5	0	201	0.081164	PASS	none	480c2ae56d1f4ba1a2b0f4baccdf7aaf	PASS
r04-q00768-1u-t18	4	1	tpl-88fbbfff787b4a598f68a3a5	0	201	0.075098	PASS	none	8dc8cb44b88a497fabcddbe21147e7a2	PASS
r04-q00773-1u-t23	4	1	tpl-88fbbfff787b4a598f68a3a5	0	201	0.090708	PASS	none	4bc09e8fe33846eb84bb8bedab308cc2	PASS
r04-q00770-1u-t20	4	1	tpl-88fbbfff787b4a598f68a3a5	0	201	0.065583	PASS	none	58503bc0418d4eb0b668b6ea48a7ebb7	PASS
r04-q00771-1u-t21	4	1	tpl-88fbbfff787b4a598f68a3a5	0	201	0.080050	PASS	none	fc9b937dc63a48d0961d7c7a75206857	PASS
r04-q00764-1u-t14	4	1	tpl-88fbbfff787b4a598f68a3a5	0	201	0.081112	PASS	none	287e8bd1c4df4545aed2f83b112d70f2	PASS
r04-q00779-1u-t29	4	1	tpl-88fbbfff787b4a598f68a3a5	0	201	0.086734	PASS	none	421f9184eb674a78a4b76e600ed5c098	PASS
r04-q00774-1u-t24	4	1	tpl-88fbbfff787b4a598f68a3a5	0	201	0.087923	PASS	none	cfa0c91032284e489f7494951ca0275e	PASS
r04-q00776-1u-t26	4	1	tpl-88fbbfff787b4a598f68a3a5	0	201	0.092531	PASS	none	217db67734d64a3a85e4d18c727e9609	PASS
r04-q00781-1u-t31	4	1	tpl-88fbbfff787b4a598f68a3a5	0	201	0.080511	PASS	none	8f9313683c5244cc968ebf86d7612522	PASS
r04-q00780-1u-t30	4	1	tpl-88fbbfff787b4a598f68a3a5	0	201	0.083704	PASS	none	ebb7fed4f6ca4b929f0468001c0ef130	PASS
r04-q00778-1u-t28	4	1	tpl-88fbbfff787b4a598f68a3a5	0	201	0.079427	PASS	none	5685d3b008274deabadf7964a93f6920	PASS
r04-q00777-1u-t27	4	1	tpl-88fbbfff787b4a598f68a3a5	0	201	0.094169	PASS	none	8fe2cd126aef40709fe3c23fe1009b1c	PASS
r04-q00775-1u-t25	4	1	tpl-88fbbfff787b4a598f68a3a5	0	201	0.102296	PASS	none	f91d273c41d244c190d6178ca8e665a1	PASS
r04-q00785-1u-t35	4	1	tpl-88fbbfff787b4a598f68a3a5	0	201	0.092996	PASS	none	606d3aea8163429ab946d1f6f02d6122	PASS
r04-q00787-1u-t37	4	1	tpl-88fbbfff787b4a598f68a3a5	0	201	0.091583	PASS	none	2278b3ed7801491ab82ae2ab825d0f4c	PASS
r04-q00786-1u-t36	4	1	tpl-88fbbfff787b4a598f68a3a5	0	201	0.087074	PASS	none	f54678b51e4a43d79c5b21e73bd5f47b	PASS
r04-q00792-1u-t42	4	1	tpl-88fbbfff787b4a598f68a3a5	0	201	0.107123	PASS	none	7871726f98f340d3b6a952d3778b7084	PASS
r04-q00788-1u-t38	4	1	tpl-88fbbfff787b4a598f68a3a5	0	201	0.094659	PASS	none	2e35d478d5d94609bfac65ddf78b8249	PASS
r04-q00784-1u-t34	4	1	tpl-88fbbfff787b4a598f68a3a5	0	201	0.083995	PASS	none	42c60f8df48a44e787d0c389bce172dd	PASS
r04-q00782-1u-t32	4	1	tpl-88fbbfff787b4a598f68a3a5	0	201	0.083457	PASS	none	9c90dd03b2bc47e0919a5faf04d78192	PASS
r04-q00783-1u-t33	4	1	tpl-88fbbfff787b4a598f68a3a5	0	201	0.082028	PASS	none	bfcf94cc10434c3684ecea56a51cdb9c	PASS
r04-q00789-1u-t39	4	1	tpl-88fbbfff787b4a598f68a3a5	0	201	0.098342	PASS	none	563147019f854f7fbfc3b972ac40570f	PASS
r04-q00791-1u-t41	4	1	tpl-88fbbfff787b4a598f68a3a5	0	201	0.114826	PASS	none	5012668b30024961b2c799b2924d4df7	PASS
r04-q00793-1u-t43	4	1	tpl-88fbbfff787b4a598f68a3a5	0	201	0.108971	PASS	none	c5c0643070414867ae4c9edf6b0bc70d	PASS
r04-q00794-1u-t44	4	1	tpl-88fbbfff787b4a598f68a3a5	0	201	0.098635	PASS	none	90c3b90c5ae641d6aed0e0474274cea7	PASS
r04-q00790-1u-t40	4	1	tpl-88fbbfff787b4a598f68a3a5	0	201	0.090784	PASS	none	bb4902391f454e2a995c2b02f067e80d	PASS
r04-q00798-1u-t48	4	1	tpl-88fbbfff787b4a598f68a3a5	0	201	0.100016	PASS	none	7e7fb668d1aa4fb3a3203f90fa2166bf	PASS
r04-q00797-1u-t47	4	1	tpl-88fbbfff787b4a598f68a3a5	0	201	0.110502	PASS	none	e6b924fc891d4955b808b0e7765d797b	PASS
r04-q00795-1u-t45	4	1	tpl-88fbbfff787b4a598f68a3a5	0	201	0.112114	PASS	none	97f46d611d3c4471ab93bfe77455502d	PASS
r04-q00799-1u-t49	4	1	tpl-88fbbfff787b4a598f68a3a5	0	201	0.093990	PASS	none	edc3caae7be34e37939562b3fdd522b4	PASS
r04-q00796-1u-t46	4	1	tpl-88fbbfff787b4a598f68a3a5	0	201	0.118720	PASS	none	d99b49c238eb45868f7d86f4b828306b	PASS
r04-q00800-1u-t50	4	1	tpl-88fbbfff787b4a598f68a3a5	0	201	0.098258	PASS	none	a97e69ef73194ec79da2dbb52d693795	PASS
r05-q00803-1u-t3	5	1	tpl-88fbbfff787b4a598f68a3a5	0	201	0.056903	PASS	none	5da2b540f87b4f28bbb5bd477c2b9baf	PASS
r05-q00804-1u-t4	5	1	tpl-88fbbfff787b4a598f68a3a5	0	201	0.058348	PASS	none	16bbf8690a9048d5acf5fb90a7f60ae4	PASS
r05-q00806-1u-t6	5	1	tpl-88fbbfff787b4a598f68a3a5	0	201	0.059864	PASS	none	e1777485087d46a49c5300745ffe205e	PASS
r05-q00807-1u-t7	5	1	tpl-88fbbfff787b4a598f68a3a5	0	201	0.058567	PASS	none	7c068624257b450da703ba3b849f1e10	PASS
r05-q00801-1u-t1	5	1	tpl-88fbbfff787b4a598f68a3a5	0	201	0.061060	PASS	none	a787e85d4d5745f4af0114e0d39d333e	PASS
r05-q00810-1u-t10	5	1	tpl-88fbbfff787b4a598f68a3a5	0	201	0.057965	PASS	none	5e5ba2a0ab3c4cfa9c656b7ad3aa12a3	PASS
r05-q00809-1u-t9	5	1	tpl-88fbbfff787b4a598f68a3a5	0	201	0.066760	PASS	none	223c5c92f92e42e595d7338e7fe77e74	PASS
r05-q00808-1u-t8	5	1	tpl-88fbbfff787b4a598f68a3a5	0	201	0.059098	PASS	none	422783fa57c04e829abb671b258e4a7d	PASS
r05-q00802-1u-t2	5	1	tpl-88fbbfff787b4a598f68a3a5	0	201	0.062573	PASS	none	a65731ac62db4a59a1f07c470b23ecce	PASS
r05-q00812-1u-t12	5	1	tpl-88fbbfff787b4a598f68a3a5	0	201	0.060681	PASS	none	bb6de2a9b2a041f3946e4b37b231fcf9	PASS
r05-q00805-1u-t5	5	1	tpl-88fbbfff787b4a598f68a3a5	0	201	0.054326	PASS	none	e422ab3dad99441dab4af6196068b32e	PASS
r05-q00814-1u-t14	5	1	tpl-88fbbfff787b4a598f68a3a5	0	201	0.077950	PASS	none	e5f3c67e398b4a52bb0bca06c9702422	PASS
r05-q00817-1u-t17	5	1	tpl-88fbbfff787b4a598f68a3a5	0	201	0.072964	PASS	none	27b4ad5592154effa23599870e2918af	PASS
r05-q00811-1u-t11	5	1	tpl-88fbbfff787b4a598f68a3a5	0	201	0.057528	PASS	none	9dd939664da841c98c30930d2ed44163	PASS
r05-q00819-1u-t19	5	1	tpl-88fbbfff787b4a598f68a3a5	0	201	0.067406	PASS	none	c899a3bdb75e4c7481d06dd64b529fed	PASS
r05-q00818-1u-t18	5	1	tpl-88fbbfff787b4a598f68a3a5	0	201	0.075165	PASS	none	92a284cf391d4d9d8fe79085d8229549	PASS
r05-q00815-1u-t15	5	1	tpl-88fbbfff787b4a598f68a3a5	0	201	0.072734	PASS	none	7b4e2562fdfa4626a193dc7cb5fd56b0	PASS
r05-q00813-1u-t13	5	1	tpl-88fbbfff787b4a598f68a3a5	0	201	0.071560	PASS	none	a60c3c55810646eb9087d8145972f1c2	PASS
r05-q00831-1u-t31	5	1	tpl-88fbbfff787b4a598f68a3a5	0	201	0.088165	PASS	none	a67cbd8d7f254427a1807c24f1f98ea5	PASS
r05-q00825-1u-t25	5	1	tpl-88fbbfff787b4a598f68a3a5	0	201	0.089647	PASS	none	2fd7c1297b5443eaaa905bbb4f15ed3e	PASS
r05-q00816-1u-t16	5	1	tpl-88fbbfff787b4a598f68a3a5	0	201	0.078971	PASS	none	4fffc3bc338d488e87a3e38d59bfa5e6	PASS
r05-q00832-1u-t32	5	1	tpl-88fbbfff787b4a598f68a3a5	0	201	0.089129	PASS	none	ddac643e98fe4ff4a0bb73bf609129e4	PASS
r05-q00829-1u-t29	5	1	tpl-88fbbfff787b4a598f68a3a5	0	201	0.092556	PASS	none	794599debc604e899bc571e1124b53e4	PASS
r05-q00824-1u-t24	5	1	tpl-88fbbfff787b4a598f68a3a5	0	201	0.092302	PASS	none	625c79529e964e8eb534d212ef3d0ee8	PASS
r05-q00834-1u-t34	5	1	tpl-88fbbfff787b4a598f68a3a5	0	201	0.092541	PASS	none	092a987025bc4264982d0d4b86a3fa2e	PASS
r05-q00826-1u-t26	5	1	tpl-88fbbfff787b4a598f68a3a5	0	201	0.091864	PASS	none	eb390ba8143c4204b3cf9a4a6e059232	PASS
r05-q00822-1u-t22	5	1	tpl-88fbbfff787b4a598f68a3a5	0	201	0.097077	PASS	none	4cee9a8764d1454ab0bcdfb7ab89f9c5	PASS
r05-q00840-1u-t40	5	1	tpl-88fbbfff787b4a598f68a3a5	0	201	0.099817	PASS	none	b3e7ccc822ac40bd8c15577e025dfc50	PASS
r05-q00838-1u-t38	5	1	tpl-88fbbfff787b4a598f68a3a5	0	201	0.099344	PASS	none	e7b0edbb65f644eea5886b47e48af5b6	PASS
r05-q00839-1u-t39	5	1	tpl-88fbbfff787b4a598f68a3a5	0	201	0.096964	PASS	none	53bf0e99d0b64136a40d307bdc5743a6	PASS
r05-q00833-1u-t33	5	1	tpl-88fbbfff787b4a598f68a3a5	0	201	0.090952	PASS	none	efac05b2d14e4e62974b96bee2fa0892	PASS
r05-q00823-1u-t23	5	1	tpl-88fbbfff787b4a598f68a3a5	0	201	0.090223	PASS	none	9e0f5e31d6674ff0a6c473855281e198	PASS
r05-q00843-1u-t43	5	1	tpl-88fbbfff787b4a598f68a3a5	0	201	0.099355	PASS	none	0c40b01d46c24bfe96bb5c6a69e49c8f	PASS
r05-q00827-1u-t27	5	1	tpl-88fbbfff787b4a598f68a3a5	0	201	0.099069	PASS	none	7527e22ddb5a42a6af9d39292c6edbd5	PASS
r05-q00844-1u-t44	5	1	tpl-88fbbfff787b4a598f68a3a5	0	201	0.102681	PASS	none	8928d4accd764aaba7960fc3bbdc5a80	PASS
r05-q00845-1u-t45	5	1	tpl-88fbbfff787b4a598f68a3a5	0	201	0.105427	PASS	none	12073f1e66e04132a216c6a4cdea831d	PASS
r05-q00821-1u-t21	5	1	tpl-88fbbfff787b4a598f68a3a5	0	201	0.104800	PASS	none	0c022b2a33234368aa67d57d770419fa	PASS
r05-q00836-1u-t36	5	1	tpl-88fbbfff787b4a598f68a3a5	0	201	0.099710	PASS	none	e603002565a649649610523abc146598	PASS
r05-q00835-1u-t35	5	1	tpl-88fbbfff787b4a598f68a3a5	0	201	0.089798	PASS	none	39d2e909aa4d4422821c0ef0df8f164f	PASS
r05-q00830-1u-t30	5	1	tpl-88fbbfff787b4a598f68a3a5	0	201	0.091898	PASS	none	fe821be32acd49f6a938a73349779c8e	PASS
r05-q00828-1u-t28	5	1	tpl-88fbbfff787b4a598f68a3a5	0	201	0.094738	PASS	none	b6501805e3224080ae1daade0372148f	PASS
r05-q00820-1u-t20	5	1	tpl-88fbbfff787b4a598f68a3a5	0	201	0.086972	PASS	none	5a5b793ced164047ab5a359eb20eea8f	PASS
r05-q00841-1u-t41	5	1	tpl-88fbbfff787b4a598f68a3a5	0	201	0.100243	PASS	none	c45cefd35f4c4b3189a1cdcb0e14875c	PASS
r05-q00846-1u-t46	5	1	tpl-88fbbfff787b4a598f68a3a5	0	201	0.098113	PASS	none	44aca9e631de4a7eb4e4c1ca867be535	PASS
r05-q00848-1u-t48	5	1	tpl-88fbbfff787b4a598f68a3a5	0	201	0.098376	PASS	none	e8ad62b49e784e88b03ab3f48f4ef2ac	PASS
r05-q00842-1u-t42	5	1	tpl-88fbbfff787b4a598f68a3a5	0	201	0.102845	PASS	none	153d473d14e44c9cb66f5162afe2bce8	PASS
r05-q00847-1u-t47	5	1	tpl-88fbbfff787b4a598f68a3a5	0	201	0.094213	PASS	none	0f1cafd2b69943ce914ed98963c6b3ac	PASS
r05-q00837-1u-t37	5	1	tpl-88fbbfff787b4a598f68a3a5	0	201	0.102446	PASS	none	587637b688da484dad282f9f3f746d47	PASS
r05-q00850-1u-t50	5	1	tpl-88fbbfff787b4a598f68a3a5	0	201	0.089968	PASS	none	9af11d0dbe8a4c40b2db42275a910e94	PASS
r05-q00849-1u-t49	5	1	tpl-88fbbfff787b4a598f68a3a5	0	201	0.093630	PASS	none	c82211beebee4b30824ff7373066f89a	PASS
r06-q00855-1u-t5	6	1	tpl-88fbbfff787b4a598f68a3a5	0	201	0.054747	PASS	none	d34850a0e73a40658cd7b4378e6fd1d3	PASS
r06-q00851-1u-t1	6	1	tpl-88fbbfff787b4a598f68a3a5	0	201	0.065499	PASS	none	d0481cfd2b164d72aaf1e43df187daa6	PASS
r06-q00857-1u-t7	6	1	tpl-88fbbfff787b4a598f68a3a5	0	201	0.054204	PASS	none	0456761d07e64a98af49d284aa691b5b	PASS
r06-q00852-1u-t2	6	1	tpl-88fbbfff787b4a598f68a3a5	0	201	0.055707	PASS	none	436a77e3b89d4081a43bee89f42fccea	PASS
r06-q00858-1u-t8	6	1	tpl-88fbbfff787b4a598f68a3a5	0	201	0.057695	PASS	none	dd572913f232477b8d0a51784e42cf45	PASS
r06-q00860-1u-t10	6	1	tpl-88fbbfff787b4a598f68a3a5	0	201	0.065414	PASS	none	9dfa67a28791464abfbcd96910728944	PASS
r06-q00854-1u-t4	6	1	tpl-88fbbfff787b4a598f68a3a5	0	201	0.052286	PASS	none	cc11dd2269584dc4b7cad17de37a69e5	PASS
r06-q00862-1u-t12	6	1	tpl-88fbbfff787b4a598f68a3a5	0	201	0.061135	PASS	none	36aa52b081084a27b651de49728842ae	PASS
r06-q00861-1u-t11	6	1	tpl-88fbbfff787b4a598f68a3a5	0	201	0.064445	PASS	none	b2cea2b740694e3ab75d6a778b9df7c9	PASS
r06-q00863-1u-t13	6	1	tpl-88fbbfff787b4a598f68a3a5	0	201	0.072514	PASS	none	ead869430033491a9547b61e9c4e1f62	PASS
r06-q00866-1u-t16	6	1	tpl-88fbbfff787b4a598f68a3a5	0	201	0.076098	PASS	none	e340a7fe7e424ad3b4c69cab112fde6d	PASS
r06-q00869-1u-t19	6	1	tpl-88fbbfff787b4a598f68a3a5	0	201	0.071847	PASS	none	464f0281d3a4488292a993bcdf67e6d2	PASS
r06-q00868-1u-t18	6	1	tpl-88fbbfff787b4a598f68a3a5	0	201	0.080674	PASS	none	9bfbd0c1b6ca4130ab1d4944f3b40e03	PASS
r06-q00864-1u-t14	6	1	tpl-88fbbfff787b4a598f68a3a5	0	201	0.074056	PASS	none	2a512015e7b04b529ab05cb8a0ba7fca	PASS
r06-q00867-1u-t17	6	1	tpl-88fbbfff787b4a598f68a3a5	0	201	0.083401	PASS	none	181180bd1c154cce9de2df6c38eb9586	PASS
r06-q00853-1u-t3	6	1	tpl-88fbbfff787b4a598f68a3a5	0	201	0.052923	PASS	none	9a55c5eaa4d54c4ba4502b175d82d794	PASS
r06-q00856-1u-t6	6	1	tpl-88fbbfff787b4a598f68a3a5	0	201	0.067039	PASS	none	38a642931f0341a09a8b4da41a396923	PASS
r06-q00859-1u-t9	6	1	tpl-88fbbfff787b4a598f68a3a5	0	201	0.056635	PASS	none	61f6bcbc8e764b219901babeca7275cc	PASS
r06-q00873-1u-t23	6	1	tpl-88fbbfff787b4a598f68a3a5	0	201	0.070304	PASS	none	63d091a5dba245bab0a7c9acaf16f2a9	PASS
r06-q00865-1u-t15	6	1	tpl-88fbbfff787b4a598f68a3a5	0	201	0.082735	PASS	none	fae22e9b1ea84592ba549398931ab61e	PASS
r06-q00870-1u-t20	6	1	tpl-88fbbfff787b4a598f68a3a5	0	201	0.080492	PASS	none	c8597cd37bdc4d5aaa07a5ca1f76c7af	PASS
r06-q00881-1u-t31	6	1	tpl-88fbbfff787b4a598f68a3a5	0	201	0.081122	PASS	none	4add746c81354993b0a6c9c60fa98744	PASS
r06-q00875-1u-t25	6	1	tpl-88fbbfff787b4a598f68a3a5	0	201	0.071684	PASS	none	4ef057265d444547a8bbcf671923dbe9	PASS
r06-q00874-1u-t24	6	1	tpl-88fbbfff787b4a598f68a3a5	0	201	0.076630	PASS	none	ed7eef9a4a6047e0a9595ac47f66e832	PASS
r06-q00872-1u-t22	6	1	tpl-88fbbfff787b4a598f68a3a5	0	201	0.072526	PASS	none	9ace05ce10844f7c990deb75f98a61f1	PASS
r06-q00871-1u-t21	6	1	tpl-88fbbfff787b4a598f68a3a5	0	201	0.073937	PASS	none	ad77098b34dc4f47be83f07a51e98fa5	PASS
r06-q00882-1u-t32	6	1	tpl-88fbbfff787b4a598f68a3a5	0	201	0.079418	PASS	none	027cb13761ce451286a4c8888dde9c2c	PASS
r06-q00879-1u-t29	6	1	tpl-88fbbfff787b4a598f68a3a5	0	201	0.095400	PASS	none	49fdf2093f534e25b4586f17bbbb929c	PASS
r06-q00876-1u-t26	6	1	tpl-88fbbfff787b4a598f68a3a5	0	201	0.090483	PASS	none	4135ca23b5b145c08c4b008665d3b60f	PASS
r06-q00877-1u-t27	6	1	tpl-88fbbfff787b4a598f68a3a5	0	201	0.078367	PASS	none	7bdfcd1fe1024d2f896e6c20828224df	PASS
r06-q00883-1u-t33	6	1	tpl-88fbbfff787b4a598f68a3a5	0	201	0.081037	PASS	none	064cb78b37b04c3485f7cdf57ec90cdb	PASS
r06-q00887-1u-t37	6	1	tpl-88fbbfff787b4a598f68a3a5	0	201	0.082082	PASS	none	1b784b7990574cf9be6d18e8695137c7	PASS
r06-q00878-1u-t28	6	1	tpl-88fbbfff787b4a598f68a3a5	0	201	0.102442	PASS	none	c15b90d3b5494c7fbd77814c866f04a5	PASS
r06-q00886-1u-t36	6	1	tpl-88fbbfff787b4a598f68a3a5	0	201	0.077611	PASS	none	58162cb26ee74c60bbaaf16590162bf7	PASS
r06-q00892-1u-t42	6	1	tpl-88fbbfff787b4a598f68a3a5	0	201	0.109615	PASS	none	c9cce42499544c6f9b79d34c1fe2d9d9	PASS
r06-q00880-1u-t30	6	1	tpl-88fbbfff787b4a598f68a3a5	0	201	0.089230	PASS	none	36f053db37c0429e8872898ff3962292	PASS
r06-q00884-1u-t34	6	1	tpl-88fbbfff787b4a598f68a3a5	0	201	0.080015	PASS	none	78233b7f755d4751bad078a9ca0a01d7	PASS
r06-q00888-1u-t38	6	1	tpl-88fbbfff787b4a598f68a3a5	0	201	0.084375	PASS	none	c87ed47e24d34f58b20f03569924a1d5	PASS
r06-q00895-1u-t45	6	1	tpl-88fbbfff787b4a598f68a3a5	0	201	0.106886	PASS	none	49fa774059ca4fe9bb77b9e5b9982ae8	PASS
r06-q00897-1u-t47	6	1	tpl-88fbbfff787b4a598f68a3a5	0	201	0.095070	PASS	none	a007d46aa4d04bdca3bda4d9164daa67	PASS
r06-q00885-1u-t35	6	1	tpl-88fbbfff787b4a598f68a3a5	0	201	0.083122	PASS	none	84efc2c595b546159a5db314ec32c283	PASS
r06-q00893-1u-t43	6	1	tpl-88fbbfff787b4a598f68a3a5	0	201	0.106607	PASS	none	c84e11ff4d24426d817b81411720e7ed	PASS
r06-q00891-1u-t41	6	1	tpl-88fbbfff787b4a598f68a3a5	0	201	0.110424	PASS	none	101c8a69f06e479bb3a7ae8bafb242e3	PASS
r06-q00890-1u-t40	6	1	tpl-88fbbfff787b4a598f68a3a5	0	201	0.111427	PASS	none	1fc1a395d222426fbe6471e266676f1e	PASS
r06-q00896-1u-t46	6	1	tpl-88fbbfff787b4a598f68a3a5	0	201	0.098608	PASS	none	c2862c88b06d45e9952e027c3d115583	PASS
r06-q00894-1u-t44	6	1	tpl-88fbbfff787b4a598f68a3a5	0	201	0.109952	PASS	none	3366360df0ec4b7d95440729bf8a7b34	PASS
r06-q00889-1u-t39	6	1	tpl-88fbbfff787b4a598f68a3a5	0	201	0.121671	PASS	none	28a407a7d0944dc4a1d2092b788b0787	PASS
r06-q00898-1u-t48	6	1	tpl-88fbbfff787b4a598f68a3a5	0	201	0.093022	PASS	none	053edc07ea514956a7b65bdf581606e4	PASS
r06-q00900-1u-t50	6	1	tpl-88fbbfff787b4a598f68a3a5	0	201	0.093458	PASS	none	b88a0850b67e4588bbc1990ff7ff7847	PASS
r06-q00899-1u-t49	6	1	tpl-88fbbfff787b4a598f68a3a5	0	201	0.095918	PASS	none	a42cc0ff6e4b4f5ea3a75e7602a8b76c	PASS
r01-q00903-1u-t3	1	1	tpl-a8671dd44f47451faa0f7556	0	201	0.057689	PASS	none	cf11c5f36da04a1b8373227149c30c7a	PASS
r01-q00905-1u-t5	1	1	tpl-a8671dd44f47451faa0f7556	0	201	0.055898	PASS	none	848ef8daf28349a09c1cd0ed9f43e54a	PASS
r01-q00902-1u-t2	1	1	tpl-a8671dd44f47451faa0f7556	0	201	0.058159	PASS	none	f488d66ab1014f3fb5085b6c6d417b02	PASS
r01-q00910-1u-t10	1	1	tpl-a8671dd44f47451faa0f7556	0	201	0.064268	PASS	none	c6079d4af46c433d8c159db36aa5bcb0	PASS
r01-q00901-1u-t1	1	1	tpl-a8671dd44f47451faa0f7556	0	201	0.065364	PASS	none	fda3ec22129447d1b96535385a3eb91a	PASS
r01-q00904-1u-t4	1	1	tpl-a8671dd44f47451faa0f7556	0	201	0.059892	PASS	none	8bc2c5cdcb304511adbaa0a1cb8d284e	PASS
r01-q00906-1u-t6	1	1	tpl-a8671dd44f47451faa0f7556	0	201	0.057483	PASS	none	eb82ba111a514ef381aaac64ca3a121a	PASS
r01-q00909-1u-t9	1	1	tpl-a8671dd44f47451faa0f7556	0	201	0.059943	PASS	none	f66c7742c125476c9a7ba466a07de2c1	PASS
r01-q00913-1u-t13	1	1	tpl-a8671dd44f47451faa0f7556	0	201	0.066200	PASS	none	aecb5eac16514cedaa0916bc8fa83d40	PASS
r01-q00908-1u-t8	1	1	tpl-a8671dd44f47451faa0f7556	0	201	0.065862	PASS	none	16eb5380907e46c7b09f06d810963959	PASS
r01-q00911-1u-t11	1	1	tpl-a8671dd44f47451faa0f7556	0	201	0.073320	PASS	none	457e39318f7a428fa0acd05fb916cff8	PASS
r01-q00912-1u-t12	1	1	tpl-a8671dd44f47451faa0f7556	0	201	0.061676	PASS	none	a30a8fa70ef54ae4b0d3a2534d6af45d	PASS
r01-q00907-1u-t7	1	1	tpl-a8671dd44f47451faa0f7556	0	201	0.059083	PASS	none	222ffa18ff3d473d98f577b41b8563d8	PASS
r01-q00917-1u-t17	1	1	tpl-a8671dd44f47451faa0f7556	0	201	0.069645	PASS	none	cc5bfbf644c34e36b27abff0c154f34f	PASS
r01-q00918-1u-t18	1	1	tpl-a8671dd44f47451faa0f7556	0	201	0.074372	PASS	none	40cec4ad41f8422abbec85bde1138805	PASS
r01-q00915-1u-t15	1	1	tpl-a8671dd44f47451faa0f7556	0	201	0.086444	PASS	none	9602401a7db446e68c3b9550e43c364f	PASS
r01-q00920-1u-t20	1	1	tpl-a8671dd44f47451faa0f7556	0	201	0.076896	PASS	none	d2f8cd76c7a143439ab04b372d01a8ce	PASS
r01-q00919-1u-t19	1	1	tpl-a8671dd44f47451faa0f7556	0	201	0.070614	PASS	none	dee202a317bb4d1db0e8de6b96415518	PASS
r01-q00916-1u-t16	1	1	tpl-a8671dd44f47451faa0f7556	0	201	0.083353	PASS	none	f7ea254b2bb744028422eb0982d8d516	PASS
r01-q00914-1u-t14	1	1	tpl-a8671dd44f47451faa0f7556	0	201	0.079793	PASS	none	8356f8114b5b41eca547671f082bbf88	PASS
r01-q00921-1u-t21	1	1	tpl-a8671dd44f47451faa0f7556	0	201	0.075934	PASS	none	9c4ccf7874d44f1c84fe4c8a311def50	PASS
r01-q00922-1u-t22	1	1	tpl-a8671dd44f47451faa0f7556	0	201	0.077015	PASS	none	bdc0a52df39e4bbd9602e749be3ccec5	PASS
r01-q00923-1u-t23	1	1	tpl-a8671dd44f47451faa0f7556	0	201	0.090312	PASS	none	97bfcc860c6048999b21075eb4f07b7a	PASS
r01-q00927-1u-t27	1	1	tpl-a8671dd44f47451faa0f7556	0	201	0.079195	PASS	none	03dad3739e8447bdad5f06c3b7b17c6a	PASS
r01-q00924-1u-t24	1	1	tpl-a8671dd44f47451faa0f7556	0	201	0.078491	PASS	none	eb28ca4961e246b6b71f155f43af0bdc	PASS
r01-q00933-1u-t33	1	1	tpl-a8671dd44f47451faa0f7556	0	201	0.085274	PASS	none	88fde42b076d42799690e99ec81b6179	PASS
r01-q00930-1u-t30	1	1	tpl-a8671dd44f47451faa0f7556	0	201	0.082134	PASS	none	e8c7db6062ee4ac289a895512b277eb3	PASS
r01-q00929-1u-t29	1	1	tpl-a8671dd44f47451faa0f7556	0	201	0.093568	PASS	none	22748947751447f1a43938530f376efa	PASS
r01-q00925-1u-t25	1	1	tpl-a8671dd44f47451faa0f7556	0	201	0.080485	PASS	none	41a8d0cde8d8489c9d81a6378bcbd2c2	PASS
r01-q00928-1u-t28	1	1	tpl-a8671dd44f47451faa0f7556	0	201	0.079971	PASS	none	f4ea9db098d04ed690f925248667566c	PASS
r01-q00931-1u-t31	1	1	tpl-a8671dd44f47451faa0f7556	0	201	0.079735	PASS	none	b5b4df273ccc44ebbda47b186d62da9b	PASS
r01-q00926-1u-t26	1	1	tpl-a8671dd44f47451faa0f7556	0	201	0.084532	PASS	none	3ec9340a250f4fb8ba194b4e66c51bf7	PASS
r01-q00935-1u-t35	1	1	tpl-a8671dd44f47451faa0f7556	0	201	0.097122	PASS	none	3eabb5f2e71d4b37a2eae4704ebb1265	PASS
r01-q00938-1u-t38	1	1	tpl-a8671dd44f47451faa0f7556	0	201	0.094133	PASS	none	ceab70d0ff1f4939b96bd1f8df68ea83	PASS
r01-q00939-1u-t39	1	1	tpl-a8671dd44f47451faa0f7556	0	201	0.088846	PASS	none	c4d45149ae1a4972bbe6d40e76bdf68a	PASS
r01-q00944-1u-t44	1	1	tpl-a8671dd44f47451faa0f7556	0	201	0.088530	PASS	none	6ed1aa37f34346d3adcc817adc4f5da4	PASS
r01-q00940-1u-t40	1	1	tpl-a8671dd44f47451faa0f7556	0	201	0.090873	PASS	none	202879e3bc8c4f80859974927b31f91d	PASS
r01-q00942-1u-t42	1	1	tpl-a8671dd44f47451faa0f7556	0	201	0.080038	PASS	none	98ad60a121b04d269cfa573e980f8ff5	PASS
r01-q00937-1u-t37	1	1	tpl-a8671dd44f47451faa0f7556	0	201	0.099267	PASS	none	515a16a3d390478c8769e61b2364b49b	PASS
r01-q00934-1u-t34	1	1	tpl-a8671dd44f47451faa0f7556	0	201	0.104926	PASS	none	d5c3fcf707e24fd886bd47631d339936	PASS
r01-q00941-1u-t41	1	1	tpl-a8671dd44f47451faa0f7556	0	201	0.096623	PASS	none	430859a3199645ee9022bc77277ff9df	PASS
r01-q00943-1u-t43	1	1	tpl-a8671dd44f47451faa0f7556	0	201	0.091180	PASS	none	f71b9104295143fe8387c3f3d491eb82	PASS
r01-q00932-1u-t32	1	1	tpl-a8671dd44f47451faa0f7556	0	201	0.087070	PASS	none	8449e6bb1b9b4ed7955bf78113836f47	PASS
r01-q00936-1u-t36	1	1	tpl-a8671dd44f47451faa0f7556	0	201	0.101815	PASS	none	8b5c36da0a7f4aee802c400914d26381	PASS
r01-q00946-1u-t46	1	1	tpl-a8671dd44f47451faa0f7556	0	201	0.098487	PASS	none	afedbd17ae784f858454b140da91b734	PASS
r01-q00948-1u-t48	1	1	tpl-a8671dd44f47451faa0f7556	0	201	0.092803	PASS	none	ddb9f393fdc44187b94821758ffc6dd2	PASS
r01-q00945-1u-t45	1	1	tpl-a8671dd44f47451faa0f7556	0	201	0.093513	PASS	none	ca1a90a2ceec429291d711a48777ae4c	PASS
r01-q00949-1u-t49	1	1	tpl-a8671dd44f47451faa0f7556	0	201	0.093675	PASS	none	945d5c214e94449b9a318f74e02e3589	PASS
r01-q00950-1u-t50	1	1	tpl-a8671dd44f47451faa0f7556	0	201	0.089431	PASS	none	9a50ece388874def91df3eda6487b1b7	PASS
r01-q00947-1u-t47	1	1	tpl-a8671dd44f47451faa0f7556	0	201	0.083000	PASS	none	482417b8a085409586a53a1575ef202d	PASS
r02-q00952-1u-t2	2	1	tpl-a8671dd44f47451faa0f7556	0	201	0.057740	PASS	none	4ca6397b9f8c4dba8676b889e0a7a79f	PASS
r02-q00958-1u-t8	2	1	tpl-a8671dd44f47451faa0f7556	0	201	0.060700	PASS	none	fc5b170aec254315a7b63749ff577b4d	PASS
r02-q00956-1u-t6	2	1	tpl-a8671dd44f47451faa0f7556	0	201	0.063107	PASS	none	184c9ff331a5405ba34884be18b33343	PASS
r02-q00954-1u-t4	2	1	tpl-a8671dd44f47451faa0f7556	0	201	0.054124	PASS	none	3d7803d259874478a5b8aa61fd66048e	PASS
r02-q00955-1u-t5	2	1	tpl-a8671dd44f47451faa0f7556	0	201	0.070349	PASS	none	0ff230ff900e48a386efd24411491e76	PASS
r02-q00953-1u-t3	2	1	tpl-a8671dd44f47451faa0f7556	0	201	0.052790	PASS	none	bfd09fbdec944cf6b4d3895688f4f30a	PASS
r02-q00962-1u-t12	2	1	tpl-a8671dd44f47451faa0f7556	0	201	0.076039	PASS	none	cc445708019c44e486a5fe2adfea829d	PASS
r02-q00957-1u-t7	2	1	tpl-a8671dd44f47451faa0f7556	0	201	0.060706	PASS	none	04472a1c67fa436faa37085bcf8defb6	PASS
r02-q00965-1u-t15	2	1	tpl-a8671dd44f47451faa0f7556	0	201	0.079783	PASS	none	d069f10117af45dfae0234f911d827e1	PASS
r02-q00960-1u-t10	2	1	tpl-a8671dd44f47451faa0f7556	0	201	0.066433	PASS	none	677e476cf3604b8d926627b9ab39b4fb	PASS
r02-q00959-1u-t9	2	1	tpl-a8671dd44f47451faa0f7556	0	201	0.074859	PASS	none	dc1b2d948bf74892b772838c815f3689	PASS
r02-q00961-1u-t11	2	1	tpl-a8671dd44f47451faa0f7556	0	201	0.069953	PASS	none	0c58933d142048218f92fd07d1e6ab17	PASS
r02-q00963-1u-t13	2	1	tpl-a8671dd44f47451faa0f7556	0	201	0.079887	PASS	none	fc0a729bed1444e9bb11c555e62b2258	PASS
r02-q00964-1u-t14	2	1	tpl-a8671dd44f47451faa0f7556	0	201	0.074949	PASS	none	832c06d5ec8d4c5183f7a5288d8c9fc9	PASS
r02-q00951-1u-t1	2	1	tpl-a8671dd44f47451faa0f7556	0	201	0.090817	PASS	none	1cdca47ba27b455b88bfc851567be970	PASS
r02-q00967-1u-t17	2	1	tpl-a8671dd44f47451faa0f7556	0	201	0.088251	PASS	none	c2954f0176ff4ea599a8ff1509368916	PASS
r02-q00966-1u-t16	2	1	tpl-a8671dd44f47451faa0f7556	0	201	0.095806	PASS	none	f7c3736a296a439d9a42aa63b030eea0	PASS
r02-q00968-1u-t18	2	1	tpl-a8671dd44f47451faa0f7556	0	201	0.093394	PASS	none	51f45bc85b3b496f9e3715f4a3f3b100	PASS
r02-q00971-1u-t21	2	1	tpl-a8671dd44f47451faa0f7556	0	201	0.093049	PASS	none	61cafbb54e764691b693d009a641b649	PASS
r02-q00969-1u-t19	2	1	tpl-a8671dd44f47451faa0f7556	0	201	0.113276	PASS	none	3ed76e471a344adf91b171f4572dd309	PASS
r02-q00970-1u-t20	2	1	tpl-a8671dd44f47451faa0f7556	0	201	0.112647	PASS	none	e65de01329664148af37458be9c6dbfe	PASS
r02-q00974-1u-t24	2	1	tpl-a8671dd44f47451faa0f7556	0	201	0.088848	PASS	none	a7520b7f383c4d9f883231e3ab0bb78c	PASS
r02-q00977-1u-t27	2	1	tpl-a8671dd44f47451faa0f7556	0	201	0.086267	PASS	none	7eff2bd5cc0440d2b0a5e09c0d6e2604	PASS
r02-q00972-1u-t22	2	1	tpl-a8671dd44f47451faa0f7556	0	201	0.093613	PASS	none	b05e3b9c62464aa49dab5fa71a2aa1cc	PASS
r02-q00978-1u-t28	2	1	tpl-a8671dd44f47451faa0f7556	0	201	0.093464	PASS	none	545e27c724ca4d0199373299550a8cde	PASS
r02-q00979-1u-t29	2	1	tpl-a8671dd44f47451faa0f7556	0	201	0.094707	PASS	none	21c2e7fcf53147899f3a5a1bde3cf8a4	PASS
r02-q00981-1u-t31	2	1	tpl-a8671dd44f47451faa0f7556	0	201	0.115752	PASS	none	3141e56655224f51bd05099e0d6efbb5	PASS
r02-q00985-1u-t35	2	1	tpl-a8671dd44f47451faa0f7556	0	201	0.101347	PASS	none	a64186c4965e43eeb2a743c12f7449bc	PASS
r02-q00973-1u-t23	2	1	tpl-a8671dd44f47451faa0f7556	0	201	0.104532	PASS	none	c354f252757849c8ab6476e003299441	PASS
r02-q00975-1u-t25	2	1	tpl-a8671dd44f47451faa0f7556	0	201	0.092580	PASS	none	6d8eff70ad4146fea2700ce48050ea28	PASS
r02-q00983-1u-t33	2	1	tpl-a8671dd44f47451faa0f7556	0	201	0.111339	PASS	none	8af2797fc58d44f6a4732e7f5a0e5443	PASS
r02-q00976-1u-t26	2	1	tpl-a8671dd44f47451faa0f7556	0	201	0.090903	PASS	none	26e57bf36ae44d8f9beb81bbb3c4bda1	PASS
r02-q00982-1u-t32	2	1	tpl-a8671dd44f47451faa0f7556	0	201	0.103213	PASS	none	a630347d84f8478caa6ad265940feba9	PASS
r02-q00980-1u-t30	2	1	tpl-a8671dd44f47451faa0f7556	0	201	0.098165	PASS	none	400be2642e2e4b5994ce5e26190f0508	PASS
r02-q00994-1u-t44	2	1	tpl-a8671dd44f47451faa0f7556	0	201	0.101373	PASS	none	acc7c029ef0f4deb9509660b07bd4c96	PASS
r02-q00992-1u-t42	2	1	tpl-a8671dd44f47451faa0f7556	0	201	0.101833	PASS	none	bebfe90e43ec419da180b750ff5c4d6e	PASS
r02-q00990-1u-t40	2	1	tpl-a8671dd44f47451faa0f7556	0	201	0.113392	PASS	none	7e94770301884a6cb29117c75ba64342	PASS
r02-q00988-1u-t38	2	1	tpl-a8671dd44f47451faa0f7556	0	201	0.109458	PASS	none	d20133cf0ed742c1a4fa9c0f9a67189c	PASS
r02-q00991-1u-t41	2	1	tpl-a8671dd44f47451faa0f7556	0	201	0.110064	PASS	none	ecb0e1c6e6ce43dea4b3816467f2e7c1	PASS
r02-q00993-1u-t43	2	1	tpl-a8671dd44f47451faa0f7556	0	201	0.097923	PASS	none	67a26f0c7eec43a0b193c92283004656	PASS
r02-q00987-1u-t37	2	1	tpl-a8671dd44f47451faa0f7556	0	201	0.111275	PASS	none	eb2d4125ba944bad90e76d7e23b467fc	PASS
r02-q00986-1u-t36	2	1	tpl-a8671dd44f47451faa0f7556	0	201	0.102620	PASS	none	c9268053c18c4ebd86585df266f3fcdb	PASS
r02-q00997-1u-t47	2	1	tpl-a8671dd44f47451faa0f7556	0	201	0.095800	PASS	none	11ea250c1a1a4c0ba28f8e34831f8d4f	PASS
r02-q00996-1u-t46	2	1	tpl-a8671dd44f47451faa0f7556	0	201	0.100931	PASS	none	142d5ae01bb74a62a0bbe601a8901af8	PASS
r02-q00999-1u-t49	2	1	tpl-a8671dd44f47451faa0f7556	0	201	0.102741	PASS	none	cd5a94d432a442d694b632cb9edcae9d	PASS
r02-q00995-1u-t45	2	1	tpl-a8671dd44f47451faa0f7556	0	201	0.101054	PASS	none	2ea9f871e01846f7a51ce9fad928460d	PASS
r02-q00984-1u-t34	2	1	tpl-a8671dd44f47451faa0f7556	0	201	0.104744	PASS	none	dfc5f08f794142afbbf713ce7133504e	PASS
r02-q00998-1u-t48	2	1	tpl-a8671dd44f47451faa0f7556	0	201	0.098873	PASS	none	864b515c7f5845ea82da1cab0685d132	PASS
r02-q00989-1u-t39	2	1	tpl-a8671dd44f47451faa0f7556	0	201	0.103166	PASS	none	b65080f9251b47e2ae401061c80b19fa	PASS
r02-q01000-1u-t50	2	1	tpl-a8671dd44f47451faa0f7556	0	201	0.103438	PASS	none	55c1065233694859a2d2c9ff87fec199	PASS
r03-q01002-1u-t2	3	1	tpl-a8671dd44f47451faa0f7556	0	201	0.069201	PASS	none	c12a3e98a9da4ea68e816d262f22e696	PASS
r03-q01003-1u-t3	3	1	tpl-a8671dd44f47451faa0f7556	0	201	0.063883	PASS	none	2ae9254fbdaf4c9d8472be6b3e075c2b	PASS
r03-q01011-1u-t11	3	1	tpl-a8671dd44f47451faa0f7556	0	201	0.057434	PASS	none	79f17ddf509a45d09b1b3988ea779fa2	PASS
r03-q01018-1u-t18	3	1	tpl-a8671dd44f47451faa0f7556	0	201	0.102811	PASS	none	7ac51e638f70487c8a00e019d341b0c4	PASS
r03-q01019-1u-t19	3	1	tpl-a8671dd44f47451faa0f7556	0	201	0.097133	PASS	none	12bdbb1844fb47d4a686496bf08ea472	PASS
r03-q01009-1u-t9	3	1	tpl-a8671dd44f47451faa0f7556	0	201	0.066508	PASS	none	3c86ee28f71d42ff9a3e08d5c82dd9a1	PASS
r03-q01006-1u-t6	3	1	tpl-a8671dd44f47451faa0f7556	0	201	0.084367	PASS	none	932d72f6a4c743cbb64bc38e1d7363ca	PASS
r03-q01017-1u-t17	3	1	tpl-a8671dd44f47451faa0f7556	0	201	0.096807	PASS	none	10f14acd6815454c946e99eadecdae77	PASS
r03-q01005-1u-t5	3	1	tpl-a8671dd44f47451faa0f7556	0	201	0.057356	PASS	none	572a43e2b0594673af84685030c73744	PASS
r03-q01014-1u-t14	3	1	tpl-a8671dd44f47451faa0f7556	0	201	0.078876	PASS	none	4d9ec37b62e04fd99140ae4e15717213	PASS
r03-q01008-1u-t8	3	1	tpl-a8671dd44f47451faa0f7556	0	201	0.063438	PASS	none	2c5b98a7d25d4b4c8e813dd0f63a6bf7	PASS
r03-q01021-1u-t21	3	1	tpl-a8671dd44f47451faa0f7556	0	201	0.096795	PASS	none	ff50c1b3bef54384a1506cf53936a6ef	PASS
r03-q01013-1u-t13	3	1	tpl-a8671dd44f47451faa0f7556	0	201	0.083088	PASS	none	5aed9f5c30c1481aa7ba3eefa62a1577	PASS
r03-q01001-1u-t1	3	1	tpl-a8671dd44f47451faa0f7556	0	201	0.073996	PASS	none	bcdfffb178ee46e8a6267ba84e9173b0	PASS
r03-q01012-1u-t12	3	1	tpl-a8671dd44f47451faa0f7556	0	201	0.069706	PASS	none	6ae535729167484299077af00162a4b9	PASS
r03-q01010-1u-t10	3	1	tpl-a8671dd44f47451faa0f7556	0	201	0.062956	PASS	none	3442ecafeb1e4fb98661a3dc6abe4603	PASS
r03-q01004-1u-t4	3	1	tpl-a8671dd44f47451faa0f7556	0	201	0.059405	PASS	none	f5706193a0bc46e8b8406e6367e5d994	PASS
r03-q01015-1u-t15	3	1	tpl-a8671dd44f47451faa0f7556	0	201	0.101845	PASS	none	7eeb2193e1bc4128ad3018ad309b2411	PASS
r03-q01016-1u-t16	3	1	tpl-a8671dd44f47451faa0f7556	0	201	0.103260	PASS	none	1db84c246f3e47b8a0ac88e87d8533ac	PASS
r03-q01007-1u-t7	3	1	tpl-a8671dd44f47451faa0f7556	0	201	0.091201	PASS	none	1f46cd1a4bc14c799828847ef3043e05	PASS
r03-q01020-1u-t20	3	1	tpl-a8671dd44f47451faa0f7556	0	201	0.094503	PASS	none	7d1094ea2f46442d84f553c073e89061	PASS
r03-q01027-1u-t27	3	1	tpl-a8671dd44f47451faa0f7556	0	201	0.097076	PASS	none	e1c3b2c5d92643649023cc69b2e8a09f	PASS
r03-q01030-1u-t30	3	1	tpl-a8671dd44f47451faa0f7556	0	201	0.098721	PASS	none	a9bb0124a8ac43eab21cce850e9aaace	PASS
r03-q01033-1u-t33	3	1	tpl-a8671dd44f47451faa0f7556	0	201	0.104161	PASS	none	ef5370fca53d465ba6891ac8d9cff6c3	PASS
r03-q01029-1u-t29	3	1	tpl-a8671dd44f47451faa0f7556	0	201	0.105199	PASS	none	68285af22f9a44e8a185aa990df2e9c0	PASS
r03-q01032-1u-t32	3	1	tpl-a8671dd44f47451faa0f7556	0	201	0.097312	PASS	none	5aeb26f1c4a64668a5be44d859d468b2	PASS
r03-q01025-1u-t25	3	1	tpl-a8671dd44f47451faa0f7556	0	201	0.111512	PASS	none	6a52a18fd440492591b547a6d62bcc93	PASS
r03-q01023-1u-t23	3	1	tpl-a8671dd44f47451faa0f7556	0	201	0.094696	PASS	none	64446437677b4e23a7c7f5c6b76269b0	PASS
r03-q01024-1u-t24	3	1	tpl-a8671dd44f47451faa0f7556	0	201	0.089952	PASS	none	b9f0549ae92a4e37a046bca6fabad884	PASS
r03-q01022-1u-t22	3	1	tpl-a8671dd44f47451faa0f7556	0	201	0.095659	PASS	none	2a6fa19b4b4c4760a439488c16cb58cf	PASS
r03-q01037-1u-t37	3	1	tpl-a8671dd44f47451faa0f7556	0	201	0.117343	PASS	none	6f8166defc584ffa9dcdd3b660fb5ae2	PASS
r03-q01034-1u-t34	3	1	tpl-a8671dd44f47451faa0f7556	0	201	0.117562	PASS	none	d9b1df124ba04bb9b2a9a622568c9eee	PASS
r03-q01028-1u-t28	3	1	tpl-a8671dd44f47451faa0f7556	0	201	0.115084	PASS	none	cc424ebb147a45c6beb7b042f718851d	PASS
r03-q01045-1u-t45	3	1	tpl-a8671dd44f47451faa0f7556	0	201	0.113846	PASS	none	05bed9c39d0f497e9dcd858eeb16a6b8	PASS
r03-q01031-1u-t31	3	1	tpl-a8671dd44f47451faa0f7556	0	201	0.096383	PASS	none	b90e20d3d9854a65b5a40bae2fe52bd1	PASS
r03-q01042-1u-t42	3	1	tpl-a8671dd44f47451faa0f7556	0	201	0.108749	PASS	none	1032dd1e97aa49d885c35e812ad2e8f9	PASS
r03-q01039-1u-t39	3	1	tpl-a8671dd44f47451faa0f7556	0	201	0.122176	PASS	none	b9e64b4a626a46e3ab8f441b496a35da	PASS
r03-q01046-1u-t46	3	1	tpl-a8671dd44f47451faa0f7556	0	201	0.106082	PASS	none	3cb6586697e846c092ee51e01c2d7e05	PASS
r03-q01044-1u-t44	3	1	tpl-a8671dd44f47451faa0f7556	0	201	0.112006	PASS	none	ae4f55b802a84b72a70773d469c74552	PASS
r03-q01036-1u-t36	3	1	tpl-a8671dd44f47451faa0f7556	0	201	0.119281	PASS	none	40579f5c2681413987f81e82c620d9c7	PASS
r03-q01026-1u-t26	3	1	tpl-a8671dd44f47451faa0f7556	0	201	0.099217	PASS	none	8399131d882b49bcac51946c5a5263ed	PASS
r03-q01040-1u-t40	3	1	tpl-a8671dd44f47451faa0f7556	0	201	0.120758	PASS	none	dd066aac3d6b443eb20d818083bb849a	PASS
r03-q01047-1u-t47	3	1	tpl-a8671dd44f47451faa0f7556	0	201	0.102719	PASS	none	c57dff0a16b84a77a039b578d8d14ed8	PASS
r03-q01035-1u-t35	3	1	tpl-a8671dd44f47451faa0f7556	0	201	0.115595	PASS	none	cc1d6607db164d33821a8aa33ba9748b	PASS
r03-q01043-1u-t43	3	1	tpl-a8671dd44f47451faa0f7556	0	201	0.111526	PASS	none	6af83ec6cd5440998012979ff1d5d9b6	PASS
r03-q01041-1u-t41	3	1	tpl-a8671dd44f47451faa0f7556	0	201	0.115559	PASS	none	8b53857b1f814cf0b3bca4cee9a9878d	PASS
r03-q01038-1u-t38	3	1	tpl-a8671dd44f47451faa0f7556	0	201	0.124624	PASS	none	e6b8e8aa08b64374adf1ecd65397deec	PASS
r03-q01050-1u-t50	3	1	tpl-a8671dd44f47451faa0f7556	0	201	0.097209	PASS	none	d395b6a02cfa4b728affd4565362eb08	PASS
r03-q01049-1u-t49	3	1	tpl-a8671dd44f47451faa0f7556	0	201	0.113108	PASS	none	fd1b7ce5bb3647e286ed2b38839f0a07	PASS
r03-q01048-1u-t48	3	1	tpl-a8671dd44f47451faa0f7556	0	201	0.105508	PASS	none	10925188c5cc4bc88ce39a0926267776	PASS
r04-q01057-1u-t7	4	1	tpl-a8671dd44f47451faa0f7556	0	201	0.055835	PASS	none	0d5ec76855f646c486b7922d3d82b8e5	PASS
r04-q01051-1u-t1	4	1	tpl-a8671dd44f47451faa0f7556	0	201	0.059054	PASS	none	a6e09a521db54b568873cf9f6819188b	PASS
r04-q01059-1u-t9	4	1	tpl-a8671dd44f47451faa0f7556	0	201	0.060420	PASS	none	c151a943a429479ebf48ca06ac67fa1e	PASS
r04-q01053-1u-t3	4	1	tpl-a8671dd44f47451faa0f7556	0	201	0.065563	PASS	none	8f59fbe8594547cf84bd83beac769ad0	PASS
r04-q01052-1u-t2	4	1	tpl-a8671dd44f47451faa0f7556	0	201	0.055188	PASS	none	5080d8e2c80048dd949307baf3b771d2	PASS
r04-q01054-1u-t4	4	1	tpl-a8671dd44f47451faa0f7556	0	201	0.060563	PASS	none	bd9a5ff91d0b449b82ff9110246e8663	PASS
r04-q01058-1u-t8	4	1	tpl-a8671dd44f47451faa0f7556	0	201	0.056307	PASS	none	0fc1a9b9a5de4ea8ae129d4d7f01d976	PASS
r04-q01066-1u-t16	4	1	tpl-a8671dd44f47451faa0f7556	0	201	0.078939	PASS	none	051edc75c7304d63b05312e7099afdf3	PASS
r04-q01056-1u-t6	4	1	tpl-a8671dd44f47451faa0f7556	0	201	0.053043	PASS	none	d48000e6100d47ed9a9e229ba49a32e9	PASS
r04-q01062-1u-t12	4	1	tpl-a8671dd44f47451faa0f7556	0	201	0.061090	PASS	none	14cafb035a5c4c4c8fd02064bf2c3a9e	PASS
r04-q01067-1u-t17	4	1	tpl-a8671dd44f47451faa0f7556	0	201	0.084763	PASS	none	5aeeb1ee275347439e543a2bfd4ed60c	PASS
r04-q01063-1u-t13	4	1	tpl-a8671dd44f47451faa0f7556	0	201	0.069508	PASS	none	8ed4f5cf0621436db72cea0c3fdff719	PASS
r04-q01060-1u-t10	4	1	tpl-a8671dd44f47451faa0f7556	0	201	0.058599	PASS	none	1e31a22b489d44f3b73cb7cb856af3a3	PASS
r04-q01055-1u-t5	4	1	tpl-a8671dd44f47451faa0f7556	0	201	0.057041	PASS	none	1dafc2f46b0c4ed6b333418a386fc81b	PASS
r04-q01065-1u-t15	4	1	tpl-a8671dd44f47451faa0f7556	0	201	0.097109	PASS	none	fd23780f119a4eff9b9afba375fd428e	PASS
r04-q01061-1u-t11	4	1	tpl-a8671dd44f47451faa0f7556	0	201	0.069870	PASS	none	da1c7702e35b4d2a9868b5f3ed4a7aa3	PASS
r04-q01070-1u-t20	4	1	tpl-a8671dd44f47451faa0f7556	0	201	0.080256	PASS	none	8b7a6fb2bf20444caf44524642308b2d	PASS
r04-q01071-1u-t21	4	1	tpl-a8671dd44f47451faa0f7556	0	201	0.073319	PASS	none	0ba7ed07cc90498fbb46c6ae744e7309	PASS
r04-q01072-1u-t22	4	1	tpl-a8671dd44f47451faa0f7556	0	201	0.076327	PASS	none	6a18ba1a73344236811a8c5d03dc859a	PASS
r04-q01079-1u-t29	4	1	tpl-a8671dd44f47451faa0f7556	0	201	0.092690	PASS	none	24c4947b2f9c4d93922e95392e92e83b	PASS
r04-q01075-1u-t25	4	1	tpl-a8671dd44f47451faa0f7556	0	201	0.083066	PASS	none	4647dd12d05c41729c721459a92ca98a	PASS
r04-q01069-1u-t19	4	1	tpl-a8671dd44f47451faa0f7556	0	201	0.081452	PASS	none	a8d878885907458cbbc99db633d0e79f	PASS
r04-q01064-1u-t14	4	1	tpl-a8671dd44f47451faa0f7556	0	201	0.080277	PASS	none	57d33d4c2c9441c89d3adc3d1da497c8	PASS
r04-q01077-1u-t27	4	1	tpl-a8671dd44f47451faa0f7556	0	201	0.081951	PASS	none	2740b649367e4743b4a0c83ecf5cdc5c	PASS
r04-q01076-1u-t26	4	1	tpl-a8671dd44f47451faa0f7556	0	201	0.080761	PASS	none	af923aa6755d4ed09efeb25093e5d2bc	PASS
r04-q01073-1u-t23	4	1	tpl-a8671dd44f47451faa0f7556	0	201	0.071691	PASS	none	fe2c4f3d579f4244afa411ca5b3e4b9a	PASS
r04-q01084-1u-t34	4	1	tpl-a8671dd44f47451faa0f7556	0	201	0.080064	PASS	none	c2ed4c0a3d1e42f39f1b30a25fa00f66	PASS
r04-q01078-1u-t28	4	1	tpl-a8671dd44f47451faa0f7556	0	201	0.095073	PASS	none	d6de08aaca5745c284acc9fb275fc8bf	PASS
r04-q01068-1u-t18	4	1	tpl-a8671dd44f47451faa0f7556	0	201	0.085991	PASS	none	9b626792ebfa4c1386a0b9b2451cb8c4	PASS
r04-q01082-1u-t32	4	1	tpl-a8671dd44f47451faa0f7556	0	201	0.092787	PASS	none	61e1b2f8528a4ac9a011cc053ee91bd6	PASS
r04-q01085-1u-t35	4	1	tpl-a8671dd44f47451faa0f7556	0	201	0.093770	PASS	none	c46b3c7a5a224621a18f17ccfa5105dc	PASS
r04-q01088-1u-t38	4	1	tpl-a8671dd44f47451faa0f7556	0	201	0.098172	PASS	none	24f3e1efe1cc4c78ac655dc0f9457de6	PASS
r04-q01074-1u-t24	4	1	tpl-a8671dd44f47451faa0f7556	0	201	0.087157	PASS	none	ed7a9b31815b4e43bca282c688edd37f	PASS
r04-q01083-1u-t33	4	1	tpl-a8671dd44f47451faa0f7556	0	201	0.087191	PASS	none	107a340b424942158c33e52498aa05db	PASS
r04-q01080-1u-t30	4	1	tpl-a8671dd44f47451faa0f7556	0	201	0.094090	PASS	none	84273a07914f4c4eb7afb7d1a5175df1	PASS
r04-q01081-1u-t31	4	1	tpl-a8671dd44f47451faa0f7556	0	201	0.097153	PASS	none	c6e8ed5199b8444d8fadbe00dbe991f2	PASS
r04-q01087-1u-t37	4	1	tpl-a8671dd44f47451faa0f7556	0	201	0.092315	PASS	none	4c49bbdbb04e4ff0b76f01d65af1e340	PASS
r04-q01091-1u-t41	4	1	tpl-a8671dd44f47451faa0f7556	0	201	0.108425	PASS	none	bed5f23d44344f97a3d0b0eb247bc7d2	PASS
r04-q01093-1u-t43	4	1	tpl-a8671dd44f47451faa0f7556	0	201	0.103009	PASS	none	1f60260a396c4c65b79e4c9b889b063f	PASS
r04-q01086-1u-t36	4	1	tpl-a8671dd44f47451faa0f7556	0	201	0.086463	PASS	none	b37fac447cc94375a3c36c3503f3c60e	PASS
r04-q01094-1u-t44	4	1	tpl-a8671dd44f47451faa0f7556	0	201	0.105741	PASS	none	7b97b909c4cd4ca4b10a8022399316e4	PASS
r04-q01089-1u-t39	4	1	tpl-a8671dd44f47451faa0f7556	0	201	0.127484	PASS	none	58539574d8f94415b45178c5b8f11eb2	PASS
r04-q01095-1u-t45	4	1	tpl-a8671dd44f47451faa0f7556	0	201	0.109495	PASS	none	ec08a4ddc33c4ad1adcdcb71bc3af50a	PASS
r04-q01090-1u-t40	4	1	tpl-a8671dd44f47451faa0f7556	0	201	0.123433	PASS	none	6c3c004ed642418c86824b997abace5e	PASS
r04-q01092-1u-t42	4	1	tpl-a8671dd44f47451faa0f7556	0	201	0.100241	PASS	none	3b4fafbfcf88492c8cdf9bfdcf44b7b0	PASS
r04-q01098-1u-t48	4	1	tpl-a8671dd44f47451faa0f7556	0	201	0.099374	PASS	none	51de2b44e4fd4b8b9c92bdbe636b47b1	PASS
r04-q01097-1u-t47	4	1	tpl-a8671dd44f47451faa0f7556	0	201	0.095972	PASS	none	6c65ba179b3e42fa84874d0b4d43aa22	PASS
r04-q01096-1u-t46	4	1	tpl-a8671dd44f47451faa0f7556	0	201	0.104719	PASS	none	5787fecd241845abbece6d3c8a6b2a50	PASS
r04-q01099-1u-t49	4	1	tpl-a8671dd44f47451faa0f7556	0	201	0.101307	PASS	none	2eeac898879b4583a2f619cf10312401	PASS
r04-q01100-1u-t50	4	1	tpl-a8671dd44f47451faa0f7556	0	201	0.102731	PASS	none	90c750f881a944bdbde7a6df77ace2c2	PASS
r05-q01103-1u-t3	5	1	tpl-a8671dd44f47451faa0f7556	0	201	0.056663	PASS	none	d1bbfe0a9cba400f825399176542e121	PASS
r05-q01102-1u-t2	5	1	tpl-a8671dd44f47451faa0f7556	0	201	0.062424	PASS	none	7a741ccf7e1f4a8bbc91f1d42dfb4ff8	PASS
r05-q01104-1u-t4	5	1	tpl-a8671dd44f47451faa0f7556	0	201	0.060761	PASS	none	8365acff034a4360bf3d324b1167e008	PASS
r05-q01106-1u-t6	5	1	tpl-a8671dd44f47451faa0f7556	0	201	0.057473	PASS	none	e3ee7e4d5b1b4241abb4292732d8b138	PASS
r05-q01111-1u-t11	5	1	tpl-a8671dd44f47451faa0f7556	0	201	0.070384	PASS	none	74641f0bd25f464791b2aa56a69cd47b	PASS
r05-q01107-1u-t7	5	1	tpl-a8671dd44f47451faa0f7556	0	201	0.064161	PASS	none	6178c2a61cd646799900556bf81dbef6	PASS
r05-q01105-1u-t5	5	1	tpl-a8671dd44f47451faa0f7556	0	201	0.064831	PASS	none	196aefa8f61f4db9b8716d07dab0a520	PASS
r05-q01101-1u-t1	5	1	tpl-a8671dd44f47451faa0f7556	0	201	0.074330	PASS	none	30d058e2092048c4b5443333d6b6579c	PASS
r05-q01109-1u-t9	5	1	tpl-a8671dd44f47451faa0f7556	0	201	0.073546	PASS	none	1dfe1a38280141368924936117824eb4	PASS
r05-q01116-1u-t16	5	1	tpl-a8671dd44f47451faa0f7556	0	201	0.088801	PASS	none	99a95480779d46eb95c497aa4a9e902a	PASS
r05-q01115-1u-t15	5	1	tpl-a8671dd44f47451faa0f7556	0	201	0.084640	PASS	none	00d51c30b8c44492a2339020258837ef	PASS
r05-q01112-1u-t12	5	1	tpl-a8671dd44f47451faa0f7556	0	201	0.078027	PASS	none	f413b2ca8035466a9e9cddb62ce4bc8c	PASS
r05-q01118-1u-t18	5	1	tpl-a8671dd44f47451faa0f7556	0	201	0.087740	PASS	none	7b1b003f824c47029d0dd0ee297ccb69	PASS
r05-q01113-1u-t13	5	1	tpl-a8671dd44f47451faa0f7556	0	201	0.072671	PASS	none	5f8e6fbde4b44a72aaa2c58bd71db076	PASS
r05-q01108-1u-t8	5	1	tpl-a8671dd44f47451faa0f7556	0	201	0.066948	PASS	none	fee64215a3a4470288eb7899e1328c47	PASS
r05-q01121-1u-t21	5	1	tpl-a8671dd44f47451faa0f7556	0	201	0.087148	PASS	none	d6779b08299e40c8b691415f1468b50b	PASS
r05-q01114-1u-t14	5	1	tpl-a8671dd44f47451faa0f7556	0	201	0.073133	PASS	none	ee8dfa1a61434a5abbcb475f492e402d	PASS
r05-q01110-1u-t10	5	1	tpl-a8671dd44f47451faa0f7556	0	201	0.092191	PASS	none	bae4c009242a444887062c8b8deeac87	PASS
r05-q01124-1u-t24	5	1	tpl-a8671dd44f47451faa0f7556	0	201	0.094458	PASS	none	a44ccbb664ee46a6a458603c7b343528	PASS
r05-q01123-1u-t23	5	1	tpl-a8671dd44f47451faa0f7556	0	201	0.100867	PASS	none	92fcf1df3b154e7baa746c4d686063ad	PASS
r05-q01119-1u-t19	5	1	tpl-a8671dd44f47451faa0f7556	0	201	0.098768	PASS	none	865343cc29c445a6b23cff8d6a504858	PASS
r05-q01133-1u-t33	5	1	tpl-a8671dd44f47451faa0f7556	0	201	0.096696	PASS	none	4e1a147b8c6a4dfab8c912e9527862b4	PASS
r05-q01122-1u-t22	5	1	tpl-a8671dd44f47451faa0f7556	0	201	0.078872	PASS	none	c17ade9fd8104dddbd780a4a0077759a	PASS
r05-q01125-1u-t25	5	1	tpl-a8671dd44f47451faa0f7556	0	201	0.089008	PASS	none	5d018bf9ad3047bab386b4f1b7f0fb71	PASS
r05-q01117-1u-t17	5	1	tpl-a8671dd44f47451faa0f7556	0	201	0.088792	PASS	none	622ba06e9fdb49d296a04e7192d9be27	PASS
r05-q01131-1u-t31	5	1	tpl-a8671dd44f47451faa0f7556	0	201	0.097369	PASS	none	f95da5ca0eea484a81114bd2ad70add8	PASS
r05-q01126-1u-t26	5	1	tpl-a8671dd44f47451faa0f7556	0	201	0.081617	PASS	none	44bbe1f68f584044a2ae20312ca8679e	PASS
r05-q01127-1u-t27	5	1	tpl-a8671dd44f47451faa0f7556	0	201	0.082685	PASS	none	96595b1456cd4fc3b9f316cd4a275f61	PASS
r05-q01128-1u-t28	5	1	tpl-a8671dd44f47451faa0f7556	0	201	0.085085	PASS	none	f1adae2ed59d45cc8f722c0b37997bab	PASS
r05-q01120-1u-t20	5	1	tpl-a8671dd44f47451faa0f7556	0	201	0.093452	PASS	none	3654e2b6cf7843b78ac68af4498a5150	PASS
r05-q01129-1u-t29	5	1	tpl-a8671dd44f47451faa0f7556	0	201	0.080109	PASS	none	147588f1c63f4636b90945ce53c19fb7	PASS
r05-q01140-1u-t40	5	1	tpl-a8671dd44f47451faa0f7556	0	201	0.102936	PASS	none	27ccb9a2d1d645a3ae324682f6dbed96	PASS
r05-q01146-1u-t46	5	1	tpl-a8671dd44f47451faa0f7556	0	201	0.106376	PASS	none	b5da3c7b771747e281610083a7f3c194	PASS
r05-q01134-1u-t34	5	1	tpl-a8671dd44f47451faa0f7556	0	201	0.103850	PASS	none	9b3d86b1412d4b24b62deb7041e02306	PASS
r05-q01139-1u-t39	5	1	tpl-a8671dd44f47451faa0f7556	0	201	0.110295	PASS	none	e95fddd083d0495694b1173d759115f7	PASS
r05-q01149-1u-t49	5	1	tpl-a8671dd44f47451faa0f7556	0	201	0.091485	PASS	none	59fd393ddc1c4c90aa6800964cf1ec60	PASS
r05-q01150-1u-t50	5	1	tpl-a8671dd44f47451faa0f7556	0	201	0.092177	PASS	none	02acbeff9ef14a5aa51abed3a50ef8a0	PASS
r05-q01132-1u-t32	5	1	tpl-a8671dd44f47451faa0f7556	0	201	0.110377	PASS	none	1981264b174347d2843100bd00cc4af1	PASS
r05-q01145-1u-t45	5	1	tpl-a8671dd44f47451faa0f7556	0	201	0.096594	PASS	none	3db932bdd4be4b2a925bf252418d8369	PASS
r05-q01144-1u-t44	5	1	tpl-a8671dd44f47451faa0f7556	0	201	0.098867	PASS	none	c92d362075f6479188fba8cc2e3b3963	PASS
r05-q01130-1u-t30	5	1	tpl-a8671dd44f47451faa0f7556	0	201	0.099235	PASS	none	f16487794d604a20b0d3fb406f8d85e4	PASS
r05-q01137-1u-t37	5	1	tpl-a8671dd44f47451faa0f7556	0	201	0.097998	PASS	none	c8ba7106aedf4a9da771f1acda1fd6b3	PASS
r05-q01143-1u-t43	5	1	tpl-a8671dd44f47451faa0f7556	0	201	0.095421	PASS	none	06b196c1b08f4d6fb8c684c82f0c15c2	PASS
r05-q01142-1u-t42	5	1	tpl-a8671dd44f47451faa0f7556	0	201	0.101075	PASS	none	33811da10cc048579baf3491742cae3c	PASS
r05-q01147-1u-t47	5	1	tpl-a8671dd44f47451faa0f7556	0	201	0.102357	PASS	none	73e0f0ca13504240aff6bf66e20e48b3	PASS
r05-q01136-1u-t36	5	1	tpl-a8671dd44f47451faa0f7556	0	201	0.103055	PASS	none	2e0378c848614fd898b45c5c02e667df	PASS
r05-q01138-1u-t38	5	1	tpl-a8671dd44f47451faa0f7556	0	201	0.108120	PASS	none	5aeb1e3325d84ade977b3814708bee1b	PASS
r05-q01141-1u-t41	5	1	tpl-a8671dd44f47451faa0f7556	0	201	0.093247	PASS	none	a3c6380aa8014368a0d04b2b36ece20d	PASS
r05-q01148-1u-t48	5	1	tpl-a8671dd44f47451faa0f7556	0	201	0.100793	PASS	none	f8223d5e508848648f7458e30edcdeb9	PASS
r05-q01135-1u-t35	5	1	tpl-a8671dd44f47451faa0f7556	0	201	0.096794	PASS	none	57d981c0b30c47b0b9cc9214f0388204	PASS
r06-q01156-1u-t6	6	1	tpl-a8671dd44f47451faa0f7556	0	201	0.051385	PASS	none	62e1f3a71c2644178d678cd321fcae16	PASS
r06-q01154-1u-t4	6	1	tpl-a8671dd44f47451faa0f7556	0	201	0.055080	PASS	none	b13538b6aa46446e905f3a72bf246e47	PASS
r06-q01157-1u-t7	6	1	tpl-a8671dd44f47451faa0f7556	0	201	0.064346	PASS	none	947c8fbc7a904fc8ab349de69caf44d0	PASS
r06-q01155-1u-t5	6	1	tpl-a8671dd44f47451faa0f7556	0	201	0.065446	PASS	none	e087e6ad7b7d42ccaafa25c93cf89f89	PASS
r06-q01153-1u-t3	6	1	tpl-a8671dd44f47451faa0f7556	0	201	0.059119	PASS	none	f9aa25843688406bb621c7b7ffadb73d	PASS
r06-q01160-1u-t10	6	1	tpl-a8671dd44f47451faa0f7556	0	201	0.076861	PASS	none	f0a2428215d34e64b15f8717af81d998	PASS
r06-q01159-1u-t9	6	1	tpl-a8671dd44f47451faa0f7556	0	201	0.096477	PASS	none	6dd688bd9579401d862de099abd190c4	PASS
r06-q01164-1u-t14	6	1	tpl-a8671dd44f47451faa0f7556	0	201	0.075291	PASS	none	eb775b8e59ae406eb206c0f8a1776357	PASS
r06-q01152-1u-t2	6	1	tpl-a8671dd44f47451faa0f7556	0	201	0.090463	PASS	none	4fed86164aa6402d91b184de14278cde	PASS
r06-q01158-1u-t8	6	1	tpl-a8671dd44f47451faa0f7556	0	201	0.067654	PASS	none	55db714b1543404f80074b8930d5beec	PASS
r06-q01166-1u-t16	6	1	tpl-a8671dd44f47451faa0f7556	0	201	0.078620	PASS	none	bdb02951297848c998ee1737fbfa2008	PASS
r06-q01162-1u-t12	6	1	tpl-a8671dd44f47451faa0f7556	0	201	0.063895	PASS	none	034919fc30e44c299286c8f0a532a31f	PASS
r06-q01163-1u-t13	6	1	tpl-a8671dd44f47451faa0f7556	0	201	0.072181	PASS	none	cd586d7ed3e9466796804146bca57e10	PASS
r06-q01151-1u-t1	6	1	tpl-a8671dd44f47451faa0f7556	0	201	0.068923	PASS	none	945a5dc7704f4268b3cb263031cb36d4	PASS
r06-q01161-1u-t11	6	1	tpl-a8671dd44f47451faa0f7556	0	201	0.061974	PASS	none	352ba504a90844bc86b56dc2acf2074a	PASS
r06-q01171-1u-t21	6	1	tpl-a8671dd44f47451faa0f7556	0	201	0.076210	PASS	none	b7ecf154483a46ee8e72b7da6e710380	PASS
r06-q01172-1u-t22	6	1	tpl-a8671dd44f47451faa0f7556	0	201	0.079468	PASS	none	6af74cac45724c859d2425070bf0af2e	PASS
r06-q01168-1u-t18	6	1	tpl-a8671dd44f47451faa0f7556	0	201	0.077003	PASS	none	1302d762220e428298b784f9bc5f2d32	PASS
r06-q01170-1u-t20	6	1	tpl-a8671dd44f47451faa0f7556	0	201	0.086529	PASS	none	21859a6c077a4b07b5f0ce306ce6dabc	PASS
r06-q01167-1u-t17	6	1	tpl-a8671dd44f47451faa0f7556	0	201	0.095155	PASS	none	14319f37ed734b7380acf1a85c35d988	PASS
r06-q01165-1u-t15	6	1	tpl-a8671dd44f47451faa0f7556	0	201	0.087854	PASS	none	6511eae694c64e798486478442808d23	PASS
r06-q01175-1u-t25	6	1	tpl-a8671dd44f47451faa0f7556	0	201	0.097746	PASS	none	d6bf412a05d04fdab573d44865cf2b11	PASS
r06-q01174-1u-t24	6	1	tpl-a8671dd44f47451faa0f7556	0	201	0.104696	PASS	none	1b9ecf87568542908b40c01f75bed4b8	PASS
r06-q01173-1u-t23	6	1	tpl-a8671dd44f47451faa0f7556	0	201	0.080302	PASS	none	3b238b14452f4aeda1c74acd3bab7f99	PASS
r06-q01177-1u-t27	6	1	tpl-a8671dd44f47451faa0f7556	0	201	0.104962	PASS	none	f56d71e692b84b94bd31ce295695180b	PASS
r06-q01176-1u-t26	6	1	tpl-a8671dd44f47451faa0f7556	0	201	0.107042	PASS	none	f5a3679afe1d49c283bff5e5050805f8	PASS
r06-q01169-1u-t19	6	1	tpl-a8671dd44f47451faa0f7556	0	201	0.107379	PASS	none	eefcd861b77541f68fa4175597f14901	PASS
r06-q01179-1u-t29	6	1	tpl-a8671dd44f47451faa0f7556	0	201	0.107245	PASS	none	ecfaaac0d8814cf189015ee6b25099cd	PASS
r06-q01180-1u-t30	6	1	tpl-a8671dd44f47451faa0f7556	0	201	0.099223	PASS	none	eea0342aeeef4f59955efaf1fa11b59e	PASS
r06-q01181-1u-t31	6	1	tpl-a8671dd44f47451faa0f7556	0	201	0.098895	PASS	none	2f20b41fbf02450f9389a8fd031695a5	PASS
r06-q01178-1u-t28	6	1	tpl-a8671dd44f47451faa0f7556	0	201	0.105594	PASS	none	cb4a095076ee48debe7001c3dfba8c8e	PASS
r06-q01183-1u-t33	6	1	tpl-a8671dd44f47451faa0f7556	0	201	0.099994	PASS	none	5488d8532107442f93a349d922b87938	PASS
r06-q01182-1u-t32	6	1	tpl-a8671dd44f47451faa0f7556	0	201	0.099773	PASS	none	d8abe089b9b64f2a9a38e8141334f1e1	PASS
r06-q01186-1u-t36	6	1	tpl-a8671dd44f47451faa0f7556	0	201	0.092398	PASS	none	51a64e3d3b24488e8095de362a2b680c	PASS
r06-q01184-1u-t34	6	1	tpl-a8671dd44f47451faa0f7556	0	201	0.097049	PASS	none	9a8af7fa282549a4be39e42785373ce4	PASS
r06-q01185-1u-t35	6	1	tpl-a8671dd44f47451faa0f7556	0	201	0.092947	PASS	none	35b1a9914dc5465aba45dbd834bf0205	PASS
r06-q01189-1u-t39	6	1	tpl-a8671dd44f47451faa0f7556	0	201	0.091362	PASS	none	f1bdd645e0f447c594a634f823e3d03a	PASS
r06-q01190-1u-t40	6	1	tpl-a8671dd44f47451faa0f7556	0	201	0.092226	PASS	none	683bbf7f66a64c58affd3a44dce53369	PASS
r06-q01195-1u-t45	6	1	tpl-a8671dd44f47451faa0f7556	0	201	0.095427	PASS	none	afb2502224bf469b812bc33a8194b284	PASS
r06-q01194-1u-t44	6	1	tpl-a8671dd44f47451faa0f7556	0	201	0.098749	PASS	none	4f931a2c97ef4f8b961235314bd5c2c8	PASS
r06-q01191-1u-t41	6	1	tpl-a8671dd44f47451faa0f7556	0	201	0.097407	PASS	none	a12932e87b964fe7857cb66fb5526bff	PASS
r06-q01193-1u-t43	6	1	tpl-a8671dd44f47451faa0f7556	0	201	0.095127	PASS	none	a0328cafdae84bc1bd6196ce38242a2f	PASS
r06-q01192-1u-t42	6	1	tpl-a8671dd44f47451faa0f7556	0	201	0.097144	PASS	none	5245b87043ed4976b68d95cda6dacaa3	PASS
r06-q01197-1u-t47	6	1	tpl-a8671dd44f47451faa0f7556	0	201	0.093457	PASS	none	ccc5c9b4682447b58544e68be836ef57	PASS
r06-q01188-1u-t38	6	1	tpl-a8671dd44f47451faa0f7556	0	201	0.099436	PASS	none	ba11b0e042824b47b8ca4b79064db5c1	PASS
r06-q01198-1u-t48	6	1	tpl-a8671dd44f47451faa0f7556	0	201	0.091673	PASS	none	ce9887a4db4444d7b9dd977f99c7e4c7	PASS
r06-q01187-1u-t37	6	1	tpl-a8671dd44f47451faa0f7556	0	201	0.096143	PASS	none	d8d759a2931b4971b1f8536078fea023	PASS
r06-q01196-1u-t46	6	1	tpl-a8671dd44f47451faa0f7556	0	201	0.094619	PASS	none	26a5770861eb46fca336cd762b9ac5bb	PASS
r06-q01200-1u-t50	6	1	tpl-a8671dd44f47451faa0f7556	0	201	0.090291	PASS	none	8ecbe377da3b4a1aa15b083eb548b8ef	PASS
r06-q01199-1u-t49	6	1	tpl-a8671dd44f47451faa0f7556	0	201	0.097920	PASS	none	66516e527c234d0391898f726718dd6c	PASS
r01-q01203-1u-t3	1	1	tpl-220d50f73b8e4d7ba75aebb8	0	201	0.054613	PASS	none	05aadfda1b0a43c19832b07f11a74918	PASS
r01-q01205-1u-t5	1	1	tpl-220d50f73b8e4d7ba75aebb8	0	201	0.047301	PASS	none	33464d570e214198bb8b4aed4a3795b3	PASS
r01-q01202-1u-t2	1	1	tpl-220d50f73b8e4d7ba75aebb8	0	201	0.074135	PASS	none	0ed41fba24554d1ebdfc1226ba1b023d	PASS
r01-q01207-1u-t7	1	1	tpl-220d50f73b8e4d7ba75aebb8	0	201	0.049875	PASS	none	50638a068541416b9719417258408742	PASS
r01-q01206-1u-t6	1	1	tpl-220d50f73b8e4d7ba75aebb8	0	201	0.052624	PASS	none	ea9192b9dfff4b17833b075ec22405df	PASS
r01-q01210-1u-t10	1	1	tpl-220d50f73b8e4d7ba75aebb8	0	201	0.044719	PASS	none	206f53fb8c1e431e90619242564d2a7c	PASS
r01-q01201-1u-t1	1	1	tpl-220d50f73b8e4d7ba75aebb8	0	201	0.057491	PASS	none	45e1ad94290b4fa29d2fcea7f9ed62aa	PASS
r01-q01217-1u-t17	1	1	tpl-220d50f73b8e4d7ba75aebb8	0	201	0.058224	PASS	none	aea7b3e1781845719aaecc2de6d1cac0	PASS
r01-q01204-1u-t4	1	1	tpl-220d50f73b8e4d7ba75aebb8	0	201	0.052977	PASS	none	2c9c81df36f54f53afa5bcce75e9069d	PASS
r01-q01216-1u-t16	1	1	tpl-220d50f73b8e4d7ba75aebb8	0	201	0.064845	PASS	none	13b2753199a74d048ecff5500f2c60ad	PASS
r01-q01212-1u-t12	1	1	tpl-220d50f73b8e4d7ba75aebb8	0	201	0.054212	PASS	none	5c5afeee61b348b3b6ee53816d4849db	PASS
r01-q01215-1u-t15	1	1	tpl-220d50f73b8e4d7ba75aebb8	0	201	0.057444	PASS	none	42ed73faec3e4cf4ae613e81015067b4	PASS
r01-q01209-1u-t9	1	1	tpl-220d50f73b8e4d7ba75aebb8	0	201	0.047941	PASS	none	a95d9138c39949b8b55d643475791534	PASS
r01-q01211-1u-t11	1	1	tpl-220d50f73b8e4d7ba75aebb8	0	201	0.056631	PASS	none	f84bf6dad07d4b6ebafcdd1ccc52008b	PASS
r01-q01218-1u-t18	1	1	tpl-220d50f73b8e4d7ba75aebb8	0	201	0.058385	PASS	none	e7995173e4c94c738552146bc6f099a0	PASS
r01-q01222-1u-t22	1	1	tpl-220d50f73b8e4d7ba75aebb8	0	201	0.057378	PASS	none	f0f2819d276e402a8d26e4737f6fc221	PASS
r01-q01214-1u-t14	1	1	tpl-220d50f73b8e4d7ba75aebb8	0	201	0.064362	PASS	none	e40b530847024868b3d1412e3069e3b6	PASS
r01-q01220-1u-t20	1	1	tpl-220d50f73b8e4d7ba75aebb8	0	201	0.070457	PASS	none	19a5c26d67e741c19c0882929e237aee	PASS
r01-q01226-1u-t26	1	1	tpl-220d50f73b8e4d7ba75aebb8	0	201	0.064342	PASS	none	d55117d6bdce4c06bf98642365352ddc	PASS
r01-q01224-1u-t24	1	1	tpl-220d50f73b8e4d7ba75aebb8	0	201	0.060655	PASS	none	39edc9253d0e4466ae614141e50096ab	PASS
r01-q01208-1u-t8	1	1	tpl-220d50f73b8e4d7ba75aebb8	0	201	0.051024	PASS	none	b443624e98844ee5817ce2088ce0e631	PASS
r01-q01213-1u-t13	1	1	tpl-220d50f73b8e4d7ba75aebb8	0	201	0.051645	PASS	none	151e9594a8274694aa858bd6645df6cc	PASS
r01-q01227-1u-t27	1	1	tpl-220d50f73b8e4d7ba75aebb8	0	201	0.071780	PASS	none	8fe57a2457ef4fee9aebd5865e1a1ab6	PASS
r01-q01219-1u-t19	1	1	tpl-220d50f73b8e4d7ba75aebb8	0	201	0.062721	PASS	none	1064af9ef79a4a75a842cbe9a2671f4e	PASS
r01-q01230-1u-t30	1	1	tpl-220d50f73b8e4d7ba75aebb8	0	201	0.088579	PASS	none	afc9b184458640fe9c0a56408dd34111	PASS
r01-q01235-1u-t35	1	1	tpl-220d50f73b8e4d7ba75aebb8	0	201	0.080066	PASS	none	a8e5e3b5d8ad42739afea0bd48bdc95d	PASS
r01-q01225-1u-t25	1	1	tpl-220d50f73b8e4d7ba75aebb8	0	201	0.059953	PASS	none	53eba604ceae4c02a8a74eabb2346a82	PASS
r01-q01233-1u-t33	1	1	tpl-220d50f73b8e4d7ba75aebb8	0	201	0.073897	PASS	none	70278dd1cd094c49b15fcb4044053420	PASS
r01-q01228-1u-t28	1	1	tpl-220d50f73b8e4d7ba75aebb8	0	201	0.065844	PASS	none	913164a7d866406c99c10296850c40b5	PASS
r01-q01231-1u-t31	1	1	tpl-220d50f73b8e4d7ba75aebb8	0	201	0.089223	PASS	none	538e3f4221704ab2a7e4b402dc06b885	PASS
r01-q01236-1u-t36	1	1	tpl-220d50f73b8e4d7ba75aebb8	0	201	0.092256	PASS	none	9de4c1ebae0a4abbb1448f619f18f4d9	PASS
r01-q01223-1u-t23	1	1	tpl-220d50f73b8e4d7ba75aebb8	0	201	0.077913	PASS	none	e7306f3741e84a4383f5013796b55ca6	PASS
r01-q01221-1u-t21	1	1	tpl-220d50f73b8e4d7ba75aebb8	0	201	0.060012	PASS	none	449b64db012d44d0819a088fd86b231b	PASS
r01-q01232-1u-t32	1	1	tpl-220d50f73b8e4d7ba75aebb8	0	201	0.083079	PASS	none	63f401e122b6447888e78ae0465faa89	PASS
r01-q01229-1u-t29	1	1	tpl-220d50f73b8e4d7ba75aebb8	0	201	0.093139	PASS	none	cb229310492543cb9e3f45aa29b21d3b	PASS
r01-q01239-1u-t39	1	1	tpl-220d50f73b8e4d7ba75aebb8	0	201	0.074836	PASS	none	b26da92b0af64bb08f38784bfc9c53ff	PASS
r01-q01234-1u-t34	1	1	tpl-220d50f73b8e4d7ba75aebb8	0	201	0.085813	PASS	none	137f37f8888d45a3878ca9338ce45c73	PASS
r01-q01240-1u-t40	1	1	tpl-220d50f73b8e4d7ba75aebb8	0	201	0.076105	PASS	none	e506ad6a01754292869c82b022166c08	PASS
r01-q01248-1u-t48	1	1	tpl-220d50f73b8e4d7ba75aebb8	0	201	0.082247	PASS	none	fe3bff4a59da4accb47331c3c05a0e2e	PASS
r01-q01237-1u-t37	1	1	tpl-220d50f73b8e4d7ba75aebb8	0	201	0.085887	PASS	none	87ad262198ff47fdad281661b3b23487	PASS
r01-q01238-1u-t38	1	1	tpl-220d50f73b8e4d7ba75aebb8	0	201	0.081857	PASS	none	db49cd81b0a7422cbadacbc88f5c5787	PASS
r01-q01245-1u-t45	1	1	tpl-220d50f73b8e4d7ba75aebb8	0	201	0.087119	PASS	none	40633ced158a45819297a15b98b22cd1	PASS
r01-q01243-1u-t43	1	1	tpl-220d50f73b8e4d7ba75aebb8	0	201	0.075418	PASS	none	41f6c73eba124eed827b18f04dcb21d3	PASS
r01-q01241-1u-t41	1	1	tpl-220d50f73b8e4d7ba75aebb8	0	201	0.080330	PASS	none	a135b308d3b24f4286c65032e2b1b5a4	PASS
r01-q01249-1u-t49	1	1	tpl-220d50f73b8e4d7ba75aebb8	0	201	0.087832	PASS	none	bbea0d3e493841f48a32ef923106802b	PASS
r01-q01242-1u-t42	1	1	tpl-220d50f73b8e4d7ba75aebb8	0	201	0.081280	PASS	none	c00df9055a0343e08a9425e0245be7c8	PASS
r01-q01244-1u-t44	1	1	tpl-220d50f73b8e4d7ba75aebb8	0	201	0.084699	PASS	none	fba20822af244db58eab87ba84cce147	PASS
r01-q01247-1u-t47	1	1	tpl-220d50f73b8e4d7ba75aebb8	0	201	0.082499	PASS	none	2996ccb194d842e9a282f1eae48266e4	PASS
r01-q01250-1u-t50	1	1	tpl-220d50f73b8e4d7ba75aebb8	0	201	0.082238	PASS	none	1be0066034b84c6eac3aee5475045ada	PASS
r01-q01246-1u-t46	1	1	tpl-220d50f73b8e4d7ba75aebb8	0	201	0.084652	PASS	none	082ea74b7a7f47549b901a02c26626e9	PASS
r02-q01254-1u-t4	2	1	tpl-220d50f73b8e4d7ba75aebb8	0	201	0.049576	PASS	none	754690fff7db4a61993da8c355277993	PASS
r02-q01252-1u-t2	2	1	tpl-220d50f73b8e4d7ba75aebb8	0	201	0.073659	PASS	none	5e56f42c68ec41d0a2c63f70f636b0f2	PASS
r02-q01260-1u-t10	2	1	tpl-220d50f73b8e4d7ba75aebb8	0	201	0.050976	PASS	none	55ff3198f7fa46539f59993accf73b1f	PASS
r02-q01253-1u-t3	2	1	tpl-220d50f73b8e4d7ba75aebb8	0	201	0.050849	PASS	none	2f4a15c1175c47dd94626c26196c5039	PASS
r02-q01255-1u-t5	2	1	tpl-220d50f73b8e4d7ba75aebb8	0	201	0.050102	PASS	none	c9a5cb3eda044f4f9ede97d4d436a559	PASS
r02-q01262-1u-t12	2	1	tpl-220d50f73b8e4d7ba75aebb8	0	201	0.051026	PASS	none	d741e096fbf141e2ad1db96a08524b18	PASS
r02-q01261-1u-t11	2	1	tpl-220d50f73b8e4d7ba75aebb8	0	201	0.048809	PASS	none	56b6939b0ce641c19852de0180b413e1	PASS
r02-q01265-1u-t15	2	1	tpl-220d50f73b8e4d7ba75aebb8	0	201	0.053545	PASS	none	17fab73ab54e481388b027575db4a700	PASS
r02-q01259-1u-t9	2	1	tpl-220d50f73b8e4d7ba75aebb8	0	201	0.055249	PASS	none	c76b63398ea847348fea6815571037b6	PASS
r02-q01268-1u-t18	2	1	tpl-220d50f73b8e4d7ba75aebb8	0	201	0.057384	PASS	none	8e735efed74b434ca960dd7059278465	PASS
r02-q01258-1u-t8	2	1	tpl-220d50f73b8e4d7ba75aebb8	0	201	0.053921	PASS	none	6c47168d1e654e35be78265bfdc6b853	PASS
r02-q01251-1u-t1	2	1	tpl-220d50f73b8e4d7ba75aebb8	0	201	0.057983	PASS	none	5ed43ad010b7420581598bebece64e0b	PASS
r02-q01269-1u-t19	2	1	tpl-220d50f73b8e4d7ba75aebb8	0	201	0.060660	PASS	none	68c34e20212647c1b2733a73a019268a	PASS
r02-q01256-1u-t6	2	1	tpl-220d50f73b8e4d7ba75aebb8	0	201	0.055855	PASS	none	209ca4c029f8452a85c9ca85c791cce3	PASS
r02-q01257-1u-t7	2	1	tpl-220d50f73b8e4d7ba75aebb8	0	201	0.062830	PASS	none	5b1ff4eac9bb421c8608e0e1ae073773	PASS
r02-q01264-1u-t14	2	1	tpl-220d50f73b8e4d7ba75aebb8	0	201	0.055214	PASS	none	ba683935647f46a8bb8c840bd452166a	PASS
r02-q01274-1u-t24	2	1	tpl-220d50f73b8e4d7ba75aebb8	0	201	0.060379	PASS	none	0dd49df2678641b0991fab5fb00ad6ce	PASS
r02-q01263-1u-t13	2	1	tpl-220d50f73b8e4d7ba75aebb8	0	201	0.052097	PASS	none	92b5f22995e541bb9015eda06213ae6a	PASS
r02-q01276-1u-t26	2	1	tpl-220d50f73b8e4d7ba75aebb8	0	201	0.057211	PASS	none	7b51606254ad46b6aa9f5e3b70cfabb1	PASS
r02-q01273-1u-t23	2	1	tpl-220d50f73b8e4d7ba75aebb8	0	201	0.061762	PASS	none	d4b494583fe4496aaa474ad3fb70d8e9	PASS
r02-q01267-1u-t17	2	1	tpl-220d50f73b8e4d7ba75aebb8	0	201	0.061598	PASS	none	5388662162344f2cb1cc231bd0f33eed	PASS
r02-q01277-1u-t27	2	1	tpl-220d50f73b8e4d7ba75aebb8	0	201	0.063000	PASS	none	e5911d35f69b473498a0ba16a705b147	PASS
r02-q01279-1u-t29	2	1	tpl-220d50f73b8e4d7ba75aebb8	0	201	0.062664	PASS	none	9e5535bcbb6c48efb40c044e4c4ab024	PASS
r02-q01266-1u-t16	2	1	tpl-220d50f73b8e4d7ba75aebb8	0	201	0.065377	PASS	none	e226e98331c2444cb4967e1cfa56b033	PASS
r02-q01275-1u-t25	2	1	tpl-220d50f73b8e4d7ba75aebb8	0	201	0.059045	PASS	none	dea88b65e1f04e64876cc0193d8661a6	PASS
r02-q01288-1u-t38	2	1	tpl-220d50f73b8e4d7ba75aebb8	0	201	0.069250	PASS	none	ef5460ce2f084752ba67496791f5e16b	PASS
r02-q01270-1u-t20	2	1	tpl-220d50f73b8e4d7ba75aebb8	0	201	0.058943	PASS	none	b7aae231ecde4f45af7259989640bdb9	PASS
r02-q01281-1u-t31	2	1	tpl-220d50f73b8e4d7ba75aebb8	0	201	0.060706	PASS	none	b0feec1103a14150a52251cb6af8bdb7	PASS
r02-q01282-1u-t32	2	1	tpl-220d50f73b8e4d7ba75aebb8	0	201	0.065154	PASS	none	518345c13e8445f29f0a30ea5fe2c27a	PASS
r02-q01271-1u-t21	2	1	tpl-220d50f73b8e4d7ba75aebb8	0	201	0.054068	PASS	none	f47fe43d37ce423ea583fad177cb9ea7	PASS
r02-q01286-1u-t36	2	1	tpl-220d50f73b8e4d7ba75aebb8	0	201	0.071426	PASS	none	96946b767cdf40cbb8e6e95428ca36bc	PASS
r02-q01280-1u-t30	2	1	tpl-220d50f73b8e4d7ba75aebb8	0	201	0.066654	PASS	none	d905637d5137439fbce6e57b2790db26	PASS
r02-q01290-1u-t40	2	1	tpl-220d50f73b8e4d7ba75aebb8	0	201	0.071702	PASS	none	399e58f1a6874887a4cc87305ccd5ecc	PASS
r02-q01278-1u-t28	2	1	tpl-220d50f73b8e4d7ba75aebb8	0	201	0.057363	PASS	none	6b6525805e0b49feb8b053c1204d9b9a	PASS
r02-q01284-1u-t34	2	1	tpl-220d50f73b8e4d7ba75aebb8	0	201	0.069692	PASS	none	c6bcb1a86d6f4b1c8205df2209306d86	PASS
r02-q01283-1u-t33	2	1	tpl-220d50f73b8e4d7ba75aebb8	0	201	0.070074	PASS	none	8c05eab83ab44f4b8f03dba4584364e4	PASS
r02-q01285-1u-t35	2	1	tpl-220d50f73b8e4d7ba75aebb8	0	201	0.062474	PASS	none	ee7c3f9d57d34aa29c0ccd8d97448d5d	PASS
r02-q01272-1u-t22	2	1	tpl-220d50f73b8e4d7ba75aebb8	0	201	0.061287	PASS	none	41f43eaf6ab247a99cdaa7c62a83a6d7	PASS
r02-q01294-1u-t44	2	1	tpl-220d50f73b8e4d7ba75aebb8	0	201	0.082849	PASS	none	870b60933b0443b295a42647cc120ca8	PASS
r02-q01289-1u-t39	2	1	tpl-220d50f73b8e4d7ba75aebb8	0	201	0.071963	PASS	none	cd1de0a178e641b9bfaf4c5502cfa3b3	PASS
r02-q01291-1u-t41	2	1	tpl-220d50f73b8e4d7ba75aebb8	0	201	0.075879	PASS	none	ae836fed5c464404a13b1ba408a19749	PASS
r02-q01292-1u-t42	2	1	tpl-220d50f73b8e4d7ba75aebb8	0	201	0.072439	PASS	none	9c5dabf4af304ac3a29d7856277be2db	PASS
r02-q01293-1u-t43	2	1	tpl-220d50f73b8e4d7ba75aebb8	0	201	0.080384	PASS	none	68d3e1b5f1c04385b6b898ec4889e4ae	PASS
r02-q01295-1u-t45	2	1	tpl-220d50f73b8e4d7ba75aebb8	0	201	0.072714	PASS	none	0221e4fbc54e47a1aa8b85e07e1fe086	PASS
r02-q01297-1u-t47	2	1	tpl-220d50f73b8e4d7ba75aebb8	0	201	0.078002	PASS	none	b72b2c4ba37f4631a074439aed154cc0	PASS
r02-q01296-1u-t46	2	1	tpl-220d50f73b8e4d7ba75aebb8	0	201	0.080343	PASS	none	85eb0e50fa6d4331a3a8c0af126ec12e	PASS
r02-q01299-1u-t49	2	1	tpl-220d50f73b8e4d7ba75aebb8	0	201	0.081096	PASS	none	ab970d7f8f7c460797bd2e9c75b34afe	PASS
r02-q01298-1u-t48	2	1	tpl-220d50f73b8e4d7ba75aebb8	0	201	0.088310	PASS	none	f78b758a01b24592b0dfeb6b99390b91	PASS
r02-q01287-1u-t37	2	1	tpl-220d50f73b8e4d7ba75aebb8	0	201	0.071115	PASS	none	a1e2f022fef146759b58504098414af9	PASS
r02-q01300-1u-t50	2	1	tpl-220d50f73b8e4d7ba75aebb8	0	201	0.077455	PASS	none	a553656872d44c999c0a275348eb24f2	PASS
r03-q01305-1u-t5	3	1	tpl-220d50f73b8e4d7ba75aebb8	0	201	0.046937	PASS	none	a3b3a06f24814729a2358c1117a9623a	PASS
r03-q01303-1u-t3	3	1	tpl-220d50f73b8e4d7ba75aebb8	0	201	0.063411	PASS	none	299a58ff35194c33a183dcf8c3eab74f	PASS
r03-q01307-1u-t7	3	1	tpl-220d50f73b8e4d7ba75aebb8	0	201	0.047693	PASS	none	07225cdceeb440f09f9e5ec4deb4a2f9	PASS
r03-q01302-1u-t2	3	1	tpl-220d50f73b8e4d7ba75aebb8	0	201	0.051020	PASS	none	74af6abd016048f6bf6009836d98ee0d	PASS
r03-q01308-1u-t8	3	1	tpl-220d50f73b8e4d7ba75aebb8	0	201	0.052654	PASS	none	e990b598a4a34d2491d9748f09ed6d55	PASS
r03-q01301-1u-t1	3	1	tpl-220d50f73b8e4d7ba75aebb8	0	201	0.053116	PASS	none	ef8c52b4497b4182b288a6b95dc7de9b	PASS
r03-q01310-1u-t10	3	1	tpl-220d50f73b8e4d7ba75aebb8	0	201	0.069595	PASS	none	ea39347d974b497291c818814bc6b8f1	PASS
r03-q01311-1u-t11	3	1	tpl-220d50f73b8e4d7ba75aebb8	0	201	0.056616	PASS	none	f353832e635c4c38b8cce1c85639c684	PASS
r03-q01312-1u-t12	3	1	tpl-220d50f73b8e4d7ba75aebb8	0	201	0.058012	PASS	none	e53de4cd82f346658c3f37dedf33e473	PASS
r03-q01304-1u-t4	3	1	tpl-220d50f73b8e4d7ba75aebb8	0	201	0.049382	PASS	none	247e8889c396446c838bfc7d8bd48819	PASS
r03-q01306-1u-t6	3	1	tpl-220d50f73b8e4d7ba75aebb8	0	201	0.069015	PASS	none	691a7c54bff742038c436c032b4f47a3	PASS
r03-q01315-1u-t15	3	1	tpl-220d50f73b8e4d7ba75aebb8	0	201	0.058397	PASS	none	271aaf92d6d340d1b00b84c37a7e0982	PASS
r03-q01313-1u-t13	3	1	tpl-220d50f73b8e4d7ba75aebb8	0	201	0.058834	PASS	none	9ad6cb7f3ac04bb3a1670a8d4a1edfd7	PASS
r03-q01316-1u-t16	3	1	tpl-220d50f73b8e4d7ba75aebb8	0	201	0.061796	PASS	none	a004ebdd83644c5f8ca886897f5b166c	PASS
r03-q01309-1u-t9	3	1	tpl-220d50f73b8e4d7ba75aebb8	0	201	0.063169	PASS	none	520a6ccb45314cfbb06a7308c832beee	PASS
r03-q01314-1u-t14	3	1	tpl-220d50f73b8e4d7ba75aebb8	0	201	0.055509	PASS	none	30200b2633f44bf0ac69ada82ed1bb84	PASS
r03-q01320-1u-t20	3	1	tpl-220d50f73b8e4d7ba75aebb8	0	201	0.062913	PASS	none	ee87f3054d0c4aafa9cb951e5f63a7e3	PASS
r03-q01317-1u-t17	3	1	tpl-220d50f73b8e4d7ba75aebb8	0	201	0.058162	PASS	none	78c5d39a16724f61ac62a6dd2ced2d3d	PASS
r03-q01318-1u-t18	3	1	tpl-220d50f73b8e4d7ba75aebb8	0	201	0.057993	PASS	none	6308170d8dda404691fc4cae457c02fe	PASS
r03-q01321-1u-t21	3	1	tpl-220d50f73b8e4d7ba75aebb8	0	201	0.067197	PASS	none	08638d3f79e4442b91ec0622ae58dd37	PASS
r03-q01322-1u-t22	3	1	tpl-220d50f73b8e4d7ba75aebb8	0	201	0.072844	PASS	none	bc346002119e4274b30d65bf39e5f531	PASS
r03-q01324-1u-t24	3	1	tpl-220d50f73b8e4d7ba75aebb8	0	201	0.061131	PASS	none	604eca40e8c64561838ebfc180fa632c	PASS
r03-q01325-1u-t25	3	1	tpl-220d50f73b8e4d7ba75aebb8	0	201	0.064867	PASS	none	11aa1d40de384ef1bc9fcec30260e152	PASS
r03-q01319-1u-t19	3	1	tpl-220d50f73b8e4d7ba75aebb8	0	201	0.069399	PASS	none	f9e747920e7848deaf686dce990d527f	PASS
r03-q01323-1u-t23	3	1	tpl-220d50f73b8e4d7ba75aebb8	0	201	0.068390	PASS	none	680325e6a04d4cd7ba31404695b4e00f	PASS
r03-q01329-1u-t29	3	1	tpl-220d50f73b8e4d7ba75aebb8	0	201	0.065832	PASS	none	44c5dc8cfcc24ba08630533a219eb660	PASS
r03-q01328-1u-t28	3	1	tpl-220d50f73b8e4d7ba75aebb8	0	201	0.069464	PASS	none	f8aa2abf4105450395b018f0b0b0a9be	PASS
r03-q01333-1u-t33	3	1	tpl-220d50f73b8e4d7ba75aebb8	0	201	0.064455	PASS	none	1928b63fc92a405f96047bfc5eb0936d	PASS
r03-q01326-1u-t26	3	1	tpl-220d50f73b8e4d7ba75aebb8	0	201	0.058190	PASS	none	7c47f75bca1142ed9473b4364b3f7834	PASS
r03-q01330-1u-t30	3	1	tpl-220d50f73b8e4d7ba75aebb8	0	201	0.072141	PASS	none	c7c12b4b6621478db3d174c089742611	PASS
r03-q01327-1u-t27	3	1	tpl-220d50f73b8e4d7ba75aebb8	0	201	0.058881	PASS	none	ed2eb22249a244b3bf5098b327a1b5d0	PASS
r03-q01334-1u-t34	3	1	tpl-220d50f73b8e4d7ba75aebb8	0	201	0.067074	PASS	none	e36bacd5210544e9aa08eeffcd157609	PASS
r03-q01332-1u-t32	3	1	tpl-220d50f73b8e4d7ba75aebb8	0	201	0.069064	PASS	none	0e4ee106d37f49848b3cf831daf71afa	PASS
r03-q01335-1u-t35	3	1	tpl-220d50f73b8e4d7ba75aebb8	0	201	0.071166	PASS	none	e3d644263fa742a986e0920728cd8c70	PASS
r03-q01336-1u-t36	3	1	tpl-220d50f73b8e4d7ba75aebb8	0	201	0.065267	PASS	none	91e4a2aa5c3849388f67be1028619925	PASS
r03-q01331-1u-t31	3	1	tpl-220d50f73b8e4d7ba75aebb8	0	201	0.077359	PASS	none	ed41fdf147344bc6b24619e46caa29bf	PASS
r03-q01337-1u-t37	3	1	tpl-220d50f73b8e4d7ba75aebb8	0	201	0.066345	PASS	none	715302916f964559898e739090099bc6	PASS
r03-q01342-1u-t42	3	1	tpl-220d50f73b8e4d7ba75aebb8	0	201	0.078957	PASS	none	b01217fec3154fe18fef302fc159e08d	PASS
r03-q01339-1u-t39	3	1	tpl-220d50f73b8e4d7ba75aebb8	0	201	0.069410	PASS	none	98acee03ee794057be129c83615010f0	PASS
r03-q01341-1u-t41	3	1	tpl-220d50f73b8e4d7ba75aebb8	0	201	0.070701	PASS	none	fce924ba5b184bd18b47298ef333371a	PASS
r03-q01344-1u-t44	3	1	tpl-220d50f73b8e4d7ba75aebb8	0	201	0.075389	PASS	none	a8be2144f335464f879dfea2ec449bc6	PASS
r03-q01347-1u-t47	3	1	tpl-220d50f73b8e4d7ba75aebb8	0	201	0.075339	PASS	none	78b0e5d08bc54484927bbad317af1d2d	PASS
r03-q01343-1u-t43	3	1	tpl-220d50f73b8e4d7ba75aebb8	0	201	0.069827	PASS	none	72ffe15ef48c44c584f29fe504af5bdb	PASS
r03-q01345-1u-t45	3	1	tpl-220d50f73b8e4d7ba75aebb8	0	201	0.084700	PASS	none	36d72791179941b4814d8c53cc295ff4	PASS
r03-q01338-1u-t38	3	1	tpl-220d50f73b8e4d7ba75aebb8	0	201	0.072280	PASS	none	0b88769df2554406a6c2e0efdb2c533d	PASS
r03-q01346-1u-t46	3	1	tpl-220d50f73b8e4d7ba75aebb8	0	201	0.082361	PASS	none	018a1a60900043be9a41706c56487843	PASS
r03-q01350-1u-t50	3	1	tpl-220d50f73b8e4d7ba75aebb8	0	201	0.083029	PASS	none	0e94a646360e4b36868ca09733a9cf82	PASS
r03-q01348-1u-t48	3	1	tpl-220d50f73b8e4d7ba75aebb8	0	201	0.080452	PASS	none	26d0a6bc14e34f4588a3235399a73281	PASS
r03-q01349-1u-t49	3	1	tpl-220d50f73b8e4d7ba75aebb8	0	201	0.089843	PASS	none	9eaa8e5785c644338e837f0ad5b4ef95	PASS
r03-q01340-1u-t40	3	1	tpl-220d50f73b8e4d7ba75aebb8	0	201	0.071682	PASS	none	11106762dcd6430886f1ad7aa9fb98c6	PASS
r04-q01354-1u-t4	4	1	tpl-220d50f73b8e4d7ba75aebb8	0	201	0.054230	PASS	none	dab4206f655d4ee1873ed23ad2c2e88c	PASS
r04-q01355-1u-t5	4	1	tpl-220d50f73b8e4d7ba75aebb8	0	201	0.055036	PASS	none	4d5371a1968b46119a57104f00d5ef26	PASS
r04-q01353-1u-t3	4	1	tpl-220d50f73b8e4d7ba75aebb8	0	201	0.061551	PASS	none	f270c0604e04407abc71af0dba1a3051	PASS
r04-q01356-1u-t6	4	1	tpl-220d50f73b8e4d7ba75aebb8	0	201	0.058113	PASS	none	2ca454fcd9954efeb86ecb9a047586f0	PASS
r04-q01361-1u-t11	4	1	tpl-220d50f73b8e4d7ba75aebb8	0	201	0.055382	PASS	none	0ea4fa097d574539a8567f744b02d9f2	PASS
r04-q01352-1u-t2	4	1	tpl-220d50f73b8e4d7ba75aebb8	0	201	0.061097	PASS	none	e3b7abbc356c4c5487f85129fb1f9ac2	PASS
r04-q01363-1u-t13	4	1	tpl-220d50f73b8e4d7ba75aebb8	0	201	0.054413	PASS	none	8cf755fac57542aabd498b4c2580fa81	PASS
r04-q01351-1u-t1	4	1	tpl-220d50f73b8e4d7ba75aebb8	0	201	0.081476	PASS	none	849ea21f575a434abacd41732bc49930	PASS
r04-q01357-1u-t7	4	1	tpl-220d50f73b8e4d7ba75aebb8	0	201	0.053878	PASS	none	f4e14a7985554c5687378821a923e79d	PASS
r04-q01359-1u-t9	4	1	tpl-220d50f73b8e4d7ba75aebb8	0	201	0.058099	PASS	none	33706e77d55b4bc7a83394d9ed022fba	PASS
r04-q01368-1u-t18	4	1	tpl-220d50f73b8e4d7ba75aebb8	0	201	0.060028	PASS	none	740d634f87f84481a792742333413519	PASS
r04-q01364-1u-t14	4	1	tpl-220d50f73b8e4d7ba75aebb8	0	201	0.077327	PASS	none	c97ab80467674b8dbe5ba645652e40a7	PASS
r04-q01358-1u-t8	4	1	tpl-220d50f73b8e4d7ba75aebb8	0	201	0.059077	PASS	none	e6b50e0f044a4380b241b2b6eb27d91a	PASS
r04-q01365-1u-t15	4	1	tpl-220d50f73b8e4d7ba75aebb8	0	201	0.061496	PASS	none	181d694582d0450f9da9e74f05869e59	PASS
r04-q01367-1u-t17	4	1	tpl-220d50f73b8e4d7ba75aebb8	0	201	0.062870	PASS	none	b98989d19ece4254ab8f66a3cdeed7f1	PASS
r04-q01362-1u-t12	4	1	tpl-220d50f73b8e4d7ba75aebb8	0	201	0.054693	PASS	none	9cdf6515ba604ad5a1708c06d37342ff	PASS
r04-q01360-1u-t10	4	1	tpl-220d50f73b8e4d7ba75aebb8	0	201	0.060334	PASS	none	bba4e37473ad42a7b632ec08b3a3fae3	PASS
r04-q01372-1u-t22	4	1	tpl-220d50f73b8e4d7ba75aebb8	0	201	0.076950	PASS	none	cdb69b7df33c478799aa99fbed5d3c4e	PASS
r04-q01371-1u-t21	4	1	tpl-220d50f73b8e4d7ba75aebb8	0	201	0.061351	PASS	none	8cda02970fd045ac952239c6b6bf1172	PASS
r04-q01370-1u-t20	4	1	tpl-220d50f73b8e4d7ba75aebb8	0	201	0.060147	PASS	none	6b7d42571eee4c41a634e0a1f2fde026	PASS
r04-q01366-1u-t16	4	1	tpl-220d50f73b8e4d7ba75aebb8	0	201	0.060215	PASS	none	d969d43fc2b242dc84d361545524c8d7	PASS
r04-q01373-1u-t23	4	1	tpl-220d50f73b8e4d7ba75aebb8	0	201	0.061676	PASS	none	939a87775a574f81818ff10c99199a4d	PASS
r04-q01375-1u-t25	4	1	tpl-220d50f73b8e4d7ba75aebb8	0	201	0.062110	PASS	none	2e1c7b0126834fefb36e53e63a686709	PASS
r04-q01379-1u-t29	4	1	tpl-220d50f73b8e4d7ba75aebb8	0	201	0.062718	PASS	none	fc82fbab06e64d6ea979f5248fafe611	PASS
r04-q01369-1u-t19	4	1	tpl-220d50f73b8e4d7ba75aebb8	0	201	0.059038	PASS	none	ece9e025c5e5438c810a25894a144ca9	PASS
r04-q01384-1u-t34	4	1	tpl-220d50f73b8e4d7ba75aebb8	0	201	0.068536	PASS	none	13757c62f8b543eab1d6397049b86498	PASS
r04-q01381-1u-t31	4	1	tpl-220d50f73b8e4d7ba75aebb8	0	201	0.071096	PASS	none	49156c51818241ecab0bdc764b4fe74b	PASS
r04-q01377-1u-t27	4	1	tpl-220d50f73b8e4d7ba75aebb8	0	201	0.065612	PASS	none	3db9c08f12964fd69f2b28ff655b2376	PASS
r04-q01374-1u-t24	4	1	tpl-220d50f73b8e4d7ba75aebb8	0	201	0.079971	PASS	none	15fede0b78874df393e42bea572d6b82	PASS
r04-q01382-1u-t32	4	1	tpl-220d50f73b8e4d7ba75aebb8	0	201	0.078629	PASS	none	f2b99bdd336e4caeaf00317570019bde	PASS
r04-q01383-1u-t33	4	1	tpl-220d50f73b8e4d7ba75aebb8	0	201	0.065556	PASS	none	89b7205f07b14fc7b64ece33697e6fec	PASS
r04-q01380-1u-t30	4	1	tpl-220d50f73b8e4d7ba75aebb8	0	201	0.069938	PASS	none	f379accfd95041d8ac1d6328e895defc	PASS
r04-q01390-1u-t40	4	1	tpl-220d50f73b8e4d7ba75aebb8	0	201	0.068409	PASS	none	696e9c6abcb0465a8c6d9b7b7ec78351	PASS
r04-q01389-1u-t39	4	1	tpl-220d50f73b8e4d7ba75aebb8	0	201	0.063693	PASS	none	c95633ebd07f4d25abc596dd1e8c0eb1	PASS
r04-q01376-1u-t26	4	1	tpl-220d50f73b8e4d7ba75aebb8	0	201	0.063420	PASS	none	4d23d17ceb024a17bf6e7e74cb679728	PASS
r04-q01378-1u-t28	4	1	tpl-220d50f73b8e4d7ba75aebb8	0	201	0.060761	PASS	none	0e0b23a8476e45689d66d966f6e9d013	PASS
r04-q01398-1u-t48	4	1	tpl-220d50f73b8e4d7ba75aebb8	0	201	0.071197	PASS	none	a4b164eef22349d28e8057f6ace7c416	PASS
r04-q01393-1u-t43	4	1	tpl-220d50f73b8e4d7ba75aebb8	0	201	0.080231	PASS	none	9197c4482cc24adab0de5017183da5f9	PASS
r04-q01388-1u-t38	4	1	tpl-220d50f73b8e4d7ba75aebb8	0	201	0.062730	PASS	none	c081acb6a888482b84742def5a5f10d4	PASS
r04-q01386-1u-t36	4	1	tpl-220d50f73b8e4d7ba75aebb8	0	201	0.063802	PASS	none	0ab31ffe307a4c2e9a3789d3c27267bb	PASS
r04-q01387-1u-t37	4	1	tpl-220d50f73b8e4d7ba75aebb8	0	201	0.068448	PASS	none	be711f1865d540cbb30e2d58e2a8e58d	PASS
r04-q01391-1u-t41	4	1	tpl-220d50f73b8e4d7ba75aebb8	0	201	0.074488	PASS	none	c72ab986e7854e9a9e153bba4432582a	PASS
r04-q01385-1u-t35	4	1	tpl-220d50f73b8e4d7ba75aebb8	0	201	0.068945	PASS	none	e2fdc2f2f8a147be82794ba8b312edc6	PASS
r04-q01392-1u-t42	4	1	tpl-220d50f73b8e4d7ba75aebb8	0	201	0.077724	PASS	none	e2a18b3c178e4123b7b89ce8ca2bc606	PASS
r04-q01396-1u-t46	4	1	tpl-220d50f73b8e4d7ba75aebb8	0	201	0.074417	PASS	none	0b2c8439d8164f0387aefca6878d055e	PASS
r04-q01394-1u-t44	4	1	tpl-220d50f73b8e4d7ba75aebb8	0	201	0.082009	PASS	none	17acf734e868487088fda3b2f8600a49	PASS
r04-q01400-1u-t50	4	1	tpl-220d50f73b8e4d7ba75aebb8	0	201	0.070425	PASS	none	217c340676e945f58bfd33933dcfec6c	PASS
r04-q01397-1u-t47	4	1	tpl-220d50f73b8e4d7ba75aebb8	0	201	0.080113	PASS	none	a6df73e4f8ae4b109d523db73d68aee6	PASS
r04-q01395-1u-t45	4	1	tpl-220d50f73b8e4d7ba75aebb8	0	201	0.080360	PASS	none	38d3196d0dd8427e926ce9d0f8abdf41	PASS
r04-q01399-1u-t49	4	1	tpl-220d50f73b8e4d7ba75aebb8	0	201	0.083984	PASS	none	43b243644ba1434ea659873332788187	PASS
r05-q01406-1u-t6	5	1	tpl-220d50f73b8e4d7ba75aebb8	0	201	0.054268	PASS	none	e1a54ac592d74714af3a0ec51b83cdcb	PASS
r05-q01408-1u-t8	5	1	tpl-220d50f73b8e4d7ba75aebb8	0	201	0.054979	PASS	none	cb3f0aedad7a44f0b8f8b1c60d775680	PASS
r05-q01401-1u-t1	5	1	tpl-220d50f73b8e4d7ba75aebb8	0	201	0.047497	PASS	none	92aa463dc6f74b8ebed7c57d08fe0bb4	PASS
r05-q01405-1u-t5	5	1	tpl-220d50f73b8e4d7ba75aebb8	0	201	0.043916	PASS	none	eeee0149ef3c416a840e45f2ab97a0c7	PASS
r05-q01402-1u-t2	5	1	tpl-220d50f73b8e4d7ba75aebb8	0	201	0.055346	PASS	none	93d4416ba1354e0d80d980e2aaa3a47b	PASS
r05-q01410-1u-t10	5	1	tpl-220d50f73b8e4d7ba75aebb8	0	201	0.053738	PASS	none	4b2f217a3b4947c8836333f4f1c95a9a	PASS
r05-q01403-1u-t3	5	1	tpl-220d50f73b8e4d7ba75aebb8	0	201	0.048217	PASS	none	e72464db93b2480988930a2112d47913	PASS
r05-q01413-1u-t13	5	1	tpl-220d50f73b8e4d7ba75aebb8	0	201	0.055548	PASS	none	dbc4cc6929644f81bc9a8bd7d3ecbc13	PASS
r05-q01409-1u-t9	5	1	tpl-220d50f73b8e4d7ba75aebb8	0	201	0.057431	PASS	none	8a22d3204c624456a3280f5a24a21ab1	PASS
r05-q01411-1u-t11	5	1	tpl-220d50f73b8e4d7ba75aebb8	0	201	0.054956	PASS	none	10da22b17dbb4932afd9514368ca4150	PASS
r05-q01407-1u-t7	5	1	tpl-220d50f73b8e4d7ba75aebb8	0	201	0.064387	PASS	none	8c3d3ceaab604b0990395484eb55979e	PASS
r05-q01404-1u-t4	5	1	tpl-220d50f73b8e4d7ba75aebb8	0	201	0.044934	PASS	none	5ee553b408b8433a9cbfb36442391af8	PASS
r05-q01412-1u-t12	5	1	tpl-220d50f73b8e4d7ba75aebb8	0	201	0.054858	PASS	none	8bbf87259e344daa81d5d6d1329e44a0	PASS
r05-q01432-1u-t32	5	1	tpl-220d50f73b8e4d7ba75aebb8	0	201	0.072298	PASS	none	464e14fddff04afc847d9231deb8354c	PASS
r05-q01418-1u-t18	5	1	tpl-220d50f73b8e4d7ba75aebb8	0	201	0.063613	PASS	none	61851ad79d57438dae18b605c3d701f6	PASS
r05-q01415-1u-t15	5	1	tpl-220d50f73b8e4d7ba75aebb8	0	201	0.078732	PASS	none	f6730b722bfd49bdafbfece883b6d32e	PASS
r05-q01416-1u-t16	5	1	tpl-220d50f73b8e4d7ba75aebb8	0	201	0.063028	PASS	none	f54c9b61536c4fefab7ccb5e734c81c2	PASS
r05-q01424-1u-t24	5	1	tpl-220d50f73b8e4d7ba75aebb8	0	201	0.071248	PASS	none	6584d3e3162e445e920b089a0a4292de	PASS
r05-q01420-1u-t20	5	1	tpl-220d50f73b8e4d7ba75aebb8	0	201	0.061653	PASS	none	08ea89fc4f604673a2bc9f5cb46ff744	PASS
r05-q01431-1u-t31	5	1	tpl-220d50f73b8e4d7ba75aebb8	0	201	0.068852	PASS	none	4e0c1b02ac8440328eee87f755fe0671	PASS
r05-q01429-1u-t29	5	1	tpl-220d50f73b8e4d7ba75aebb8	0	201	0.068495	PASS	none	ad4650467b63445ca0edfae4a57baddc	PASS
r05-q01414-1u-t14	5	1	tpl-220d50f73b8e4d7ba75aebb8	0	201	0.057868	PASS	none	47ea7d0a68ce4b7db1fc2ab57f3eecbe	PASS
r05-q01439-1u-t39	5	1	tpl-220d50f73b8e4d7ba75aebb8	0	201	0.073105	PASS	none	c152af323cee4ffd90dd83dc224cc469	PASS
r05-q01447-1u-t47	5	1	tpl-220d50f73b8e4d7ba75aebb8	0	201	0.072210	PASS	none	23b871142106454da1b753043d52bb8a	PASS
r05-q01437-1u-t37	5	1	tpl-220d50f73b8e4d7ba75aebb8	0	201	0.069282	PASS	none	02f5599e3d4049cd8619b067a6de9c40	PASS
r05-q01419-1u-t19	5	1	tpl-220d50f73b8e4d7ba75aebb8	0	201	0.061092	PASS	none	d51dcbe832d643fc98604cee101ed5e2	PASS
r05-q01446-1u-t46	5	1	tpl-220d50f73b8e4d7ba75aebb8	0	201	0.081091	PASS	none	b03e801e0e0f41a8834336c7b8e28e86	PASS
r05-q01423-1u-t23	5	1	tpl-220d50f73b8e4d7ba75aebb8	0	201	0.061011	PASS	none	d6194463c3184ba5b85b73f0ee3dc7f0	PASS
r05-q01433-1u-t33	5	1	tpl-220d50f73b8e4d7ba75aebb8	0	201	0.070443	PASS	none	4eed362849e941d79c94988375f8ab76	PASS
r05-q01435-1u-t35	5	1	tpl-220d50f73b8e4d7ba75aebb8	0	201	0.069215	PASS	none	34988703400b4c4ca4d76a2d902ee8dd	PASS
r05-q01427-1u-t27	5	1	tpl-220d50f73b8e4d7ba75aebb8	0	201	0.070127	PASS	none	c459b70c17df4fc5bd7527d60da20026	PASS
r05-q01444-1u-t44	5	1	tpl-220d50f73b8e4d7ba75aebb8	0	201	0.085688	PASS	none	9ae8942080c348f79fd06048d887db0c	PASS
r05-q01426-1u-t26	5	1	tpl-220d50f73b8e4d7ba75aebb8	0	201	0.083200	PASS	none	071a425146a9464297b009eb445ba8b4	PASS
r05-q01425-1u-t25	5	1	tpl-220d50f73b8e4d7ba75aebb8	0	201	0.076329	PASS	none	0dc715c6beac4aab91ed1d537c94839d	PASS
r05-q01443-1u-t43	5	1	tpl-220d50f73b8e4d7ba75aebb8	0	201	0.087066	PASS	none	03d32d6da7ad4c828de10022cb982771	PASS
r05-q01442-1u-t42	5	1	tpl-220d50f73b8e4d7ba75aebb8	0	201	0.085803	PASS	none	97bf2aef90694fc4806ebc501ea5300f	PASS
r05-q01441-1u-t41	5	1	tpl-220d50f73b8e4d7ba75aebb8	0	201	0.072110	PASS	none	fd5a965882f2484abd3408646bc1e7cf	PASS
r05-q01422-1u-t22	5	1	tpl-220d50f73b8e4d7ba75aebb8	0	201	0.059275	PASS	none	93ba1bb8332b4e4e82893d101af46cbc	PASS
r05-q01450-1u-t50	5	1	tpl-220d50f73b8e4d7ba75aebb8	0	201	0.072811	PASS	none	1fa1c15ea44347d484f610b1c81a7a0c	PASS
r05-q01430-1u-t30	5	1	tpl-220d50f73b8e4d7ba75aebb8	0	201	0.079689	PASS	none	30dd2798b0e24dbd8ec945348c5503a9	PASS
r05-q01434-1u-t34	5	1	tpl-220d50f73b8e4d7ba75aebb8	0	201	0.065203	PASS	none	a85b0c9f71a94bb7af2c40cab3741fa3	PASS
r05-q01440-1u-t40	5	1	tpl-220d50f73b8e4d7ba75aebb8	0	201	0.070949	PASS	none	b626ec4f4a1449fe8db2cc6dd0143caa	PASS
r05-q01438-1u-t38	5	1	tpl-220d50f73b8e4d7ba75aebb8	0	201	0.072394	PASS	none	a7e6762b76f6471fbb88a59a60ce184d	PASS
r05-q01445-1u-t45	5	1	tpl-220d50f73b8e4d7ba75aebb8	0	201	0.087565	PASS	none	1be6c74710d94c1abcfb9f11ba0afb7f	PASS
r05-q01417-1u-t17	5	1	tpl-220d50f73b8e4d7ba75aebb8	0	201	0.064831	PASS	none	e8d41f493db343b485dbd6cdeed4187e	PASS
r05-q01449-1u-t49	5	1	tpl-220d50f73b8e4d7ba75aebb8	0	201	0.073941	PASS	none	891720a48a614cccb091af3a8951b4a8	PASS
r05-q01448-1u-t48	5	1	tpl-220d50f73b8e4d7ba75aebb8	0	201	0.086116	PASS	none	155c92f5410844879bf0487637d319a7	PASS
r05-q01421-1u-t21	5	1	tpl-220d50f73b8e4d7ba75aebb8	0	201	0.062864	PASS	none	b715f0863a004e00a5d3eae5e1d9e180	PASS
r05-q01428-1u-t28	5	1	tpl-220d50f73b8e4d7ba75aebb8	0	201	0.069466	PASS	none	ec3c9b8bb9e44db6b1e2e769656e7ee1	PASS
r05-q01436-1u-t36	5	1	tpl-220d50f73b8e4d7ba75aebb8	0	201	0.071142	PASS	none	08ecb8dc4a684bda8005b1ee4ed3130d	PASS
r06-q01453-1u-t3	6	1	tpl-220d50f73b8e4d7ba75aebb8	0	201	0.056047	PASS	none	28cf8e5a84ce4925ab55f3077db241d6	PASS
r06-q01462-1u-t12	6	1	tpl-220d50f73b8e4d7ba75aebb8	0	201	0.056759	PASS	none	efd27e12235b417c9b761a8ac041b03d	PASS
r06-q01451-1u-t1	6	1	tpl-220d50f73b8e4d7ba75aebb8	0	201	0.049502	PASS	none	832a67132ab2439f85132583e2b8937b	PASS
r06-q01454-1u-t4	6	1	tpl-220d50f73b8e4d7ba75aebb8	0	201	0.052522	PASS	none	f6c1a60733da4b4f9e7b27f40d7fd4b2	PASS
r06-q01455-1u-t5	6	1	tpl-220d50f73b8e4d7ba75aebb8	0	201	0.054630	PASS	none	b106bb1cf7bb4d2182694f073a7d046f	PASS
r06-q01459-1u-t9	6	1	tpl-220d50f73b8e4d7ba75aebb8	0	201	0.049525	PASS	none	f59278fff3a148868bb480b790985807	PASS
r06-q01457-1u-t7	6	1	tpl-220d50f73b8e4d7ba75aebb8	0	201	0.052795	PASS	none	b0bb5acaff8344049aa44872ae67f9db	PASS
r06-q01467-1u-t17	6	1	tpl-220d50f73b8e4d7ba75aebb8	0	201	0.063750	PASS	none	7ad4110466814586908cad56a7ec090f	PASS
r06-q01463-1u-t13	6	1	tpl-220d50f73b8e4d7ba75aebb8	0	201	0.054355	PASS	none	4dafc48d937b4a239513e43064ae80f3	PASS
r06-q01452-1u-t2	6	1	tpl-220d50f73b8e4d7ba75aebb8	0	201	0.053965	PASS	none	430843952ad34996af2c08d7e77ccd9e	PASS
r06-q01466-1u-t16	6	1	tpl-220d50f73b8e4d7ba75aebb8	0	201	0.056478	PASS	none	64e73d59a24745678e192218d7a31e32	PASS
r06-q01465-1u-t15	6	1	tpl-220d50f73b8e4d7ba75aebb8	0	201	0.057701	PASS	none	1cc8580ed7af4babaf26d4c68a6902ff	PASS
r06-q01460-1u-t10	6	1	tpl-220d50f73b8e4d7ba75aebb8	0	201	0.060675	PASS	none	160f2cc8d08c4e83b7df59dcdd5041a7	PASS
r06-q01456-1u-t6	6	1	tpl-220d50f73b8e4d7ba75aebb8	0	201	0.054098	PASS	none	98ba90d174aa4094b4d833479f8d3149	PASS
r06-q01464-1u-t14	6	1	tpl-220d50f73b8e4d7ba75aebb8	0	201	0.058159	PASS	none	6823789031f84d37accec0f9ce44c088	PASS
r06-q01458-1u-t8	6	1	tpl-220d50f73b8e4d7ba75aebb8	0	201	0.066164	PASS	none	c959262849504df78fc9a8e7dad39c15	PASS
r06-q01469-1u-t19	6	1	tpl-220d50f73b8e4d7ba75aebb8	0	201	0.058705	PASS	none	3387bf4d550a4d6896d1474e23ccb50e	PASS
r06-q01475-1u-t25	6	1	tpl-220d50f73b8e4d7ba75aebb8	0	201	0.061579	PASS	none	b64b9d8bba1e4de8afc12e2f9b5b0499	PASS
r06-q01461-1u-t11	6	1	tpl-220d50f73b8e4d7ba75aebb8	0	201	0.054542	PASS	none	77ad18c03c6444399c55267eeb2c33b2	PASS
r06-q01472-1u-t22	6	1	tpl-220d50f73b8e4d7ba75aebb8	0	201	0.059000	PASS	none	756baa3814074a60bafac316070de0ee	PASS
r06-q01474-1u-t24	6	1	tpl-220d50f73b8e4d7ba75aebb8	0	201	0.066747	PASS	none	e470e1e683c4498d9bca2466a90dd140	PASS
r06-q01468-1u-t18	6	1	tpl-220d50f73b8e4d7ba75aebb8	0	201	0.060147	PASS	none	120e27f50ea846ada344cf25da56212c	PASS
r06-q01470-1u-t20	6	1	tpl-220d50f73b8e4d7ba75aebb8	0	201	0.058489	PASS	none	2a294e4ec7154a4280b49ecc2c6650e5	PASS
r06-q01477-1u-t27	6	1	tpl-220d50f73b8e4d7ba75aebb8	0	201	0.062864	PASS	none	6ad6ab8271e441b188317f163f1a5719	PASS
r06-q01476-1u-t26	6	1	tpl-220d50f73b8e4d7ba75aebb8	0	201	0.065576	PASS	none	861bf95b1e3e44f19b24b4fef5c129fe	PASS
r06-q01471-1u-t21	6	1	tpl-220d50f73b8e4d7ba75aebb8	0	201	0.081774	PASS	none	1b63fa692e3e4e0ea9085ce99bc36986	PASS
r06-q01482-1u-t32	6	1	tpl-220d50f73b8e4d7ba75aebb8	0	201	0.073373	PASS	none	67ea2545371e48e68fa48424f2d3fb08	PASS
r06-q01486-1u-t36	6	1	tpl-220d50f73b8e4d7ba75aebb8	0	201	0.075932	PASS	none	f1fe531d55c644598e2ef6bf0c25d9e3	PASS
r06-q01478-1u-t28	6	1	tpl-220d50f73b8e4d7ba75aebb8	0	201	0.079614	PASS	none	c1d36b50f758427e9420480a6b387855	PASS
r06-q01484-1u-t34	6	1	tpl-220d50f73b8e4d7ba75aebb8	0	201	0.080897	PASS	none	6b03aecd7ae941179fb5783f5acddfbf	PASS
r06-q01473-1u-t23	6	1	tpl-220d50f73b8e4d7ba75aebb8	0	201	0.079824	PASS	none	c4498947e162450093c477a2c66062d0	PASS
r06-q01491-1u-t41	6	1	tpl-220d50f73b8e4d7ba75aebb8	0	201	0.068641	PASS	none	fd6c53d0ce094d108d855a26089e44b5	PASS
r06-q01480-1u-t30	6	1	tpl-220d50f73b8e4d7ba75aebb8	0	201	0.073375	PASS	none	aff5a788d2e6478592044a9201d69302	PASS
r06-q01483-1u-t33	6	1	tpl-220d50f73b8e4d7ba75aebb8	0	201	0.086722	PASS	none	2e8aab2b5c4241608bac95e55f2261c0	PASS
r06-q01485-1u-t35	6	1	tpl-220d50f73b8e4d7ba75aebb8	0	201	0.075429	PASS	none	b1094757ceb449e0a37ba1f5831802f0	PASS
r06-q01489-1u-t39	6	1	tpl-220d50f73b8e4d7ba75aebb8	0	201	0.065452	PASS	none	121caa02ebbd4ffd8c1a423017df2abc	PASS
r06-q01481-1u-t31	6	1	tpl-220d50f73b8e4d7ba75aebb8	0	201	0.066379	PASS	none	95c7878ad0814a489df3e10a5d130247	PASS
r06-q01479-1u-t29	6	1	tpl-220d50f73b8e4d7ba75aebb8	0	201	0.068087	PASS	none	9b14d9dcea06447da86c1d585e38977c	PASS
r06-q01490-1u-t40	6	1	tpl-220d50f73b8e4d7ba75aebb8	0	201	0.070081	PASS	none	f8ae0f053b5c4f1eb5e04cd2efffccd5	PASS
r06-q01487-1u-t37	6	1	tpl-220d50f73b8e4d7ba75aebb8	0	201	0.078587	PASS	none	a9cd8c17acf545488478fefd167b93d8	PASS
r06-q01493-1u-t43	6	1	tpl-220d50f73b8e4d7ba75aebb8	0	201	0.078408	PASS	none	e76d92b1020349a49d6f4a82daa8ef74	PASS
r06-q01495-1u-t45	6	1	tpl-220d50f73b8e4d7ba75aebb8	0	201	0.071086	PASS	none	2b5d333582774ab5861c8e838416ef12	PASS
r06-q01496-1u-t46	6	1	tpl-220d50f73b8e4d7ba75aebb8	0	201	0.072096	PASS	none	1867b5f4a5024a10aeda3e5a466b2bdc	PASS
r06-q01488-1u-t38	6	1	tpl-220d50f73b8e4d7ba75aebb8	0	201	0.081621	PASS	none	e11d311ac4f54e2ba706991e3d49648d	PASS
r06-q01494-1u-t44	6	1	tpl-220d50f73b8e4d7ba75aebb8	0	201	0.073866	PASS	none	b969a31eeed8400f98ee46c9c4bc706a	PASS
r06-q01497-1u-t47	6	1	tpl-220d50f73b8e4d7ba75aebb8	0	201	0.076480	PASS	none	6bda2a94b5294ed58233d444a8444ef2	PASS
r06-q01498-1u-t48	6	1	tpl-220d50f73b8e4d7ba75aebb8	0	201	0.082611	PASS	none	254eab2a599d4f49a96235813d6388ec	PASS
r06-q01492-1u-t42	6	1	tpl-220d50f73b8e4d7ba75aebb8	0	201	0.084637	PASS	none	ca81172a530e4163ab9ba2177e1a75a3	PASS
r06-q01499-1u-t49	6	1	tpl-220d50f73b8e4d7ba75aebb8	0	201	0.070698	PASS	none	5a97346a81f447959a66771f64375149	PASS
r06-q01500-1u-t50	6	1	tpl-220d50f73b8e4d7ba75aebb8	0	201	0.071499	PASS	none	4e5ef2c11ec84ba7ba4ba0469c654e04	PASS
r01-q01502-2u-t2	1	2	tpl-df5225981b9f4304bc9cc055	0	201	0.063187	PASS	none	9c2bfa41ec8c46e1845066823d105a60	PASS
r01-q01504-2u-t4	1	2	tpl-df5225981b9f4304bc9cc055	0	201	0.060306	PASS	none	6ccbb842bfce4756b97ed348fdb687c4	PASS
r01-q01511-2u-t11	1	2	tpl-df5225981b9f4304bc9cc055	0	201	0.056843	PASS	none	d4bc969d606a482785a6547992c70f1a	PASS
r01-q01501-2u-t1	1	2	tpl-df5225981b9f4304bc9cc055	0	201	0.055244	PASS	none	2941bdb16d6b400fa2634bb94e93386a	PASS
r01-q01509-2u-t9	1	2	tpl-df5225981b9f4304bc9cc055	0	201	0.051634	PASS	none	30fba83cf25b4ac39e39081a3ff9f3c0	PASS
r01-q01505-2u-t5	1	2	tpl-df5225981b9f4304bc9cc055	0	201	0.064532	PASS	none	288425d4d0b44f66b0188a809903f12d	PASS
r01-q01503-2u-t3	1	2	tpl-df5225981b9f4304bc9cc055	0	201	0.059938	PASS	none	08a69b6864344cd188a0d13a12bb3298	PASS
r01-q01508-2u-t8	1	2	tpl-df5225981b9f4304bc9cc055	0	201	0.056856	PASS	none	16692041b5a64809aa9007392b048457	PASS
r01-q01514-2u-t14	1	2	tpl-df5225981b9f4304bc9cc055	0	201	0.083260	PASS	none	e2eb5d63e02a4b4c9db5994783271147	PASS
r01-q01517-2u-t17	1	2	tpl-df5225981b9f4304bc9cc055	0	201	0.089110	PASS	none	5a484ed6a03a4d8fb9318772b2dd2611	PASS
r01-q01506-2u-t6	1	2	tpl-df5225981b9f4304bc9cc055	0	201	0.059748	PASS	none	a95c7060b9f14d8fb29afdbddda62243	PASS
r01-q01512-2u-t12	1	2	tpl-df5225981b9f4304bc9cc055	0	201	0.059601	PASS	none	fdd18a7b38dd483a9480c14649d9ed9e	PASS
r01-q01515-2u-t15	1	2	tpl-df5225981b9f4304bc9cc055	0	201	0.081387	PASS	none	4328af9678724c7eb684c4e034a39137	PASS
r01-q01510-2u-t10	1	2	tpl-df5225981b9f4304bc9cc055	0	201	0.072297	PASS	none	a51cb30b53f341ffa57152bbf674366a	PASS
r01-q01516-2u-t16	1	2	tpl-df5225981b9f4304bc9cc055	0	201	0.061341	PASS	none	6d3c105b9cab424c9fb2a7ded64975ab	PASS
r01-q01507-2u-t7	1	2	tpl-df5225981b9f4304bc9cc055	0	201	0.071564	PASS	none	e072b0cb91574ac7acf034930bc21bdc	PASS
r01-q01520-2u-t20	1	2	tpl-df5225981b9f4304bc9cc055	0	201	0.066660	PASS	none	4ad4b1eec0204f8b9ba40003f0979350	PASS
r01-q01513-2u-t13	1	2	tpl-df5225981b9f4304bc9cc055	0	201	0.066846	PASS	none	9c67182c9dec47ed80c80a24da69ad12	PASS
r01-q01519-2u-t19	1	2	tpl-df5225981b9f4304bc9cc055	0	201	0.081236	PASS	none	5475d38fcf974cd3a50b804152c620a0	PASS
r01-q01518-2u-t18	1	2	tpl-df5225981b9f4304bc9cc055	0	201	0.072704	PASS	none	737f51ff88e949f5ac102ed56c37922f	PASS
r01-q01521-2u-t21	1	2	tpl-df5225981b9f4304bc9cc055	0	201	0.078531	PASS	none	775c0caeb0134025bdc8cb4413c728e0	PASS
r01-q01526-2u-t26	1	2	tpl-df5225981b9f4304bc9cc055	0	201	0.076201	PASS	none	c7ef2d24ad944611baff27d48d5c5d71	PASS
r01-q01523-2u-t23	1	2	tpl-df5225981b9f4304bc9cc055	0	201	0.064425	PASS	none	ec4f3f33674f45359862e5c2afbcebdd	PASS
r01-q01528-2u-t28	1	2	tpl-df5225981b9f4304bc9cc055	0	201	0.082906	PASS	none	9bbba62da0e84bc9b72ed74531dd371e	PASS
r01-q01522-2u-t22	1	2	tpl-df5225981b9f4304bc9cc055	0	201	0.069420	PASS	none	c1da08e82ecf4874ad9037ed48916670	PASS
r01-q01525-2u-t25	1	2	tpl-df5225981b9f4304bc9cc055	0	201	0.093777	PASS	none	c351b1ba8d3645cebf9da47bc25744fe	PASS
r01-q01529-2u-t29	1	2	tpl-df5225981b9f4304bc9cc055	0	201	0.084822	PASS	none	b6c042e66cb74a86ba6fed22416f7b41	PASS
r01-q01544-2u-t44	1	2	tpl-df5225981b9f4304bc9cc055	0	201	0.082123	PASS	none	a429455009da42759b025dfce5ee0236	PASS
r01-q01532-2u-t32	1	2	tpl-df5225981b9f4304bc9cc055	0	201	0.083929	PASS	none	46f1782b65d64a80aa087e55e93481e6	PASS
r01-q01524-2u-t24	1	2	tpl-df5225981b9f4304bc9cc055	0	201	0.074042	PASS	none	10ed5e370c3646f69b5134215ca12a5d	PASS
r01-q01527-2u-t27	1	2	tpl-df5225981b9f4304bc9cc055	0	201	0.087288	PASS	none	8a3621548056499e8879b175716e4e3b	PASS
r01-q01534-2u-t34	1	2	tpl-df5225981b9f4304bc9cc055	0	201	0.081655	PASS	none	ffa3980559b1453b8b2c6598434ac5c1	PASS
r01-q01530-2u-t30	1	2	tpl-df5225981b9f4304bc9cc055	0	201	0.084581	PASS	none	6cfd403baeb044dc851192896216dd6e	PASS
r01-q01541-2u-t41	1	2	tpl-df5225981b9f4304bc9cc055	0	201	0.090646	PASS	none	785ac75673b84bc4a2c2e84829cf5b58	PASS
r01-q01536-2u-t36	1	2	tpl-df5225981b9f4304bc9cc055	0	201	0.082935	PASS	none	421d690e084f4cd6b6e9ab7114fd2240	PASS
r01-q01548-2u-t48	1	2	tpl-df5225981b9f4304bc9cc055	0	201	0.086221	PASS	none	329770ecfcee4deba5ea56e6b9e6ca79	PASS
r01-q01535-2u-t35	1	2	tpl-df5225981b9f4304bc9cc055	0	201	0.082507	PASS	none	bd2b40ac07d54d2fa502a656413d9745	PASS
r01-q01538-2u-t38	1	2	tpl-df5225981b9f4304bc9cc055	0	201	0.092441	PASS	none	52aae94a37b840a6b468942d46a0802b	PASS
r01-q01539-2u-t39	1	2	tpl-df5225981b9f4304bc9cc055	0	201	0.093341	PASS	none	e672f1da64344452ba79347a82641911	PASS
r01-q01547-2u-t47	1	2	tpl-df5225981b9f4304bc9cc055	0	201	0.091771	PASS	none	a2c271c8a8104f878164813d84d66c8e	PASS
r01-q01540-2u-t40	1	2	tpl-df5225981b9f4304bc9cc055	0	201	0.084871	PASS	none	4e772650d1554b13b9f1fe2ab355ef5e	PASS
r01-q01533-2u-t33	1	2	tpl-df5225981b9f4304bc9cc055	0	201	0.084428	PASS	none	89fa1a48d5cb4fbd9b9631bb679f009d	PASS
r01-q01545-2u-t45	1	2	tpl-df5225981b9f4304bc9cc055	0	201	0.094802	PASS	none	b3a2066e95594de6a8e95cf8af77168a	PASS
r01-q01543-2u-t43	1	2	tpl-df5225981b9f4304bc9cc055	0	201	0.088974	PASS	none	a71c6a245762422fa72e8ee243373824	PASS
r01-q01537-2u-t37	1	2	tpl-df5225981b9f4304bc9cc055	0	201	0.085088	PASS	none	84c7b885a6b8413696562af30e4ca616	PASS
r01-q01546-2u-t46	1	2	tpl-df5225981b9f4304bc9cc055	0	201	0.087365	PASS	none	c32a45821d284c79a7bf1eed03d313d0	PASS
r01-q01550-2u-t50	1	2	tpl-df5225981b9f4304bc9cc055	0	201	0.093964	PASS	none	ea46166ed08b480f8bdf900dd8fccb94	PASS
r01-q01549-2u-t49	1	2	tpl-df5225981b9f4304bc9cc055	0	201	0.085398	PASS	none	12aefa991a1c4b5785cc4138c510f33d	PASS
r01-q01542-2u-t42	1	2	tpl-df5225981b9f4304bc9cc055	0	201	0.085623	PASS	none	718861f1a9b947658807901eb2f9bac9	PASS
r01-q01531-2u-t31	1	2	tpl-df5225981b9f4304bc9cc055	0	201	0.084388	PASS	none	b5d4b49f9c7b4f9d900afb2dabf28c30	PASS
r02-q01551-2u-t1	2	2	tpl-df5225981b9f4304bc9cc055	0	201	0.069256	PASS	none	89404335020c44768afb9c072248c294	PASS
r02-q01555-2u-t5	2	2	tpl-df5225981b9f4304bc9cc055	0	201	0.055645	PASS	none	5425594dee9141448e2670eed112ce80	PASS
r02-q01559-2u-t9	2	2	tpl-df5225981b9f4304bc9cc055	0	201	0.055155	PASS	none	88230f46cbd449c89c20fc67c681955b	PASS
r02-q01564-2u-t14	2	2	tpl-df5225981b9f4304bc9cc055	0	201	0.069937	PASS	none	1644d04de74b46088d92254225b97559	PASS
r02-q01560-2u-t10	2	2	tpl-df5225981b9f4304bc9cc055	0	201	0.076865	PASS	none	5bb1c55006494a28a03f8fd61ceea858	PASS
r02-q01566-2u-t16	2	2	tpl-df5225981b9f4304bc9cc055	0	201	0.079122	PASS	none	7f05f8d116d14a048f7c79a211cdebbb	PASS
r02-q01557-2u-t7	2	2	tpl-df5225981b9f4304bc9cc055	0	201	0.053981	PASS	none	c6ea2a68358042dea31b52e05783befe	PASS
r02-q01554-2u-t4	2	2	tpl-df5225981b9f4304bc9cc055	0	201	0.075601	PASS	none	6699d539964b405f91b82c4ab3282d7c	PASS
r02-q01552-2u-t2	2	2	tpl-df5225981b9f4304bc9cc055	0	201	0.067330	PASS	none	0ec6ed144e4a43b4af56358cc349a6a8	PASS
r02-q01553-2u-t3	2	2	tpl-df5225981b9f4304bc9cc055	0	201	0.063448	PASS	none	d8d1d978928d48a99bdd97eb554befe0	PASS
r02-q01565-2u-t15	2	2	tpl-df5225981b9f4304bc9cc055	0	201	0.075693	PASS	none	364cf432ecc84cc095456a0f0c695fad	PASS
r02-q01562-2u-t12	2	2	tpl-df5225981b9f4304bc9cc055	0	201	0.065575	PASS	none	7abde903e39d4a6988b0fa7980655fad	PASS
r02-q01556-2u-t6	2	2	tpl-df5225981b9f4304bc9cc055	0	201	0.056792	PASS	none	4c10135396c64e78bbd306eb752bbc1d	PASS
r02-q01568-2u-t18	2	2	tpl-df5225981b9f4304bc9cc055	0	201	0.072128	PASS	none	f733ed74e3f54fe48454d3ac05ef708c	PASS
r02-q01558-2u-t8	2	2	tpl-df5225981b9f4304bc9cc055	0	201	0.059867	PASS	none	72502d2a4c474d82a48f096b76137f9f	PASS
r02-q01572-2u-t22	2	2	tpl-df5225981b9f4304bc9cc055	0	201	0.076694	PASS	none	14b6570f02484849813697aa63da790d	PASS
r02-q01567-2u-t17	2	2	tpl-df5225981b9f4304bc9cc055	0	201	0.068565	PASS	none	341904bb1e5c4d2095fcb5608005d895	PASS
r02-q01561-2u-t11	2	2	tpl-df5225981b9f4304bc9cc055	0	201	0.077140	PASS	none	da1a97ddcbe04f85a748b9c686d6ca6d	PASS
r02-q01573-2u-t23	2	2	tpl-df5225981b9f4304bc9cc055	0	201	0.071927	PASS	none	7f12e950d7894e6b8122f287fafd3fdf	PASS
r02-q01575-2u-t25	2	2	tpl-df5225981b9f4304bc9cc055	0	201	0.067910	PASS	none	934359bf64834b23a9619600e954518c	PASS
r02-q01574-2u-t24	2	2	tpl-df5225981b9f4304bc9cc055	0	201	0.075359	PASS	none	4ab7782fb46f4f9f9d1ea99d4f21d6ac	PASS
r02-q01571-2u-t21	2	2	tpl-df5225981b9f4304bc9cc055	0	201	0.080687	PASS	none	21093b7b3ad14560bfa11ec4706c4202	PASS
r02-q01576-2u-t26	2	2	tpl-df5225981b9f4304bc9cc055	0	201	0.075354	PASS	none	f19ffd70da484430ac4080552ac02a17	PASS
r02-q01570-2u-t20	2	2	tpl-df5225981b9f4304bc9cc055	0	201	0.065691	PASS	none	9f426e6a5ae041d1882d14e42a608ef3	PASS
r02-q01577-2u-t27	2	2	tpl-df5225981b9f4304bc9cc055	0	201	0.077630	PASS	none	ed5cfc0691094c429e09e5bdaf7deb80	PASS
r02-q01578-2u-t28	2	2	tpl-df5225981b9f4304bc9cc055	0	201	0.073329	PASS	none	2dd02a752c794afea09c710f2f4e3e25	PASS
r02-q01569-2u-t19	2	2	tpl-df5225981b9f4304bc9cc055	0	201	0.075647	PASS	none	82961b545d664d41818b1ed5974d9009	PASS
r02-q01563-2u-t13	2	2	tpl-df5225981b9f4304bc9cc055	0	201	0.083954	PASS	none	06e919532fe54c90a90bb1bca2dcafd1	PASS
r02-q01583-2u-t33	2	2	tpl-df5225981b9f4304bc9cc055	0	201	0.095363	PASS	none	d8822117b86d4a338dfca497bf350d03	PASS
r02-q01579-2u-t29	2	2	tpl-df5225981b9f4304bc9cc055	0	201	0.079706	PASS	none	08522f5897944be5acc6b08a480da64d	PASS
r02-q01584-2u-t34	2	2	tpl-df5225981b9f4304bc9cc055	0	201	0.082233	PASS	none	0e3f518a508d490e89a5461e726d027b	PASS
r02-q01580-2u-t30	2	2	tpl-df5225981b9f4304bc9cc055	0	201	0.083831	PASS	none	617abb88046541a29516b97bfb996bdd	PASS
r02-q01587-2u-t37	2	2	tpl-df5225981b9f4304bc9cc055	0	201	0.080474	PASS	none	ca4c7644a1d847de9dc02b1c8bf7d3e6	PASS
r02-q01585-2u-t35	2	2	tpl-df5225981b9f4304bc9cc055	0	201	0.084249	PASS	none	baad92141c0e4c708bb869a131d7bafb	PASS
r02-q01590-2u-t40	2	2	tpl-df5225981b9f4304bc9cc055	0	201	0.101652	PASS	none	08c47a386cc64c2c95ac31390cd00291	PASS
r02-q01586-2u-t36	2	2	tpl-df5225981b9f4304bc9cc055	0	201	0.089001	PASS	none	75a491e92bb84ecd9465189d974806ba	PASS
r02-q01581-2u-t31	2	2	tpl-df5225981b9f4304bc9cc055	0	201	0.086403	PASS	none	457a845cacf344baa92466bdd42cd46c	PASS
r02-q01588-2u-t38	2	2	tpl-df5225981b9f4304bc9cc055	0	201	0.082760	PASS	none	1f33e2d2bf8342a9a313293530fc937f	PASS
r02-q01589-2u-t39	2	2	tpl-df5225981b9f4304bc9cc055	0	201	0.078575	PASS	none	64caab00ce3d43338c7b36895c431380	PASS
r02-q01582-2u-t32	2	2	tpl-df5225981b9f4304bc9cc055	0	201	0.080716	PASS	none	810d64f9682b4630bcc556a5899c83f3	PASS
r02-q01599-2u-t49	2	2	tpl-df5225981b9f4304bc9cc055	0	201	0.081294	PASS	none	814c0c89f25f4cc8b8d1ae1ea700a4f2	PASS
r02-q01595-2u-t45	2	2	tpl-df5225981b9f4304bc9cc055	0	201	0.087812	PASS	none	2a574a8a9d3c4175a6194e4cac3cfa01	PASS
r02-q01592-2u-t42	2	2	tpl-df5225981b9f4304bc9cc055	0	201	0.089013	PASS	none	bcf2e64b9e5e44e5af01e2e4f4ab11a7	PASS
r02-q01594-2u-t44	2	2	tpl-df5225981b9f4304bc9cc055	0	201	0.092682	PASS	none	a4c0de0e9231488b982f116921408852	PASS
r02-q01598-2u-t48	2	2	tpl-df5225981b9f4304bc9cc055	0	201	0.082831	PASS	none	e975c8f2b10e45b98ce85eddfd40a79a	PASS
r02-q01593-2u-t43	2	2	tpl-df5225981b9f4304bc9cc055	0	201	0.094256	PASS	none	f380c8e2a46c4da79548cf32064dc610	PASS
r02-q01596-2u-t46	2	2	tpl-df5225981b9f4304bc9cc055	0	201	0.085521	PASS	none	6e10fff88d2f4f8da15c396f10fca00e	PASS
r02-q01591-2u-t41	2	2	tpl-df5225981b9f4304bc9cc055	0	201	0.093290	PASS	none	a254c887e041422f816e47c4fe7906e3	PASS
r02-q01597-2u-t47	2	2	tpl-df5225981b9f4304bc9cc055	0	201	0.086532	PASS	none	8b7e0d0bef9f40c09541635bb074b9f7	PASS
r02-q01600-2u-t50	2	2	tpl-df5225981b9f4304bc9cc055	0	201	0.086174	PASS	none	7506afc041d4465a90f4594f37e7107d	PASS
r03-q01606-2u-t6	3	2	tpl-df5225981b9f4304bc9cc055	0	201	0.061379	PASS	none	8f5949d5202b4c1e84b501e1547553b0	PASS
r03-q01602-2u-t2	3	2	tpl-df5225981b9f4304bc9cc055	0	201	0.061676	PASS	none	9269fb44b8cb4d00a01bcfc2ea3d5e2b	PASS
r03-q01605-2u-t5	3	2	tpl-df5225981b9f4304bc9cc055	0	201	0.066991	PASS	none	9fcc55ca9d2a479eb6ba19948b6fd802	PASS
r03-q01601-2u-t1	3	2	tpl-df5225981b9f4304bc9cc055	0	201	0.089010	PASS	none	f4895ce8a84045809ae625260939b7ac	PASS
r03-q01608-2u-t8	3	2	tpl-df5225981b9f4304bc9cc055	0	201	0.080827	PASS	none	7f65b3b472a749c69a81d4d57ffece2a	PASS
r03-q01609-2u-t9	3	2	tpl-df5225981b9f4304bc9cc055	0	201	0.062776	PASS	none	11e230a231cf450480adbb2eb4a77edc	PASS
r03-q01607-2u-t7	3	2	tpl-df5225981b9f4304bc9cc055	0	201	0.081875	PASS	none	bb63a3a5272041b699139f57586fa5db	PASS
r03-q01603-2u-t3	3	2	tpl-df5225981b9f4304bc9cc055	0	201	0.093793	PASS	none	a9017209eb7b471ca23420aba9e2ca0a	PASS
r03-q01604-2u-t4	3	2	tpl-df5225981b9f4304bc9cc055	0	201	0.066607	PASS	none	b31354b221df4481b0d08ce6e233582b	PASS
r03-q01613-2u-t13	3	2	tpl-df5225981b9f4304bc9cc055	0	201	0.079070	PASS	none	cbef93592518455aab77f6f18ab4935c	PASS
r03-q01618-2u-t18	3	2	tpl-df5225981b9f4304bc9cc055	0	201	0.073468	PASS	none	311d8b735b2544fa8a6feefeacb47216	PASS
r03-q01611-2u-t11	3	2	tpl-df5225981b9f4304bc9cc055	0	201	0.075355	PASS	none	d76b15a7f841453d96fcceac44535c5f	PASS
r03-q01614-2u-t14	3	2	tpl-df5225981b9f4304bc9cc055	0	201	0.073889	PASS	none	0a4ba3ceb9e5490abdfdccaf0c9144ce	PASS
r03-q01615-2u-t15	3	2	tpl-df5225981b9f4304bc9cc055	0	201	0.073991	PASS	none	2314d705ae904df2911d84d77f3db647	PASS
r03-q01621-2u-t21	3	2	tpl-df5225981b9f4304bc9cc055	0	201	0.071064	PASS	none	00f4f2d317e043cc9960ebffa830c767	PASS
r03-q01610-2u-t10	3	2	tpl-df5225981b9f4304bc9cc055	0	201	0.072908	PASS	none	b1a1b5e1b6574765afcd686a9042c185	PASS
r03-q01612-2u-t12	3	2	tpl-df5225981b9f4304bc9cc055	0	201	0.077991	PASS	none	9852e1d0e1aa4734ba01a43c70a9cdd7	PASS
r03-q01619-2u-t19	3	2	tpl-df5225981b9f4304bc9cc055	0	201	0.089236	PASS	none	8d7edf7eadcd4b44a9f65f9bf9e9233b	PASS
r03-q01616-2u-t16	3	2	tpl-df5225981b9f4304bc9cc055	0	201	0.075343	PASS	none	93fd41336add447fa25aef2828d1ece3	PASS
r03-q01622-2u-t22	3	2	tpl-df5225981b9f4304bc9cc055	0	201	0.078980	PASS	none	c989087cbf5f40428fe6d89de491670d	PASS
r03-q01620-2u-t20	3	2	tpl-df5225981b9f4304bc9cc055	0	201	0.083023	PASS	none	503c706c4e67486a8b11256a1fad46b1	PASS
r03-q01624-2u-t24	3	2	tpl-df5225981b9f4304bc9cc055	0	201	0.078545	PASS	none	7dd1af9db607403b919ac5beb524e232	PASS
r03-q01623-2u-t23	3	2	tpl-df5225981b9f4304bc9cc055	0	201	0.090090	PASS	none	57e8b6dd29ec41ccae3e89fd3c6b3756	PASS
r03-q01627-2u-t27	3	2	tpl-df5225981b9f4304bc9cc055	0	201	0.077920	PASS	none	e847c8427c2743ed86fe164acb9204ba	PASS
r03-q01617-2u-t17	3	2	tpl-df5225981b9f4304bc9cc055	0	201	0.079205	PASS	none	dfa25017b0584b2481d9b5277dc25469	PASS
r03-q01625-2u-t25	3	2	tpl-df5225981b9f4304bc9cc055	0	201	0.076507	PASS	none	8168057241e24783959329abf9b95b88	PASS
r03-q01626-2u-t26	3	2	tpl-df5225981b9f4304bc9cc055	0	201	0.076840	PASS	none	f2f6365be8ff41b7ad3961aba8148114	PASS
r03-q01628-2u-t28	3	2	tpl-df5225981b9f4304bc9cc055	0	201	0.083365	PASS	none	6bece61e87604697a48c2c8a98725729	PASS
r03-q01631-2u-t31	3	2	tpl-df5225981b9f4304bc9cc055	0	201	0.082277	PASS	none	5fa3d526ee7f4f4f8f70e090213843c4	PASS
r03-q01634-2u-t34	3	2	tpl-df5225981b9f4304bc9cc055	0	201	0.089992	PASS	none	4f061a33961240c08c030ca41aedd7e0	PASS
r03-q01635-2u-t35	3	2	tpl-df5225981b9f4304bc9cc055	0	201	0.091484	PASS	none	a74b557418324c9c91ed14ba633bbc79	PASS
r03-q01633-2u-t33	3	2	tpl-df5225981b9f4304bc9cc055	0	201	0.088635	PASS	none	3783d369de7b41889dd0c794cf31785b	PASS
r03-q01629-2u-t29	3	2	tpl-df5225981b9f4304bc9cc055	0	201	0.077765	PASS	none	e839b9d1f97a4514b0f4d9c359e72028	PASS
r03-q01630-2u-t30	3	2	tpl-df5225981b9f4304bc9cc055	0	201	0.093161	PASS	none	f68b4a7fafb94736a6830460b9374cb0	PASS
r03-q01632-2u-t32	3	2	tpl-df5225981b9f4304bc9cc055	0	201	0.080037	PASS	none	3eeaa3af4c3148338c08be0420df4d8a	PASS
r03-q01636-2u-t36	3	2	tpl-df5225981b9f4304bc9cc055	0	201	0.088036	PASS	none	99f20b424ff64c35bf34b55689bbc7ac	PASS
r03-q01641-2u-t41	3	2	tpl-df5225981b9f4304bc9cc055	0	201	0.086200	PASS	none	d3cdbe56b8194e9c95636939af2f4eb4	PASS
r03-q01642-2u-t42	3	2	tpl-df5225981b9f4304bc9cc055	0	201	0.082446	PASS	none	1b7f6cc059bf4df78dfdd80bce77a862	PASS
r03-q01639-2u-t39	3	2	tpl-df5225981b9f4304bc9cc055	0	201	0.089858	PASS	none	0c874ac6c1b648149bac21a970e45c76	PASS
r03-q01637-2u-t37	3	2	tpl-df5225981b9f4304bc9cc055	0	201	0.093424	PASS	none	172de8de08284204b9b3c476ce348990	PASS
r03-q01643-2u-t43	3	2	tpl-df5225981b9f4304bc9cc055	0	201	0.081960	PASS	none	63ef5ceffb6e4060a473b4938aba1933	PASS
r03-q01640-2u-t40	3	2	tpl-df5225981b9f4304bc9cc055	0	201	0.079079	PASS	none	b70428dccf8749d68ef38182181aaa68	PASS
r03-q01638-2u-t38	3	2	tpl-df5225981b9f4304bc9cc055	0	201	0.085357	PASS	none	bfa0e44e0cba402aa8a6b99569a4c31d	PASS
r03-q01644-2u-t44	3	2	tpl-df5225981b9f4304bc9cc055	0	201	0.087732	PASS	none	e2e531015e444dea8e0a3b67a448c239	PASS
r03-q01645-2u-t45	3	2	tpl-df5225981b9f4304bc9cc055	0	201	0.085271	PASS	none	a2c4d179cc6a406c880294e87bb66f7d	PASS
r03-q01647-2u-t47	3	2	tpl-df5225981b9f4304bc9cc055	0	201	0.089745	PASS	none	d9dd04ccb4ca478ebb27c32c2d060610	PASS
r03-q01650-2u-t50	3	2	tpl-df5225981b9f4304bc9cc055	0	201	0.076141	PASS	none	5f64d4bf2d9c4a9fadb7dc063af24f36	PASS
r03-q01648-2u-t48	3	2	tpl-df5225981b9f4304bc9cc055	0	201	0.089016	PASS	none	b9660ba533754bda9b9408f6df837b58	PASS
r03-q01649-2u-t49	3	2	tpl-df5225981b9f4304bc9cc055	0	201	0.086423	PASS	none	46d87b64a9a2459f9279dd0f90a2ba5a	PASS
r03-q01646-2u-t46	3	2	tpl-df5225981b9f4304bc9cc055	0	201	0.088573	PASS	none	5190ec5658ad4706ba426a1b13ddffea	PASS
r04-q01660-2u-t10	4	2	tpl-df5225981b9f4304bc9cc055	0	201	0.066454	PASS	none	b4e1d95ddf5d4ef2b204bcef030d70f0	PASS
r04-q01652-2u-t2	4	2	tpl-df5225981b9f4304bc9cc055	0	201	0.052991	PASS	none	e3cdd8b1bef24e108a18bf432859b945	PASS
r04-q01661-2u-t11	4	2	tpl-df5225981b9f4304bc9cc055	0	201	0.069904	PASS	none	8232ea6292c44497b3a68b864281595a	PASS
r04-q01655-2u-t5	4	2	tpl-df5225981b9f4304bc9cc055	0	201	0.091735	PASS	none	b27b582b459348d590f9807886c499ca	PASS
r04-q01657-2u-t7	4	2	tpl-df5225981b9f4304bc9cc055	0	201	0.063956	PASS	none	399ce39586f04091b4f55b03808ec327	PASS
r04-q01659-2u-t9	4	2	tpl-df5225981b9f4304bc9cc055	0	201	0.079526	PASS	none	18ce7fc226fe4bcd8abc0245b04d4f4b	PASS
r04-q01658-2u-t8	4	2	tpl-df5225981b9f4304bc9cc055	0	201	0.061863	PASS	none	0fc66673ff8d4042a67a5ab31afc5caf	PASS
r04-q01654-2u-t4	4	2	tpl-df5225981b9f4304bc9cc055	0	201	0.054926	PASS	none	4a232a4b56b64924be8c6da028413a5a	PASS
r04-q01656-2u-t6	4	2	tpl-df5225981b9f4304bc9cc055	0	201	0.058259	PASS	none	1aefa23147bc4cf5aec0a8cdda8197be	PASS
r04-q01653-2u-t3	4	2	tpl-df5225981b9f4304bc9cc055	0	201	0.053266	PASS	none	45e44422b48c44108f2dc26e0d33de67	PASS
r04-q01670-2u-t20	4	2	tpl-df5225981b9f4304bc9cc055	0	201	0.067595	PASS	none	6cc4c22b08764ae7aafd1be431cdc49d	PASS
r04-q01665-2u-t15	4	2	tpl-df5225981b9f4304bc9cc055	0	201	0.069403	PASS	none	41ab01969cca44ceacbbc1104047fc9b	PASS
r04-q01662-2u-t12	4	2	tpl-df5225981b9f4304bc9cc055	0	201	0.063740	PASS	none	71a049c1e3bd462e8c5fe69105f93231	PASS
r04-q01666-2u-t16	4	2	tpl-df5225981b9f4304bc9cc055	0	201	0.084563	PASS	none	e41257c4a9dd4ed486c88acddc0409b9	PASS
r04-q01667-2u-t17	4	2	tpl-df5225981b9f4304bc9cc055	0	201	0.076252	PASS	none	29dd65e8f03d4af6941f25f8bbc855a2	PASS
r04-q01663-2u-t13	4	2	tpl-df5225981b9f4304bc9cc055	0	201	0.067678	PASS	none	ec36f2a583ec4553abdca26cace1fdbf	PASS
r04-q01651-2u-t1	4	2	tpl-df5225981b9f4304bc9cc055	0	201	0.059935	PASS	none	7df5f093ba2448f69c9a4a32a8a01f23	PASS
r04-q01676-2u-t26	4	2	tpl-df5225981b9f4304bc9cc055	0	201	0.077207	PASS	none	0ca98b19ddac464c8cb7cd5aa136c6e4	PASS
r04-q01669-2u-t19	4	2	tpl-df5225981b9f4304bc9cc055	0	201	0.069843	PASS	none	bb9600fd0ae3483db8592a981ac7fc30	PASS
r04-q01671-2u-t21	4	2	tpl-df5225981b9f4304bc9cc055	0	201	0.094934	PASS	none	09e67621b9584cbca86b4a4fec9e5632	PASS
r04-q01664-2u-t14	4	2	tpl-df5225981b9f4304bc9cc055	0	201	0.068586	PASS	none	b1bd76c5d24849b88a9281e8e8498a0f	PASS
r04-q01668-2u-t18	4	2	tpl-df5225981b9f4304bc9cc055	0	201	0.065434	PASS	none	da84886150934202b040886b4b02265f	PASS
r04-q01675-2u-t25	4	2	tpl-df5225981b9f4304bc9cc055	0	201	0.081957	PASS	none	d20ffdd4a9614798a22db78175e4c526	PASS
r04-q01673-2u-t23	4	2	tpl-df5225981b9f4304bc9cc055	0	201	0.076202	PASS	none	b142bf92c6504eec8a4e873a2aad86ac	PASS
r04-q01678-2u-t28	4	2	tpl-df5225981b9f4304bc9cc055	0	201	0.079752	PASS	none	df9b45bfcb874f1a93b1eb6d73295c98	PASS
r04-q01674-2u-t24	4	2	tpl-df5225981b9f4304bc9cc055	0	201	0.078193	PASS	none	0086da5ae90546719af485af0145da3b	PASS
r04-q01677-2u-t27	4	2	tpl-df5225981b9f4304bc9cc055	0	201	0.075249	PASS	none	28467681f0ed46d5a4b3745198ff2daa	PASS
r04-q01682-2u-t32	4	2	tpl-df5225981b9f4304bc9cc055	0	201	0.088072	PASS	none	2b0dfd9178e64a1986bf5ce59911e168	PASS
r04-q01679-2u-t29	4	2	tpl-df5225981b9f4304bc9cc055	0	201	0.080902	PASS	none	7930ab2dbec0498e8bf60d99ec110068	PASS
r04-q01680-2u-t30	4	2	tpl-df5225981b9f4304bc9cc055	0	201	0.079959	PASS	none	a190600a080c4f5d8e98ba3a023a31da	PASS
r04-q01672-2u-t22	4	2	tpl-df5225981b9f4304bc9cc055	0	201	0.084893	PASS	none	b54b5c59d0954e8ebeb88d72d5b50cd0	PASS
r04-q01685-2u-t35	4	2	tpl-df5225981b9f4304bc9cc055	0	201	0.076657	PASS	none	a26dd50d626c41dca349e944d14626a1	PASS
r04-q01688-2u-t38	4	2	tpl-df5225981b9f4304bc9cc055	0	201	0.079536	PASS	none	c1ee263778c3485c8dfac0a1ff10ee91	PASS
r04-q01681-2u-t31	4	2	tpl-df5225981b9f4304bc9cc055	0	201	0.086429	PASS	none	b436825e9a384d01adce25021bbee2d8	PASS
r04-q01687-2u-t37	4	2	tpl-df5225981b9f4304bc9cc055	0	201	0.086414	PASS	none	94b79b3752a34c49a3f71a0dbe72251b	PASS
r04-q01684-2u-t34	4	2	tpl-df5225981b9f4304bc9cc055	0	201	0.087036	PASS	none	092307aaff7d449983591c952120ceb8	PASS
r04-q01697-2u-t47	4	2	tpl-df5225981b9f4304bc9cc055	0	201	0.090748	PASS	none	ee514775afb6499cbb3295826b062113	PASS
r04-q01694-2u-t44	4	2	tpl-df5225981b9f4304bc9cc055	0	201	0.080749	PASS	none	a9f3fb4b04874e7db528b957db1d7bc7	PASS
r04-q01700-2u-t50	4	2	tpl-df5225981b9f4304bc9cc055	0	201	0.081618	PASS	none	12c7ad052d5f4f90b6d7db8f6d07ac74	PASS
r04-q01686-2u-t36	4	2	tpl-df5225981b9f4304bc9cc055	0	201	0.079199	PASS	none	192ccd87b16943bbb8f957da10464faf	PASS
r04-q01689-2u-t39	4	2	tpl-df5225981b9f4304bc9cc055	0	201	0.092046	PASS	none	fa888bc44ce14f5aba616d09ad5e8833	PASS
r04-q01696-2u-t46	4	2	tpl-df5225981b9f4304bc9cc055	0	201	0.085185	PASS	none	2a6adaf951f3474ebeb9eaabc7319c52	PASS
r04-q01683-2u-t33	4	2	tpl-df5225981b9f4304bc9cc055	0	201	0.087586	PASS	none	cf88119be68c4a89ae8c3ad92f79e719	PASS
r04-q01698-2u-t48	4	2	tpl-df5225981b9f4304bc9cc055	0	201	0.092641	PASS	none	7fb76642f84842fa966144e3c22379e1	PASS
r04-q01699-2u-t49	4	2	tpl-df5225981b9f4304bc9cc055	0	201	0.085474	PASS	none	4dbf67300e3a4af586934f13f969e773	PASS
r04-q01691-2u-t41	4	2	tpl-df5225981b9f4304bc9cc055	0	201	0.085796	PASS	none	356a400493a34556b65fe4b5618719cf	PASS
r04-q01695-2u-t45	4	2	tpl-df5225981b9f4304bc9cc055	0	201	0.090380	PASS	none	f6ac5dc1c31b4985aa9435fb9aa133ab	PASS
r04-q01690-2u-t40	4	2	tpl-df5225981b9f4304bc9cc055	0	201	0.085795	PASS	none	34799f3624af41a4bb83f29e8c6c969b	PASS
r04-q01692-2u-t42	4	2	tpl-df5225981b9f4304bc9cc055	0	201	0.079761	PASS	none	ba0dd8292ca7410eb8c175a445a8314f	PASS
r04-q01693-2u-t43	4	2	tpl-df5225981b9f4304bc9cc055	0	201	0.082608	PASS	none	c9a087dcb6d84bfcad9e02fc2d7778eb	PASS
r05-q01701-2u-t1	5	2	tpl-df5225981b9f4304bc9cc055	0	201	0.054390	PASS	none	c6c0268015814a96960f97b22502c68b	PASS
r05-q01703-2u-t3	5	2	tpl-df5225981b9f4304bc9cc055	0	201	0.052694	PASS	none	a08db1963d29409b84a0eba798ae3b6f	PASS
r05-q01706-2u-t6	5	2	tpl-df5225981b9f4304bc9cc055	0	201	0.054819	PASS	none	09ba321308724899824560a04b6bc935	PASS
r05-q01704-2u-t4	5	2	tpl-df5225981b9f4304bc9cc055	0	201	0.054871	PASS	none	a98ff5a1ebd24ac89b46af1b62104e60	PASS
r05-q01702-2u-t2	5	2	tpl-df5225981b9f4304bc9cc055	0	201	0.054918	PASS	none	28fd6cf9a2f347d0a5bc353e8c21753f	PASS
r05-q01715-2u-t15	5	2	tpl-df5225981b9f4304bc9cc055	0	201	0.073453	PASS	none	49d2d35852614eb6a4f57b455dacda73	PASS
r05-q01708-2u-t8	5	2	tpl-df5225981b9f4304bc9cc055	0	201	0.065972	PASS	none	3303be7fed3c43a0b93d47be4974a5fb	PASS
r05-q01709-2u-t9	5	2	tpl-df5225981b9f4304bc9cc055	0	201	0.060457	PASS	none	8e90875d43444683a6e17b77065cc7eb	PASS
r05-q01713-2u-t13	5	2	tpl-df5225981b9f4304bc9cc055	0	201	0.085398	PASS	none	dc24ae0777dc47a5a793ec95e0fc3723	PASS
r05-q01720-2u-t20	5	2	tpl-df5225981b9f4304bc9cc055	0	201	0.069422	PASS	none	d89d9a41f77744929600d7349576d46b	PASS
r05-q01714-2u-t14	5	2	tpl-df5225981b9f4304bc9cc055	0	201	0.075635	PASS	none	f6b814edfa764ac7ba9b6345878ee15f	PASS
r05-q01705-2u-t5	5	2	tpl-df5225981b9f4304bc9cc055	0	201	0.085364	PASS	none	4e059d76aeda42a4891a9d3268e1cad9	PASS
r05-q01711-2u-t11	5	2	tpl-df5225981b9f4304bc9cc055	0	201	0.083468	PASS	none	0a3153b817a24395b5591606075d75eb	PASS
r05-q01710-2u-t10	5	2	tpl-df5225981b9f4304bc9cc055	0	201	0.060852	PASS	none	9de1da722f324030bb2916fde001b807	PASS
r05-q01719-2u-t19	5	2	tpl-df5225981b9f4304bc9cc055	0	201	0.075712	PASS	none	bedc03624d15409aaf2311e78199c31c	PASS
r05-q01707-2u-t7	5	2	tpl-df5225981b9f4304bc9cc055	0	201	0.077681	PASS	none	1bad5241397443f9a521561be61a29ef	PASS
r05-q01716-2u-t16	5	2	tpl-df5225981b9f4304bc9cc055	0	201	0.092909	PASS	none	f3f7d4e00ff74637a3d0bd880987b05f	PASS
r05-q01717-2u-t17	5	2	tpl-df5225981b9f4304bc9cc055	0	201	0.073897	PASS	none	76790a5346eb4b759460dd735a6e47d4	PASS
r05-q01712-2u-t12	5	2	tpl-df5225981b9f4304bc9cc055	0	201	0.061683	PASS	none	4564e67b13ab41b6afa25e69156da7b2	PASS
r05-q01721-2u-t21	5	2	tpl-df5225981b9f4304bc9cc055	0	201	0.089182	PASS	none	3910d633ec6e43d1815bb4cfb3926df9	PASS
r05-q01722-2u-t22	5	2	tpl-df5225981b9f4304bc9cc055	0	201	0.073004	PASS	none	8fb155bc34d34ca5bad00eba81156b41	PASS
r05-q01725-2u-t25	5	2	tpl-df5225981b9f4304bc9cc055	0	201	0.075070	PASS	none	ce48d41582b443618e4c9c92d5460376	PASS
r05-q01723-2u-t23	5	2	tpl-df5225981b9f4304bc9cc055	0	201	0.078482	PASS	none	f1cd170da3374bbd8fdb9eafb7780305	PASS
r05-q01724-2u-t24	5	2	tpl-df5225981b9f4304bc9cc055	0	201	0.064849	PASS	none	3c38f1f7457e4440a1994314c823ecea	PASS
r05-q01729-2u-t29	5	2	tpl-df5225981b9f4304bc9cc055	0	201	0.077263	PASS	none	736e6d9cd6ae4a0294e76d85b4340e2c	PASS
r05-q01733-2u-t33	5	2	tpl-df5225981b9f4304bc9cc055	0	201	0.089853	PASS	none	c108c12c0a5947ab836adacbaade1863	PASS
r05-q01718-2u-t18	5	2	tpl-df5225981b9f4304bc9cc055	0	201	0.074735	PASS	none	c575b28ac89b479e892705064637ffe9	PASS
r05-q01727-2u-t27	5	2	tpl-df5225981b9f4304bc9cc055	0	201	0.076628	PASS	none	2c72874faaf64b0f8996960f4612325f	PASS
r05-q01726-2u-t26	5	2	tpl-df5225981b9f4304bc9cc055	0	201	0.075017	PASS	none	a960a435a044474baeb83aee4540a905	PASS
r05-q01728-2u-t28	5	2	tpl-df5225981b9f4304bc9cc055	0	201	0.090882	PASS	none	69ad585b73d44fd2a23ce62d563dc51b	PASS
r05-q01735-2u-t35	5	2	tpl-df5225981b9f4304bc9cc055	0	201	0.083832	PASS	none	e05065761c6b4936b135d2f5ea65cac2	PASS
r05-q01732-2u-t32	5	2	tpl-df5225981b9f4304bc9cc055	0	201	0.084320	PASS	none	8d2a55a756aa42ee94eff08f8dea69ce	PASS
r05-q01736-2u-t36	5	2	tpl-df5225981b9f4304bc9cc055	0	201	0.082191	PASS	none	619217470fc24f9689a543a07792924a	PASS
r05-q01734-2u-t34	5	2	tpl-df5225981b9f4304bc9cc055	0	201	0.079977	PASS	none	1c0d5e7c1753497087bf80ccac4ae842	PASS
r05-q01731-2u-t31	5	2	tpl-df5225981b9f4304bc9cc055	0	201	0.074908	PASS	none	c472095fe93d4659a00ab1b9d034723b	PASS
r05-q01738-2u-t38	5	2	tpl-df5225981b9f4304bc9cc055	0	201	0.085715	PASS	none	2db9550647f642aab2499066456098e1	PASS
r05-q01737-2u-t37	5	2	tpl-df5225981b9f4304bc9cc055	0	201	0.076690	PASS	none	0522257b7dcc48b7bbc94a1e2d45fa63	PASS
r05-q01739-2u-t39	5	2	tpl-df5225981b9f4304bc9cc055	0	201	0.088799	PASS	none	35e60e74eb1c411da5e19c413277fd5b	PASS
r05-q01740-2u-t40	5	2	tpl-df5225981b9f4304bc9cc055	0	201	0.093305	PASS	none	2b6ff6423df44288bcdd18a155adca36	PASS
r05-q01750-2u-t50	5	2	tpl-df5225981b9f4304bc9cc055	0	201	0.098992	PASS	none	cb4a35be0c8640a4ad50568c641e01b4	PASS
r05-q01730-2u-t30	5	2	tpl-df5225981b9f4304bc9cc055	0	201	0.082568	PASS	none	e6d22e2c4e7949f18e430815cf5acd2e	PASS
r05-q01743-2u-t43	5	2	tpl-df5225981b9f4304bc9cc055	0	201	0.080760	PASS	none	f0aaf932736744fdb3db4d38146e2ad0	PASS
r05-q01744-2u-t44	5	2	tpl-df5225981b9f4304bc9cc055	0	201	0.084873	PASS	none	d073b10979c647b6aaabce2bcc23120b	PASS
r05-q01741-2u-t41	5	2	tpl-df5225981b9f4304bc9cc055	0	201	0.087900	PASS	none	84fb559564544fbabde20d95a08f330f	PASS
r05-q01745-2u-t45	5	2	tpl-df5225981b9f4304bc9cc055	0	201	0.094469	PASS	none	aea6cc7f4e9f422994bc03a50c9fb01c	PASS
r05-q01748-2u-t48	5	2	tpl-df5225981b9f4304bc9cc055	0	201	0.098037	PASS	none	6cdafa0a3d124ee2bb7a37311be750f3	PASS
r05-q01742-2u-t42	5	2	tpl-df5225981b9f4304bc9cc055	0	201	0.084835	PASS	none	8eb94d70248b495c84ae17b86b62a0d2	PASS
r05-q01746-2u-t46	5	2	tpl-df5225981b9f4304bc9cc055	0	201	0.098526	PASS	none	614f487492d84ab9b3d3e6e38863333e	PASS
r05-q01747-2u-t47	5	2	tpl-df5225981b9f4304bc9cc055	0	201	0.092883	PASS	none	6d69eb2fbb954d689162e8fafcddef3e	PASS
r05-q01749-2u-t49	5	2	tpl-df5225981b9f4304bc9cc055	0	201	0.104221	PASS	none	11df1498d0b848bcad1c0042f5c4aebb	PASS
r06-q01752-2u-t2	6	2	tpl-df5225981b9f4304bc9cc055	0	201	0.064175	PASS	none	e3ee910feffc487f84e2ede776bb0a47	PASS
r06-q01755-2u-t5	6	2	tpl-df5225981b9f4304bc9cc055	0	201	0.054845	PASS	none	74be238696624295b1dce5da7572c8c7	PASS
r06-q01751-2u-t1	6	2	tpl-df5225981b9f4304bc9cc055	0	201	0.068763	PASS	none	0811dc8029874ffcaeaa7450098a69c1	PASS
r06-q01757-2u-t7	6	2	tpl-df5225981b9f4304bc9cc055	0	201	0.062490	PASS	none	559e60be63c54f2f97bd5bd8048cf0e8	PASS
r06-q01760-2u-t10	6	2	tpl-df5225981b9f4304bc9cc055	0	201	0.064464	PASS	none	fbd9b7f70b084908963bc45a1e4b0c56	PASS
r06-q01756-2u-t6	6	2	tpl-df5225981b9f4304bc9cc055	0	201	0.072261	PASS	none	dfdb93f3d49949fab0d868265e2fa2ce	PASS
r06-q01754-2u-t4	6	2	tpl-df5225981b9f4304bc9cc055	0	201	0.085079	PASS	none	2da98b61b2b24ab2b8e449014585b733	PASS
r06-q01758-2u-t8	6	2	tpl-df5225981b9f4304bc9cc055	0	201	0.068754	PASS	none	e5a0f97a4a85452f9a121f0dfaf6bcab	PASS
r06-q01759-2u-t9	6	2	tpl-df5225981b9f4304bc9cc055	0	201	0.067849	PASS	none	18cbc28a9a3c417b90ba5e8d963000d6	PASS
r06-q01753-2u-t3	6	2	tpl-df5225981b9f4304bc9cc055	0	201	0.072887	PASS	none	dec8ef88d0a94a27b40eff49c36d829c	PASS
r06-q01764-2u-t14	6	2	tpl-df5225981b9f4304bc9cc055	0	201	0.089424	PASS	none	f4f85e33204e416993bb13b2addbba52	PASS
r06-q01761-2u-t11	6	2	tpl-df5225981b9f4304bc9cc055	0	201	0.091123	PASS	none	10463b6058184534a73b62766daae6c7	PASS
r06-q01766-2u-t16	6	2	tpl-df5225981b9f4304bc9cc055	0	201	0.085812	PASS	none	59e03cb4df9f483db2489c838d816fea	PASS
r06-q01763-2u-t13	6	2	tpl-df5225981b9f4304bc9cc055	0	201	0.064695	PASS	none	a14974cc688f42b2abdcefc94418e915	PASS
r06-q01765-2u-t15	6	2	tpl-df5225981b9f4304bc9cc055	0	201	0.063285	PASS	none	f38ed2f7d7804757b86a30484abd4873	PASS
r06-q01769-2u-t19	6	2	tpl-df5225981b9f4304bc9cc055	0	201	0.073319	PASS	none	fa8a939967124dad8171255f339ecaa2	PASS
r06-q01767-2u-t17	6	2	tpl-df5225981b9f4304bc9cc055	0	201	0.073363	PASS	none	d093831653d94a27b083b81f3bbb566d	PASS
r06-q01772-2u-t22	6	2	tpl-df5225981b9f4304bc9cc055	0	201	0.073757	PASS	none	a5992cf0615746138b09078ede4d41db	PASS
r06-q01762-2u-t12	6	2	tpl-df5225981b9f4304bc9cc055	0	201	0.069090	PASS	none	2b33196943ff4945aa97a0959ebe41f8	PASS
r06-q01773-2u-t23	6	2	tpl-df5225981b9f4304bc9cc055	0	201	0.072874	PASS	none	6e0b085362ce4782ad7da177eb01a95c	PASS
r06-q01776-2u-t26	6	2	tpl-df5225981b9f4304bc9cc055	0	201	0.071259	PASS	none	5712880d225e41879b8fec6afb49c9f0	PASS
r06-q01768-2u-t18	6	2	tpl-df5225981b9f4304bc9cc055	0	201	0.092732	PASS	none	c68812f3dee44b21b6a42f2cde195597	PASS
r06-q01778-2u-t28	6	2	tpl-df5225981b9f4304bc9cc055	0	201	0.075344	PASS	none	b2b7b2dd37a946a3a32367670e8b12d6	PASS
r06-q01771-2u-t21	6	2	tpl-df5225981b9f4304bc9cc055	0	201	0.076973	PASS	none	13e7fcc6255b426c9159eb981a1dd42c	PASS
r06-q01774-2u-t24	6	2	tpl-df5225981b9f4304bc9cc055	0	201	0.085236	PASS	none	3d688eaf8d5f490fb443f1392cd779ac	PASS
r06-q01777-2u-t27	6	2	tpl-df5225981b9f4304bc9cc055	0	201	0.083503	PASS	none	9a39ee89405241ae9cc973fabf10d260	PASS
r06-q01775-2u-t25	6	2	tpl-df5225981b9f4304bc9cc055	0	201	0.076917	PASS	none	156ce02dbfcc4b7a9c7c92a4e1e970c6	PASS
r06-q01779-2u-t29	6	2	tpl-df5225981b9f4304bc9cc055	0	201	0.067753	PASS	none	3cf9aab8fb9644d1bfe7217d3b818261	PASS
r06-q01770-2u-t20	6	2	tpl-df5225981b9f4304bc9cc055	0	201	0.072570	PASS	none	a8edcbeb08834e0a9f49fbdca074d658	PASS
r06-q01782-2u-t32	6	2	tpl-df5225981b9f4304bc9cc055	0	201	0.087783	PASS	none	aed5452e39824e6ba6ca423011912507	PASS
r06-q01780-2u-t30	6	2	tpl-df5225981b9f4304bc9cc055	0	201	0.087327	PASS	none	82ddebe48e34473a8a0a47d6a413c4e5	PASS
r06-q01786-2u-t36	6	2	tpl-df5225981b9f4304bc9cc055	0	201	0.094026	PASS	none	ce8999d0c9d940e097b176a755b0b73b	PASS
r06-q01788-2u-t38	6	2	tpl-df5225981b9f4304bc9cc055	0	201	0.091431	PASS	none	a02b646f4759464988c5f5ee4ba97cd8	PASS
r06-q01793-2u-t43	6	2	tpl-df5225981b9f4304bc9cc055	0	201	0.078689	PASS	none	50ca88170eaf469fbed7cb2c892479a3	PASS
r06-q01795-2u-t45	6	2	tpl-df5225981b9f4304bc9cc055	0	201	0.081687	PASS	none	b3efb05642c44f419a4e7cdd9050c543	PASS
r06-q01792-2u-t42	6	2	tpl-df5225981b9f4304bc9cc055	0	201	0.083795	PASS	none	f59f60fd7c65415e9d489d832f8cf31c	PASS
r06-q01796-2u-t46	6	2	tpl-df5225981b9f4304bc9cc055	0	201	0.088612	PASS	none	011004423ecf4cbb9c8f22be49139222	PASS
r06-q01781-2u-t31	6	2	tpl-df5225981b9f4304bc9cc055	0	201	0.083506	PASS	none	ccfe4bf375734eac8fda1358fa3e13a3	PASS
r06-q01785-2u-t35	6	2	tpl-df5225981b9f4304bc9cc055	0	201	0.090853	PASS	none	040d646a3e9d42e59d9a9f67ab8bb694	PASS
r06-q01783-2u-t33	6	2	tpl-df5225981b9f4304bc9cc055	0	201	0.089776	PASS	none	438b0fcfab3348daba3b50a503ac1320	PASS
r06-q01789-2u-t39	6	2	tpl-df5225981b9f4304bc9cc055	0	201	0.087281	PASS	none	955bcd19b8264c7aba98ea3ae4da33b8	PASS
r06-q01800-2u-t50	6	2	tpl-df5225981b9f4304bc9cc055	0	201	0.079607	PASS	none	74e2526dd75d467a903415283b321184	PASS
r06-q01784-2u-t34	6	2	tpl-df5225981b9f4304bc9cc055	0	201	0.077611	PASS	none	e32db874b9874713b640cd92151e69ac	PASS
r06-q01799-2u-t49	6	2	tpl-df5225981b9f4304bc9cc055	0	201	0.085561	PASS	none	b9e5055fb931492687b18a55613a11ec	PASS
r06-q01794-2u-t44	6	2	tpl-df5225981b9f4304bc9cc055	0	201	0.089815	PASS	none	14bda806a39e42ae8e2b8fb13b3611d1	PASS
r06-q01790-2u-t40	6	2	tpl-df5225981b9f4304bc9cc055	0	201	0.089204	PASS	none	82b318e39d9b4503a0884aec758cbb71	PASS
r06-q01787-2u-t37	6	2	tpl-df5225981b9f4304bc9cc055	0	201	0.084572	PASS	none	f86b910578ce42e7b1bc80f9c0ab4588	PASS
r06-q01791-2u-t41	6	2	tpl-df5225981b9f4304bc9cc055	0	201	0.082656	PASS	none	b4cda10295254e74b61d909b7404a32f	PASS
r06-q01797-2u-t47	6	2	tpl-df5225981b9f4304bc9cc055	0	201	0.080804	PASS	none	cc6a0bbabed84eb2843b9689d9446717	PASS
r06-q01798-2u-t48	6	2	tpl-df5225981b9f4304bc9cc055	0	201	0.082975	PASS	none	f1cb21d8d03f41228648af3c7ec6358b	PASS
r01-q01801-2u-t1	1	2	tpl-c913ed48ab5f4813b3628546	0	201	0.064370	PASS	none	a259b3940e4f469d8d940376e15aa020	PASS
r01-q01808-2u-t8	1	2	tpl-c913ed48ab5f4813b3628546	0	201	0.072885	PASS	none	5401d57e74bc42ea8488040c14809976	PASS
r01-q01804-2u-t4	1	2	tpl-c913ed48ab5f4813b3628546	0	201	0.058935	PASS	none	7053594deaaa4e0ba77bcef79f4a8480	PASS
r01-q01805-2u-t5	1	2	tpl-c913ed48ab5f4813b3628546	0	201	0.085735	PASS	none	444ce9b808ad4f7ea90727493979afa3	PASS
r01-q01810-2u-t10	1	2	tpl-c913ed48ab5f4813b3628546	0	201	0.067474	PASS	none	1452e1865f7440f5b685f1b2433c4b63	PASS
r01-q01803-2u-t3	1	2	tpl-c913ed48ab5f4813b3628546	0	201	0.060635	PASS	none	42d11e743dba4d47adf4acf513ebcf05	PASS
r01-q01806-2u-t6	1	2	tpl-c913ed48ab5f4813b3628546	0	201	0.063891	PASS	none	7bbd29cbe9ac41f8a16679bc929cfc43	PASS
r01-q01809-2u-t9	1	2	tpl-c913ed48ab5f4813b3628546	0	201	0.071530	PASS	none	100646afb0f14cf0af95fa04f8b354cc	PASS
r01-q01807-2u-t7	1	2	tpl-c913ed48ab5f4813b3628546	0	201	0.059811	PASS	none	1efbf81cfc0b422fb844446d3d5c90a5	PASS
r01-q01813-2u-t13	1	2	tpl-c913ed48ab5f4813b3628546	0	201	0.066292	PASS	none	3e51f385d24f42edbf72d92932e4ed9a	PASS
r01-q01815-2u-t15	1	2	tpl-c913ed48ab5f4813b3628546	0	201	0.074263	PASS	none	21bf1d14fc614b3499804759aede4b75	PASS
r01-q01811-2u-t11	1	2	tpl-c913ed48ab5f4813b3628546	0	201	0.067074	PASS	none	1f44abcd7be942d6a5ce1eff96a4f481	PASS
r01-q01802-2u-t2	1	2	tpl-c913ed48ab5f4813b3628546	0	201	0.076958	PASS	none	6dc57ff822ad4fcf99b6c141ae78fbaa	PASS
r01-q01812-2u-t12	1	2	tpl-c913ed48ab5f4813b3628546	0	201	0.072252	PASS	none	6fc582c89c7746cd9a1a6c0ea0af95e4	PASS
r01-q01814-2u-t14	1	2	tpl-c913ed48ab5f4813b3628546	0	201	0.069775	PASS	none	78242a24cddd4f0cae233a1eb1625ab9	PASS
r01-q01816-2u-t16	1	2	tpl-c913ed48ab5f4813b3628546	0	201	0.080161	PASS	none	cbc36d850e814c34812218304d5c6cdd	PASS
r01-q01819-2u-t19	1	2	tpl-c913ed48ab5f4813b3628546	0	201	0.093164	PASS	none	e690c83bbc0042f59e6e32f000fd572e	PASS
r01-q01817-2u-t17	1	2	tpl-c913ed48ab5f4813b3628546	0	201	0.071801	PASS	none	b8dd4af718d64144a06e2c57cb362cc4	PASS
r01-q01822-2u-t22	1	2	tpl-c913ed48ab5f4813b3628546	0	201	0.075683	PASS	none	eb41f5d32aac40f2b66adaecdec0d4d8	PASS
r01-q01821-2u-t21	1	2	tpl-c913ed48ab5f4813b3628546	0	201	0.085933	PASS	none	4d509dcbc9ed473a98feb6a6c59e00e2	PASS
r01-q01823-2u-t23	1	2	tpl-c913ed48ab5f4813b3628546	0	201	0.078620	PASS	none	3219bbe76f8e46e780158a24a63cf597	PASS
r01-q01820-2u-t20	1	2	tpl-c913ed48ab5f4813b3628546	0	201	0.066116	PASS	none	4516ed2684ec4439a98dcaffb5cbf469	PASS
r01-q01826-2u-t26	1	2	tpl-c913ed48ab5f4813b3628546	0	201	0.071121	PASS	none	48a9b7e928414f96810bc6930a69bf37	PASS
r01-q01825-2u-t25	1	2	tpl-c913ed48ab5f4813b3628546	0	201	0.075658	PASS	none	9390b00425544e5ca444111b828c7940	PASS
r01-q01818-2u-t18	1	2	tpl-c913ed48ab5f4813b3628546	0	201	0.074883	PASS	none	3c3b72a5ea564e628d23f2f371b23092	PASS
r01-q01828-2u-t28	1	2	tpl-c913ed48ab5f4813b3628546	0	201	0.085274	PASS	none	c4eb8ca5a7df4a03aeb7d22c957ebce1	PASS
r01-q01827-2u-t27	1	2	tpl-c913ed48ab5f4813b3628546	0	201	0.072441	PASS	none	1661b418604f4ed2a89c0029b70cadbd	PASS
r01-q01830-2u-t30	1	2	tpl-c913ed48ab5f4813b3628546	0	201	0.081436	PASS	none	4cf51e9803eb4d6eb182b5141a843bbc	PASS
r01-q01829-2u-t29	1	2	tpl-c913ed48ab5f4813b3628546	0	201	0.078591	PASS	none	398e371c76084fc79323ad290c561dd9	PASS
r01-q01831-2u-t31	1	2	tpl-c913ed48ab5f4813b3628546	0	201	0.079563	PASS	none	9dd974e4fa734c0b898131f7de006b19	PASS
r01-q01834-2u-t34	1	2	tpl-c913ed48ab5f4813b3628546	0	201	0.092813	PASS	none	d28eadd513ca48df98b77e4a89c7a269	PASS
r01-q01839-2u-t39	1	2	tpl-c913ed48ab5f4813b3628546	0	201	0.084641	PASS	none	6e0d2cea4219489fad4ee8170fb45061	PASS
r01-q01832-2u-t32	1	2	tpl-c913ed48ab5f4813b3628546	0	201	0.089941	PASS	none	e1c048a5d065428e80d45db5338dbd07	PASS
r01-q01833-2u-t33	1	2	tpl-c913ed48ab5f4813b3628546	0	201	0.083724	PASS	none	6f077f279100461f96bd1b202febf77b	PASS
r01-q01835-2u-t35	1	2	tpl-c913ed48ab5f4813b3628546	0	201	0.093091	PASS	none	fd4a855519f940e19e81c35ed6a8eda1	PASS
r01-q01824-2u-t24	1	2	tpl-c913ed48ab5f4813b3628546	0	201	0.070864	PASS	none	ca857dd4abc64c7a9e33edaa2765f858	PASS
r01-q01841-2u-t41	1	2	tpl-c913ed48ab5f4813b3628546	0	201	0.078153	PASS	none	af2c680369dc4a349d4160c61d4ca2e1	PASS
r01-q01837-2u-t37	1	2	tpl-c913ed48ab5f4813b3628546	0	201	0.086696	PASS	none	3c8881fbb70e4cf0beec96a8c3aa890e	PASS
r01-q01844-2u-t44	1	2	tpl-c913ed48ab5f4813b3628546	0	201	0.081409	PASS	none	107de4a17b4a43b28765c2c9845bd899	PASS
r01-q01838-2u-t38	1	2	tpl-c913ed48ab5f4813b3628546	0	201	0.087402	PASS	none	edcddb3abaf24849809371da7fcae368	PASS
r01-q01842-2u-t42	1	2	tpl-c913ed48ab5f4813b3628546	0	201	0.086297	PASS	none	f33449d3f5c746589d56d4214f6aa712	PASS
r01-q01836-2u-t36	1	2	tpl-c913ed48ab5f4813b3628546	0	201	0.086699	PASS	none	0b6001f0959b43f1a4f93e8060b9dc89	PASS
r01-q01843-2u-t43	1	2	tpl-c913ed48ab5f4813b3628546	0	201	0.090499	PASS	none	14081edca69d4ecabfb37166c8ec5f6a	PASS
r01-q01848-2u-t48	1	2	tpl-c913ed48ab5f4813b3628546	0	201	0.088944	PASS	none	4fb79a3ff40549b0a2c581ac36e685e0	PASS
r01-q01846-2u-t46	1	2	tpl-c913ed48ab5f4813b3628546	0	201	0.083759	PASS	none	66c4b60dbc964c0e99f8ee761010323b	PASS
r01-q01845-2u-t45	1	2	tpl-c913ed48ab5f4813b3628546	0	201	0.086452	PASS	none	380eece06627484dbbb8e7ecf08422ed	PASS
r01-q01849-2u-t49	1	2	tpl-c913ed48ab5f4813b3628546	0	201	0.082341	PASS	none	cd0b54afcb2d41eb8576fc881e862e89	PASS
r01-q01850-2u-t50	1	2	tpl-c913ed48ab5f4813b3628546	0	201	0.088436	PASS	none	0f438fd2728c431aa8a641d60821e325	PASS
r01-q01840-2u-t40	1	2	tpl-c913ed48ab5f4813b3628546	0	201	0.082139	PASS	none	855386bad9ae4f1db1e1504b94570c62	PASS
r01-q01847-2u-t47	1	2	tpl-c913ed48ab5f4813b3628546	0	201	0.081947	PASS	none	f1b940013edc4c4fa7e624f1b030e7ca	PASS
r02-q01853-2u-t3	2	2	tpl-c913ed48ab5f4813b3628546	0	201	0.064152	PASS	none	5a236591943e41bea2471bc56fa6d75a	PASS
r02-q01856-2u-t6	2	2	tpl-c913ed48ab5f4813b3628546	0	201	0.064626	PASS	none	deb7f94e75574d048b421ac554874786	PASS
r02-q01852-2u-t2	2	2	tpl-c913ed48ab5f4813b3628546	0	201	0.075885	PASS	none	96992567d3d84688823e94b10f2dc8a5	PASS
r02-q01855-2u-t5	2	2	tpl-c913ed48ab5f4813b3628546	0	201	0.070238	PASS	none	d40d66b269f74f45a7a80c94a45a862e	PASS
r02-q01858-2u-t8	2	2	tpl-c913ed48ab5f4813b3628546	0	201	0.065015	PASS	none	c13bdd6e34bb40aa879d69bb47e6c201	PASS
r02-q01857-2u-t7	2	2	tpl-c913ed48ab5f4813b3628546	0	201	0.079796	PASS	none	af0655527ab14293943bf3b0fceba1f5	PASS
r02-q01861-2u-t11	2	2	tpl-c913ed48ab5f4813b3628546	0	201	0.062146	PASS	none	d8508bb43d33477687bf877aa840ed76	PASS
r02-q01860-2u-t10	2	2	tpl-c913ed48ab5f4813b3628546	0	201	0.067061	PASS	none	b41f22b1a23f4a5e9b34346e81284a05	PASS
r02-q01854-2u-t4	2	2	tpl-c913ed48ab5f4813b3628546	0	201	0.072920	PASS	none	0926790ed6ff434da37edb4952bf3e70	PASS
r02-q01864-2u-t14	2	2	tpl-c913ed48ab5f4813b3628546	0	201	0.062617	PASS	none	c7241ba5150c46ebb8d6764e7e6e1918	PASS
r02-q01851-2u-t1	2	2	tpl-c913ed48ab5f4813b3628546	0	201	0.094988	PASS	none	dd8153c237e44802b00616bb48276b22	PASS
r02-q01866-2u-t16	2	2	tpl-c913ed48ab5f4813b3628546	0	201	0.058098	PASS	none	f86c29f20d9240a9a4a710dbb3839748	PASS
r02-q01859-2u-t9	2	2	tpl-c913ed48ab5f4813b3628546	0	201	0.087263	PASS	none	be5bee110e8047e0a8c6bdfc933fd44c	PASS
r02-q01862-2u-t12	2	2	tpl-c913ed48ab5f4813b3628546	0	201	0.063949	PASS	none	4da535c52f57431998537366d0d1f755	PASS
r02-q01863-2u-t13	2	2	tpl-c913ed48ab5f4813b3628546	0	201	0.070502	PASS	none	614b5c97d49d4985a8a5449db33b360e	PASS
r02-q01868-2u-t18	2	2	tpl-c913ed48ab5f4813b3628546	0	201	0.069453	PASS	none	2a1c6fd3fc8c47b18799765fffd1dce3	PASS
r02-q01865-2u-t15	2	2	tpl-c913ed48ab5f4813b3628546	0	201	0.074237	PASS	none	302c2a0c71f842b99c7453b381bb6366	PASS
r02-q01869-2u-t19	2	2	tpl-c913ed48ab5f4813b3628546	0	201	0.075896	PASS	none	fc13e8d8d4a148c1adb01482f4fab5ac	PASS
r02-q01870-2u-t20	2	2	tpl-c913ed48ab5f4813b3628546	0	201	0.065982	PASS	none	2e00ec70efff42feb94a4c500c101bef	PASS
r02-q01871-2u-t21	2	2	tpl-c913ed48ab5f4813b3628546	0	201	0.072099	PASS	none	f32fa3ee802d4231b294ab3b55e8ec3c	PASS
r02-q01876-2u-t26	2	2	tpl-c913ed48ab5f4813b3628546	0	201	0.070790	PASS	none	8b189a7d778e4c46aaf5361ad19284e3	PASS
r02-q01875-2u-t25	2	2	tpl-c913ed48ab5f4813b3628546	0	201	0.071859	PASS	none	c98bce9c5a5f4b2f8e031ad71e25b5bc	PASS
r02-q01872-2u-t22	2	2	tpl-c913ed48ab5f4813b3628546	0	201	0.083195	PASS	none	bf0cfdbf3d7c4544826bd40a1e5bfc69	PASS
r02-q01877-2u-t27	2	2	tpl-c913ed48ab5f4813b3628546	0	201	0.072045	PASS	none	3653297c3d5e4a29b4d25deffe9141ff	PASS
r02-q01874-2u-t24	2	2	tpl-c913ed48ab5f4813b3628546	0	201	0.073006	PASS	none	f7e1b57a4ce64afd95e1db4c9b9879cf	PASS
r02-q01873-2u-t23	2	2	tpl-c913ed48ab5f4813b3628546	0	201	0.065178	PASS	none	26173c10f15746f3932552412fd7b10a	PASS
r02-q01878-2u-t28	2	2	tpl-c913ed48ab5f4813b3628546	0	201	0.089432	PASS	none	00aba6f16a6c44c8ad0b7b99f869a753	PASS
r02-q01881-2u-t31	2	2	tpl-c913ed48ab5f4813b3628546	0	201	0.084835	PASS	none	a121375f97e24ec4b532d020cb3c657a	PASS
r02-q01882-2u-t32	2	2	tpl-c913ed48ab5f4813b3628546	0	201	0.088357	PASS	none	660355fa499b4d5e8aa420d1958f388a	PASS
r02-q01883-2u-t33	2	2	tpl-c913ed48ab5f4813b3628546	0	201	0.087518	PASS	none	db279df3f8aa4df6926f357e491c627f	PASS
r02-q01884-2u-t34	2	2	tpl-c913ed48ab5f4813b3628546	0	201	0.082051	PASS	none	db29f7a78729452eb92e22b178e548ec	PASS
r02-q01879-2u-t29	2	2	tpl-c913ed48ab5f4813b3628546	0	201	0.072005	PASS	none	ac463436de0645dca54c4a46ba02d37e	PASS
r02-q01885-2u-t35	2	2	tpl-c913ed48ab5f4813b3628546	0	201	0.084533	PASS	none	61c2321b483942f3a0ee1645c09e153e	PASS
r02-q01867-2u-t17	2	2	tpl-c913ed48ab5f4813b3628546	0	201	0.092333	PASS	none	1ab8990e0dca45f0afad7bc82f1af38c	PASS
r02-q01880-2u-t30	2	2	tpl-c913ed48ab5f4813b3628546	0	201	0.086139	PASS	none	84926e7317614224b2dcf734bfc5631f	PASS
r02-q01888-2u-t38	2	2	tpl-c913ed48ab5f4813b3628546	0	201	0.080464	PASS	none	ecdc45d364f4402db6de49fffe0ac87c	PASS
r02-q01889-2u-t39	2	2	tpl-c913ed48ab5f4813b3628546	0	201	0.085849	PASS	none	ae8d69fd7bc8495bab4ffb2176d9be14	PASS
r02-q01887-2u-t37	2	2	tpl-c913ed48ab5f4813b3628546	0	201	0.083533	PASS	none	788c8a38e4e348678e34217b8dd7d4d6	PASS
r02-q01890-2u-t40	2	2	tpl-c913ed48ab5f4813b3628546	0	201	0.086776	PASS	none	9368623a176646d7a42a5d940b738b7f	PASS
r02-q01886-2u-t36	2	2	tpl-c913ed48ab5f4813b3628546	0	201	0.083331	PASS	none	fc5a40cca5fb4362846dc9d8d60ddf40	PASS
r02-q01891-2u-t41	2	2	tpl-c913ed48ab5f4813b3628546	0	201	0.080798	PASS	none	2266faf0247b467aba6f57860f884a19	PASS
r02-q01892-2u-t42	2	2	tpl-c913ed48ab5f4813b3628546	0	201	0.085652	PASS	none	8eb2af88354a4d74ad54e56f02086fc6	PASS
r02-q01896-2u-t46	2	2	tpl-c913ed48ab5f4813b3628546	0	201	0.105634	PASS	none	7118d661e7ad456b98948884fe7e0ecc	PASS
r02-q01894-2u-t44	2	2	tpl-c913ed48ab5f4813b3628546	0	201	0.089449	PASS	none	d27ef6d97b614274ba2a0e87653264c9	PASS
r02-q01893-2u-t43	2	2	tpl-c913ed48ab5f4813b3628546	0	201	0.099749	PASS	none	ea06948ccd474634b2ac014eb583ef3a	PASS
r02-q01898-2u-t48	2	2	tpl-c913ed48ab5f4813b3628546	0	201	0.101829	PASS	none	4bbd4b8cb8f54fdd9c044578eabca51c	PASS
r02-q01900-2u-t50	2	2	tpl-c913ed48ab5f4813b3628546	0	201	0.106212	PASS	none	b8218e2f4d05460fa7c38525eedc7d9b	PASS
r02-q01895-2u-t45	2	2	tpl-c913ed48ab5f4813b3628546	0	201	0.085451	PASS	none	76ffa242b76b4455b95eb6357884db24	PASS
r02-q01899-2u-t49	2	2	tpl-c913ed48ab5f4813b3628546	0	201	0.106905	PASS	none	12f61592d9d94713ba679c7a17f4d14b	PASS
r02-q01897-2u-t47	2	2	tpl-c913ed48ab5f4813b3628546	0	201	0.102318	PASS	none	8a3195a4cb3b4795a2172f21465083c4	PASS
r03-q01909-2u-t9	3	2	tpl-c913ed48ab5f4813b3628546	0	201	0.070863	PASS	none	3dbafcc16d324b59883fbc7dc5951845	PASS
r03-q01911-2u-t11	3	2	tpl-c913ed48ab5f4813b3628546	0	201	0.060432	PASS	none	c69d8ff47fe04789a64cc780e37600e5	PASS
r03-q01917-2u-t17	3	2	tpl-c913ed48ab5f4813b3628546	0	201	0.075917	PASS	none	94ffef22ffde4556bd2f880bcc394486	PASS
r03-q01922-2u-t22	3	2	tpl-c913ed48ab5f4813b3628546	0	201	0.087574	PASS	none	929668be4c7c4c68b6400a668a3644c6	PASS
r03-q01905-2u-t5	3	2	tpl-c913ed48ab5f4813b3628546	0	201	0.098221	PASS	none	3774bfc6de79439d942ae1dcce03a614	PASS
r03-q01907-2u-t7	3	2	tpl-c913ed48ab5f4813b3628546	0	201	0.084876	PASS	none	90f16fc3dea9460e8cd50bbdae3019a6	PASS
r03-q01918-2u-t18	3	2	tpl-c913ed48ab5f4813b3628546	0	201	0.081866	PASS	none	bdb8595304bd45409cc09b9296fde317	PASS
r03-q01904-2u-t4	3	2	tpl-c913ed48ab5f4813b3628546	0	201	0.087159	PASS	none	97a1497d2adc4d828d34c52431a661db	PASS
r03-q01902-2u-t2	3	2	tpl-c913ed48ab5f4813b3628546	0	201	0.068325	PASS	none	14f55c09ea554097b0bef784207d7916	PASS
r03-q01901-2u-t1	3	2	tpl-c913ed48ab5f4813b3628546	0	201	0.093202	PASS	none	30c8c9a4001a4de09ae1b4dfeca43a05	PASS
r03-q01908-2u-t8	3	2	tpl-c913ed48ab5f4813b3628546	0	201	0.093985	PASS	none	c1993fb96e6546989d7413c8085be64e	PASS
r03-q01914-2u-t14	3	2	tpl-c913ed48ab5f4813b3628546	0	201	0.067316	PASS	none	a05416441c6e49698e45a895ca6a4f84	PASS
r03-q01923-2u-t23	3	2	tpl-c913ed48ab5f4813b3628546	0	201	0.086464	PASS	none	6bdc16e02a784660a36b5af39f664f03	PASS
r03-q01921-2u-t21	3	2	tpl-c913ed48ab5f4813b3628546	0	201	0.076826	PASS	none	936cb29affe94b329fa6c4633acb6e35	PASS
r03-q01910-2u-t10	3	2	tpl-c913ed48ab5f4813b3628546	0	201	0.088402	PASS	none	fc5c8803d50f49bc9a61006127c745ae	PASS
r03-q01913-2u-t13	3	2	tpl-c913ed48ab5f4813b3628546	0	201	0.058881	PASS	none	ec741a0664b84d339054ec51859316ed	PASS
r03-q01906-2u-t6	3	2	tpl-c913ed48ab5f4813b3628546	0	201	0.093232	PASS	none	2fee362fb6b0451ab2aa2bab6a3f96ba	PASS
r03-q01920-2u-t20	3	2	tpl-c913ed48ab5f4813b3628546	0	201	0.081287	PASS	none	d2888965d5c841b29d83a21f95b0689e	PASS
r03-q01927-2u-t27	3	2	tpl-c913ed48ab5f4813b3628546	0	201	0.088047	PASS	none	e4b32b5d66694665b7175d840c67448e	PASS
r03-q01916-2u-t16	3	2	tpl-c913ed48ab5f4813b3628546	0	201	0.078544	PASS	none	54157944bd4144ddadd6ac2f0f01d8ee	PASS
r03-q01915-2u-t15	3	2	tpl-c913ed48ab5f4813b3628546	0	201	0.084003	PASS	none	7efa7ccf3e4e4a15a9fa8bec543249cc	PASS
r03-q01912-2u-t12	3	2	tpl-c913ed48ab5f4813b3628546	0	201	0.068444	PASS	none	ee52d4fd458c46eaa740bc2e45aba479	PASS
r03-q01903-2u-t3	3	2	tpl-c913ed48ab5f4813b3628546	0	201	0.082303	PASS	none	074ddd859b2f4196af26de1427c02c48	PASS
r03-q01926-2u-t26	3	2	tpl-c913ed48ab5f4813b3628546	0	201	0.076930	PASS	none	a1697da1922045cbb6f7af4fdfe85801	PASS
r03-q01925-2u-t25	3	2	tpl-c913ed48ab5f4813b3628546	0	201	0.079417	PASS	none	dbdc69b3f4dd49aa8ac948c948af545f	PASS
r03-q01919-2u-t19	3	2	tpl-c913ed48ab5f4813b3628546	0	201	0.076332	PASS	none	9c15bae3ad504c08be37b6b0394974d8	PASS
r03-q01931-2u-t31	3	2	tpl-c913ed48ab5f4813b3628546	0	201	0.089527	PASS	none	894302918d0b446a8eba1d1d90c0a637	PASS
r03-q01930-2u-t30	3	2	tpl-c913ed48ab5f4813b3628546	0	201	0.090580	PASS	none	37949ab77b8e4a36beef00f54a6e1267	PASS
r03-q01932-2u-t32	3	2	tpl-c913ed48ab5f4813b3628546	0	201	0.077000	PASS	none	acc612ce02e7473b896a920a939f35ff	PASS
r03-q01928-2u-t28	3	2	tpl-c913ed48ab5f4813b3628546	0	201	0.087966	PASS	none	f8dab19963164d67ae5f76737f0012a2	PASS
r03-q01924-2u-t24	3	2	tpl-c913ed48ab5f4813b3628546	0	201	0.085874	PASS	none	49bfe5b080c6497a86f60773c39bcfb7	PASS
r03-q01936-2u-t36	3	2	tpl-c913ed48ab5f4813b3628546	0	201	0.078442	PASS	none	cb15dda61ad24aea9814a0aaee2bd994	PASS
r03-q01933-2u-t33	3	2	tpl-c913ed48ab5f4813b3628546	0	201	0.088623	PASS	none	7bf3689aabbb4a97a0973314d80ea28a	PASS
r03-q01935-2u-t35	3	2	tpl-c913ed48ab5f4813b3628546	0	201	0.084106	PASS	none	91b58fd9f6f5432c9ca9482e3b0e08f9	PASS
r03-q01937-2u-t37	3	2	tpl-c913ed48ab5f4813b3628546	0	201	0.085252	PASS	none	fba29057e2fe40d3bf43715707956e33	PASS
r03-q01929-2u-t29	3	2	tpl-c913ed48ab5f4813b3628546	0	201	0.091404	PASS	none	20aa57d7bf984a78bd59aa34cef06b40	PASS
r03-q01939-2u-t39	3	2	tpl-c913ed48ab5f4813b3628546	0	201	0.079251	PASS	none	083c458ca9e540959dd12e750f76f993	PASS
r03-q01934-2u-t34	3	2	tpl-c913ed48ab5f4813b3628546	0	201	0.082326	PASS	none	cfb0fc75f1234aa5aefb7d9dba1a340a	PASS
r03-q01940-2u-t40	3	2	tpl-c913ed48ab5f4813b3628546	0	201	0.092297	PASS	none	3f8720b1874f45e5933ac16f6df67710	PASS
r03-q01944-2u-t44	3	2	tpl-c913ed48ab5f4813b3628546	0	201	0.087091	PASS	none	0a4f3201cb154038a5d457ff5f9eb5f7	PASS
r03-q01942-2u-t42	3	2	tpl-c913ed48ab5f4813b3628546	0	201	0.090448	PASS	none	ff1cee72281c4075afcfc11ce74c46ac	PASS
r03-q01945-2u-t45	3	2	tpl-c913ed48ab5f4813b3628546	0	201	0.079675	PASS	none	dd55f3b08c3c4130be0c8507bc91cece	PASS
r03-q01938-2u-t38	3	2	tpl-c913ed48ab5f4813b3628546	0	201	0.084782	PASS	none	947f1bc238af4e7fbd0c5d90d5d332e0	PASS
r03-q01943-2u-t43	3	2	tpl-c913ed48ab5f4813b3628546	0	201	0.087078	PASS	none	621a194fd392448786be0caa464718ac	PASS
r03-q01941-2u-t41	3	2	tpl-c913ed48ab5f4813b3628546	0	201	0.094061	PASS	none	48057f53e7b04e25ae651104de3114ea	PASS
r03-q01950-2u-t50	3	2	tpl-c913ed48ab5f4813b3628546	0	201	0.085709	PASS	none	2b9e6f98f59343839eebfce7f56457e8	PASS
r03-q01947-2u-t47	3	2	tpl-c913ed48ab5f4813b3628546	0	201	0.090499	PASS	none	9ca0f9a4e8fd475aa75cb45d2d2b251b	PASS
r03-q01949-2u-t49	3	2	tpl-c913ed48ab5f4813b3628546	0	201	0.090832	PASS	none	16b21285d1cc4ff39695dc3688ad2fcb	PASS
r03-q01948-2u-t48	3	2	tpl-c913ed48ab5f4813b3628546	0	201	0.087897	PASS	none	d70bb7e93f2444dc9028191f0ec84d58	PASS
r03-q01946-2u-t46	3	2	tpl-c913ed48ab5f4813b3628546	0	201	0.090124	PASS	none	f6c01fcedc814854bc3671a539754f49	PASS
r04-q01955-2u-t5	4	2	tpl-c913ed48ab5f4813b3628546	0	201	0.065294	PASS	none	b3134403f2034c26bef12eac5f255d56	PASS
r04-q01956-2u-t6	4	2	tpl-c913ed48ab5f4813b3628546	0	201	0.064403	PASS	none	01b440bb1d2c49e093474c0fe7fdf1c8	PASS
r04-q01957-2u-t7	4	2	tpl-c913ed48ab5f4813b3628546	0	201	0.063436	PASS	none	5e7899d0554946cbb292b60952e98db9	PASS
r04-q01958-2u-t8	4	2	tpl-c913ed48ab5f4813b3628546	0	201	0.066526	PASS	none	4cca6c5a704d4836a57352fd76c62acd	PASS
r04-q01960-2u-t10	4	2	tpl-c913ed48ab5f4813b3628546	0	201	0.062483	PASS	none	0a121d09ff934a748f75f46ed8d1cedd	PASS
r04-q01951-2u-t1	4	2	tpl-c913ed48ab5f4813b3628546	0	201	0.061238	PASS	none	8296594f845541aa84ec065788d2b43e	PASS
r04-q01954-2u-t4	4	2	tpl-c913ed48ab5f4813b3628546	0	201	0.054789	PASS	none	3d711029b3f84c8fae92194c51d6db81	PASS
r04-q01968-2u-t18	4	2	tpl-c913ed48ab5f4813b3628546	0	201	0.067270	PASS	none	aec1e21fe1c84d0f992a753e43953ef4	PASS
r04-q01966-2u-t16	4	2	tpl-c913ed48ab5f4813b3628546	0	201	0.073584	PASS	none	f875d70ef6024018940f6b40f00094e0	PASS
r04-q01962-2u-t12	4	2	tpl-c913ed48ab5f4813b3628546	0	201	0.087695	PASS	none	f3238a2ba89e4b30b719de52ca2965e1	PASS
r04-q01952-2u-t2	4	2	tpl-c913ed48ab5f4813b3628546	0	201	0.064179	PASS	none	91a9561e896e450dad2071e5978a5934	PASS
r04-q01965-2u-t15	4	2	tpl-c913ed48ab5f4813b3628546	0	201	0.070036	PASS	none	1729960b8cc54ee78739f3d8d6bb6aea	PASS
r04-q01969-2u-t19	4	2	tpl-c913ed48ab5f4813b3628546	0	201	0.070698	PASS	none	8e0f293d782a429ebfc21551823534d2	PASS
r04-q01967-2u-t17	4	2	tpl-c913ed48ab5f4813b3628546	0	201	0.071452	PASS	none	1d895599365f4991bc753475fe9b7f55	PASS
r04-q01959-2u-t9	4	2	tpl-c913ed48ab5f4813b3628546	0	201	0.062949	PASS	none	51648943cc6d4429a71da406cd3a0627	PASS
r04-q01953-2u-t3	4	2	tpl-c913ed48ab5f4813b3628546	0	201	0.067396	PASS	none	245e933b9bec4d0db7b8a809aca20b01	PASS
r04-q01964-2u-t14	4	2	tpl-c913ed48ab5f4813b3628546	0	201	0.087754	PASS	none	8c3a21f9b4444ee0893dbc2fb41e0f24	PASS
r04-q01961-2u-t11	4	2	tpl-c913ed48ab5f4813b3628546	0	201	0.066631	PASS	none	d21bf9e5e9014a539929bb509c96b32e	PASS
r04-q01963-2u-t13	4	2	tpl-c913ed48ab5f4813b3628546	0	201	0.089606	PASS	none	858b22d087994536b75388edbfb35062	PASS
r04-q01970-2u-t20	4	2	tpl-c913ed48ab5f4813b3628546	0	201	0.088130	PASS	none	39919439414348de970b5a19e6e54727	PASS
r04-q01974-2u-t24	4	2	tpl-c913ed48ab5f4813b3628546	0	201	0.075160	PASS	none	ef1342d518a04fdfa553f877fe3435e3	PASS
r04-q01971-2u-t21	4	2	tpl-c913ed48ab5f4813b3628546	0	201	0.091610	PASS	none	de0ee1b0888e46feb34339a541614fa4	PASS
r04-q01972-2u-t22	4	2	tpl-c913ed48ab5f4813b3628546	0	201	0.074956	PASS	none	4694912afdea472bbc962319753e58f1	PASS
r04-q01976-2u-t26	4	2	tpl-c913ed48ab5f4813b3628546	0	201	0.072462	PASS	none	5f68a0237f86493d9c72ba97a0f25f39	PASS
r04-q01973-2u-t23	4	2	tpl-c913ed48ab5f4813b3628546	0	201	0.087548	PASS	none	6b36c3f74acb4653963a03f223b448f2	PASS
r04-q01977-2u-t27	4	2	tpl-c913ed48ab5f4813b3628546	0	201	0.073488	PASS	none	5a09c05f9e894847bf919678db692791	PASS
r04-q01979-2u-t29	4	2	tpl-c913ed48ab5f4813b3628546	0	201	0.071941	PASS	none	9d5a4667840e4297bcafb601bcea6389	PASS
r04-q01975-2u-t25	4	2	tpl-c913ed48ab5f4813b3628546	0	201	0.079180	PASS	none	4826616d7814462caeabed8140e36399	PASS
r04-q01980-2u-t30	4	2	tpl-c913ed48ab5f4813b3628546	0	201	0.083065	PASS	none	38cf11b054ff4fee933654bee9083ea0	PASS
r04-q01982-2u-t32	4	2	tpl-c913ed48ab5f4813b3628546	0	201	0.082555	PASS	none	c5992a70e5494ac2bc871d993646728d	PASS
r04-q01981-2u-t31	4	2	tpl-c913ed48ab5f4813b3628546	0	201	0.073380	PASS	none	361fe30f0f9e48db8513690ab291a062	PASS
r04-q01984-2u-t34	4	2	tpl-c913ed48ab5f4813b3628546	0	201	0.089844	PASS	none	f591cf76a1544146bbe978854af24a5f	PASS
r04-q01992-2u-t42	4	2	tpl-c913ed48ab5f4813b3628546	0	201	0.086568	PASS	none	eaaf0b3c7a4d49a0b26c2d4e65dfae69	PASS
r04-q01987-2u-t37	4	2	tpl-c913ed48ab5f4813b3628546	0	201	0.090305	PASS	none	2cb484776dd9438c9b4dbd9e1022a914	PASS
r04-q01985-2u-t35	4	2	tpl-c913ed48ab5f4813b3628546	0	201	0.082425	PASS	none	e19a2629eb53447395881551cf04eed0	PASS
r04-q01990-2u-t40	4	2	tpl-c913ed48ab5f4813b3628546	0	201	0.092576	PASS	none	e3ffb1243de04960a724506b1c777d8e	PASS
r04-q01998-2u-t48	4	2	tpl-c913ed48ab5f4813b3628546	0	201	0.080394	PASS	none	c0c759d5662b4fd990368c1b90cb5aa0	PASS
r04-q02000-2u-t50	4	2	tpl-c913ed48ab5f4813b3628546	0	201	0.081326	PASS	none	134f8bfc2a0242da901621d8c6e466fa	PASS
r04-q01986-2u-t36	4	2	tpl-c913ed48ab5f4813b3628546	0	201	0.084164	PASS	none	0264903ac0d14594a0fa59d2ad9b9d80	PASS
r04-q01983-2u-t33	4	2	tpl-c913ed48ab5f4813b3628546	0	201	0.089097	PASS	none	f6909fd2444943bc88eda53dcf97e0b4	PASS
r04-q01996-2u-t46	4	2	tpl-c913ed48ab5f4813b3628546	0	201	0.086781	PASS	none	9a4d16a8860a4b50b1c865c46d537446	PASS
r04-q01995-2u-t45	4	2	tpl-c913ed48ab5f4813b3628546	0	201	0.085136	PASS	none	f43570069c7145b6a174e89df78e6057	PASS
r04-q01988-2u-t38	4	2	tpl-c913ed48ab5f4813b3628546	0	201	0.086526	PASS	none	0ea7e6be50de4184b33a7b5071dad778	PASS
r04-q01989-2u-t39	4	2	tpl-c913ed48ab5f4813b3628546	0	201	0.081194	PASS	none	bf03ded360b2473088c8bc57fc3a51c1	PASS
r04-q01991-2u-t41	4	2	tpl-c913ed48ab5f4813b3628546	0	201	0.095493	PASS	none	cc41eaba8e5346bd99575c6d00d2b33f	PASS
r04-q01994-2u-t44	4	2	tpl-c913ed48ab5f4813b3628546	0	201	0.087852	PASS	none	02a7286f34bb45aab59ee1aa6c47f796	PASS
r04-q01978-2u-t28	4	2	tpl-c913ed48ab5f4813b3628546	0	201	0.073402	PASS	none	e54c7148df0a4abcb951a99069830598	PASS
r04-q01993-2u-t43	4	2	tpl-c913ed48ab5f4813b3628546	0	201	0.087645	PASS	none	1c9ec467437c409ab79127c116b3b1e7	PASS
r04-q01997-2u-t47	4	2	tpl-c913ed48ab5f4813b3628546	0	201	0.079845	PASS	none	80d2491a0bc4475c8e33aea912c26cdd	PASS
r04-q01999-2u-t49	4	2	tpl-c913ed48ab5f4813b3628546	0	201	0.091405	PASS	none	d77a726d509e48268ce30c9d39ce6244	PASS
r05-q02002-2u-t2	5	2	tpl-c913ed48ab5f4813b3628546	0	201	0.054666	PASS	none	2e2f1f902b534f178ad938c11ac54b88	PASS
r05-q02001-2u-t1	5	2	tpl-c913ed48ab5f4813b3628546	0	201	0.054743	PASS	none	0af16a7ec08a471ebc8452440bead963	PASS
r05-q02009-2u-t9	5	2	tpl-c913ed48ab5f4813b3628546	0	201	0.064319	PASS	none	917b7178bb884ef6829cd3174cbd64b2	PASS
r05-q02007-2u-t7	5	2	tpl-c913ed48ab5f4813b3628546	0	201	0.053029	PASS	none	7a8832cddb2643618f63f910d5b58897	PASS
r05-q02004-2u-t4	5	2	tpl-c913ed48ab5f4813b3628546	0	201	0.055717	PASS	none	07a573c33f434975a36db9927061b46a	PASS
r05-q02003-2u-t3	5	2	tpl-c913ed48ab5f4813b3628546	0	201	0.051157	PASS	none	2cdf4a85ecb54ceba00e3d02721f38a5	PASS
r05-q02006-2u-t6	5	2	tpl-c913ed48ab5f4813b3628546	0	201	0.065871	PASS	none	80bce3124dbf408293b8b67ca4b60d42	PASS
r05-q02005-2u-t5	5	2	tpl-c913ed48ab5f4813b3628546	0	201	0.089598	PASS	none	3efb952992184ba88fe3553384dc3983	PASS
r05-q02008-2u-t8	5	2	tpl-c913ed48ab5f4813b3628546	0	201	0.056177	PASS	none	3076b9eb2fdb40e4984567bb2df66f55	PASS
r05-q02010-2u-t10	5	2	tpl-c913ed48ab5f4813b3628546	0	201	0.093357	PASS	none	6b3e1ec2971e482288978b48539aae3e	PASS
r05-q02013-2u-t13	5	2	tpl-c913ed48ab5f4813b3628546	0	201	0.112975	PASS	none	8331908dfb9044a2a92ea90f2feb74d5	PASS
r05-q02014-2u-t14	5	2	tpl-c913ed48ab5f4813b3628546	0	201	0.106166	PASS	none	442843eea7ae46d6b130ba201a6a4a94	PASS
r05-q02011-2u-t11	5	2	tpl-c913ed48ab5f4813b3628546	0	201	0.100181	PASS	none	28c9c9f313b3488ea2e74dda73be6347	PASS
r05-q02016-2u-t16	5	2	tpl-c913ed48ab5f4813b3628546	0	201	0.095670	PASS	none	37f86c0cdda64c0885ad4939c60c1b03	PASS
r05-q02012-2u-t12	5	2	tpl-c913ed48ab5f4813b3628546	0	201	0.121036	PASS	none	f2fb6725bde54873ae8607a32bb97d45	PASS
r05-q02023-2u-t23	5	2	tpl-c913ed48ab5f4813b3628546	0	201	0.131670	PASS	none	cfbfcd2dbe144e60895193fe5420851f	PASS
r05-q02015-2u-t15	5	2	tpl-c913ed48ab5f4813b3628546	0	201	0.103836	PASS	none	984586cf27174b6f85323c9ff4606030	PASS
r05-q02017-2u-t17	5	2	tpl-c913ed48ab5f4813b3628546	0	201	0.174309	PASS	none	f6c5e895d4144544b737e2d40f63ed22	PASS
r05-q02026-2u-t26	5	2	tpl-c913ed48ab5f4813b3628546	0	201	0.087913	PASS	none	493ca5e582124480a5713e9310b7b1a9	PASS
r05-q02029-2u-t29	5	2	tpl-c913ed48ab5f4813b3628546	0	201	0.106615	PASS	none	77a042eeff334545ae32167015b24c8d	PASS
r05-q02018-2u-t18	5	2	tpl-c913ed48ab5f4813b3628546	0	201	0.175087	PASS	none	22542c055741459c8ee175a1af6b7f0b	PASS
r05-q02025-2u-t25	5	2	tpl-c913ed48ab5f4813b3628546	0	201	0.136955	PASS	none	f36ff546d6b9478ea3d9abd293e78ec3	PASS
r05-q02024-2u-t24	5	2	tpl-c913ed48ab5f4813b3628546	0	201	0.133389	PASS	none	046cb97f0a984172a5d055ac1b8f4f8a	PASS
r05-q02022-2u-t22	5	2	tpl-c913ed48ab5f4813b3628546	0	201	0.149497	PASS	none	682e63dbf16249d1a2a7e22f70b8233f	PASS
r05-q02019-2u-t19	5	2	tpl-c913ed48ab5f4813b3628546	0	201	0.170600	PASS	none	31bbbc0554cd4a8fab65df9305d17e49	PASS
r05-q02033-2u-t33	5	2	tpl-c913ed48ab5f4813b3628546	0	201	0.115615	PASS	none	0bb34164e412455484dfa3aff9e876a5	PASS
r05-q02037-2u-t37	5	2	tpl-c913ed48ab5f4813b3628546	0	201	0.113832	PASS	none	8ed55970cded4033947bba84693acaea	PASS
r05-q02021-2u-t21	5	2	tpl-c913ed48ab5f4813b3628546	0	201	0.159170	PASS	none	c48237f83cf949c3b9580d66b654f02f	PASS
r05-q02036-2u-t36	5	2	tpl-c913ed48ab5f4813b3628546	0	201	0.108672	PASS	none	8c3dccabd200470ebbad522e8227e481	PASS
r05-q02027-2u-t27	5	2	tpl-c913ed48ab5f4813b3628546	0	201	0.119449	PASS	none	33e3ecd49aa242159e56e2a0121836cb	PASS
r05-q02030-2u-t30	5	2	tpl-c913ed48ab5f4813b3628546	0	201	0.112430	PASS	none	24cb6df4fcfb4dcfbe07d383b20d2cd9	PASS
r05-q02035-2u-t35	5	2	tpl-c913ed48ab5f4813b3628546	0	201	0.097057	PASS	none	e2d7654e6ca7419e8ea05eebc28be635	PASS
r05-q02020-2u-t20	5	2	tpl-c913ed48ab5f4813b3628546	0	201	0.136893	PASS	none	cb49e26ad0024252bae6e6780dfd75f0	PASS
r05-q02039-2u-t39	5	2	tpl-c913ed48ab5f4813b3628546	0	201	0.105076	PASS	none	ff1f262bc9c0445fb64cf3f7dfb5f701	PASS
r05-q02034-2u-t34	5	2	tpl-c913ed48ab5f4813b3628546	0	201	0.099057	PASS	none	33085699933c43649cbdf36a20249e1a	PASS
r05-q02028-2u-t28	5	2	tpl-c913ed48ab5f4813b3628546	0	201	0.121132	PASS	none	288abbfe832f4dc890a92c08498a8d5a	PASS
r05-q02045-2u-t45	5	2	tpl-c913ed48ab5f4813b3628546	0	201	0.101860	PASS	none	3aec7cfccffd4e7198639df4a07cc39e	PASS
r05-q02041-2u-t41	5	2	tpl-c913ed48ab5f4813b3628546	0	201	0.118704	PASS	none	fdd101c438d94c6a8138ee4fd0d1c684	PASS
r05-q02038-2u-t38	5	2	tpl-c913ed48ab5f4813b3628546	0	201	0.113600	PASS	none	9be34baa52e14fcb89b5d767e04b19d9	PASS
r05-q02031-2u-t31	5	2	tpl-c913ed48ab5f4813b3628546	0	201	0.093340	PASS	none	fa4a2260056f4d7da1140308b5497df0	PASS
r05-q02032-2u-t32	5	2	tpl-c913ed48ab5f4813b3628546	0	201	0.111893	PASS	none	7ad06853c424461da7cc351251e7d3c2	PASS
r05-q02046-2u-t46	5	2	tpl-c913ed48ab5f4813b3628546	0	201	0.095855	PASS	none	b3e96f022b754506824d65771a1951bb	PASS
r05-q02047-2u-t47	5	2	tpl-c913ed48ab5f4813b3628546	0	201	0.091274	PASS	none	c559dd3fc96f4052b2eb05f35c5bdd32	PASS
r05-q02042-2u-t42	5	2	tpl-c913ed48ab5f4813b3628546	0	201	0.113770	PASS	none	b0e1a9f23d554f3688666cf7201bc824	PASS
r05-q02040-2u-t40	5	2	tpl-c913ed48ab5f4813b3628546	0	201	0.124726	PASS	none	8fea2ab708304273a491d90df04cc536	PASS
r05-q02048-2u-t48	5	2	tpl-c913ed48ab5f4813b3628546	0	201	0.089081	PASS	none	625c3ff52f034abe8fbe6b16cc459ba6	PASS
r05-q02044-2u-t44	5	2	tpl-c913ed48ab5f4813b3628546	0	201	0.103141	PASS	none	0c6825af2fe74700a7b551b5dbde2080	PASS
r05-q02043-2u-t43	5	2	tpl-c913ed48ab5f4813b3628546	0	201	0.103386	PASS	none	ea16c5d3857847b7acd6a6605a45917c	PASS
r05-q02050-2u-t50	5	2	tpl-c913ed48ab5f4813b3628546	0	201	0.103726	PASS	none	2867dce34f604c848e7292758da7f839	PASS
r05-q02049-2u-t49	5	2	tpl-c913ed48ab5f4813b3628546	0	201	0.111163	PASS	none	b9cbc85dbbc34d199e157a76ed53544e	PASS
r06-q02059-2u-t9	6	2	tpl-c913ed48ab5f4813b3628546	0	201	0.061058	PASS	none	b5c13b084ca4460181cd0caa56a4da42	PASS
r06-q02054-2u-t4	6	2	tpl-c913ed48ab5f4813b3628546	0	201	0.067637	PASS	none	fca5382a8faa477ea63dd944b38bd257	PASS
r06-q02057-2u-t7	6	2	tpl-c913ed48ab5f4813b3628546	0	201	0.063632	PASS	none	6184db1333494de68f50f9989b0ec78a	PASS
r06-q02051-2u-t1	6	2	tpl-c913ed48ab5f4813b3628546	0	201	0.067463	PASS	none	73a8013b4b6f448799bd74f51afbd962	PASS
r06-q02056-2u-t6	6	2	tpl-c913ed48ab5f4813b3628546	0	201	0.068491	PASS	none	57e09f25907c42aeb923b093c97624de	PASS
r06-q02052-2u-t2	6	2	tpl-c913ed48ab5f4813b3628546	0	201	0.071772	PASS	none	0984b1a9a61740b3ad07dee32f70e353	PASS
r06-q02055-2u-t5	6	2	tpl-c913ed48ab5f4813b3628546	0	201	0.066247	PASS	none	0b377ceaee1b4aae91fb03aa97098674	PASS
r06-q02065-2u-t15	6	2	tpl-c913ed48ab5f4813b3628546	0	201	0.074502	PASS	none	ed9136b5f9134e3199e748c347bd08cd	PASS
r06-q02053-2u-t3	6	2	tpl-c913ed48ab5f4813b3628546	0	201	0.068364	PASS	none	ab519c0dfd8c4d64a6577d2bc84952a9	PASS
r06-q02060-2u-t10	6	2	tpl-c913ed48ab5f4813b3628546	0	201	0.056045	PASS	none	6d0efb1b9ac04d5191ebfbfbccd41758	PASS
r06-q02064-2u-t14	6	2	tpl-c913ed48ab5f4813b3628546	0	201	0.071584	PASS	none	c2d986642a364d3f9c546fe45e4b2ea5	PASS
r06-q02058-2u-t8	6	2	tpl-c913ed48ab5f4813b3628546	0	201	0.062203	PASS	none	78742ee5a27744ee8969fb88031a0d6a	PASS
r06-q02062-2u-t12	6	2	tpl-c913ed48ab5f4813b3628546	0	201	0.064872	PASS	none	665969fa839e43bbad6bd79ebdb45b0a	PASS
r06-q02067-2u-t17	6	2	tpl-c913ed48ab5f4813b3628546	0	201	0.066160	PASS	none	8bde9c79dae24d0aabdf4e3340aed72b	PASS
r06-q02061-2u-t11	6	2	tpl-c913ed48ab5f4813b3628546	0	201	0.061171	PASS	none	f06510e45ed042168f6795fab21cef34	PASS
r06-q02069-2u-t19	6	2	tpl-c913ed48ab5f4813b3628546	0	201	0.078923	PASS	none	11263505ee504af7b67ba849205f2d08	PASS
r06-q02068-2u-t18	6	2	tpl-c913ed48ab5f4813b3628546	0	201	0.080857	PASS	none	154dcd3fa97a4f0ab96357bf9a490771	PASS
r06-q02063-2u-t13	6	2	tpl-c913ed48ab5f4813b3628546	0	201	0.088925	PASS	none	c2c6ff882c014be385e5480cb4329f27	PASS
r06-q02072-2u-t22	6	2	tpl-c913ed48ab5f4813b3628546	0	201	0.085556	PASS	none	4bdbb888376942ab80f62658aafe71e8	PASS
r06-q02066-2u-t16	6	2	tpl-c913ed48ab5f4813b3628546	0	201	0.088184	PASS	none	7adcedbcef2a4b63b44b615656f5eba1	PASS
r06-q02075-2u-t25	6	2	tpl-c913ed48ab5f4813b3628546	0	201	0.078818	PASS	none	a997fb2e12ff4395a5f9e141f6627d4a	PASS
r06-q02071-2u-t21	6	2	tpl-c913ed48ab5f4813b3628546	0	201	0.073466	PASS	none	00086c14a5f849448ecaf4d1c2013aa2	PASS
r06-q02074-2u-t24	6	2	tpl-c913ed48ab5f4813b3628546	0	201	0.078034	PASS	none	907ea1580afb48f7b34b00c3ed1bbb6a	PASS
r06-q02070-2u-t20	6	2	tpl-c913ed48ab5f4813b3628546	0	201	0.090036	PASS	none	551076c2aff94df8b09fcee8f08abe9d	PASS
r06-q02073-2u-t23	6	2	tpl-c913ed48ab5f4813b3628546	0	201	0.071621	PASS	none	c4eaef8e3c81421d843f0a74ec32f11a	PASS
r06-q02077-2u-t27	6	2	tpl-c913ed48ab5f4813b3628546	0	201	0.092897	PASS	none	f845cba6fe4a49cfb0502a210bf8bc06	PASS
r06-q02076-2u-t26	6	2	tpl-c913ed48ab5f4813b3628546	0	201	0.092360	PASS	none	cf9062d0e48c4c2b957a19b56d18e250	PASS
r06-q02078-2u-t28	6	2	tpl-c913ed48ab5f4813b3628546	0	201	0.078632	PASS	none	2e7507f79152499b9e5186d7fb7a3200	PASS
r06-q02080-2u-t30	6	2	tpl-c913ed48ab5f4813b3628546	0	201	0.082283	PASS	none	e01d7e57b8b549ef8c84e2e44ea675b3	PASS
r06-q02079-2u-t29	6	2	tpl-c913ed48ab5f4813b3628546	0	201	0.089049	PASS	none	ba57580e8f5d4b32be7953f907f505c9	PASS
r06-q02081-2u-t31	6	2	tpl-c913ed48ab5f4813b3628546	0	201	0.090271	PASS	none	6be16f65e6f7450ca687b5009030361b	PASS
r06-q02084-2u-t34	6	2	tpl-c913ed48ab5f4813b3628546	0	201	0.088976	PASS	none	f3bc14837d4144309093509969387eb5	PASS
r06-q02085-2u-t35	6	2	tpl-c913ed48ab5f4813b3628546	0	201	0.081871	PASS	none	45ce830ace894fd4a7baadb68d900b14	PASS
r06-q02083-2u-t33	6	2	tpl-c913ed48ab5f4813b3628546	0	201	0.089460	PASS	none	6073568f8d3c4ec2b85eedbaf60b0ca3	PASS
r06-q02090-2u-t40	6	2	tpl-c913ed48ab5f4813b3628546	0	201	0.084255	PASS	none	1712aed48af046948b67f8ccd7c62aa8	PASS
r06-q02088-2u-t38	6	2	tpl-c913ed48ab5f4813b3628546	0	201	0.096293	PASS	none	14a940af75834df1b8c47aa41b76f9b2	PASS
r06-q02086-2u-t36	6	2	tpl-c913ed48ab5f4813b3628546	0	201	0.092885	PASS	none	5fcc1b4545274d6f8db31bd0d4b3cc60	PASS
r06-q02096-2u-t46	6	2	tpl-c913ed48ab5f4813b3628546	0	201	0.095584	PASS	none	3fe23642c0db40e493b7220c79077234	PASS
r06-q02091-2u-t41	6	2	tpl-c913ed48ab5f4813b3628546	0	201	0.085415	PASS	none	7b2ec84f2b114b4892c8d088858f49fd	PASS
r06-q02089-2u-t39	6	2	tpl-c913ed48ab5f4813b3628546	0	201	0.087948	PASS	none	aac4eabae6f6444fb9cc105ed99d7597	PASS
r06-q02087-2u-t37	6	2	tpl-c913ed48ab5f4813b3628546	0	201	0.094973	PASS	none	01274aecfb6a455687bd2fae23e2a02d	PASS
r06-q02082-2u-t32	6	2	tpl-c913ed48ab5f4813b3628546	0	201	0.083407	PASS	none	c5c3a00e1f534d6f8d8978365c624d5b	PASS
r06-q02092-2u-t42	6	2	tpl-c913ed48ab5f4813b3628546	0	201	0.097178	PASS	none	0d5bff84145542909a040d5ef31f839a	PASS
r06-q02099-2u-t49	6	2	tpl-c913ed48ab5f4813b3628546	0	201	0.085580	PASS	none	7d83fcf891cf487faa3a51697ac89230	PASS
r06-q02100-2u-t50	6	2	tpl-c913ed48ab5f4813b3628546	0	201	0.083850	PASS	none	214044ce8849458786fc5f5c4fe5a1a7	PASS
r06-q02098-2u-t48	6	2	tpl-c913ed48ab5f4813b3628546	0	201	0.089131	PASS	none	55ca22eb14ed41db97d30909e709a3bf	PASS
r06-q02093-2u-t43	6	2	tpl-c913ed48ab5f4813b3628546	0	201	0.095530	PASS	none	33a6eacdbe3b4f6fb4d48270ee9a0c22	PASS
r06-q02095-2u-t45	6	2	tpl-c913ed48ab5f4813b3628546	0	201	0.092986	PASS	none	01c1be0d36554dbda59c2763b58a9917	PASS
r06-q02094-2u-t44	6	2	tpl-c913ed48ab5f4813b3628546	0	201	0.088448	PASS	none	544f603deabe4d63b7654907c9cb627c	PASS
r06-q02097-2u-t47	6	2	tpl-c913ed48ab5f4813b3628546	0	201	0.096707	PASS	none	d013fdafb0664c5585a4454cb49dce07	PASS
r01-q02102-2u-t2	1	2	tpl-5b07eb1c7c2b405a9979b6bb	0	201	0.063764	PASS	none	6689766fef8f440eb6edac3fa5aa0509	PASS
r01-q02104-2u-t4	1	2	tpl-5b07eb1c7c2b405a9979b6bb	0	201	0.068336	PASS	none	f29450504954488792251f6ea2209864	PASS
r01-q02103-2u-t3	1	2	tpl-5b07eb1c7c2b405a9979b6bb	0	201	0.061341	PASS	none	e3039cef87b349cdaa9d023432c5617f	PASS
r01-q02111-2u-t11	1	2	tpl-5b07eb1c7c2b405a9979b6bb	0	201	0.063236	PASS	none	e59e04ddf1ea498b9843598f154a1523	PASS
r01-q02107-2u-t7	1	2	tpl-5b07eb1c7c2b405a9979b6bb	0	201	0.065735	PASS	none	20af3cc87d4743b0b931adb9342d150c	PASS
r01-q02109-2u-t9	1	2	tpl-5b07eb1c7c2b405a9979b6bb	0	201	0.065355	PASS	none	6b1aeba394f84226b7478708cfbabb0e	PASS
r01-q02106-2u-t6	1	2	tpl-5b07eb1c7c2b405a9979b6bb	0	201	0.065400	PASS	none	c04e457cd2574e548c90bb7370f36f7a	PASS
r01-q02108-2u-t8	1	2	tpl-5b07eb1c7c2b405a9979b6bb	0	201	0.065894	PASS	none	b722464e47cd494dbd9ce85bd0a35821	PASS
r01-q02110-2u-t10	1	2	tpl-5b07eb1c7c2b405a9979b6bb	0	201	0.060470	PASS	none	1410bda5341c4444b236a4eac4e05a36	PASS
r01-q02101-2u-t1	1	2	tpl-5b07eb1c7c2b405a9979b6bb	0	201	0.088101	PASS	none	43694f40103849ba90ca90e548820be7	PASS
r01-q02112-2u-t12	1	2	tpl-5b07eb1c7c2b405a9979b6bb	0	201	0.061187	PASS	none	bd7437688c1747df9a83d8781c469e79	PASS
r01-q02105-2u-t5	1	2	tpl-5b07eb1c7c2b405a9979b6bb	0	201	0.071502	PASS	none	c13f17737c13457ba0070edbd9d16d05	PASS
r01-q02122-2u-t22	1	2	tpl-5b07eb1c7c2b405a9979b6bb	0	201	0.080437	PASS	none	98d96f975d534c14a79e63d19799b714	PASS
r01-q02120-2u-t20	1	2	tpl-5b07eb1c7c2b405a9979b6bb	0	201	0.070968	PASS	none	138efe34c45549a4ac7644cabc3879f7	PASS
r01-q02114-2u-t14	1	2	tpl-5b07eb1c7c2b405a9979b6bb	0	201	0.090801	PASS	none	e0b9b04f059140cb8b5dde7a841763cb	PASS
r01-q02113-2u-t13	1	2	tpl-5b07eb1c7c2b405a9979b6bb	0	201	0.068672	PASS	none	e4de789c9dbb4b6e9e0a3044a969f655	PASS
r01-q02118-2u-t18	1	2	tpl-5b07eb1c7c2b405a9979b6bb	0	201	0.073848	PASS	none	0625f1d37a0c43e8a9caed68543f8e64	PASS
r01-q02128-2u-t28	1	2	tpl-5b07eb1c7c2b405a9979b6bb	0	201	0.086938	PASS	none	1100a404e4cc4a37949a830e85d33a7c	PASS
r01-q02115-2u-t15	1	2	tpl-5b07eb1c7c2b405a9979b6bb	0	201	0.076286	PASS	none	b9cda42df88440579d35824766ab3e41	PASS
r01-q02121-2u-t21	1	2	tpl-5b07eb1c7c2b405a9979b6bb	0	201	0.094276	PASS	none	d79e4d3ef609431b94651064ece6e4b1	PASS
r01-q02123-2u-t23	1	2	tpl-5b07eb1c7c2b405a9979b6bb	0	201	0.078487	PASS	none	b33aff2ac42d4c5c9d0cd70824cea01e	PASS
r01-q02116-2u-t16	1	2	tpl-5b07eb1c7c2b405a9979b6bb	0	201	0.077896	PASS	none	4b9278f92e98415ab7b3af8420b7df71	PASS
r01-q02117-2u-t17	1	2	tpl-5b07eb1c7c2b405a9979b6bb	0	201	0.085520	PASS	none	887a847887994669a6d0a2af12ca024c	PASS
r01-q02125-2u-t25	1	2	tpl-5b07eb1c7c2b405a9979b6bb	0	201	0.098015	PASS	none	dd8246f24fb7478bb60f39f4d5f621cd	PASS
r01-q02119-2u-t19	1	2	tpl-5b07eb1c7c2b405a9979b6bb	0	201	0.072506	PASS	none	89cee6b3d5a24b9f96013fe900ec8008	PASS
r01-q02129-2u-t29	1	2	tpl-5b07eb1c7c2b405a9979b6bb	0	201	0.093707	PASS	none	e3c8070ac40d44a3bb0e14a2678aed6b	PASS
r01-q02126-2u-t26	1	2	tpl-5b07eb1c7c2b405a9979b6bb	0	201	0.077775	PASS	none	9317646cb50d47e78d39bdad39ba36ec	PASS
r01-q02124-2u-t24	1	2	tpl-5b07eb1c7c2b405a9979b6bb	0	201	0.082131	PASS	none	791c285120d74a949b995dabb80d9b36	PASS
r01-q02138-2u-t38	1	2	tpl-5b07eb1c7c2b405a9979b6bb	0	201	0.110470	PASS	none	1cbb0372e42f4abdb9c6804b85b54e99	PASS
r01-q02131-2u-t31	1	2	tpl-5b07eb1c7c2b405a9979b6bb	0	201	0.086400	PASS	none	46e607c1aadb4e2d955e39b3279e612a	PASS
r01-q02130-2u-t30	1	2	tpl-5b07eb1c7c2b405a9979b6bb	0	201	0.088387	PASS	none	d317b48744394a18a8af0978661dae26	PASS
r01-q02132-2u-t32	1	2	tpl-5b07eb1c7c2b405a9979b6bb	0	201	0.115036	PASS	none	152f6dd612044bf2a049ba9034873909	PASS
r01-q02135-2u-t35	1	2	tpl-5b07eb1c7c2b405a9979b6bb	0	201	0.113898	PASS	none	8a2457b3f2904ba0a690ac67f1edfdfc	PASS
r01-q02140-2u-t40	1	2	tpl-5b07eb1c7c2b405a9979b6bb	0	201	0.105487	PASS	none	da7db26a446243ee9e77dc6a74e34603	PASS
r01-q02133-2u-t33	1	2	tpl-5b07eb1c7c2b405a9979b6bb	0	201	0.120867	PASS	none	1467bd56f4ff42aa98292b522d049e9a	PASS
r01-q02127-2u-t27	1	2	tpl-5b07eb1c7c2b405a9979b6bb	0	201	0.085249	PASS	none	009c21d5a31741edb4003b2bcfc43486	PASS
r01-q02145-2u-t45	1	2	tpl-5b07eb1c7c2b405a9979b6bb	0	201	0.093196	PASS	none	880691b5647a430caec19a02f7f6356f	PASS
r01-q02136-2u-t36	1	2	tpl-5b07eb1c7c2b405a9979b6bb	0	201	0.114380	PASS	none	0c25abd1df094377bb27dfa453f1cef3	PASS
r01-q02143-2u-t43	1	2	tpl-5b07eb1c7c2b405a9979b6bb	0	201	0.110035	PASS	none	05b3a2737bb64f29ae9902be40568f96	PASS
r01-q02142-2u-t42	1	2	tpl-5b07eb1c7c2b405a9979b6bb	0	201	0.101283	PASS	none	acd73768c730494bab0ef4897d67d674	PASS
r01-q02139-2u-t39	1	2	tpl-5b07eb1c7c2b405a9979b6bb	0	201	0.109486	PASS	none	75d34926469b4f86b7f2f300dce39ddc	PASS
r01-q02141-2u-t41	1	2	tpl-5b07eb1c7c2b405a9979b6bb	0	201	0.106162	PASS	none	4a0f01ec0a0a4abdbdb5d641c01bc77a	PASS
r01-q02134-2u-t34	1	2	tpl-5b07eb1c7c2b405a9979b6bb	0	201	0.125362	PASS	none	4c1303c05b254dcea850e3edae1efe9c	PASS
r01-q02144-2u-t44	1	2	tpl-5b07eb1c7c2b405a9979b6bb	0	201	0.105056	PASS	none	1a2c66c4eb404b219738168049f5c98e	PASS
r01-q02137-2u-t37	1	2	tpl-5b07eb1c7c2b405a9979b6bb	0	201	0.114309	PASS	none	b425ad4b2ae3407ba8a8bf6291e0eb88	PASS
r01-q02148-2u-t48	1	2	tpl-5b07eb1c7c2b405a9979b6bb	0	201	0.099579	PASS	none	9c2d145f8c424ed88e2cfafc195f2bf7	PASS
r01-q02146-2u-t46	1	2	tpl-5b07eb1c7c2b405a9979b6bb	0	201	0.093837	PASS	none	31390b9263904ecd8d26a9dad5759117	PASS
r01-q02149-2u-t49	1	2	tpl-5b07eb1c7c2b405a9979b6bb	0	201	0.093090	PASS	none	558f6769a3fa4a2082ef35b0717f9c10	PASS
r01-q02150-2u-t50	1	2	tpl-5b07eb1c7c2b405a9979b6bb	0	201	0.088667	PASS	none	e872680bff30411e98b9daf37702e521	PASS
r01-q02147-2u-t47	1	2	tpl-5b07eb1c7c2b405a9979b6bb	0	201	0.098046	PASS	none	12a9c0d925da4fe987b29b8dd578b7d6	PASS
r02-q02153-2u-t3	2	2	tpl-5b07eb1c7c2b405a9979b6bb	0	201	0.058626	PASS	none	334efe8ece2c45858adc369aa15161d9	PASS
r02-q02152-2u-t2	2	2	tpl-5b07eb1c7c2b405a9979b6bb	0	201	0.059914	PASS	none	6280fe9669ca45198ee9f6127b2053d1	PASS
r02-q02151-2u-t1	2	2	tpl-5b07eb1c7c2b405a9979b6bb	0	201	0.057538	PASS	none	937e8a41984945d3aa8d3572bdda26f8	PASS
r02-q02156-2u-t6	2	2	tpl-5b07eb1c7c2b405a9979b6bb	0	201	0.059635	PASS	none	ba25b6326c374727b987d12d48dee3c8	PASS
r02-q02162-2u-t12	2	2	tpl-5b07eb1c7c2b405a9979b6bb	0	201	0.085737	PASS	none	6af4d87a444c4ea3b0553c9d45b641d3	PASS
r02-q02159-2u-t9	2	2	tpl-5b07eb1c7c2b405a9979b6bb	0	201	0.088680	PASS	none	24f2532c63ed4313ad7b96674e586868	PASS
r02-q02157-2u-t7	2	2	tpl-5b07eb1c7c2b405a9979b6bb	0	201	0.056290	PASS	none	8fae587b8714446ea527045c19fe65bf	PASS
r02-q02154-2u-t4	2	2	tpl-5b07eb1c7c2b405a9979b6bb	0	201	0.056482	PASS	none	3d40b40927384ce79a8bc5896f9488db	PASS
r02-q02160-2u-t10	2	2	tpl-5b07eb1c7c2b405a9979b6bb	0	201	0.075608	PASS	none	7a7a9099a73843b594a69e97caaf5d8a	PASS
r02-q02161-2u-t11	2	2	tpl-5b07eb1c7c2b405a9979b6bb	0	201	0.063753	PASS	none	f18ed832c7104472a9930f0a699a6475	PASS
r02-q02164-2u-t14	2	2	tpl-5b07eb1c7c2b405a9979b6bb	0	201	0.085758	PASS	none	921e005849da4c13aa3c74e57c4a49fc	PASS
r02-q02163-2u-t13	2	2	tpl-5b07eb1c7c2b405a9979b6bb	0	201	0.076944	PASS	none	dadc00c507a34f22b00510dca62a70cf	PASS
r02-q02167-2u-t17	2	2	tpl-5b07eb1c7c2b405a9979b6bb	0	201	0.065468	PASS	none	1202c4aaa560428592c38e67a19fda4e	PASS
r02-q02158-2u-t8	2	2	tpl-5b07eb1c7c2b405a9979b6bb	0	201	0.060167	PASS	none	1f7c717a86ea41a59c9ada02d28e6ff2	PASS
r02-q02155-2u-t5	2	2	tpl-5b07eb1c7c2b405a9979b6bb	0	201	0.064605	PASS	none	1367f0be58a04fb09a78dc0a4c63dcc5	PASS
r02-q02173-2u-t23	2	2	tpl-5b07eb1c7c2b405a9979b6bb	0	201	0.082916	PASS	none	3699eb2f84134295b6b9445756dd31c5	PASS
r02-q02169-2u-t19	2	2	tpl-5b07eb1c7c2b405a9979b6bb	0	201	0.072818	PASS	none	d6ab6f514cd040dfb320a933d9042f8c	PASS
r02-q02172-2u-t22	2	2	tpl-5b07eb1c7c2b405a9979b6bb	0	201	0.095328	PASS	none	b630ba79784a49dfb7add7f856493b63	PASS
r02-q02166-2u-t16	2	2	tpl-5b07eb1c7c2b405a9979b6bb	0	201	0.077175	PASS	none	de302265f782491ea5bd81e5d8dae0fb	PASS
r02-q02165-2u-t15	2	2	tpl-5b07eb1c7c2b405a9979b6bb	0	201	0.083332	PASS	none	db3ae95c9eea4dfe864355219be32a48	PASS
r02-q02168-2u-t18	2	2	tpl-5b07eb1c7c2b405a9979b6bb	0	201	0.069107	PASS	none	2b9764424acd46f8ba96bded6975b28a	PASS
r02-q02178-2u-t28	2	2	tpl-5b07eb1c7c2b405a9979b6bb	0	201	0.086409	PASS	none	7dbcf05637d3411e98d27607e427dae4	PASS
r02-q02171-2u-t21	2	2	tpl-5b07eb1c7c2b405a9979b6bb	0	201	0.078469	PASS	none	b924c65b67f84cf18a85f583d2340fa1	PASS
r02-q02180-2u-t30	2	2	tpl-5b07eb1c7c2b405a9979b6bb	0	201	0.076721	PASS	none	f7b1ada6658f48b5863c4e6cfdbccdbb	PASS
r02-q02176-2u-t26	2	2	tpl-5b07eb1c7c2b405a9979b6bb	0	201	0.101311	PASS	none	7ab4d8d82118452b89e0ec5e43acd5ae	PASS
r02-q02184-2u-t34	2	2	tpl-5b07eb1c7c2b405a9979b6bb	0	201	0.095928	PASS	none	501c52060e174d859d0c172447672488	PASS
r02-q02170-2u-t20	2	2	tpl-5b07eb1c7c2b405a9979b6bb	0	201	0.079367	PASS	none	0848b0a268bb4c1f8f346c6c90be1d89	PASS
r02-q02182-2u-t32	2	2	tpl-5b07eb1c7c2b405a9979b6bb	0	201	0.093527	PASS	none	47d58796babf4fefb6ea615122a5bde1	PASS
r02-q02175-2u-t25	2	2	tpl-5b07eb1c7c2b405a9979b6bb	0	201	0.091478	PASS	none	555e24a4c5e24fecb1b7b7b38f8aed9b	PASS
r02-q02183-2u-t33	2	2	tpl-5b07eb1c7c2b405a9979b6bb	0	201	0.100287	PASS	none	dbf79e42f5344b598cac03aaee7b09a6	PASS
r02-q02179-2u-t29	2	2	tpl-5b07eb1c7c2b405a9979b6bb	0	201	0.094021	PASS	none	5d8ceb1e762143568e1ac66d27b9034b	PASS
r02-q02181-2u-t31	2	2	tpl-5b07eb1c7c2b405a9979b6bb	0	201	0.078712	PASS	none	4c075b650d7f41f8a0c045c0144a162a	PASS
r02-q02188-2u-t38	2	2	tpl-5b07eb1c7c2b405a9979b6bb	0	201	0.097248	PASS	none	e57a6264799b4ea6a1947ed69cee306f	PASS
r02-q02187-2u-t37	2	2	tpl-5b07eb1c7c2b405a9979b6bb	0	201	0.100801	PASS	none	f995558e7f744882bb7e01a25a0cf213	PASS
r02-q02174-2u-t24	2	2	tpl-5b07eb1c7c2b405a9979b6bb	0	201	0.081096	PASS	none	70562a22e0404aa081e24347792adf55	PASS
r02-q02177-2u-t27	2	2	tpl-5b07eb1c7c2b405a9979b6bb	0	201	0.098593	PASS	none	dcac719e5d444846bf6014af0e9c64de	PASS
r02-q02193-2u-t43	2	2	tpl-5b07eb1c7c2b405a9979b6bb	0	201	0.095356	PASS	none	7aff8388681d48259b7db17792554505	PASS
r02-q02190-2u-t40	2	2	tpl-5b07eb1c7c2b405a9979b6bb	0	201	0.102887	PASS	none	78d92b7d33474a48b0a2e1dd3a725e7e	PASS
r02-q02192-2u-t42	2	2	tpl-5b07eb1c7c2b405a9979b6bb	0	201	0.093229	PASS	none	9b7e9a57d958468b80eac6087a986f2e	PASS
r02-q02185-2u-t35	2	2	tpl-5b07eb1c7c2b405a9979b6bb	0	201	0.110551	PASS	none	f381d901ed6845559c9fac9945cf1007	PASS
r02-q02199-2u-t49	2	2	tpl-5b07eb1c7c2b405a9979b6bb	0	201	0.093912	PASS	none	119c3760ff8e4177b0b3e3a5d5f0113a	PASS
r02-q02196-2u-t46	2	2	tpl-5b07eb1c7c2b405a9979b6bb	0	201	0.086060	PASS	none	178267982bc840448b45ede1235847f5	PASS
r02-q02191-2u-t41	2	2	tpl-5b07eb1c7c2b405a9979b6bb	0	201	0.101592	PASS	none	bf02ab773fd2469383026a9b91a21d05	PASS
r02-q02198-2u-t48	2	2	tpl-5b07eb1c7c2b405a9979b6bb	0	201	0.090671	PASS	none	19057c4b2b0243bdab90fa26d0759602	PASS
r02-q02197-2u-t47	2	2	tpl-5b07eb1c7c2b405a9979b6bb	0	201	0.096140	PASS	none	410a1a0f3b2c4b9c844f05b29c3b95cd	PASS
r02-q02189-2u-t39	2	2	tpl-5b07eb1c7c2b405a9979b6bb	0	201	0.113766	PASS	none	256ad1745cc943ee9876c87154b36d74	PASS
r02-q02186-2u-t36	2	2	tpl-5b07eb1c7c2b405a9979b6bb	0	201	0.104790	PASS	none	58c0aac3b5ae432c9deafcdef6d8ec56	PASS
r02-q02195-2u-t45	2	2	tpl-5b07eb1c7c2b405a9979b6bb	0	201	0.093253	PASS	none	f11883b51cde4c779e162cabb92a5950	PASS
r02-q02194-2u-t44	2	2	tpl-5b07eb1c7c2b405a9979b6bb	0	201	0.094233	PASS	none	a8d1b8df9d004e13aeca98f739b95248	PASS
r02-q02200-2u-t50	2	2	tpl-5b07eb1c7c2b405a9979b6bb	0	201	0.093675	PASS	none	c2b7a1472bde4af1820952aec352fab2	PASS
r03-q02202-2u-t2	3	2	tpl-5b07eb1c7c2b405a9979b6bb	0	201	0.071229	PASS	none	e4ca2cc027f949dda9fa5cd288cc16ce	PASS
r03-q02201-2u-t1	3	2	tpl-5b07eb1c7c2b405a9979b6bb	0	201	0.075878	PASS	none	75e93473255145c281cf9dd7edf96d00	PASS
r03-q02210-2u-t10	3	2	tpl-5b07eb1c7c2b405a9979b6bb	0	201	0.082179	PASS	none	af8d5d1d38bb4b90b73287d206d14f2d	PASS
r03-q02207-2u-t7	3	2	tpl-5b07eb1c7c2b405a9979b6bb	0	201	0.066774	PASS	none	044cf14887f44e238724cb16881aedc3	PASS
r03-q02205-2u-t5	3	2	tpl-5b07eb1c7c2b405a9979b6bb	0	201	0.072806	PASS	none	739b119f51ba401baec5b3a7cc6c89f2	PASS
r03-q02203-2u-t3	3	2	tpl-5b07eb1c7c2b405a9979b6bb	0	201	0.066033	PASS	none	a04cba6a10844a9b8e5c6c0c479c8115	PASS
r03-q02208-2u-t8	3	2	tpl-5b07eb1c7c2b405a9979b6bb	0	201	0.091225	PASS	none	a5435cbd5f634593a8cac5ad08f523f3	PASS
r03-q02214-2u-t14	3	2	tpl-5b07eb1c7c2b405a9979b6bb	0	201	0.089067	PASS	none	e6a23bcbd41448e7902d730c308db976	PASS
r03-q02209-2u-t9	3	2	tpl-5b07eb1c7c2b405a9979b6bb	0	201	0.081521	PASS	none	49fa4cb786e04f16ac94dfe789212ff3	PASS
r03-q02206-2u-t6	3	2	tpl-5b07eb1c7c2b405a9979b6bb	0	201	0.076197	PASS	none	03b9b6c251e14f3a92fd2588b3600fe5	PASS
r03-q02211-2u-t11	3	2	tpl-5b07eb1c7c2b405a9979b6bb	0	201	0.090116	PASS	none	f9e8b22d58dc4dfeafe6aeb82f75ad28	PASS
r03-q02225-2u-t25	3	2	tpl-5b07eb1c7c2b405a9979b6bb	0	201	0.088042	PASS	none	9a5358afe3f64986bdbbb4924eac4bb4	PASS
r03-q02217-2u-t17	3	2	tpl-5b07eb1c7c2b405a9979b6bb	0	201	0.082243	PASS	none	962aff0e21174b4c85312b883953e5aa	PASS
r03-q02218-2u-t18	3	2	tpl-5b07eb1c7c2b405a9979b6bb	0	201	0.078082	PASS	none	f4f1e416782c4695803a9b128892a76e	PASS
r03-q02212-2u-t12	3	2	tpl-5b07eb1c7c2b405a9979b6bb	0	201	0.094820	PASS	none	7b71dce7a9d6499b8464f31485e33bfc	PASS
r03-q02219-2u-t19	3	2	tpl-5b07eb1c7c2b405a9979b6bb	0	201	0.092715	PASS	none	78311e47227041138f7e65bb95840fff	PASS
r03-q02229-2u-t29	3	2	tpl-5b07eb1c7c2b405a9979b6bb	0	201	0.086345	PASS	none	17878533a95349fba7694b620b9cbfac	PASS
r03-q02232-2u-t32	3	2	tpl-5b07eb1c7c2b405a9979b6bb	0	201	0.105397	PASS	none	f5f267b497214fba88f413d31300d5e9	PASS
r03-q02237-2u-t37	3	2	tpl-5b07eb1c7c2b405a9979b6bb	0	201	0.095274	PASS	none	2db2dd50ad15402fa3025e2672bea8e7	PASS
r03-q02230-2u-t30	3	2	tpl-5b07eb1c7c2b405a9979b6bb	0	201	0.098364	PASS	none	249c68168de7469e8d3b0238a7c6d440	PASS
r03-q02216-2u-t16	3	2	tpl-5b07eb1c7c2b405a9979b6bb	0	201	0.093643	PASS	none	1066cdcbafc04a6fb05a4426537b9250	PASS
r03-q02220-2u-t20	3	2	tpl-5b07eb1c7c2b405a9979b6bb	0	201	0.079676	PASS	none	e90c7fecf29a4b9ab5882186efabd2e5	PASS
r03-q02224-2u-t24	3	2	tpl-5b07eb1c7c2b405a9979b6bb	0	201	0.083609	PASS	none	9cf9c288437c4ced937bcd6f9ccd71da	PASS
r03-q02204-2u-t4	3	2	tpl-5b07eb1c7c2b405a9979b6bb	0	201	0.068632	PASS	none	0431bab4ad334b7bb74f761c80db6a26	PASS
r03-q02223-2u-t23	3	2	tpl-5b07eb1c7c2b405a9979b6bb	0	201	0.090067	PASS	none	0010b4dfc1a146c981fce61e5ac7256c	PASS
r03-q02215-2u-t15	3	2	tpl-5b07eb1c7c2b405a9979b6bb	0	201	0.085154	PASS	none	9624b85bbcd945ae8126c9d2f6983703	PASS
r03-q02226-2u-t26	3	2	tpl-5b07eb1c7c2b405a9979b6bb	0	201	0.083991	PASS	none	801c8ea49f3f47abb7e43a0f3cd27792	PASS
r03-q02228-2u-t28	3	2	tpl-5b07eb1c7c2b405a9979b6bb	0	201	0.085684	PASS	none	4adce74299b84164ba0154b6f8eaf0cd	PASS
r03-q02213-2u-t13	3	2	tpl-5b07eb1c7c2b405a9979b6bb	0	201	0.094437	PASS	none	9467e072dad044c7a63b68a8d5d227b9	PASS
r03-q02241-2u-t41	3	2	tpl-5b07eb1c7c2b405a9979b6bb	0	201	0.100538	PASS	none	c990abd738d14e9d9a73cf5ced06bcad	PASS
r03-q02227-2u-t27	3	2	tpl-5b07eb1c7c2b405a9979b6bb	0	201	0.085293	PASS	none	9b8ca62a209a4382b6e50b2244e2c4ff	PASS
r03-q02233-2u-t33	3	2	tpl-5b07eb1c7c2b405a9979b6bb	0	201	0.101347	PASS	none	fd7a39f99d2f4355a4049645e80dc983	PASS
r03-q02250-2u-t50	3	2	tpl-5b07eb1c7c2b405a9979b6bb	0	201	0.084376	PASS	none	1fb47191728a44af8961edf6c1584f61	PASS
r03-q02231-2u-t31	3	2	tpl-5b07eb1c7c2b405a9979b6bb	0	201	0.101358	PASS	none	88b18aecde884252991edb4ae50436e3	PASS
r03-q02222-2u-t22	3	2	tpl-5b07eb1c7c2b405a9979b6bb	0	201	0.100450	PASS	none	e77e0c371b2a43a09980d1b20e8d767c	PASS
r03-q02236-2u-t36	3	2	tpl-5b07eb1c7c2b405a9979b6bb	0	201	0.103646	PASS	none	34237006761b41e899dfcbf98056e878	PASS
r03-q02249-2u-t49	3	2	tpl-5b07eb1c7c2b405a9979b6bb	0	201	0.088181	PASS	none	59aaa003d28a4caeafd9d0e258cfaf93	PASS
r03-q02221-2u-t21	3	2	tpl-5b07eb1c7c2b405a9979b6bb	0	201	0.091192	PASS	none	e232d0f396574345b3cedf9b91bd60d6	PASS
r03-q02247-2u-t47	3	2	tpl-5b07eb1c7c2b405a9979b6bb	0	201	0.087419	PASS	none	062c5bf1482e4c559b4c5ea74040922f	PASS
r03-q02239-2u-t39	3	2	tpl-5b07eb1c7c2b405a9979b6bb	0	201	0.101346	PASS	none	36801efca8c54b00abe19934c25832c2	PASS
r03-q02234-2u-t34	3	2	tpl-5b07eb1c7c2b405a9979b6bb	0	201	0.106132	PASS	none	32efb7f5b2834c6ca76d549bc927abc3	PASS
r03-q02246-2u-t46	3	2	tpl-5b07eb1c7c2b405a9979b6bb	0	201	0.097471	PASS	none	c75b4072b7d54148a4b5f16d900b7314	PASS
r03-q02235-2u-t35	3	2	tpl-5b07eb1c7c2b405a9979b6bb	0	201	0.103834	PASS	none	683630f0fcb741d19894f1b9a07d4196	PASS
r03-q02244-2u-t44	3	2	tpl-5b07eb1c7c2b405a9979b6bb	0	201	0.088452	PASS	none	3616c268f718479c81f797f5c55c1939	PASS
r03-q02243-2u-t43	3	2	tpl-5b07eb1c7c2b405a9979b6bb	0	201	0.093145	PASS	none	53e58a52777e4368a09e2d009f5190a0	PASS
r03-q02240-2u-t40	3	2	tpl-5b07eb1c7c2b405a9979b6bb	0	201	0.103271	PASS	none	f2a97d98149a434cba3112100d1c5fe7	PASS
r03-q02242-2u-t42	3	2	tpl-5b07eb1c7c2b405a9979b6bb	0	201	0.091152	PASS	none	a976ac5bd77440b0a598f5cc456d499a	PASS
r03-q02238-2u-t38	3	2	tpl-5b07eb1c7c2b405a9979b6bb	0	201	0.100294	PASS	none	d6c72ef29cdc4aba81bd5f77bad1c9a0	PASS
r03-q02245-2u-t45	3	2	tpl-5b07eb1c7c2b405a9979b6bb	0	201	0.090878	PASS	none	f18a64c8a7ef446eaddcd3af3d084114	PASS
r03-q02248-2u-t48	3	2	tpl-5b07eb1c7c2b405a9979b6bb	0	201	0.081596	PASS	none	de01af146ed141f5b0aded382559b096	PASS
r04-q02254-2u-t4	4	2	tpl-5b07eb1c7c2b405a9979b6bb	0	201	0.059097	PASS	none	e8d8f07b1329463aa85f3700bef03c35	PASS
r04-q02252-2u-t2	4	2	tpl-5b07eb1c7c2b405a9979b6bb	0	201	0.061298	PASS	none	59ec2e720b4a4377b7fca4d3a2a9e040	PASS
r04-q02251-2u-t1	4	2	tpl-5b07eb1c7c2b405a9979b6bb	0	201	0.067288	PASS	none	30d47e204de14dbf9ca1e92a3cbbcf26	PASS
r04-q02255-2u-t5	4	2	tpl-5b07eb1c7c2b405a9979b6bb	0	201	0.066697	PASS	none	a7da8f72b77644ab8f9a1443da95dc13	PASS
r04-q02256-2u-t6	4	2	tpl-5b07eb1c7c2b405a9979b6bb	0	201	0.052997	PASS	none	c93372d8d6334716862c223fdd3e5359	PASS
r04-q02253-2u-t3	4	2	tpl-5b07eb1c7c2b405a9979b6bb	0	201	0.058996	PASS	none	d47808778ad64242bfb8bc7c1a5574f2	PASS
r04-q02257-2u-t7	4	2	tpl-5b07eb1c7c2b405a9979b6bb	0	201	0.053805	PASS	none	a32e9a37c5754dd89077147e19becab4	PASS
r04-q02261-2u-t11	4	2	tpl-5b07eb1c7c2b405a9979b6bb	0	201	0.070889	PASS	none	17992bcc9879444da1dd9db83abbe600	PASS
r04-q02262-2u-t12	4	2	tpl-5b07eb1c7c2b405a9979b6bb	0	201	0.071431	PASS	none	4f3604d521ed4c04b72412e6de286b69	PASS
r04-q02258-2u-t8	4	2	tpl-5b07eb1c7c2b405a9979b6bb	0	201	0.061013	PASS	none	933a4d4dbbf04c6bb547f3724e5b267d	PASS
r04-q02265-2u-t15	4	2	tpl-5b07eb1c7c2b405a9979b6bb	0	201	0.067725	PASS	none	14439a5a84f44a2d871405ebb220c7d7	PASS
r04-q02263-2u-t13	4	2	tpl-5b07eb1c7c2b405a9979b6bb	0	201	0.077983	PASS	none	c957b6bb759944a2877e15ec31a7b2cc	PASS
r04-q02260-2u-t10	4	2	tpl-5b07eb1c7c2b405a9979b6bb	0	201	0.074703	PASS	none	145d56d2ef174483b9160f0e143938ab	PASS
r04-q02264-2u-t14	4	2	tpl-5b07eb1c7c2b405a9979b6bb	0	201	0.070630	PASS	none	875641f7ff864bbeb7fe6d546ff7e75f	PASS
r04-q02259-2u-t9	4	2	tpl-5b07eb1c7c2b405a9979b6bb	0	201	0.095219	PASS	none	40c4d287c5da4712a16504447d5a3b0a	PASS
r04-q02267-2u-t17	4	2	tpl-5b07eb1c7c2b405a9979b6bb	0	201	0.079501	PASS	none	f2169d5045924980a3e22e9631929666	PASS
r04-q02274-2u-t24	4	2	tpl-5b07eb1c7c2b405a9979b6bb	0	201	0.086990	PASS	none	dac7bab2527e4277aeb4c2858bd8d53a	PASS
r04-q02268-2u-t18	4	2	tpl-5b07eb1c7c2b405a9979b6bb	0	201	0.105698	PASS	none	ea730660dab749618cef274417f3bc76	PASS
r04-q02271-2u-t21	4	2	tpl-5b07eb1c7c2b405a9979b6bb	0	201	0.073613	PASS	none	5956c7deaa284dda9d17ad51c1c66850	PASS
r04-q02269-2u-t19	4	2	tpl-5b07eb1c7c2b405a9979b6bb	0	201	0.086075	PASS	none	81451047fe6a4160b38be7b5dc945471	PASS
r04-q02277-2u-t27	4	2	tpl-5b07eb1c7c2b405a9979b6bb	0	201	0.084929	PASS	none	de147d3301ed49d49016f29b6e5b83c5	PASS
r04-q02266-2u-t16	4	2	tpl-5b07eb1c7c2b405a9979b6bb	0	201	0.097194	PASS	none	a85d9a55159c46c0ba394d3cad77bf57	PASS
r04-q02272-2u-t22	4	2	tpl-5b07eb1c7c2b405a9979b6bb	0	201	0.082314	PASS	none	e24e34e3ca1c4862beb4d7b27d644987	PASS
r04-q02270-2u-t20	4	2	tpl-5b07eb1c7c2b405a9979b6bb	0	201	0.099556	PASS	none	e1d3de05066e4588af181f20c5a0b9cf	PASS
r04-q02279-2u-t29	4	2	tpl-5b07eb1c7c2b405a9979b6bb	0	201	0.084992	PASS	none	001604bb4b114a81ae10c1ccf041fd3b	PASS
r04-q02276-2u-t26	4	2	tpl-5b07eb1c7c2b405a9979b6bb	0	201	0.093457	PASS	none	649cf638c9964f2ea23be6d02eda7edb	PASS
r04-q02273-2u-t23	4	2	tpl-5b07eb1c7c2b405a9979b6bb	0	201	0.089093	PASS	none	4d727476b32d4fe292c84c02c3e716d7	PASS
r04-q02283-2u-t33	4	2	tpl-5b07eb1c7c2b405a9979b6bb	0	201	0.088738	PASS	none	fd8c2d3b70b149a5938128460e9cc0f2	PASS
r04-q02280-2u-t30	4	2	tpl-5b07eb1c7c2b405a9979b6bb	0	201	0.086639	PASS	none	8b565f43d93c44a0801081389f9b550b	PASS
r04-q02281-2u-t31	4	2	tpl-5b07eb1c7c2b405a9979b6bb	0	201	0.094984	PASS	none	fdddeec4cd6d4438a104a1302c2d2156	PASS
r04-q02278-2u-t28	4	2	tpl-5b07eb1c7c2b405a9979b6bb	0	201	0.091886	PASS	none	0dc75e0616bd4efb893483024a18abbc	PASS
r04-q02282-2u-t32	4	2	tpl-5b07eb1c7c2b405a9979b6bb	0	201	0.098798	PASS	none	5e49a39cdcc0400b8115d4319deebe89	PASS
r04-q02286-2u-t36	4	2	tpl-5b07eb1c7c2b405a9979b6bb	0	201	0.102198	PASS	none	e18c9784e1f84fdfbb80ee71682acade	PASS
r04-q02292-2u-t42	4	2	tpl-5b07eb1c7c2b405a9979b6bb	0	201	0.095562	PASS	none	a519d1b6d8db439eb52faa1303bff2cc	PASS
r04-q02275-2u-t25	4	2	tpl-5b07eb1c7c2b405a9979b6bb	0	201	0.090678	PASS	none	b4eadb49e6f94bd7822c69c1ac8007ee	PASS
r04-q02284-2u-t34	4	2	tpl-5b07eb1c7c2b405a9979b6bb	0	201	0.095772	PASS	none	d547edc717c14c7d9b12e746fea1f76b	PASS
r04-q02288-2u-t38	4	2	tpl-5b07eb1c7c2b405a9979b6bb	0	201	0.099444	PASS	none	a86ec194cfed471f865dfd34b38d49a2	PASS
r04-q02290-2u-t40	4	2	tpl-5b07eb1c7c2b405a9979b6bb	0	201	0.107478	PASS	none	f316a988c3384a0f9b2f486ec3417fcf	PASS
r04-q02291-2u-t41	4	2	tpl-5b07eb1c7c2b405a9979b6bb	0	201	0.099527	PASS	none	296aed9ea065404d8ff7badcae5c0ff5	PASS
r04-q02289-2u-t39	4	2	tpl-5b07eb1c7c2b405a9979b6bb	0	201	0.103532	PASS	none	fd967c11d62b41f78bed849388b0a2c0	PASS
r04-q02294-2u-t44	4	2	tpl-5b07eb1c7c2b405a9979b6bb	0	201	0.096227	PASS	none	c917ceb5614e4e85a104937c42bfe553	PASS
r04-q02293-2u-t43	4	2	tpl-5b07eb1c7c2b405a9979b6bb	0	201	0.102650	PASS	none	c50863b580cf457d9da4138a726dc5f9	PASS
r04-q02300-2u-t50	4	2	tpl-5b07eb1c7c2b405a9979b6bb	0	201	0.092005	PASS	none	2d77ad9924064508a78c481adbe954d9	PASS
r04-q02285-2u-t35	4	2	tpl-5b07eb1c7c2b405a9979b6bb	0	201	0.111807	PASS	none	3b319ba1a62645f991c697500aa8a834	PASS
r04-q02297-2u-t47	4	2	tpl-5b07eb1c7c2b405a9979b6bb	0	201	0.101024	PASS	none	a12492bf82f34d3d80d97431c0568168	PASS
r04-q02287-2u-t37	4	2	tpl-5b07eb1c7c2b405a9979b6bb	0	201	0.113958	PASS	none	5018545a135d4a26beaa8a34de22918d	PASS
r04-q02298-2u-t48	4	2	tpl-5b07eb1c7c2b405a9979b6bb	0	201	0.098573	PASS	none	9b8703028e8d427fbd4924e6afcd5c2e	PASS
r04-q02299-2u-t49	4	2	tpl-5b07eb1c7c2b405a9979b6bb	0	201	0.081310	PASS	none	78fbdc838cdf46568363b1c822480980	PASS
r04-q02295-2u-t45	4	2	tpl-5b07eb1c7c2b405a9979b6bb	0	201	0.099236	PASS	none	b245f6e349b044cfaf9f588372f3ec58	PASS
r04-q02296-2u-t46	4	2	tpl-5b07eb1c7c2b405a9979b6bb	0	201	0.093274	PASS	none	5081944629bd42e79bb11a9315b1d510	PASS
r05-q02307-2u-t7	5	2	tpl-5b07eb1c7c2b405a9979b6bb	0	201	0.067352	PASS	none	50d9e2b6f0af4bb7a66a85878d1c7123	PASS
r05-q02301-2u-t1	5	2	tpl-5b07eb1c7c2b405a9979b6bb	0	201	0.069734	PASS	none	2c938822cc6d4458959af6d499ed9be0	PASS
r05-q02303-2u-t3	5	2	tpl-5b07eb1c7c2b405a9979b6bb	0	201	0.066861	PASS	none	ce1b18c31d3c4a72856b821c23c525cd	PASS
r05-q02309-2u-t9	5	2	tpl-5b07eb1c7c2b405a9979b6bb	0	201	0.073683	PASS	none	763764677d2041f3aea4358e2f2b0bd3	PASS
r05-q02310-2u-t10	5	2	tpl-5b07eb1c7c2b405a9979b6bb	0	201	0.062214	PASS	none	e84c8471698f48eeab21cb98acf2f3df	PASS
r05-q02302-2u-t2	5	2	tpl-5b07eb1c7c2b405a9979b6bb	0	201	0.077144	PASS	none	6930f99fdd3b4aadb8deeff601533aab	PASS
r05-q02304-2u-t4	5	2	tpl-5b07eb1c7c2b405a9979b6bb	0	201	0.068031	PASS	none	af3e02d15afb46578f34d60f50ad74f4	PASS
r05-q02316-2u-t16	5	2	tpl-5b07eb1c7c2b405a9979b6bb	0	201	0.070842	PASS	none	a4c21d3f4aab4e479ee8d1edf45d8104	PASS
r05-q02305-2u-t5	5	2	tpl-5b07eb1c7c2b405a9979b6bb	0	201	0.069659	PASS	none	ec252bf690be457db90002f457cd7c7c	PASS
r05-q02319-2u-t19	5	2	tpl-5b07eb1c7c2b405a9979b6bb	0	201	0.081453	PASS	none	0e894d9741d2480d96a1ffe2598d1f03	PASS
r05-q02306-2u-t6	5	2	tpl-5b07eb1c7c2b405a9979b6bb	0	201	0.065438	PASS	none	e2b1a4c42afd4fbea7a852ccc787250a	PASS
r05-q02321-2u-t21	5	2	tpl-5b07eb1c7c2b405a9979b6bb	0	201	0.080816	PASS	none	e11289fc43104539bd3aa3f416418f57	PASS
r05-q02312-2u-t12	5	2	tpl-5b07eb1c7c2b405a9979b6bb	0	201	0.063465	PASS	none	1c7389b17e1e4a77a917f39556b08936	PASS
r05-q02308-2u-t8	5	2	tpl-5b07eb1c7c2b405a9979b6bb	0	201	0.063845	PASS	none	421ddd2565b649e289f4a1647face1a9	PASS
r05-q02313-2u-t13	5	2	tpl-5b07eb1c7c2b405a9979b6bb	0	201	0.077501	PASS	none	400d0a0d6aad4ddfa3db8370928db3be	PASS
r05-q02311-2u-t11	5	2	tpl-5b07eb1c7c2b405a9979b6bb	0	201	0.058789	PASS	none	256de6da4acd4c73ab8658320d290173	PASS
r05-q02318-2u-t18	5	2	tpl-5b07eb1c7c2b405a9979b6bb	0	201	0.075483	PASS	none	15165fb7fa3d469fafa6608054e94699	PASS
r05-q02314-2u-t14	5	2	tpl-5b07eb1c7c2b405a9979b6bb	0	201	0.090927	PASS	none	58fdd15f37494183853017adb631ead7	PASS
r05-q02317-2u-t17	5	2	tpl-5b07eb1c7c2b405a9979b6bb	0	201	0.090403	PASS	none	a65d2ddd21224573afbe525351f6b1be	PASS
r05-q02315-2u-t15	5	2	tpl-5b07eb1c7c2b405a9979b6bb	0	201	0.078264	PASS	none	9c27165e0e794402861dbc06b22d6073	PASS
r05-q02320-2u-t20	5	2	tpl-5b07eb1c7c2b405a9979b6bb	0	201	0.078123	PASS	none	c27502a79add4ad38a3b1bc6636c899b	PASS
r05-q02327-2u-t27	5	2	tpl-5b07eb1c7c2b405a9979b6bb	0	201	0.101059	PASS	none	91ee8a5091484d41ba5189996354e0ee	PASS
r05-q02323-2u-t23	5	2	tpl-5b07eb1c7c2b405a9979b6bb	0	201	0.075873	PASS	none	b65d36cab4794d18a7d41b0b87eaad7a	PASS
r05-q02328-2u-t28	5	2	tpl-5b07eb1c7c2b405a9979b6bb	0	201	0.095220	PASS	none	9ccfdfdd5cc44729843fdddb38e4c5a7	PASS
r05-q02325-2u-t25	5	2	tpl-5b07eb1c7c2b405a9979b6bb	0	201	0.095459	PASS	none	1da3bb2366b94b6b858ae2334c9c2fd6	PASS
r05-q02324-2u-t24	5	2	tpl-5b07eb1c7c2b405a9979b6bb	0	201	0.101446	PASS	none	2e78692ee1ca4b498d139adf3900edd9	PASS
r05-q02334-2u-t34	5	2	tpl-5b07eb1c7c2b405a9979b6bb	0	201	0.091477	PASS	none	c8b72f71b4a245fda0c33eba54d26e88	PASS
r05-q02322-2u-t22	5	2	tpl-5b07eb1c7c2b405a9979b6bb	0	201	0.080455	PASS	none	b92b88fd10e8448498f2e10b0ac76fba	PASS
r05-q02329-2u-t29	5	2	tpl-5b07eb1c7c2b405a9979b6bb	0	201	0.093234	PASS	none	d4305ab92d5c4795b3240e009b4da2a6	PASS
r05-q02332-2u-t32	5	2	tpl-5b07eb1c7c2b405a9979b6bb	0	201	0.095955	PASS	none	5a5c7502712b4652b03d2427567c8d46	PASS
r05-q02326-2u-t26	5	2	tpl-5b07eb1c7c2b405a9979b6bb	0	201	0.088217	PASS	none	ba0a57593f45455b8bcd024126fb71c3	PASS
r05-q02331-2u-t31	5	2	tpl-5b07eb1c7c2b405a9979b6bb	0	201	0.088785	PASS	none	786a63e1fe8d453d8502aff402c923f7	PASS
r05-q02333-2u-t33	5	2	tpl-5b07eb1c7c2b405a9979b6bb	0	201	0.095317	PASS	none	be8230da9dec44b08f66766908c75bdb	PASS
r05-q02335-2u-t35	5	2	tpl-5b07eb1c7c2b405a9979b6bb	0	201	0.093049	PASS	none	fd05fd6462894a26b70a0888e80c8c9a	PASS
r05-q02330-2u-t30	5	2	tpl-5b07eb1c7c2b405a9979b6bb	0	201	0.093632	PASS	none	617ca64c156a4be49b65a373e9540b85	PASS
r05-q02340-2u-t40	5	2	tpl-5b07eb1c7c2b405a9979b6bb	0	201	0.103280	PASS	none	14c52703f176465caead93298e709a39	PASS
r05-q02337-2u-t37	5	2	tpl-5b07eb1c7c2b405a9979b6bb	0	201	0.093236	PASS	none	3dac1d46003c4684a8f9bb64e3eafa7b	PASS
r05-q02338-2u-t38	5	2	tpl-5b07eb1c7c2b405a9979b6bb	0	201	0.105432	PASS	none	1ed65a4be6aa433cb6f8994f5cf39121	PASS
r05-q02341-2u-t41	5	2	tpl-5b07eb1c7c2b405a9979b6bb	0	201	0.094592	PASS	none	ff928cf208d74c6486b97293bcb93290	PASS
r05-q02345-2u-t45	5	2	tpl-5b07eb1c7c2b405a9979b6bb	0	201	0.092333	PASS	none	8f8a660ba7894276b829bf57f077f4da	PASS
r05-q02349-2u-t49	5	2	tpl-5b07eb1c7c2b405a9979b6bb	0	201	0.087353	PASS	none	8e9ea0114d6e41fa901f7c0299f6a15f	PASS
r05-q02342-2u-t42	5	2	tpl-5b07eb1c7c2b405a9979b6bb	0	201	0.099926	PASS	none	93f840df2d2b429fa233bfc29a00c94c	PASS
r05-q02348-2u-t48	5	2	tpl-5b07eb1c7c2b405a9979b6bb	0	201	0.093784	PASS	none	c27299c2434544299030dd0e0a541bcc	PASS
r05-q02350-2u-t50	5	2	tpl-5b07eb1c7c2b405a9979b6bb	0	201	0.088344	PASS	none	1f3cffc6f5984926ad2fb933db01c60f	PASS
r05-q02343-2u-t43	5	2	tpl-5b07eb1c7c2b405a9979b6bb	0	201	0.101451	PASS	none	5ebb499e43ab435a8d29dd3985b86b0d	PASS
r05-q02339-2u-t39	5	2	tpl-5b07eb1c7c2b405a9979b6bb	0	201	0.102662	PASS	none	00f781d0e7f242b996c1aa7851ced05f	PASS
r05-q02344-2u-t44	5	2	tpl-5b07eb1c7c2b405a9979b6bb	0	201	0.093401	PASS	none	a1369d7cf35f4ab18512df802c127001	PASS
r05-q02347-2u-t47	5	2	tpl-5b07eb1c7c2b405a9979b6bb	0	201	0.094902	PASS	none	9f45026f16e34f1ba4d07cdf81834550	PASS
r05-q02336-2u-t36	5	2	tpl-5b07eb1c7c2b405a9979b6bb	0	201	0.103490	PASS	none	e1e07b80a2a345d2acf9bd96825b716c	PASS
r05-q02346-2u-t46	5	2	tpl-5b07eb1c7c2b405a9979b6bb	0	201	0.101011	PASS	none	56b0e60cda6a444eacd6db9883ccca82	PASS
r06-q02359-2u-t9	6	2	tpl-5b07eb1c7c2b405a9979b6bb	0	201	0.091891	PASS	none	6290af18e3254022be73ba6afc57471c	PASS
r06-q02356-2u-t6	6	2	tpl-5b07eb1c7c2b405a9979b6bb	0	201	0.056970	PASS	none	5f9d32bbe79d49548ed0ad73454752cd	PASS
r06-q02353-2u-t3	6	2	tpl-5b07eb1c7c2b405a9979b6bb	0	201	0.062864	PASS	none	3b5a2f386c774700813b2237e1948063	PASS
r06-q02363-2u-t13	6	2	tpl-5b07eb1c7c2b405a9979b6bb	0	201	0.075336	PASS	none	c721f1af182b45ebbedb7d20a28035e5	PASS
r06-q02366-2u-t16	6	2	tpl-5b07eb1c7c2b405a9979b6bb	0	201	0.107561	PASS	none	f327c40b8f2d497db3bf687e4cc09e47	PASS
r06-q02357-2u-t7	6	2	tpl-5b07eb1c7c2b405a9979b6bb	0	201	0.063358	PASS	none	5e3de849b557453695e236aa1ad2e445	PASS
r06-q02354-2u-t4	6	2	tpl-5b07eb1c7c2b405a9979b6bb	0	201	0.062332	PASS	none	c7fa1fef6f0f4b8fa6acc73dff2302ed	PASS
r06-q02358-2u-t8	6	2	tpl-5b07eb1c7c2b405a9979b6bb	0	201	0.093168	PASS	none	8ce12ddfac8f48e5bfde2adeb8fd6d08	PASS
r06-q02352-2u-t2	6	2	tpl-5b07eb1c7c2b405a9979b6bb	0	201	0.060137	PASS	none	97d25d41d3e44d1a8e6bcadd18fd95c2	PASS
r06-q02368-2u-t18	6	2	tpl-5b07eb1c7c2b405a9979b6bb	0	201	0.077862	PASS	none	1bf2485428ef46619f0c910a70d46bb2	PASS
r06-q02364-2u-t14	6	2	tpl-5b07eb1c7c2b405a9979b6bb	0	201	0.074557	PASS	none	70dd3bf03910414ebcf0250a6ff3a534	PASS
r06-q02355-2u-t5	6	2	tpl-5b07eb1c7c2b405a9979b6bb	0	201	0.060261	PASS	none	f335133d35c64e61a210535594222a9d	PASS
r06-q02351-2u-t1	6	2	tpl-5b07eb1c7c2b405a9979b6bb	0	201	0.062639	PASS	none	245612a564c241148b90b0e77412b59f	PASS
r06-q02360-2u-t10	6	2	tpl-5b07eb1c7c2b405a9979b6bb	0	201	0.075658	PASS	none	ae5de5b2eb8f406fa51f79cc0d905de1	PASS
r06-q02362-2u-t12	6	2	tpl-5b07eb1c7c2b405a9979b6bb	0	201	0.072965	PASS	none	321a85da4d8a4501b60ecbfd12475ab5	PASS
r06-q02361-2u-t11	6	2	tpl-5b07eb1c7c2b405a9979b6bb	0	201	0.094970	PASS	none	25c71a78aa044eb9980208d4620325b4	PASS
r06-q02371-2u-t21	6	2	tpl-5b07eb1c7c2b405a9979b6bb	0	201	0.086241	PASS	none	e3be11e545dc4a80a3f736a3938fe8d8	PASS
r06-q02365-2u-t15	6	2	tpl-5b07eb1c7c2b405a9979b6bb	0	201	0.074500	PASS	none	493ef0b97ebc43b49f0730b2645220bc	PASS
r06-q02367-2u-t17	6	2	tpl-5b07eb1c7c2b405a9979b6bb	0	201	0.096440	PASS	none	96c9493087a14353ba89c284fd24f61a	PASS
r06-q02370-2u-t20	6	2	tpl-5b07eb1c7c2b405a9979b6bb	0	201	0.087658	PASS	none	1bfd20908b2441d5b9800fe29e547a4c	PASS
r06-q02375-2u-t25	6	2	tpl-5b07eb1c7c2b405a9979b6bb	0	201	0.083128	PASS	none	2803eb787a474a99bcd27251a2cfcf1c	PASS
r06-q02383-2u-t33	6	2	tpl-5b07eb1c7c2b405a9979b6bb	0	201	0.090538	PASS	none	2cba98da51674d0c90b862592484737c	PASS
r06-q02372-2u-t22	6	2	tpl-5b07eb1c7c2b405a9979b6bb	0	201	0.093029	PASS	none	2679437a5b234f0f90c221f7adb03566	PASS
r06-q02374-2u-t24	6	2	tpl-5b07eb1c7c2b405a9979b6bb	0	201	0.092977	PASS	none	501a0f4c134c40538519adc8bf791b2f	PASS
r06-q02377-2u-t27	6	2	tpl-5b07eb1c7c2b405a9979b6bb	0	201	0.079635	PASS	none	1688686bae6f4787be7192263869b02f	PASS
r06-q02386-2u-t36	6	2	tpl-5b07eb1c7c2b405a9979b6bb	0	201	0.096376	PASS	none	fa014fca75be41c68f0bfeef9e59fab6	PASS
r06-q02382-2u-t32	6	2	tpl-5b07eb1c7c2b405a9979b6bb	0	201	0.087333	PASS	none	cfd52a569d844a89b2633c644ad751f0	PASS
r06-q02378-2u-t28	6	2	tpl-5b07eb1c7c2b405a9979b6bb	0	201	0.089842	PASS	none	2d00bc04b2cd45dab4eb21f4dfa6e59a	PASS
r06-q02384-2u-t34	6	2	tpl-5b07eb1c7c2b405a9979b6bb	0	201	0.100281	PASS	none	4e9bd13a48874cc5945e89148e55982e	PASS
r06-q02379-2u-t29	6	2	tpl-5b07eb1c7c2b405a9979b6bb	0	201	0.088888	PASS	none	ed2a7b0045e8484eb81a554f01639bb8	PASS
r06-q02376-2u-t26	6	2	tpl-5b07eb1c7c2b405a9979b6bb	0	201	0.092194	PASS	none	96a9afed162047228110871da2201814	PASS
r06-q02373-2u-t23	6	2	tpl-5b07eb1c7c2b405a9979b6bb	0	201	0.097793	PASS	none	c2bcd71bece34fc4afac48831db117df	PASS
r06-q02369-2u-t19	6	2	tpl-5b07eb1c7c2b405a9979b6bb	0	201	0.102141	PASS	none	76adb37a8b1442adae54454c0b124e58	PASS
r06-q02381-2u-t31	6	2	tpl-5b07eb1c7c2b405a9979b6bb	0	201	0.102074	PASS	none	7ceff5f914c34e5bb49f4bfabca88f96	PASS
r06-q02387-2u-t37	6	2	tpl-5b07eb1c7c2b405a9979b6bb	0	201	0.088679	PASS	none	628972a4fc7e4583a95df44f6379fb86	PASS
r06-q02390-2u-t40	6	2	tpl-5b07eb1c7c2b405a9979b6bb	0	201	0.094145	PASS	none	fdbd16b5c7f641f6b36d441793c9e994	PASS
r06-q02380-2u-t30	6	2	tpl-5b07eb1c7c2b405a9979b6bb	0	201	0.085021	PASS	none	5bd1e49547f74f2ea13e2c8d53bcbe7b	PASS
r06-q02389-2u-t39	6	2	tpl-5b07eb1c7c2b405a9979b6bb	0	201	0.094305	PASS	none	bdf464ef495a4941a65f1e461c533acd	PASS
r06-q02385-2u-t35	6	2	tpl-5b07eb1c7c2b405a9979b6bb	0	201	0.091843	PASS	none	689867782aad44b1b3ecbfc9bfa11ff6	PASS
r06-q02396-2u-t46	6	2	tpl-5b07eb1c7c2b405a9979b6bb	0	201	0.099035	PASS	none	61094ba3c1ab47bdbc2f54974d991357	PASS
r06-q02400-2u-t50	6	2	tpl-5b07eb1c7c2b405a9979b6bb	0	201	0.089793	PASS	none	5d73cbcafcfe4577b9917683602c3734	PASS
r06-q02394-2u-t44	6	2	tpl-5b07eb1c7c2b405a9979b6bb	0	201	0.110284	PASS	none	5f65e611d7c34ffba70f0744974652d7	PASS
r06-q02391-2u-t41	6	2	tpl-5b07eb1c7c2b405a9979b6bb	0	201	0.110928	PASS	none	7c4f4abe658248aaabb02e43d047bfde	PASS
r06-q02399-2u-t49	6	2	tpl-5b07eb1c7c2b405a9979b6bb	0	201	0.091562	PASS	none	ed39f347207e4ced8b4598978410ef57	PASS
r06-q02392-2u-t42	6	2	tpl-5b07eb1c7c2b405a9979b6bb	0	201	0.106682	PASS	none	c098372fec5c4c0db0f0176d79060529	PASS
r06-q02393-2u-t43	6	2	tpl-5b07eb1c7c2b405a9979b6bb	0	201	0.098438	PASS	none	a74f02d2d73a4a4fb61910df5dd96d2c	PASS
r06-q02395-2u-t45	6	2	tpl-5b07eb1c7c2b405a9979b6bb	0	201	0.100140	PASS	none	0cb99b212433403bafd9847a34cf8c5e	PASS
r06-q02397-2u-t47	6	2	tpl-5b07eb1c7c2b405a9979b6bb	0	201	0.098755	PASS	none	cbd88a2d16064b469b8fbdd569a4e428	PASS
r06-q02398-2u-t48	6	2	tpl-5b07eb1c7c2b405a9979b6bb	0	201	0.099285	PASS	none	7b56cf08e87340db8d991675409de408	PASS
r06-q02388-2u-t38	6	2	tpl-5b07eb1c7c2b405a9979b6bb	0	201	0.105495	PASS	none	63a3a50165204735a5fc67812163eaae	PASS
r01-q02401-2u-t1	1	2	tpl-84ed2cde8b554cb591e4b825	0	201	0.067231	PASS	none	23a70851e9c443c793dc3c4fa93d4e62	PASS
r01-q02405-2u-t5	1	2	tpl-84ed2cde8b554cb591e4b825	0	201	0.057325	PASS	none	261541d68f53494881972436721dffea	PASS
r01-q02402-2u-t2	1	2	tpl-84ed2cde8b554cb591e4b825	0	201	0.091526	PASS	none	e8cee9c5b5e54ee1b0db8a0550216310	PASS
r01-q02403-2u-t3	1	2	tpl-84ed2cde8b554cb591e4b825	0	201	0.061968	PASS	none	7ea44ee8c75a45729ad4d70389447c97	PASS
r01-q02404-2u-t4	1	2	tpl-84ed2cde8b554cb591e4b825	0	201	0.064147	PASS	none	6749695ac35c41d293245c088a33891f	PASS
r01-q02413-2u-t13	1	2	tpl-84ed2cde8b554cb591e4b825	0	201	0.066713	PASS	none	20d4daad577f41bbb91781a3327fe538	PASS
r01-q02411-2u-t11	1	2	tpl-84ed2cde8b554cb591e4b825	0	201	0.061573	PASS	none	4ca9c441066f4335a71d2b595eacc77a	PASS
r01-q02407-2u-t7	1	2	tpl-84ed2cde8b554cb591e4b825	0	201	0.061458	PASS	none	13b9cc8902974cd78c3d9bc4a86d3bc3	PASS
r01-q02417-2u-t17	1	2	tpl-84ed2cde8b554cb591e4b825	0	201	0.095595	PASS	none	471eea1fc2434978994d8a952dc3ca17	PASS
r01-q02406-2u-t6	1	2	tpl-84ed2cde8b554cb591e4b825	0	201	0.054688	PASS	none	6630dedd62c744a29a63effee208a2bb	PASS
r01-q02408-2u-t8	1	2	tpl-84ed2cde8b554cb591e4b825	0	201	0.068942	PASS	none	c01d2214f37649dda828038e9bfac736	PASS
r01-q02416-2u-t16	1	2	tpl-84ed2cde8b554cb591e4b825	0	201	0.075243	PASS	none	0d0848192e124920afb83d8a852a8e2a	PASS
r01-q02422-2u-t22	1	2	tpl-84ed2cde8b554cb591e4b825	0	201	0.076019	PASS	none	0cbbea9f1b0440058b15836b4c3edfa3	PASS
r01-q02415-2u-t15	1	2	tpl-84ed2cde8b554cb591e4b825	0	201	0.084416	PASS	none	f7a065b24cbb407287747e1a6ce1f07c	PASS
r01-q02419-2u-t19	1	2	tpl-84ed2cde8b554cb591e4b825	0	201	0.085538	PASS	none	0d9ed3e19ec145d08700505e3b66769d	PASS
r01-q02418-2u-t18	1	2	tpl-84ed2cde8b554cb591e4b825	0	201	0.084447	PASS	none	fe116ad5a65f439d8d7977fcefa3f737	PASS
r01-q02414-2u-t14	1	2	tpl-84ed2cde8b554cb591e4b825	0	201	0.067957	PASS	none	285690e63411493192bdb8ca595e1fad	PASS
r01-q02423-2u-t23	1	2	tpl-84ed2cde8b554cb591e4b825	0	201	0.078026	PASS	none	82b9dc981c3949b997a92b643cc45df4	PASS
r01-q02410-2u-t10	1	2	tpl-84ed2cde8b554cb591e4b825	0	201	0.063351	PASS	none	b9c47c5c504d4209a24190d2290c825d	PASS
r01-q02421-2u-t21	1	2	tpl-84ed2cde8b554cb591e4b825	0	201	0.092289	PASS	none	0e7ce9a63f3c416aa0e28d58f52530f7	PASS
r01-q02409-2u-t9	1	2	tpl-84ed2cde8b554cb591e4b825	0	201	0.067618	PASS	none	0e2f4da2b9c44f589210e3a18d9394c0	PASS
r01-q02427-2u-t27	1	2	tpl-84ed2cde8b554cb591e4b825	0	201	0.083301	PASS	none	2703d8f9a4484d50987d1574fd932839	PASS
r01-q02424-2u-t24	1	2	tpl-84ed2cde8b554cb591e4b825	0	201	0.079387	PASS	none	cf5ed09d74e94c89882c4bc45bec35c7	PASS
r01-q02412-2u-t12	1	2	tpl-84ed2cde8b554cb591e4b825	0	201	0.066505	PASS	none	edcc5ce54cab4e9fac934bfc42fb827c	PASS
r01-q02433-2u-t33	1	2	tpl-84ed2cde8b554cb591e4b825	0	201	0.089663	PASS	none	0bfdb5438ec943b7a4adde682b2a7c0d	PASS
r01-q02425-2u-t25	1	2	tpl-84ed2cde8b554cb591e4b825	0	201	0.078996	PASS	none	8c0d06ec984c4ea2b4630cb63a4ea04d	PASS
r01-q02429-2u-t29	1	2	tpl-84ed2cde8b554cb591e4b825	0	201	0.073857	PASS	none	2d6e80f1c62c459d99fc42fcbdf96a9f	PASS
r01-q02420-2u-t20	1	2	tpl-84ed2cde8b554cb591e4b825	0	201	0.076833	PASS	none	741da4da2cf543b295f942680b149af0	PASS
r01-q02426-2u-t26	1	2	tpl-84ed2cde8b554cb591e4b825	0	201	0.076358	PASS	none	272277c659714fa5b4e8a3dc690a8439	PASS
r01-q02434-2u-t34	1	2	tpl-84ed2cde8b554cb591e4b825	0	201	0.086908	PASS	none	cdd7326bc27a41feb0933907d45c2f38	PASS
r01-q02430-2u-t30	1	2	tpl-84ed2cde8b554cb591e4b825	0	201	0.095763	PASS	none	64ef56f081ea43fba9bd222384aa3174	PASS
r01-q02428-2u-t28	1	2	tpl-84ed2cde8b554cb591e4b825	0	201	0.077959	PASS	none	2ce3c705b65e47e79a18870db999670a	PASS
r01-q02431-2u-t31	1	2	tpl-84ed2cde8b554cb591e4b825	0	201	0.088739	PASS	none	3ab308d0e2504aa5a4f86905e08a488a	PASS
r01-q02436-2u-t36	1	2	tpl-84ed2cde8b554cb591e4b825	0	201	0.090730	PASS	none	cfbf67f134aa44f7ab9114da56bf9849	PASS
r01-q02440-2u-t40	1	2	tpl-84ed2cde8b554cb591e4b825	0	201	0.090498	PASS	none	d0e07eadeac0437197239af3151d3a2d	PASS
r01-q02439-2u-t39	1	2	tpl-84ed2cde8b554cb591e4b825	0	201	0.091707	PASS	none	06646b1bac184766a626a4f5ddd9b5cf	PASS
r01-q02435-2u-t35	1	2	tpl-84ed2cde8b554cb591e4b825	0	201	0.098442	PASS	none	b438a2835ee9458c8b0b44f9ae45acd8	PASS
r01-q02432-2u-t32	1	2	tpl-84ed2cde8b554cb591e4b825	0	201	0.081363	PASS	none	2e9c68046ac549e7a4d2505776e199dc	PASS
r01-q02437-2u-t37	1	2	tpl-84ed2cde8b554cb591e4b825	0	201	0.086293	PASS	none	4340e99ea0fe4bdaa113d71aebe75e57	PASS
r01-q02443-2u-t43	1	2	tpl-84ed2cde8b554cb591e4b825	0	201	0.096909	PASS	none	b228c802970649f3a5aa471c68b2fe7a	PASS
r01-q02438-2u-t38	1	2	tpl-84ed2cde8b554cb591e4b825	0	201	0.090537	PASS	none	4d8dad9685864a43a1e16314f7eeaecb	PASS
r01-q02442-2u-t42	1	2	tpl-84ed2cde8b554cb591e4b825	0	201	0.107107	PASS	none	3a513c98bd62492f8f8e8c26f0248b8f	PASS
r01-q02444-2u-t44	1	2	tpl-84ed2cde8b554cb591e4b825	0	201	0.096904	PASS	none	eb0e26ac985c476b93d00e7f454f52af	PASS
r01-q02445-2u-t45	1	2	tpl-84ed2cde8b554cb591e4b825	0	201	0.097751	PASS	none	260f9aa8ffcc4a7eaaed3a1d942772af	PASS
r01-q02449-2u-t49	1	2	tpl-84ed2cde8b554cb591e4b825	0	201	0.115341	PASS	none	0ebe3f7f92374adfaab78cd82b36d704	PASS
r01-q02448-2u-t48	1	2	tpl-84ed2cde8b554cb591e4b825	0	201	0.098854	PASS	none	97a9eb43a3584ac0a1afb6cfd7b77867	PASS
r01-q02441-2u-t41	1	2	tpl-84ed2cde8b554cb591e4b825	0	201	0.104433	PASS	none	8dc117095fc74f40ba855ac06438e688	PASS
r01-q02450-2u-t50	1	2	tpl-84ed2cde8b554cb591e4b825	0	201	0.104838	PASS	none	7555a46d39bc449ab6c16cfe6305cbc5	PASS
r01-q02446-2u-t46	1	2	tpl-84ed2cde8b554cb591e4b825	0	201	0.101143	PASS	none	c05f1177a2c94931980e9792d5ad0aaa	PASS
r01-q02447-2u-t47	1	2	tpl-84ed2cde8b554cb591e4b825	0	201	0.096074	PASS	none	86f8eadf9b534e898f81299ceae8d4aa	PASS
r02-q02451-2u-t1	2	2	tpl-84ed2cde8b554cb591e4b825	0	201	0.075020	PASS	none	3109b0d3e59b4c68b0b7a7c6141e3628	PASS
r02-q02452-2u-t2	2	2	tpl-84ed2cde8b554cb591e4b825	0	201	0.062165	PASS	none	35f7a3fe543a4c89a389c0047397eee8	PASS
r02-q02458-2u-t8	2	2	tpl-84ed2cde8b554cb591e4b825	0	201	0.061838	PASS	none	4159baeb330f45ff9827648a844d6331	PASS
r02-q02456-2u-t6	2	2	tpl-84ed2cde8b554cb591e4b825	0	201	0.061243	PASS	none	b7f10777fb6240be8f0766b20b71e41e	PASS
r02-q02454-2u-t4	2	2	tpl-84ed2cde8b554cb591e4b825	0	201	0.059997	PASS	none	66366e5888704a44b9863575a439fb55	PASS
r02-q02459-2u-t9	2	2	tpl-84ed2cde8b554cb591e4b825	0	201	0.069770	PASS	none	8fb2de19802f40e8803a843b32a939e8	PASS
r02-q02455-2u-t5	2	2	tpl-84ed2cde8b554cb591e4b825	0	201	0.054124	PASS	none	39aa217f348f49958034ff4c029743ec	PASS
r02-q02453-2u-t3	2	2	tpl-84ed2cde8b554cb591e4b825	0	201	0.058934	PASS	none	81709708cc774d7ca9d066fcd7984515	PASS
r02-q02464-2u-t14	2	2	tpl-84ed2cde8b554cb591e4b825	0	201	0.077505	PASS	none	48b1502c34e64046bef5f6fecc2ce14b	PASS
r02-q02463-2u-t13	2	2	tpl-84ed2cde8b554cb591e4b825	0	201	0.073836	PASS	none	f5590eb053b44ca1a32296ee9df3a328	PASS
r02-q02460-2u-t10	2	2	tpl-84ed2cde8b554cb591e4b825	0	201	0.067092	PASS	none	e964c1e82fa74e419126fb01b69d8bf8	PASS
r02-q02462-2u-t12	2	2	tpl-84ed2cde8b554cb591e4b825	0	201	0.072486	PASS	none	ab6c1ab494d34cc7a73df2a9cfe8bbbb	PASS
r02-q02465-2u-t15	2	2	tpl-84ed2cde8b554cb591e4b825	0	201	0.072585	PASS	none	2264a7eae5af4626b61ed905798a0f78	PASS
r02-q02469-2u-t19	2	2	tpl-84ed2cde8b554cb591e4b825	0	201	0.084351	PASS	none	863251d0fa804a1a9e672a39a225477d	PASS
r02-q02470-2u-t20	2	2	tpl-84ed2cde8b554cb591e4b825	0	201	0.084864	PASS	none	e4373bf779814ef48d3e80c31c31564f	PASS
r02-q02461-2u-t11	2	2	tpl-84ed2cde8b554cb591e4b825	0	201	0.068704	PASS	none	e21bbb1c185941a28eb2fdb2fe36719a	PASS
r02-q02474-2u-t24	2	2	tpl-84ed2cde8b554cb591e4b825	0	201	0.078632	PASS	none	152cb1e9e5e245c6a10e4319ba7b656c	PASS
r02-q02468-2u-t18	2	2	tpl-84ed2cde8b554cb591e4b825	0	201	0.101243	PASS	none	ae3b3ac6c4f64055b9262ae3f04977ce	PASS
r02-q02476-2u-t26	2	2	tpl-84ed2cde8b554cb591e4b825	0	201	0.080550	PASS	none	f58f8a0cd44e4a04ac11379a6c7271d2	PASS
r02-q02472-2u-t22	2	2	tpl-84ed2cde8b554cb591e4b825	0	201	0.080236	PASS	none	7efe3dfdadbf469aac6ff3fa415a3b19	PASS
r02-q02471-2u-t21	2	2	tpl-84ed2cde8b554cb591e4b825	0	201	0.086990	PASS	none	3a3f57a4b2dc45768e117a53046c0fd7	PASS
r02-q02467-2u-t17	2	2	tpl-84ed2cde8b554cb591e4b825	0	201	0.085403	PASS	none	72c642222d7d4d63b9de311d0a53d57a	PASS
r02-q02475-2u-t25	2	2	tpl-84ed2cde8b554cb591e4b825	0	201	0.077651	PASS	none	7a4cfb834c494fff8729f0c804b223c3	PASS
r02-q02477-2u-t27	2	2	tpl-84ed2cde8b554cb591e4b825	0	201	0.080389	PASS	none	6024caa999324c11a5327c6117a9271b	PASS
r02-q02473-2u-t23	2	2	tpl-84ed2cde8b554cb591e4b825	0	201	0.081080	PASS	none	61aec356fb7f416889454eacba5b3f44	PASS
r02-q02457-2u-t7	2	2	tpl-84ed2cde8b554cb591e4b825	0	201	0.094556	PASS	none	b42648f8ab384d358d8a024beb9f5520	PASS
r02-q02466-2u-t16	2	2	tpl-84ed2cde8b554cb591e4b825	0	201	0.097626	PASS	none	f03ca628f1cc448eaf8b78d2523fbbb6	PASS
r02-q02478-2u-t28	2	2	tpl-84ed2cde8b554cb591e4b825	0	201	0.094593	PASS	none	2fe2a5b28fc4459297bf3bd4c10b676b	PASS
r02-q02483-2u-t33	2	2	tpl-84ed2cde8b554cb591e4b825	0	201	0.097092	PASS	none	577a309d8a0f4b77b3c1511889b444cb	PASS
r02-q02484-2u-t34	2	2	tpl-84ed2cde8b554cb591e4b825	0	201	0.098253	PASS	none	f823b9d20beb4ca4a3e7240f11acfaae	PASS
r02-q02481-2u-t31	2	2	tpl-84ed2cde8b554cb591e4b825	0	201	0.090493	PASS	none	f2dab9ab02e042c6af6d20e47afe9c50	PASS
r02-q02479-2u-t29	2	2	tpl-84ed2cde8b554cb591e4b825	0	201	0.094856	PASS	none	da232e9477004af488a989f8d7b13daa	PASS
r02-q02480-2u-t30	2	2	tpl-84ed2cde8b554cb591e4b825	0	201	0.090644	PASS	none	1ad670ff3b62467a96c31b4d55a06ba7	PASS
r02-q02482-2u-t32	2	2	tpl-84ed2cde8b554cb591e4b825	0	201	0.095203	PASS	none	3a095494aecb484fb116f39824b6a67a	PASS
r02-q02491-2u-t41	2	2	tpl-84ed2cde8b554cb591e4b825	0	201	0.095072	PASS	none	08ccbf2f454b4c2aa3aaeaf134b2a8b6	PASS
r02-q02485-2u-t35	2	2	tpl-84ed2cde8b554cb591e4b825	0	201	0.087171	PASS	none	069f5ba18c0a404390c447ceb34c0e91	PASS
r02-q02493-2u-t43	2	2	tpl-84ed2cde8b554cb591e4b825	0	201	0.089947	PASS	none	7ec68db92d824f298309fe43f7071da9	PASS
r02-q02486-2u-t36	2	2	tpl-84ed2cde8b554cb591e4b825	0	201	0.103162	PASS	none	3b5690b1fe8b4990bfe2d9e5e9315831	PASS
r02-q02487-2u-t37	2	2	tpl-84ed2cde8b554cb591e4b825	0	201	0.098085	PASS	none	ce1cda8d0ae842099ae637947ec79450	PASS
r02-q02489-2u-t39	2	2	tpl-84ed2cde8b554cb591e4b825	0	201	0.111556	PASS	none	e4695c68f1b642bda04955fd031fb258	PASS
r02-q02490-2u-t40	2	2	tpl-84ed2cde8b554cb591e4b825	0	201	0.102799	PASS	none	06b1518e701f4316963be97f474f2cab	PASS
r02-q02488-2u-t38	2	2	tpl-84ed2cde8b554cb591e4b825	0	201	0.114259	PASS	none	9d416f6358304802a144825139551033	PASS
r02-q02498-2u-t48	2	2	tpl-84ed2cde8b554cb591e4b825	0	201	0.092915	PASS	none	1667a8264b0f4bb7a86f487354dec97e	PASS
r02-q02500-2u-t50	2	2	tpl-84ed2cde8b554cb591e4b825	0	201	0.088159	PASS	none	ee9bf7a621b24dfaab7665d5ff413d10	PASS
r02-q02492-2u-t42	2	2	tpl-84ed2cde8b554cb591e4b825	0	201	0.103871	PASS	none	a06a4ec5f8884e9985cd9bbec2547454	PASS
r02-q02499-2u-t49	2	2	tpl-84ed2cde8b554cb591e4b825	0	201	0.098454	PASS	none	db9ac03e494a4bcba8f27d7964f323ef	PASS
r02-q02497-2u-t47	2	2	tpl-84ed2cde8b554cb591e4b825	0	201	0.101190	PASS	none	c740dd60b99c4c99ab50e1b7189420f6	PASS
r02-q02494-2u-t44	2	2	tpl-84ed2cde8b554cb591e4b825	0	201	0.102863	PASS	none	1e88fbfe20584d98aa1288403a808664	PASS
r02-q02495-2u-t45	2	2	tpl-84ed2cde8b554cb591e4b825	0	201	0.094536	PASS	none	2c3b003335fa42b5badae8d98b3e1f98	PASS
r02-q02496-2u-t46	2	2	tpl-84ed2cde8b554cb591e4b825	0	201	0.102576	PASS	none	3ff5e9ae978f4997a652fd42302e34ee	PASS
r03-q02502-2u-t2	3	2	tpl-84ed2cde8b554cb591e4b825	0	201	0.067086	PASS	none	c2e5c68a622243bd929ee214b4a43105	PASS
r03-q02512-2u-t12	3	2	tpl-84ed2cde8b554cb591e4b825	0	201	0.061360	PASS	none	9ce4ddbfd13642318e352effef15791d	PASS
r03-q02509-2u-t9	3	2	tpl-84ed2cde8b554cb591e4b825	0	201	0.058150	PASS	none	3ecdd46e08ec41f1912040c9925fff0d	PASS
r03-q02501-2u-t1	3	2	tpl-84ed2cde8b554cb591e4b825	0	201	0.068801	PASS	none	6c3fe282dce743fb9e8807990873a5b1	PASS
r03-q02505-2u-t5	3	2	tpl-84ed2cde8b554cb591e4b825	0	201	0.066541	PASS	none	e956a01de759416390e817d593fb526a	PASS
r03-q02506-2u-t6	3	2	tpl-84ed2cde8b554cb591e4b825	0	201	0.057325	PASS	none	2aa66f1034334e7b92b84a951cfcbe74	PASS
r03-q02510-2u-t10	3	2	tpl-84ed2cde8b554cb591e4b825	0	201	0.058546	PASS	none	f3566ad36b474f429aea16cb7f875e19	PASS
r03-q02503-2u-t3	3	2	tpl-84ed2cde8b554cb591e4b825	0	201	0.069935	PASS	none	d58924a02a6d4f1d82ba248511d0a8e3	PASS
r03-q02511-2u-t11	3	2	tpl-84ed2cde8b554cb591e4b825	0	201	0.095006	PASS	none	d9afce8634b34dcab9e93c804b94ebe9	PASS
r03-q02507-2u-t7	3	2	tpl-84ed2cde8b554cb591e4b825	0	201	0.056670	PASS	none	8161b6b7c90b4675b5a3f8008524652b	PASS
r03-q02518-2u-t18	3	2	tpl-84ed2cde8b554cb591e4b825	0	201	0.072924	PASS	none	167be267c4a0486e83e75dce36cdf814	PASS
r03-q02504-2u-t4	3	2	tpl-84ed2cde8b554cb591e4b825	0	201	0.087321	PASS	none	369f9f77e7754433bb6b494d06ab3255	PASS
r03-q02513-2u-t13	3	2	tpl-84ed2cde8b554cb591e4b825	0	201	0.075961	PASS	none	0fd373bdd9bf42afbe44fe28f2338d97	PASS
r03-q02519-2u-t19	3	2	tpl-84ed2cde8b554cb591e4b825	0	201	0.086135	PASS	none	65191308dc374876a6c9a10b3bcef5cd	PASS
r03-q02514-2u-t14	3	2	tpl-84ed2cde8b554cb591e4b825	0	201	0.074211	PASS	none	c5eb95ce001142d5b411bd93183bf876	PASS
r03-q02522-2u-t22	3	2	tpl-84ed2cde8b554cb591e4b825	0	201	0.078142	PASS	none	3633100e823f48b8b3a276f921abd579	PASS
r03-q02520-2u-t20	3	2	tpl-84ed2cde8b554cb591e4b825	0	201	0.078611	PASS	none	f42104d6621a4737aeeb1a19ce0231f5	PASS
r03-q02516-2u-t16	3	2	tpl-84ed2cde8b554cb591e4b825	0	201	0.078523	PASS	none	0895486508144a71b0b89ab6e7f63b0c	PASS
r03-q02515-2u-t15	3	2	tpl-84ed2cde8b554cb591e4b825	0	201	0.072173	PASS	none	7f316e04dfe44ef08459e795b14d3a94	PASS
r03-q02524-2u-t24	3	2	tpl-84ed2cde8b554cb591e4b825	0	201	0.088100	PASS	none	0ca409bf78114a1d9d8a927d5a82ade4	PASS
r03-q02517-2u-t17	3	2	tpl-84ed2cde8b554cb591e4b825	0	201	0.080021	PASS	none	72340ad2490f4985b337715e6e251e17	PASS
r03-q02521-2u-t21	3	2	tpl-84ed2cde8b554cb591e4b825	0	201	0.093122	PASS	none	29c42a0a3e32457cbaeca3a7be383061	PASS
r03-q02525-2u-t25	3	2	tpl-84ed2cde8b554cb591e4b825	0	201	0.098974	PASS	none	6b74c633c1b84aba900f592ef0d8ab40	PASS
r03-q02508-2u-t8	3	2	tpl-84ed2cde8b554cb591e4b825	0	201	0.085495	PASS	none	b6364121fa9e48d3b539ebafdca3d9e0	PASS
r03-q02523-2u-t23	3	2	tpl-84ed2cde8b554cb591e4b825	0	201	0.077853	PASS	none	8782af6cabb64da0b7f828fd09930d7d	PASS
r03-q02526-2u-t26	3	2	tpl-84ed2cde8b554cb591e4b825	0	201	0.100605	PASS	none	bf6690225bf2434b9bc0d9c4e111da1d	PASS
r03-q02529-2u-t29	3	2	tpl-84ed2cde8b554cb591e4b825	0	201	0.110382	PASS	none	1c3a1bf382ba49f79efea8e71355dac0	PASS
r03-q02536-2u-t36	3	2	tpl-84ed2cde8b554cb591e4b825	0	201	0.103955	PASS	none	555eb472567e4dd5b7afbb874f51c324	PASS
r03-q02528-2u-t28	3	2	tpl-84ed2cde8b554cb591e4b825	0	201	0.105184	PASS	none	0469db1578c9405ab9ef8614c8305dcb	PASS
r03-q02531-2u-t31	3	2	tpl-84ed2cde8b554cb591e4b825	0	201	0.101355	PASS	none	613784f8d7cf4bb79955a2b10f88c42c	PASS
r03-q02537-2u-t37	3	2	tpl-84ed2cde8b554cb591e4b825	0	201	0.100260	PASS	none	8abd011f80a6492cbbea5a15e9d7c17d	PASS
r03-q02527-2u-t27	3	2	tpl-84ed2cde8b554cb591e4b825	0	201	0.106046	PASS	none	6b2fcbc883714f909a4f4718eaec1f83	PASS
r03-q02538-2u-t38	3	2	tpl-84ed2cde8b554cb591e4b825	0	201	0.102814	PASS	none	7ad8338f36ba400ebda6454735e4e4d7	PASS
r03-q02533-2u-t33	3	2	tpl-84ed2cde8b554cb591e4b825	0	201	0.097788	PASS	none	7dacfe6728e24a84865da1002fbb6a6d	PASS
r03-q02535-2u-t35	3	2	tpl-84ed2cde8b554cb591e4b825	0	201	0.104546	PASS	none	78b6941079a448918854bc879ba4bc06	PASS
r03-q02540-2u-t40	3	2	tpl-84ed2cde8b554cb591e4b825	0	201	0.109500	PASS	none	783deae954e84e77b92d965e8ffa4fb7	PASS
r03-q02534-2u-t34	3	2	tpl-84ed2cde8b554cb591e4b825	0	201	0.101560	PASS	none	da411046434f4dc9b7c105a2b43676ce	PASS
r03-q02532-2u-t32	3	2	tpl-84ed2cde8b554cb591e4b825	0	201	0.105593	PASS	none	24edad20126d412d83b7b0e92908e53d	PASS
r03-q02530-2u-t30	3	2	tpl-84ed2cde8b554cb591e4b825	0	201	0.109661	PASS	none	a9c1c00c7204469395c6af444222ee45	PASS
r03-q02542-2u-t42	3	2	tpl-84ed2cde8b554cb591e4b825	0	201	0.104114	PASS	none	744c64c3fa5a4cce8525bfd8c519401a	PASS
r03-q02541-2u-t41	3	2	tpl-84ed2cde8b554cb591e4b825	0	201	0.101092	PASS	none	30ed970a24ae46ceb007c0b38e35205c	PASS
r03-q02547-2u-t47	3	2	tpl-84ed2cde8b554cb591e4b825	0	201	0.105733	PASS	none	e1b75c9c98764c07957350d0fb0f99c2	PASS
r03-q02550-2u-t50	3	2	tpl-84ed2cde8b554cb591e4b825	0	201	0.090653	PASS	none	36309bf60e75478184c8e45553abb699	PASS
r03-q02546-2u-t46	3	2	tpl-84ed2cde8b554cb591e4b825	0	201	0.109965	PASS	none	bd8080c6da7347238b07f0ad687e115d	PASS
r03-q02543-2u-t43	3	2	tpl-84ed2cde8b554cb591e4b825	0	201	0.093877	PASS	none	ca86a3f784234965ab6f215e9dc04366	PASS
r03-q02549-2u-t49	3	2	tpl-84ed2cde8b554cb591e4b825	0	201	0.092413	PASS	none	7e2e185ba3bf405889ca63800bc21f77	PASS
r03-q02548-2u-t48	3	2	tpl-84ed2cde8b554cb591e4b825	0	201	0.090782	PASS	none	bd0fff0001bf439d8421ebb20d720678	PASS
r03-q02539-2u-t39	3	2	tpl-84ed2cde8b554cb591e4b825	0	201	0.096770	PASS	none	ca04d2d60f204c3790aa19697a97fb93	PASS
r03-q02544-2u-t44	3	2	tpl-84ed2cde8b554cb591e4b825	0	201	0.103019	PASS	none	a6848e49beda4a0e9a41e014434b5f96	PASS
r03-q02545-2u-t45	3	2	tpl-84ed2cde8b554cb591e4b825	0	201	0.101510	PASS	none	b93f82e2ba1a486aa85caa5961512bce	PASS
r04-q02554-2u-t4	4	2	tpl-84ed2cde8b554cb591e4b825	0	201	0.056789	PASS	none	0ee1e39d8d64496c983cbc65288101c6	PASS
r04-q02560-2u-t10	4	2	tpl-84ed2cde8b554cb591e4b825	0	201	0.083477	PASS	none	2cda73f2d22f4aefb5a46d30c3708086	PASS
r04-q02552-2u-t2	4	2	tpl-84ed2cde8b554cb591e4b825	0	201	0.048532	PASS	none	88e65c5d7a284209a18bfd11410fe0d8	PASS
r04-q02557-2u-t7	4	2	tpl-84ed2cde8b554cb591e4b825	0	201	0.078387	PASS	none	62a5a612ce8249b39a5261101aab71bb	PASS
r04-q02555-2u-t5	4	2	tpl-84ed2cde8b554cb591e4b825	0	201	0.068390	PASS	none	f4ecfbed176040638ee74be742fe9dc0	PASS
r04-q02553-2u-t3	4	2	tpl-84ed2cde8b554cb591e4b825	0	201	0.059446	PASS	none	d164cda35a1749d6939dbd3edb9362c5	PASS
r04-q02562-2u-t12	4	2	tpl-84ed2cde8b554cb591e4b825	0	201	0.075330	PASS	none	47131b16a85d472b9923b8eb64b75cb2	PASS
r04-q02559-2u-t9	4	2	tpl-84ed2cde8b554cb591e4b825	0	201	0.073614	PASS	none	0dae15c71e5241d88ab312944d461328	PASS
r04-q02558-2u-t8	4	2	tpl-84ed2cde8b554cb591e4b825	0	201	0.078207	PASS	none	e59ccf726bc944908517bf276c4e174d	PASS
r04-q02551-2u-t1	4	2	tpl-84ed2cde8b554cb591e4b825	0	201	0.054159	PASS	none	40af5ca038674c4681bb0f5f1152355d	PASS
r04-q02569-2u-t19	4	2	tpl-84ed2cde8b554cb591e4b825	0	201	0.101790	PASS	none	7da0c5b5d9894f088b4d09a2a7e91732	PASS
r04-q02567-2u-t17	4	2	tpl-84ed2cde8b554cb591e4b825	0	201	0.095617	PASS	none	fed16c936b3840f4a9677e4da6ef7a22	PASS
r04-q02564-2u-t14	4	2	tpl-84ed2cde8b554cb591e4b825	0	201	0.076740	PASS	none	45e60d4f0ba9449abdeb51b31999fc40	PASS
r04-q02556-2u-t6	4	2	tpl-84ed2cde8b554cb591e4b825	0	201	0.063144	PASS	none	177ac9f967c349ba89b07a2c3bc5d039	PASS
r04-q02568-2u-t18	4	2	tpl-84ed2cde8b554cb591e4b825	0	201	0.079201	PASS	none	e8397a09e00847c9b53fbe5f38e94c73	PASS
r04-q02561-2u-t11	4	2	tpl-84ed2cde8b554cb591e4b825	0	201	0.094784	PASS	none	9e567bb9c7174e3ca8f32eb9d36bc469	PASS
r04-q02563-2u-t13	4	2	tpl-84ed2cde8b554cb591e4b825	0	201	0.102270	PASS	none	00f017e8c8114b40a6692d3991bd993a	PASS
r04-q02566-2u-t16	4	2	tpl-84ed2cde8b554cb591e4b825	0	201	0.076533	PASS	none	a0bc69ed683b4fdab88f24eaa6c53c67	PASS
r04-q02570-2u-t20	4	2	tpl-84ed2cde8b554cb591e4b825	0	201	0.092318	PASS	none	9b4cdf35d9ff4a94950428016ba30d44	PASS
r04-q02565-2u-t15	4	2	tpl-84ed2cde8b554cb591e4b825	0	201	0.076717	PASS	none	0baf7ea1699d44a4921bde495ff74801	PASS
r04-q02574-2u-t24	4	2	tpl-84ed2cde8b554cb591e4b825	0	201	0.088096	PASS	none	59a0a7cf8e154aabb78b26906ab47da4	PASS
r04-q02572-2u-t22	4	2	tpl-84ed2cde8b554cb591e4b825	0	201	0.102797	PASS	none	f8e1bd3855004c57af08e53dea34bdf9	PASS
r04-q02575-2u-t25	4	2	tpl-84ed2cde8b554cb591e4b825	0	201	0.086275	PASS	none	35d492de3c1c42398dc7e6a8a19ac055	PASS
r04-q02576-2u-t26	4	2	tpl-84ed2cde8b554cb591e4b825	0	201	0.091779	PASS	none	fa64ca1be49244a0a029d6cb4ab2cf85	PASS
r04-q02571-2u-t21	4	2	tpl-84ed2cde8b554cb591e4b825	0	201	0.093295	PASS	none	519cedd8ba154173be74e4649191d9e9	PASS
r04-q02578-2u-t28	4	2	tpl-84ed2cde8b554cb591e4b825	0	201	0.087481	PASS	none	acb1dcb99bf748bb9bd885bb99c204a8	PASS
r04-q02577-2u-t27	4	2	tpl-84ed2cde8b554cb591e4b825	0	201	0.097384	PASS	none	c96b667d4cc540c59670d71637fd929b	PASS
r04-q02583-2u-t33	4	2	tpl-84ed2cde8b554cb591e4b825	0	201	0.107422	PASS	none	69213f5e0ebd41f0b14d94d671470b83	PASS
r04-q02580-2u-t30	4	2	tpl-84ed2cde8b554cb591e4b825	0	201	0.107696	PASS	none	5556c1f94a0942078b8e52faf083c417	PASS
r04-q02579-2u-t29	4	2	tpl-84ed2cde8b554cb591e4b825	0	201	0.092236	PASS	none	7042401dd9d94db48919724da9798bc4	PASS
r04-q02573-2u-t23	4	2	tpl-84ed2cde8b554cb591e4b825	0	201	0.093291	PASS	none	ecddc003a23d415a871aa17c62af0873	PASS
r04-q02587-2u-t37	4	2	tpl-84ed2cde8b554cb591e4b825	0	201	0.102090	PASS	none	df6d9e2636a745968d573a7f409a7d3e	PASS
r04-q02585-2u-t35	4	2	tpl-84ed2cde8b554cb591e4b825	0	201	0.100367	PASS	none	b2730922698e434c94607292fd4639cb	PASS
r04-q02581-2u-t31	4	2	tpl-84ed2cde8b554cb591e4b825	0	201	0.118627	PASS	none	d3d627f0f43c4fba9ee44568dcde2de9	PASS
r04-q02592-2u-t42	4	2	tpl-84ed2cde8b554cb591e4b825	0	201	0.102811	PASS	none	5c4c3ebb7aff491aa2e0b83db840040d	PASS
r04-q02588-2u-t38	4	2	tpl-84ed2cde8b554cb591e4b825	0	201	0.102000	PASS	none	933b89bc346345ada3095c4aa555eca0	PASS
r04-q02591-2u-t41	4	2	tpl-84ed2cde8b554cb591e4b825	0	201	0.103226	PASS	none	c8242f02315e49d896a037796ba05f8c	PASS
r04-q02586-2u-t36	4	2	tpl-84ed2cde8b554cb591e4b825	0	201	0.088418	PASS	none	1b348d4b09ee4b98ad5c380347203ea6	PASS
r04-q02582-2u-t32	4	2	tpl-84ed2cde8b554cb591e4b825	0	201	0.113601	PASS	none	36fefd8f26864bec8941d5aabe3f31ec	PASS
r04-q02589-2u-t39	4	2	tpl-84ed2cde8b554cb591e4b825	0	201	0.101604	PASS	none	82235c806d6a4c8294492d5087985d81	PASS
r04-q02596-2u-t46	4	2	tpl-84ed2cde8b554cb591e4b825	0	201	0.109006	PASS	none	631bea76e7004cf49457263ebbcce261	PASS
r04-q02584-2u-t34	4	2	tpl-84ed2cde8b554cb591e4b825	0	201	0.102347	PASS	none	c4b654d4bef440ccbd934a9b229f3fef	PASS
r04-q02595-2u-t45	4	2	tpl-84ed2cde8b554cb591e4b825	0	201	0.105945	PASS	none	550176d281f0496bbf6128fbcdfd8527	PASS
r04-q02593-2u-t43	4	2	tpl-84ed2cde8b554cb591e4b825	0	201	0.113682	PASS	none	114f491ef2d7432193ae64cbca192a31	PASS
r04-q02598-2u-t48	4	2	tpl-84ed2cde8b554cb591e4b825	0	201	0.094505	PASS	none	13287c69cc6d47539a3ced285f337ed3	PASS
r04-q02590-2u-t40	4	2	tpl-84ed2cde8b554cb591e4b825	0	201	0.107576	PASS	none	58fec05013594c2491de7d55e40c4a64	PASS
r04-q02597-2u-t47	4	2	tpl-84ed2cde8b554cb591e4b825	0	201	0.106511	PASS	none	8eb0e07eb2284100b0b56a638673a3da	PASS
r04-q02600-2u-t50	4	2	tpl-84ed2cde8b554cb591e4b825	0	201	0.094050	PASS	none	1c10874f40ab479394b58630bdea1ff6	PASS
r04-q02594-2u-t44	4	2	tpl-84ed2cde8b554cb591e4b825	0	201	0.116617	PASS	none	4b1b1d1c532c42f7a38ddbc7b95f67a9	PASS
r04-q02599-2u-t49	4	2	tpl-84ed2cde8b554cb591e4b825	0	201	0.096042	PASS	none	487a88e121d0449ca7095c40bdf36da7	PASS
r05-q02603-2u-t3	5	2	tpl-84ed2cde8b554cb591e4b825	0	201	0.090633	PASS	none	8f1cbcd8c34b4387a25a193340042ce5	PASS
r05-q02606-2u-t6	5	2	tpl-84ed2cde8b554cb591e4b825	0	201	0.095796	PASS	none	b3f5ed1405084761a96be7077a3f5f3f	PASS
r05-q02604-2u-t4	5	2	tpl-84ed2cde8b554cb591e4b825	0	201	0.091469	PASS	none	cc4a2a9c4a834f8eafcfbff3cfcee7a0	PASS
r05-q02612-2u-t12	5	2	tpl-84ed2cde8b554cb591e4b825	0	201	0.084831	PASS	none	9a0bafaa4cda4d41a5bc3a15979871e6	PASS
r05-q02613-2u-t13	5	2	tpl-84ed2cde8b554cb591e4b825	0	201	0.082598	PASS	none	41f7496265684af689f50bd43bf89a04	PASS
r05-q02605-2u-t5	5	2	tpl-84ed2cde8b554cb591e4b825	0	201	0.094119	PASS	none	f25397cd5acb4bd2bc5b5add9f627e1a	PASS
r05-q02607-2u-t7	5	2	tpl-84ed2cde8b554cb591e4b825	0	201	0.091546	PASS	none	98bdf5034bf5485fa9755091dcc2a8ec	PASS
r05-q02601-2u-t1	5	2	tpl-84ed2cde8b554cb591e4b825	0	201	0.114647	PASS	none	79bf3a7240e44fbfa8f5362695340d16	PASS
r05-q02618-2u-t18	5	2	tpl-84ed2cde8b554cb591e4b825	0	201	0.087329	PASS	none	1095a972f1a940e2a29400a88d748ee4	PASS
r05-q02602-2u-t2	5	2	tpl-84ed2cde8b554cb591e4b825	0	201	0.077875	PASS	none	96f7967f43c8467299a7fad27a2edd49	PASS
r05-q02608-2u-t8	5	2	tpl-84ed2cde8b554cb591e4b825	0	201	0.088544	PASS	none	f8581693ad014acd99921e36d7cd529d	PASS
r05-q02610-2u-t10	5	2	tpl-84ed2cde8b554cb591e4b825	0	201	0.089522	PASS	none	c27d1931d6654ea996fd1845ebf88ea9	PASS
r05-q02615-2u-t15	5	2	tpl-84ed2cde8b554cb591e4b825	0	201	0.084051	PASS	none	998f4ef2802f48759db6d07e3bd6b58c	PASS
r05-q02611-2u-t11	5	2	tpl-84ed2cde8b554cb591e4b825	0	201	0.083172	PASS	none	2bc7ac9df882478795ddb2294179a014	PASS
r05-q02609-2u-t9	5	2	tpl-84ed2cde8b554cb591e4b825	0	201	0.081051	PASS	none	88a6bc0004e8434b81a34201166241f4	PASS
r05-q02614-2u-t14	5	2	tpl-84ed2cde8b554cb591e4b825	0	201	0.086105	PASS	none	63f2968db6f345ee86395cc56d41ac61	PASS
r05-q02617-2u-t17	5	2	tpl-84ed2cde8b554cb591e4b825	0	201	0.089219	PASS	none	540eccaebbed4b709f0b5bb7ce9d30a8	PASS
r05-q02619-2u-t19	5	2	tpl-84ed2cde8b554cb591e4b825	0	201	0.084554	PASS	none	67018a8fdc0140ff96ec50df7621283d	PASS
r05-q02622-2u-t22	5	2	tpl-84ed2cde8b554cb591e4b825	0	201	0.090281	PASS	none	5e2668db26dd4939a16c916068ddab79	PASS
r05-q02623-2u-t23	5	2	tpl-84ed2cde8b554cb591e4b825	0	201	0.079806	PASS	none	bcc7af142d034113bacfa8be4ed19abd	PASS
r05-q02620-2u-t20	5	2	tpl-84ed2cde8b554cb591e4b825	0	201	0.085893	PASS	none	48a23bb3377e49c8baa2a08d37950aff	PASS
r05-q02616-2u-t16	5	2	tpl-84ed2cde8b554cb591e4b825	0	201	0.087270	PASS	none	4634c7e7d22d447bad4038a4d8857f3b	PASS
r05-q02621-2u-t21	5	2	tpl-84ed2cde8b554cb591e4b825	0	201	0.083694	PASS	none	f71378da8eba4903a0c1f4dd43ba1c0f	PASS
r05-q02625-2u-t25	5	2	tpl-84ed2cde8b554cb591e4b825	0	201	0.104965	PASS	none	78b9750547ce4271b357096c4d5b1237	PASS
r05-q02629-2u-t29	5	2	tpl-84ed2cde8b554cb591e4b825	0	201	0.094045	PASS	none	5e5c66f4712a4005a288f0d87b71097b	PASS
r05-q02624-2u-t24	5	2	tpl-84ed2cde8b554cb591e4b825	0	201	0.087605	PASS	none	47b9eaaf60334baf813f350ec65f5c0c	PASS
r05-q02626-2u-t26	5	2	tpl-84ed2cde8b554cb591e4b825	0	201	0.087599	PASS	none	fda88697b4394c9bba1e0854f8d71dab	PASS
r05-q02632-2u-t32	5	2	tpl-84ed2cde8b554cb591e4b825	0	201	0.094438	PASS	none	f8ea6661a8244ae288161fc168870724	PASS
r05-q02627-2u-t27	5	2	tpl-84ed2cde8b554cb591e4b825	0	201	0.090198	PASS	none	feec4cfafd664afa849bc36474af85cd	PASS
r05-q02633-2u-t33	5	2	tpl-84ed2cde8b554cb591e4b825	0	201	0.094129	PASS	none	ed851d0882c248e686d151b953952b85	PASS
r05-q02634-2u-t34	5	2	tpl-84ed2cde8b554cb591e4b825	0	201	0.089995	PASS	none	dfcc3a624a104088afce229a3984063c	PASS
r05-q02628-2u-t28	5	2	tpl-84ed2cde8b554cb591e4b825	0	201	0.102263	PASS	none	9d8f6a37fe3d4a77b1f9ed43a95e1c7e	PASS
r05-q02631-2u-t31	5	2	tpl-84ed2cde8b554cb591e4b825	0	201	0.095306	PASS	none	a0154bdac21a449cb4df23cf04aa6b44	PASS
r05-q02630-2u-t30	5	2	tpl-84ed2cde8b554cb591e4b825	0	201	0.099382	PASS	none	ee0ae314ae1149eeb4773840a5977650	PASS
r05-q02635-2u-t35	5	2	tpl-84ed2cde8b554cb591e4b825	0	201	0.096190	PASS	none	59fbd9de54f444649ed2c34d92b52130	PASS
r05-q02643-2u-t43	5	2	tpl-84ed2cde8b554cb591e4b825	0	201	0.114008	PASS	none	7da5374d9ba54822a85e13bf3cac80f4	PASS
r05-q02641-2u-t41	5	2	tpl-84ed2cde8b554cb591e4b825	0	201	0.108554	PASS	none	293d5c3708904dedb947c8729bc0caf7	PASS
r05-q02639-2u-t39	5	2	tpl-84ed2cde8b554cb591e4b825	0	201	0.115407	PASS	none	16ecd3ff43ac403fbadb375397388397	PASS
r05-q02637-2u-t37	5	2	tpl-84ed2cde8b554cb591e4b825	0	201	0.105352	PASS	none	1a27c14c1e1844ebb22d0e1165327bb0	PASS
r05-q02642-2u-t42	5	2	tpl-84ed2cde8b554cb591e4b825	0	201	0.109117	PASS	none	4b5398bc23c74ffaba3ea173e687b8b2	PASS
r05-q02647-2u-t47	5	2	tpl-84ed2cde8b554cb591e4b825	0	201	0.102582	PASS	none	587407a576884b639ad5860cdbf67042	PASS
r05-q02638-2u-t38	5	2	tpl-84ed2cde8b554cb591e4b825	0	201	0.106390	PASS	none	185c5acf2ceb463fa2c368bf711c6b76	PASS
r05-q02648-2u-t48	5	2	tpl-84ed2cde8b554cb591e4b825	0	201	0.090783	PASS	none	d414f8ccb2334c26a5b4f813e267dde4	PASS
r05-q02644-2u-t44	5	2	tpl-84ed2cde8b554cb591e4b825	0	201	0.112702	PASS	none	b0585535bcb0438883b7e84c984976ee	PASS
r05-q02640-2u-t40	5	2	tpl-84ed2cde8b554cb591e4b825	0	201	0.116306	PASS	none	82b8d9f73fc54e58a46e6d8906c52ef5	PASS
r05-q02649-2u-t49	5	2	tpl-84ed2cde8b554cb591e4b825	0	201	0.094499	PASS	none	9f4d944c36b04d6bafaab3efd68abcf9	PASS
r05-q02646-2u-t46	5	2	tpl-84ed2cde8b554cb591e4b825	0	201	0.102031	PASS	none	3b2784bec8fb4da3b9fb5d5cfad116c9	PASS
r05-q02636-2u-t36	5	2	tpl-84ed2cde8b554cb591e4b825	0	201	0.096713	PASS	none	78abdd39b8204043b52efebfa9b83747	PASS
r05-q02645-2u-t45	5	2	tpl-84ed2cde8b554cb591e4b825	0	201	0.103877	PASS	none	f72439d1479c478eac5a304d994b75be	PASS
r05-q02650-2u-t50	5	2	tpl-84ed2cde8b554cb591e4b825	0	201	0.095817	PASS	none	0ac678aba049475386fcb948686cc838	PASS
r06-q02651-2u-t1	6	2	tpl-84ed2cde8b554cb591e4b825	0	201	0.061966	PASS	none	b8a2ef46868b4edca9b0548fe280b5ad	PASS
r06-q02654-2u-t4	6	2	tpl-84ed2cde8b554cb591e4b825	0	201	0.056641	PASS	none	dd007f4c0c274dcf9be36fa9f5e5f154	PASS
r06-q02656-2u-t6	6	2	tpl-84ed2cde8b554cb591e4b825	0	201	0.060541	PASS	none	f0fcdb8ccab047e89110afe92037705a	PASS
r06-q02652-2u-t2	6	2	tpl-84ed2cde8b554cb591e4b825	0	201	0.056658	PASS	none	ef006f01ee6847af8727fd555a8e9360	PASS
r06-q02658-2u-t8	6	2	tpl-84ed2cde8b554cb591e4b825	0	201	0.065485	PASS	none	478ba8d3b6284db2a777ce7a21b4c860	PASS
r06-q02659-2u-t9	6	2	tpl-84ed2cde8b554cb591e4b825	0	201	0.068223	PASS	none	50dac0d8364d42b89feb475b7dcc01e5	PASS
r06-q02670-2u-t20	6	2	tpl-84ed2cde8b554cb591e4b825	0	201	0.071343	PASS	none	6d993cebf9d14eb9bea9ea4aea87aaa8	PASS
r06-q02653-2u-t3	6	2	tpl-84ed2cde8b554cb591e4b825	0	201	0.054440	PASS	none	1cd7bf4e694e47a5ae48811a5c5104bf	PASS
r06-q02655-2u-t5	6	2	tpl-84ed2cde8b554cb591e4b825	0	201	0.058083	PASS	none	6fcbb4d81e8d42b08f181b5542176224	PASS
r06-q02660-2u-t10	6	2	tpl-84ed2cde8b554cb591e4b825	0	201	0.064773	PASS	none	7d87ef55ecff4c4399d635c6a1da8258	PASS
r06-q02661-2u-t11	6	2	tpl-84ed2cde8b554cb591e4b825	0	201	0.063971	PASS	none	046cceb2a3f9407cb20aa99a583afd87	PASS
r06-q02665-2u-t15	6	2	tpl-84ed2cde8b554cb591e4b825	0	201	0.071123	PASS	none	4e19138f7df44266bdba94690a4d0ce3	PASS
r06-q02662-2u-t12	6	2	tpl-84ed2cde8b554cb591e4b825	0	201	0.076527	PASS	none	9c4ed5e136684a7d83376e0125f612c4	PASS
r06-q02663-2u-t13	6	2	tpl-84ed2cde8b554cb591e4b825	0	201	0.064876	PASS	none	e2ff5b97644440ae8ee7a6bcde6a9e52	PASS
r06-q02657-2u-t7	6	2	tpl-84ed2cde8b554cb591e4b825	0	201	0.063091	PASS	none	dd5f0757c68f4940b0b26865bbe24c82	PASS
r06-q02666-2u-t16	6	2	tpl-84ed2cde8b554cb591e4b825	0	201	0.072926	PASS	none	50d7b684880842d49a92c89f566b176c	PASS
r06-q02673-2u-t23	6	2	tpl-84ed2cde8b554cb591e4b825	0	201	0.079934	PASS	none	625e892ec5e4482ba8c0927fb7230092	PASS
r06-q02664-2u-t14	6	2	tpl-84ed2cde8b554cb591e4b825	0	201	0.072139	PASS	none	2e9bc58d96504acb9fd3553857987905	PASS
r06-q02672-2u-t22	6	2	tpl-84ed2cde8b554cb591e4b825	0	201	0.081664	PASS	none	7e4549ad6490475eab1d21ed7ba5a594	PASS
r06-q02675-2u-t25	6	2	tpl-84ed2cde8b554cb591e4b825	0	201	0.077212	PASS	none	b66259e280634ef0bae78378f8a9d26a	PASS
r06-q02669-2u-t19	6	2	tpl-84ed2cde8b554cb591e4b825	0	201	0.081077	PASS	none	aed91b77985d429eb27e48f7fa38712b	PASS
r06-q02677-2u-t27	6	2	tpl-84ed2cde8b554cb591e4b825	0	201	0.085971	PASS	none	284d9336904244d7aec40e26a3623d4b	PASS
r06-q02668-2u-t18	6	2	tpl-84ed2cde8b554cb591e4b825	0	201	0.103097	PASS	none	1149e270f2f8475dad659f57350f2d4d	PASS
r06-q02667-2u-t17	6	2	tpl-84ed2cde8b554cb591e4b825	0	201	0.075664	PASS	none	3da9f0c163764e759cad72d8fd249248	PASS
r06-q02671-2u-t21	6	2	tpl-84ed2cde8b554cb591e4b825	0	201	0.080531	PASS	none	446c62d748bf49138318edb79f629d80	PASS
r06-q02679-2u-t29	6	2	tpl-84ed2cde8b554cb591e4b825	0	201	0.100445	PASS	none	cfe67e91be9b482a92a22549e4a9015b	PASS
r06-q02676-2u-t26	6	2	tpl-84ed2cde8b554cb591e4b825	0	201	0.068905	PASS	none	c8741a8299fe43aa934b5b6f63fede89	PASS
r06-q02674-2u-t24	6	2	tpl-84ed2cde8b554cb591e4b825	0	201	0.081535	PASS	none	37a1db878fc34fa19eb47b42dfcc122f	PASS
r06-q02678-2u-t28	6	2	tpl-84ed2cde8b554cb591e4b825	0	201	0.088984	PASS	none	4622fa9ec73c49d3b69f2bb63bd33c9a	PASS
r06-q02682-2u-t32	6	2	tpl-84ed2cde8b554cb591e4b825	0	201	0.100835	PASS	none	80576d682311494e9bcb36c09caa039d	PASS
r06-q02685-2u-t35	6	2	tpl-84ed2cde8b554cb591e4b825	0	201	0.091974	PASS	none	295f3e1e92b049769e1471176783eb40	PASS
r06-q02688-2u-t38	6	2	tpl-84ed2cde8b554cb591e4b825	0	201	0.098650	PASS	none	23f29c56071546b3be61a62f3dae7d3b	PASS
r06-q02687-2u-t37	6	2	tpl-84ed2cde8b554cb591e4b825	0	201	0.099952	PASS	none	cb0d8e52958542f384a8009aa28d3480	PASS
r06-q02689-2u-t39	6	2	tpl-84ed2cde8b554cb591e4b825	0	201	0.097843	PASS	none	4edaa61ac220489d9d5718df8f332c61	PASS
r06-q02681-2u-t31	6	2	tpl-84ed2cde8b554cb591e4b825	0	201	0.094520	PASS	none	ff94f40d20ac4255b920c2d1e02e28b4	PASS
r06-q02680-2u-t30	6	2	tpl-84ed2cde8b554cb591e4b825	0	201	0.094603	PASS	none	832cc6bb57384b2fbb452528668197af	PASS
r06-q02683-2u-t33	6	2	tpl-84ed2cde8b554cb591e4b825	0	201	0.105622	PASS	none	443c5a85b71047499df3515c0cc9ca65	PASS
r06-q02695-2u-t45	6	2	tpl-84ed2cde8b554cb591e4b825	0	201	0.098584	PASS	none	acecce0434254668bb60aefab996442a	PASS
r06-q02693-2u-t43	6	2	tpl-84ed2cde8b554cb591e4b825	0	201	0.096724	PASS	none	a9b4a0427c2747eaac89b114013740dd	PASS
r06-q02692-2u-t42	6	2	tpl-84ed2cde8b554cb591e4b825	0	201	0.105319	PASS	none	c8f95e45a3b1495285875e39011e2478	PASS
r06-q02699-2u-t49	6	2	tpl-84ed2cde8b554cb591e4b825	0	201	0.098963	PASS	none	95742fe4105740a3982c9865e06a12e1	PASS
r06-q02696-2u-t46	6	2	tpl-84ed2cde8b554cb591e4b825	0	201	0.103020	PASS	none	fba84d1762ac40ebace6489c0c3161ba	PASS
r06-q02684-2u-t34	6	2	tpl-84ed2cde8b554cb591e4b825	0	201	0.099118	PASS	none	88819418c6b943999cd8c016b1c174b1	PASS
r06-q02690-2u-t40	6	2	tpl-84ed2cde8b554cb591e4b825	0	201	0.095727	PASS	none	25d0e7ecf6ca415da8752fe927f0dba3	PASS
r06-q02691-2u-t41	6	2	tpl-84ed2cde8b554cb591e4b825	0	201	0.099480	PASS	none	ad21cd15203f45a4af2963b4e151d478	PASS
r06-q02686-2u-t36	6	2	tpl-84ed2cde8b554cb591e4b825	0	201	0.094749	PASS	none	b560515b7d6843bc9bc3f6bbb235a5e7	PASS
r06-q02697-2u-t47	6	2	tpl-84ed2cde8b554cb591e4b825	0	201	0.101485	PASS	none	c689530f9aa4478b87877bb8af8c98e0	PASS
r06-q02694-2u-t44	6	2	tpl-84ed2cde8b554cb591e4b825	0	201	0.122273	PASS	none	fda37e4001b6433192322deb9437a121	PASS
r06-q02698-2u-t48	6	2	tpl-84ed2cde8b554cb591e4b825	0	201	0.105676	PASS	none	216cc7a71aba44b88703ef4dd3e7f561	PASS
r06-q02700-2u-t50	6	2	tpl-84ed2cde8b554cb591e4b825	0	201	0.101298	PASS	none	b404bad5733b473b8876acf39bfa5bd6	PASS
r01-q02706-2u-t6	1	2	tpl-a950b47b1f414306998e6baa	0	201	0.060116	PASS	none	e9f43e48d99d4c0ba275de1861ee47ab	PASS
r01-q02701-2u-t1	1	2	tpl-a950b47b1f414306998e6baa	0	201	0.062884	PASS	none	e6ccd5d93adf4a5bb2c4962785d0e3af	PASS
r01-q02704-2u-t4	1	2	tpl-a950b47b1f414306998e6baa	0	201	0.052789	PASS	none	e67e0f27ee5f4ca08307bbe7f58af5ee	PASS
r01-q02703-2u-t3	1	2	tpl-a950b47b1f414306998e6baa	0	201	0.056970	PASS	none	d7b7399901024b458e7bf92b97071a8d	PASS
r01-q02702-2u-t2	1	2	tpl-a950b47b1f414306998e6baa	0	201	0.060496	PASS	none	9b845885bf904d5f8623b40a427df887	PASS
r01-q02711-2u-t11	1	2	tpl-a950b47b1f414306998e6baa	0	201	0.080841	PASS	none	5f872de03a38413f9da887c80243f755	PASS
r01-q02715-2u-t15	1	2	tpl-a950b47b1f414306998e6baa	0	201	0.069943	PASS	none	e436620e2fe145c39c5d155a2d900df1	PASS
r01-q02707-2u-t7	1	2	tpl-a950b47b1f414306998e6baa	0	201	0.082948	PASS	none	75103a4456994066b3ab0a3ca5192a83	PASS
r01-q02708-2u-t8	1	2	tpl-a950b47b1f414306998e6baa	0	201	0.076276	PASS	none	c2dcc78cb4bd44b0862c599478d848ad	PASS
r01-q02716-2u-t16	1	2	tpl-a950b47b1f414306998e6baa	0	201	0.073462	PASS	none	0955ee025fa2400dbf5c97e7f0f9e71a	PASS
r01-q02718-2u-t18	1	2	tpl-a950b47b1f414306998e6baa	0	201	0.076801	PASS	none	eb731d6ef02f4eab8e5f3cba7c3b090c	PASS
r01-q02714-2u-t14	1	2	tpl-a950b47b1f414306998e6baa	0	201	0.070756	PASS	none	a29f245e82bb4a8c9ebeca06141ecb1c	PASS
r01-q02713-2u-t13	1	2	tpl-a950b47b1f414306998e6baa	0	201	0.068158	PASS	none	216118a6a62c4010b4d007e7971e5f59	PASS
r01-q02709-2u-t9	1	2	tpl-a950b47b1f414306998e6baa	0	201	0.067952	PASS	none	04e087e25a6d4528814710ee29982535	PASS
r01-q02705-2u-t5	1	2	tpl-a950b47b1f414306998e6baa	0	201	0.079836	PASS	none	6461fb61422d4afaba8420a2a0bd841a	PASS
r01-q02717-2u-t17	1	2	tpl-a950b47b1f414306998e6baa	0	201	0.089987	PASS	none	0a94a77d899b40a4939faf1143b6d311	PASS
r01-q02712-2u-t12	1	2	tpl-a950b47b1f414306998e6baa	0	201	0.072876	PASS	none	3e62b45ab52941e9a761267d099fa687	PASS
r01-q02710-2u-t10	1	2	tpl-a950b47b1f414306998e6baa	0	201	0.062293	PASS	none	bab5f305b90146fd873f219d1f4080b6	PASS
r01-q02719-2u-t19	1	2	tpl-a950b47b1f414306998e6baa	0	201	0.086886	PASS	none	ebf998d94ee7448db95639ae51493095	PASS
r01-q02723-2u-t23	1	2	tpl-a950b47b1f414306998e6baa	0	201	0.077771	PASS	none	bcf15286719249409404d7c2ca6966d0	PASS
r01-q02729-2u-t29	1	2	tpl-a950b47b1f414306998e6baa	0	201	0.076890	PASS	none	90819076bd1743e28ec6df651c5c096a	PASS
r01-q02722-2u-t22	1	2	tpl-a950b47b1f414306998e6baa	0	201	0.098683	PASS	none	b0d39d5d0ef241b9b2ede0d59c76cf42	PASS
r01-q02720-2u-t20	1	2	tpl-a950b47b1f414306998e6baa	0	201	0.098800	PASS	none	1a72e2f2f6d34a599990685643e60b1f	PASS
r01-q02725-2u-t25	1	2	tpl-a950b47b1f414306998e6baa	0	201	0.090434	PASS	none	f8caa14f37d349e3aabd485dd6175e0a	PASS
r01-q02721-2u-t21	1	2	tpl-a950b47b1f414306998e6baa	0	201	0.078446	PASS	none	7d15f539c858412b99c3e0a87f7e330a	PASS
r01-q02726-2u-t26	1	2	tpl-a950b47b1f414306998e6baa	0	201	0.092455	PASS	none	b47cd736f4c245b7b0aaf57300f6abb9	PASS
r01-q02730-2u-t30	1	2	tpl-a950b47b1f414306998e6baa	0	201	0.085577	PASS	none	795a847339ca4a9d9236615df3249407	PASS
r01-q02731-2u-t31	1	2	tpl-a950b47b1f414306998e6baa	0	201	0.094016	PASS	none	243f29f751ca4479b20f772ed233e8d7	PASS
r01-q02727-2u-t27	1	2	tpl-a950b47b1f414306998e6baa	0	201	0.104881	PASS	none	db864066078a499ba379e338c6cc847a	PASS
r01-q02724-2u-t24	1	2	tpl-a950b47b1f414306998e6baa	0	201	0.078658	PASS	none	8a268e6d53fa4b27a7d2122604cee310	PASS
r01-q02735-2u-t35	1	2	tpl-a950b47b1f414306998e6baa	0	201	0.082865	PASS	none	449c5ed3877d49beb7c5b50ce54efce6	PASS
r01-q02728-2u-t28	1	2	tpl-a950b47b1f414306998e6baa	0	201	0.088533	PASS	none	8d15f31db79a44b5b04ba31235bed357	PASS
r01-q02732-2u-t32	1	2	tpl-a950b47b1f414306998e6baa	0	201	0.088888	PASS	none	f65ff2c2261f4745b8f0f2ca46293ed3	PASS
r01-q02739-2u-t39	1	2	tpl-a950b47b1f414306998e6baa	0	201	0.094301	PASS	none	f9b202d4c9d04b89ac14c816ad112717	PASS
r01-q02733-2u-t33	1	2	tpl-a950b47b1f414306998e6baa	0	201	0.090038	PASS	none	ffaaa916ce1e4e35b89a532ed5b96274	PASS
r01-q02737-2u-t37	1	2	tpl-a950b47b1f414306998e6baa	0	201	0.089726	PASS	none	1ddb0f90816440b5870aaec70badf363	PASS
r01-q02738-2u-t38	1	2	tpl-a950b47b1f414306998e6baa	0	201	0.087974	PASS	none	47b7d1fb6aa140949e6e0e427c2e24a2	PASS
r01-q02734-2u-t34	1	2	tpl-a950b47b1f414306998e6baa	0	201	0.094824	PASS	none	a173109cede642e2bd2df0199fa55c14	PASS
r01-q02741-2u-t41	1	2	tpl-a950b47b1f414306998e6baa	0	201	0.088707	PASS	none	61a9b3fbe2004d388c478610dd9b6c5c	PASS
r01-q02744-2u-t44	1	2	tpl-a950b47b1f414306998e6baa	0	201	0.092086	PASS	none	9fff1d2696214db983b402a01cab8e2e	PASS
r01-q02743-2u-t43	1	2	tpl-a950b47b1f414306998e6baa	0	201	0.098478	PASS	none	cd447fd7873249efa4adfabbc3f49a6e	PASS
r01-q02736-2u-t36	1	2	tpl-a950b47b1f414306998e6baa	0	201	0.100952	PASS	none	11c9ac334bd145c89d0b3eca928036f8	PASS
r01-q02750-2u-t50	1	2	tpl-a950b47b1f414306998e6baa	0	201	0.086706	PASS	none	b54c0b23bb444d6c8d91bed4183bbada	PASS
r01-q02740-2u-t40	1	2	tpl-a950b47b1f414306998e6baa	0	201	0.097972	PASS	none	033d0e84d677494a9c16d233b5f957ed	PASS
r01-q02742-2u-t42	1	2	tpl-a950b47b1f414306998e6baa	0	201	0.093110	PASS	none	227c110d2ac642588ce5200bcbfc6050	PASS
r01-q02748-2u-t48	1	2	tpl-a950b47b1f414306998e6baa	0	201	0.087176	PASS	none	0b88ccdc5b4b4452982284440fdb1794	PASS
r01-q02747-2u-t47	1	2	tpl-a950b47b1f414306998e6baa	0	201	0.090374	PASS	none	d8cde45d9a20403798a9193a5cce0525	PASS
r01-q02746-2u-t46	1	2	tpl-a950b47b1f414306998e6baa	0	201	0.086882	PASS	none	d09345faad52431ba219e390149d73e5	PASS
r01-q02745-2u-t45	1	2	tpl-a950b47b1f414306998e6baa	0	201	0.090398	PASS	none	439657d5d3194f5ab594024c28bed2f6	PASS
r01-q02749-2u-t49	1	2	tpl-a950b47b1f414306998e6baa	0	201	0.090897	PASS	none	c8210a883d31485a9b6b4f3af608cb04	PASS
r02-q02753-2u-t3	2	2	tpl-a950b47b1f414306998e6baa	0	201	0.054491	PASS	none	33107820ebd3491394fc0f9f7c431b78	PASS
r02-q02758-2u-t8	2	2	tpl-a950b47b1f414306998e6baa	0	201	0.093233	PASS	none	c131781110fd4990953ab305c4f3b33a	PASS
r02-q02756-2u-t6	2	2	tpl-a950b47b1f414306998e6baa	0	201	0.062691	PASS	none	62b160c5defe43bdb571f4c462ddef3b	PASS
r02-q02752-2u-t2	2	2	tpl-a950b47b1f414306998e6baa	0	201	0.060939	PASS	none	d4861954c11f4760a315d2bf06ab9e02	PASS
r02-q02751-2u-t1	2	2	tpl-a950b47b1f414306998e6baa	0	201	0.060641	PASS	none	939ef410347a4743a8e88f3c09d8f741	PASS
r02-q02755-2u-t5	2	2	tpl-a950b47b1f414306998e6baa	0	201	0.059095	PASS	none	1e1a2cecb8224d7e9b7d0d28de368530	PASS
r02-q02768-2u-t18	2	2	tpl-a950b47b1f414306998e6baa	0	201	0.066560	PASS	none	977e439418a54fb6a35753099bcdff77	PASS
r02-q02765-2u-t15	2	2	tpl-a950b47b1f414306998e6baa	0	201	0.069860	PASS	none	8c895b98c4e845038d3c5a898bc0bd49	PASS
r02-q02761-2u-t11	2	2	tpl-a950b47b1f414306998e6baa	0	201	0.068605	PASS	none	873c8ec7f4c742fd9b15bdedb528db94	PASS
r02-q02763-2u-t13	2	2	tpl-a950b47b1f414306998e6baa	0	201	0.073361	PASS	none	4971a73c53134f5cabeeec109826a13c	PASS
r02-q02754-2u-t4	2	2	tpl-a950b47b1f414306998e6baa	0	201	0.051367	PASS	none	1bfe072e0d184ef8a74b0ba13280aa61	PASS
r02-q02759-2u-t9	2	2	tpl-a950b47b1f414306998e6baa	0	201	0.068825	PASS	none	2527b02431704a1aa030fe7aab7bd5fc	PASS
r02-q02757-2u-t7	2	2	tpl-a950b47b1f414306998e6baa	0	201	0.056356	PASS	none	aba037fc230748558399e5273f57a61c	PASS
r02-q02766-2u-t16	2	2	tpl-a950b47b1f414306998e6baa	0	201	0.065629	PASS	none	5b629399b6244152b057ea8c33df6ce7	PASS
r02-q02760-2u-t10	2	2	tpl-a950b47b1f414306998e6baa	0	201	0.068315	PASS	none	cf8f8910e1ae4f5ea8a064149ee1c7e2	PASS
r02-q02767-2u-t17	2	2	tpl-a950b47b1f414306998e6baa	0	201	0.069520	PASS	none	843f4edbde5143e1ae0f2f74eb431e18	PASS
r02-q02764-2u-t14	2	2	tpl-a950b47b1f414306998e6baa	0	201	0.072706	PASS	none	2aae45d4e9b543ecbec784dd92ec22f0	PASS
r02-q02770-2u-t20	2	2	tpl-a950b47b1f414306998e6baa	0	201	0.077697	PASS	none	f4a12a413809461391b5c13a85e1efe2	PASS
r02-q02773-2u-t23	2	2	tpl-a950b47b1f414306998e6baa	0	201	0.082842	PASS	none	173599239e8746f5ba721affd0b2ade2	PASS
r02-q02769-2u-t19	2	2	tpl-a950b47b1f414306998e6baa	0	201	0.077486	PASS	none	9acc707b64084816acd51581032a8b49	PASS
r02-q02762-2u-t12	2	2	tpl-a950b47b1f414306998e6baa	0	201	0.087598	PASS	none	c4d4c519c8894a4197165a88634a4696	PASS
r02-q02772-2u-t22	2	2	tpl-a950b47b1f414306998e6baa	0	201	0.072486	PASS	none	7fb7bb30a6d4447a8ac7b8b4589d8236	PASS
r02-q02771-2u-t21	2	2	tpl-a950b47b1f414306998e6baa	0	201	0.077843	PASS	none	7ac8facaab474091822c72c1da5322a4	PASS
r02-q02775-2u-t25	2	2	tpl-a950b47b1f414306998e6baa	0	201	0.089119	PASS	none	d4766bf590ed43109d0450775e3b02ac	PASS
r02-q02776-2u-t26	2	2	tpl-a950b47b1f414306998e6baa	0	201	0.077878	PASS	none	0f63640b007e4960b48237f643c7d695	PASS
r02-q02778-2u-t28	2	2	tpl-a950b47b1f414306998e6baa	0	201	0.086138	PASS	none	4f9877a951834ce681485c04f044c041	PASS
r02-q02781-2u-t31	2	2	tpl-a950b47b1f414306998e6baa	0	201	0.082318	PASS	none	c963c148d4e64f4b9442f7c7a3dad56b	PASS
r02-q02777-2u-t27	2	2	tpl-a950b47b1f414306998e6baa	0	201	0.083583	PASS	none	7a89519bd609413da2fcb446b6e82fe3	PASS
r02-q02779-2u-t29	2	2	tpl-a950b47b1f414306998e6baa	0	201	0.082816	PASS	none	0427e8904c0346ebbed21f46bd3f7d49	PASS
r02-q02774-2u-t24	2	2	tpl-a950b47b1f414306998e6baa	0	201	0.074703	PASS	none	de757b8241dc47d883aa8b93cdc0437e	PASS
r02-q02783-2u-t33	2	2	tpl-a950b47b1f414306998e6baa	0	201	0.105647	PASS	none	1facfffd868f417bb6526a53a8cd9cea	PASS
r02-q02785-2u-t35	2	2	tpl-a950b47b1f414306998e6baa	0	201	0.105889	PASS	none	8549b842b0f04a129531b19cf7a337eb	PASS
r02-q02784-2u-t34	2	2	tpl-a950b47b1f414306998e6baa	0	201	0.110599	PASS	none	4cc819d2d34f42e0b2c6f720fa327282	PASS
r02-q02782-2u-t32	2	2	tpl-a950b47b1f414306998e6baa	0	201	0.104547	PASS	none	8d1ea9f98d9f4a65b28168aba5bcafc5	PASS
r02-q02787-2u-t37	2	2	tpl-a950b47b1f414306998e6baa	0	201	0.117945	PASS	none	7cce78671f3047fd8576b9bdd7ffeffd	PASS
r02-q02780-2u-t30	2	2	tpl-a950b47b1f414306998e6baa	0	201	0.081624	PASS	none	b530290af55b462a80a27cbe1927f4b8	PASS
r02-q02786-2u-t36	2	2	tpl-a950b47b1f414306998e6baa	0	201	0.102761	PASS	none	67ee5b127d37481fae825ed5d5783fe8	PASS
r02-q02791-2u-t41	2	2	tpl-a950b47b1f414306998e6baa	0	201	0.094290	PASS	none	c18d0b3e9ebc44128e97b04d29c5da28	PASS
r02-q02788-2u-t38	2	2	tpl-a950b47b1f414306998e6baa	0	201	0.104920	PASS	none	92d8d50efe8b4591b76e74299f1887ba	PASS
r02-q02789-2u-t39	2	2	tpl-a950b47b1f414306998e6baa	0	201	0.109277	PASS	none	37e808b35f5a4da68510fc905d529acb	PASS
r02-q02793-2u-t43	2	2	tpl-a950b47b1f414306998e6baa	0	201	0.090051	PASS	none	cb8e677a0a6b48b5a0f35c555f86be0e	PASS
r02-q02790-2u-t40	2	2	tpl-a950b47b1f414306998e6baa	0	201	0.100213	PASS	none	d5888b3efee14f19b6cb8c41aa540221	PASS
r02-q02792-2u-t42	2	2	tpl-a950b47b1f414306998e6baa	0	201	0.104787	PASS	none	5ee0a2a6b4b04bfc9da240b579ce8cdb	PASS
r02-q02796-2u-t46	2	2	tpl-a950b47b1f414306998e6baa	0	201	0.096532	PASS	none	9420ca1f386947e893dfa3b8a42620c0	PASS
r02-q02800-2u-t50	2	2	tpl-a950b47b1f414306998e6baa	0	201	0.095341	PASS	none	47f29154ce7d445a8ed4ed630cd78f28	PASS
r02-q02797-2u-t47	2	2	tpl-a950b47b1f414306998e6baa	0	201	0.096683	PASS	none	197983eab8be436682a8eebb5aa32583	PASS
r02-q02799-2u-t49	2	2	tpl-a950b47b1f414306998e6baa	0	201	0.092715	PASS	none	161f711350d5429e9a76744e4e83a29e	PASS
r02-q02798-2u-t48	2	2	tpl-a950b47b1f414306998e6baa	0	201	0.099029	PASS	none	5d9f9727d82d425ea533a0cd7fe9ff93	PASS
r02-q02795-2u-t45	2	2	tpl-a950b47b1f414306998e6baa	0	201	0.095858	PASS	none	2582662bc454462d8fd8c383fcea31bc	PASS
r02-q02794-2u-t44	2	2	tpl-a950b47b1f414306998e6baa	0	201	0.097881	PASS	none	db333995a14740ceb8d944b4e4d4967e	PASS
r03-q02802-2u-t2	3	2	tpl-a950b47b1f414306998e6baa	0	201	0.060270	PASS	none	5dd14361436b424c896b4476510f7240	PASS
r03-q02805-2u-t5	3	2	tpl-a950b47b1f414306998e6baa	0	201	0.069526	PASS	none	70af19d41027465b9962c5e1871e239d	PASS
r03-q02806-2u-t6	3	2	tpl-a950b47b1f414306998e6baa	0	201	0.056699	PASS	none	dae96a949c484c768fb14a50ccc55780	PASS
r03-q02801-2u-t1	3	2	tpl-a950b47b1f414306998e6baa	0	201	0.057594	PASS	none	02c76d91a9394f95937fb9fc977240b3	PASS
r03-q02804-2u-t4	3	2	tpl-a950b47b1f414306998e6baa	0	201	0.064833	PASS	none	64889648690c4ff79db3926af68cc9ca	PASS
r03-q02803-2u-t3	3	2	tpl-a950b47b1f414306998e6baa	0	201	0.055088	PASS	none	319a822f4f314cd6ae085ff6f704fb66	PASS
r03-q02811-2u-t11	3	2	tpl-a950b47b1f414306998e6baa	0	201	0.065199	PASS	none	7c28f0836b904624bac64c7d4986954f	PASS
r03-q02813-2u-t13	3	2	tpl-a950b47b1f414306998e6baa	0	201	0.069404	PASS	none	980d14dec2a2493cb651b6a6ffbeaf63	PASS
r03-q02808-2u-t8	3	2	tpl-a950b47b1f414306998e6baa	0	201	0.054294	PASS	none	ff23c1b394784a4085fb39b3c4cb221b	PASS
r03-q02810-2u-t10	3	2	tpl-a950b47b1f414306998e6baa	0	201	0.061659	PASS	none	edaba4ee9d5b49a5ae3e26816b1f5fa6	PASS
r03-q02807-2u-t7	3	2	tpl-a950b47b1f414306998e6baa	0	201	0.055130	PASS	none	0df4de0fde564d9d95812f0cb5e71435	PASS
r03-q02812-2u-t12	3	2	tpl-a950b47b1f414306998e6baa	0	201	0.065113	PASS	none	8e59d2847b4d47d7b04f99fc141392ef	PASS
r03-q02809-2u-t9	3	2	tpl-a950b47b1f414306998e6baa	0	201	0.060017	PASS	none	e6c7bb54d03f4cd1871244437e26ce5c	PASS
r03-q02814-2u-t14	3	2	tpl-a950b47b1f414306998e6baa	0	201	0.064763	PASS	none	91cf483e054b40d8832e87a18e942322	PASS
r03-q02820-2u-t20	3	2	tpl-a950b47b1f414306998e6baa	0	201	0.075897	PASS	none	67bfdf34a5a24c9c95a20d0ae662f18f	PASS
r03-q02816-2u-t16	3	2	tpl-a950b47b1f414306998e6baa	0	201	0.072436	PASS	none	f2421551427b4e18bd2db313a6686b0b	PASS
r03-q02818-2u-t18	3	2	tpl-a950b47b1f414306998e6baa	0	201	0.070007	PASS	none	bc1dbc80f27a4404935471a3ac7e988d	PASS
r03-q02817-2u-t17	3	2	tpl-a950b47b1f414306998e6baa	0	201	0.076608	PASS	none	02c70b2d494c4b76bdb5dfa167ba0651	PASS
r03-q02821-2u-t21	3	2	tpl-a950b47b1f414306998e6baa	0	201	0.079858	PASS	none	6cde5b5a00ba4587bb6177e54b6a9994	PASS
r03-q02815-2u-t15	3	2	tpl-a950b47b1f414306998e6baa	0	201	0.074484	PASS	none	3fb348ebbbc64d45af173c6a48cd537f	PASS
r03-q02824-2u-t24	3	2	tpl-a950b47b1f414306998e6baa	0	201	0.080317	PASS	none	a83d0659f81f45ff9fc7b094df43e306	PASS
r03-q02827-2u-t27	3	2	tpl-a950b47b1f414306998e6baa	0	201	0.083282	PASS	none	08e752721b9c4781ac0bb240d201f279	PASS
r03-q02826-2u-t26	3	2	tpl-a950b47b1f414306998e6baa	0	201	0.079164	PASS	none	0ed7c0e5319b411b9b553dd55a6c1a3b	PASS
r03-q02830-2u-t30	3	2	tpl-a950b47b1f414306998e6baa	0	201	0.081554	PASS	none	c1ed67eb08304ecc8c8d966f01c53f8b	PASS
r03-q02823-2u-t23	3	2	tpl-a950b47b1f414306998e6baa	0	201	0.083781	PASS	none	604918d023c54769ab0d56b9d23a6ba1	PASS
r03-q02825-2u-t25	3	2	tpl-a950b47b1f414306998e6baa	0	201	0.079749	PASS	none	44c70d0bfc424182a31aef5e205a8b79	PASS
r03-q02819-2u-t19	3	2	tpl-a950b47b1f414306998e6baa	0	201	0.092418	PASS	none	841f1e5cd68f464bb2b581f2c67f841c	PASS
r03-q02822-2u-t22	3	2	tpl-a950b47b1f414306998e6baa	0	201	0.098061	PASS	none	92510cae7e2b4514922655786daf6ecc	PASS
r03-q02834-2u-t34	3	2	tpl-a950b47b1f414306998e6baa	0	201	0.102277	PASS	none	5c941e2f74604d3c93b9a4adbd95e56b	PASS
r03-q02831-2u-t31	3	2	tpl-a950b47b1f414306998e6baa	0	201	0.102008	PASS	none	3c8dbd37b5224fe3b97267f386009601	PASS
r03-q02833-2u-t33	3	2	tpl-a950b47b1f414306998e6baa	0	201	0.095742	PASS	none	a5b701fe07534c1e9360d13c9c6fe543	PASS
r03-q02829-2u-t29	3	2	tpl-a950b47b1f414306998e6baa	0	201	0.085071	PASS	none	554d90656cb14954a9252619770d4d98	PASS
r03-q02832-2u-t32	3	2	tpl-a950b47b1f414306998e6baa	0	201	0.090522	PASS	none	1a591d29b41f4ecbb33f187d4a789beb	PASS
r03-q02828-2u-t28	3	2	tpl-a950b47b1f414306998e6baa	0	201	0.081823	PASS	none	8135ba87d71d4bc8854efcf973275be8	PASS
r03-q02836-2u-t36	3	2	tpl-a950b47b1f414306998e6baa	0	201	0.102219	PASS	none	b27831e0a86b4759aafacdb6fd20eefb	PASS
r03-q02839-2u-t39	3	2	tpl-a950b47b1f414306998e6baa	0	201	0.096054	PASS	none	41d2171b8a92454082559820234f59da	PASS
r03-q02837-2u-t37	3	2	tpl-a950b47b1f414306998e6baa	0	201	0.097219	PASS	none	49b643dbe2c94cd5bcc1af90238ff192	PASS
r03-q02841-2u-t41	3	2	tpl-a950b47b1f414306998e6baa	0	201	0.097172	PASS	none	7d19f95ad353434fbbeccff210484936	PASS
r03-q02835-2u-t35	3	2	tpl-a950b47b1f414306998e6baa	0	201	0.097619	PASS	none	bcbfc47ace4240cab49a0dacfb5398f2	PASS
r03-q02843-2u-t43	3	2	tpl-a950b47b1f414306998e6baa	0	201	0.099129	PASS	none	51545cbc2b924eaaa1c3946c12712d3f	PASS
r03-q02850-2u-t50	3	2	tpl-a950b47b1f414306998e6baa	0	201	0.105585	PASS	none	0e943667f6f0433c961fe63615836bdd	PASS
r03-q02838-2u-t38	3	2	tpl-a950b47b1f414306998e6baa	0	201	0.100146	PASS	none	c158cc7481d043e080e5d85f666c02fa	PASS
r03-q02847-2u-t47	3	2	tpl-a950b47b1f414306998e6baa	0	201	0.093689	PASS	none	6c09f1eb422144cd89f3832aefafa905	PASS
r03-q02846-2u-t46	3	2	tpl-a950b47b1f414306998e6baa	0	201	0.096526	PASS	none	325134a9112845dd82bdae4b18355ff9	PASS
r03-q02842-2u-t42	3	2	tpl-a950b47b1f414306998e6baa	0	201	0.096166	PASS	none	62300675866447c8af5efad52201f5ca	PASS
r03-q02844-2u-t44	3	2	tpl-a950b47b1f414306998e6baa	0	201	0.107370	PASS	none	5162bc443dfe452f9a6edf986fd1d177	PASS
r03-q02849-2u-t49	3	2	tpl-a950b47b1f414306998e6baa	0	201	0.095601	PASS	none	9fc1f1672ae3470f873564e2c2f0ba33	PASS
r03-q02845-2u-t45	3	2	tpl-a950b47b1f414306998e6baa	0	201	0.099384	PASS	none	908ab6a595894944867d342fd3b5b74f	PASS
r03-q02848-2u-t48	3	2	tpl-a950b47b1f414306998e6baa	0	201	0.097711	PASS	none	d3f4cfbecf564a55a18f9d30f2fa6553	PASS
r03-q02840-2u-t40	3	2	tpl-a950b47b1f414306998e6baa	0	201	0.100299	PASS	none	48af702d153040f1a47a00eef33b3920	PASS
r04-q02855-2u-t5	4	2	tpl-a950b47b1f414306998e6baa	0	201	0.074862	PASS	none	57ac120f7e68456cb94cc98572fe69b5	PASS
r04-q02854-2u-t4	4	2	tpl-a950b47b1f414306998e6baa	0	201	0.067446	PASS	none	d75248b1471a4152b586597aaa53c9b6	PASS
r04-q02852-2u-t2	4	2	tpl-a950b47b1f414306998e6baa	0	201	0.065872	PASS	none	b99702fb98ca4a1192693aa937b2db18	PASS
r04-q02857-2u-t7	4	2	tpl-a950b47b1f414306998e6baa	0	201	0.063120	PASS	none	260b4a83601a422fa1ca0c42228ea6a9	PASS
r04-q02851-2u-t1	4	2	tpl-a950b47b1f414306998e6baa	0	201	0.071523	PASS	none	bb756fc884084da682e0f41759982c78	PASS
r04-q02862-2u-t12	4	2	tpl-a950b47b1f414306998e6baa	0	201	0.065022	PASS	none	206b66f0b5934a559ef97e4a8bf4a574	PASS
r04-q02863-2u-t13	4	2	tpl-a950b47b1f414306998e6baa	0	201	0.071936	PASS	none	8a3b177d29bc4ffd8208f5327df64e7a	PASS
r04-q02859-2u-t9	4	2	tpl-a950b47b1f414306998e6baa	0	201	0.062752	PASS	none	86fac9ba9a74437183d0fac786f22646	PASS
r04-q02853-2u-t3	4	2	tpl-a950b47b1f414306998e6baa	0	201	0.057530	PASS	none	2f2c978061764142acecbb0bef682c48	PASS
r04-q02861-2u-t11	4	2	tpl-a950b47b1f414306998e6baa	0	201	0.085799	PASS	none	8f732027f0244847886a41e34751dd42	PASS
r04-q02860-2u-t10	4	2	tpl-a950b47b1f414306998e6baa	0	201	0.070656	PASS	none	942aa65f83f143b9a17ab78b4d1d6dc0	PASS
r04-q02856-2u-t6	4	2	tpl-a950b47b1f414306998e6baa	0	201	0.067142	PASS	none	41451a0d6fda4d4b85780a5505fbd3e7	PASS
r04-q02867-2u-t17	4	2	tpl-a950b47b1f414306998e6baa	0	201	0.073184	PASS	none	2fa72abe9071402db4726779cdda89ea	PASS
r04-q02858-2u-t8	4	2	tpl-a950b47b1f414306998e6baa	0	201	0.060436	PASS	none	654311dabb4149d4b8b45d2d3f6e5714	PASS
r04-q02864-2u-t14	4	2	tpl-a950b47b1f414306998e6baa	0	201	0.071604	PASS	none	085fa9a1929d45cd971375098fcc6d8c	PASS
r04-q02873-2u-t23	4	2	tpl-a950b47b1f414306998e6baa	0	201	0.081832	PASS	none	a069dc36f1d34a68bb8bcfd259ae51ef	PASS
r04-q02869-2u-t19	4	2	tpl-a950b47b1f414306998e6baa	0	201	0.064831	PASS	none	8fced937228249368621c79f4a33e38e	PASS
r04-q02866-2u-t16	4	2	tpl-a950b47b1f414306998e6baa	0	201	0.075890	PASS	none	a868e6d47168480595132044b5f553df	PASS
r04-q02871-2u-t21	4	2	tpl-a950b47b1f414306998e6baa	0	201	0.080211	PASS	none	c5b1818fab9e42f0a63f30b7d7cf7b87	PASS
r04-q02872-2u-t22	4	2	tpl-a950b47b1f414306998e6baa	0	201	0.078328	PASS	none	93d8dcb2948846a89e59d92bc5ad31ab	PASS
r04-q02865-2u-t15	4	2	tpl-a950b47b1f414306998e6baa	0	201	0.089029	PASS	none	28caff04af184e5a83bab38a431d9e1f	PASS
r04-q02881-2u-t31	4	2	tpl-a950b47b1f414306998e6baa	0	201	0.085660	PASS	none	2bd72d0390b34345a9a04df6e0745840	PASS
r04-q02870-2u-t20	4	2	tpl-a950b47b1f414306998e6baa	0	201	0.070501	PASS	none	12f61f444b364444a677751340cfd809	PASS
r04-q02877-2u-t27	4	2	tpl-a950b47b1f414306998e6baa	0	201	0.095343	PASS	none	5d2b50e1988a408f86ab47b42eb457cd	PASS
r04-q02868-2u-t18	4	2	tpl-a950b47b1f414306998e6baa	0	201	0.073064	PASS	none	3adac7eecb0e4fc5a4ee5aca1d8cb8d8	PASS
r04-q02875-2u-t25	4	2	tpl-a950b47b1f414306998e6baa	0	201	0.080845	PASS	none	4999a0c8f39149cdae270c3a241b608e	PASS
r04-q02874-2u-t24	4	2	tpl-a950b47b1f414306998e6baa	0	201	0.080314	PASS	none	b1418533308f4fb8a83df557c1f836c2	PASS
r04-q02878-2u-t28	4	2	tpl-a950b47b1f414306998e6baa	0	201	0.086845	PASS	none	beec5f53e3c848c7baadb5426acc3c69	PASS
r04-q02876-2u-t26	4	2	tpl-a950b47b1f414306998e6baa	0	201	0.082746	PASS	none	5123c034f00f4d4c9aefdd6f4765e247	PASS
r04-q02880-2u-t30	4	2	tpl-a950b47b1f414306998e6baa	0	201	0.092954	PASS	none	3f6744c0a04840d9a50fc28ac1980529	PASS
r04-q02879-2u-t29	4	2	tpl-a950b47b1f414306998e6baa	0	201	0.094679	PASS	none	c3808ae9f29c44d3aceb0b653cca0527	PASS
r04-q02882-2u-t32	4	2	tpl-a950b47b1f414306998e6baa	0	201	0.097388	PASS	none	2111453abea74233998d796a47c35a27	PASS
r04-q02884-2u-t34	4	2	tpl-a950b47b1f414306998e6baa	0	201	0.088340	PASS	none	255e9303cdae437db1e244aad3357c7b	PASS
r04-q02883-2u-t33	4	2	tpl-a950b47b1f414306998e6baa	0	201	0.087684	PASS	none	4e3a3854184c419eade6abe1ea2e4090	PASS
r04-q02887-2u-t37	4	2	tpl-a950b47b1f414306998e6baa	0	201	0.086981	PASS	none	8c2e1ef7a2034029aa7f5018ca60d8b8	PASS
r04-q02886-2u-t36	4	2	tpl-a950b47b1f414306998e6baa	0	201	0.093996	PASS	none	d66b6313ee774a09abb347d248ca3df4	PASS
r04-q02885-2u-t35	4	2	tpl-a950b47b1f414306998e6baa	0	201	0.099697	PASS	none	31277b0dd3c940e8827524b45c5f3a8f	PASS
r04-q02894-2u-t44	4	2	tpl-a950b47b1f414306998e6baa	0	201	0.093786	PASS	none	2ba2bc2e29424727a948225cc9f02aa8	PASS
r04-q02889-2u-t39	4	2	tpl-a950b47b1f414306998e6baa	0	201	0.088385	PASS	none	b8d07869df114fe6bf6dfaff11309ea1	PASS
r04-q02890-2u-t40	4	2	tpl-a950b47b1f414306998e6baa	0	201	0.097686	PASS	none	38e9d24f39d84988978bf9763afed1cf	PASS
r04-q02892-2u-t42	4	2	tpl-a950b47b1f414306998e6baa	0	201	0.092034	PASS	none	9d5605a382d74e92adbfcc38bbffb3ee	PASS
r04-q02898-2u-t48	4	2	tpl-a950b47b1f414306998e6baa	0	201	0.095472	PASS	none	9f44c19fd62248e4a3f27d9bd72f93b1	PASS
r04-q02896-2u-t46	4	2	tpl-a950b47b1f414306998e6baa	0	201	0.094763	PASS	none	46db456bbd044040afd730d9c5617510	PASS
r04-q02893-2u-t43	4	2	tpl-a950b47b1f414306998e6baa	0	201	0.100534	PASS	none	b07031fc28304b6082af2a9f0a9f95dd	PASS
r04-q02888-2u-t38	4	2	tpl-a950b47b1f414306998e6baa	0	201	0.093945	PASS	none	5943a50ba0c848e297dc9a6c10ab7bdb	PASS
r04-q02900-2u-t50	4	2	tpl-a950b47b1f414306998e6baa	0	201	0.091377	PASS	none	264ce9e814da425ea4784087ed8dfd57	PASS
r04-q02897-2u-t47	4	2	tpl-a950b47b1f414306998e6baa	0	201	0.089476	PASS	none	6ed0b2f7a1ee4241b70abf28b1953b90	PASS
r04-q02895-2u-t45	4	2	tpl-a950b47b1f414306998e6baa	0	201	0.101299	PASS	none	59d8b4dac4374b28b61b88f7053f81ca	PASS
r04-q02899-2u-t49	4	2	tpl-a950b47b1f414306998e6baa	0	201	0.085821	PASS	none	dedeaaa86100448faee911b0e838518a	PASS
r04-q02891-2u-t41	4	2	tpl-a950b47b1f414306998e6baa	0	201	0.094017	PASS	none	51e9a8a444154e70a8d3e9130fc62516	PASS
r05-q02904-2u-t4	5	2	tpl-a950b47b1f414306998e6baa	0	201	0.067025	PASS	none	470b158a2f2942b7bcbe097fc2f5e37b	PASS
r05-q02907-2u-t7	5	2	tpl-a950b47b1f414306998e6baa	0	201	0.061850	PASS	none	d71b528bc29a4466a85340bfd6f8082b	PASS
r05-q02903-2u-t3	5	2	tpl-a950b47b1f414306998e6baa	0	201	0.059106	PASS	none	f14fc65076ea41f79c0d50db0000bef0	PASS
r05-q02909-2u-t9	5	2	tpl-a950b47b1f414306998e6baa	0	201	0.073342	PASS	none	8cb99224a59a45a0a1b23334706371a8	PASS
r05-q02901-2u-t1	5	2	tpl-a950b47b1f414306998e6baa	0	201	0.056228	PASS	none	9fcd661a83fd437a85ee654d8516f24c	PASS
r05-q02906-2u-t6	5	2	tpl-a950b47b1f414306998e6baa	0	201	0.060520	PASS	none	79cf300626494c39a8bffe69c4be1143	PASS
r05-q02910-2u-t10	5	2	tpl-a950b47b1f414306998e6baa	0	201	0.071290	PASS	none	a5727fea9f7e42618cd095474ed7ca28	PASS
r05-q02902-2u-t2	5	2	tpl-a950b47b1f414306998e6baa	0	201	0.086811	PASS	none	776bfe4dc92b4cd1ae28cc652a054717	PASS
r05-q02908-2u-t8	5	2	tpl-a950b47b1f414306998e6baa	0	201	0.079212	PASS	none	5404657a819044b8b8bbdd109bd6d185	PASS
r05-q02905-2u-t5	5	2	tpl-a950b47b1f414306998e6baa	0	201	0.090102	PASS	none	2b7db18ce6a44618bff52b968a9812e6	PASS
r05-q02915-2u-t15	5	2	tpl-a950b47b1f414306998e6baa	0	201	0.069689	PASS	none	31199613412b433893005c4acdfa20b0	PASS
r05-q02916-2u-t16	5	2	tpl-a950b47b1f414306998e6baa	0	201	0.080605	PASS	none	f8a799c8e20f455d96988affada11aa2	PASS
r05-q02913-2u-t13	5	2	tpl-a950b47b1f414306998e6baa	0	201	0.074000	PASS	none	d13fa565d1074dd3a55872315ee0f47d	PASS
r05-q02917-2u-t17	5	2	tpl-a950b47b1f414306998e6baa	0	201	0.073653	PASS	none	536fa4a9ff8447daacf421bfaaaeeb8e	PASS
r05-q02912-2u-t12	5	2	tpl-a950b47b1f414306998e6baa	0	201	0.069424	PASS	none	30563871ad5f4f459d32d75ddbea6a58	PASS
r05-q02914-2u-t14	5	2	tpl-a950b47b1f414306998e6baa	0	201	0.098332	PASS	none	6c68368474b14d1c8ad121f564f6894d	PASS
r05-q02920-2u-t20	5	2	tpl-a950b47b1f414306998e6baa	0	201	0.106838	PASS	none	c214c3c41cff42b7852b5f4d0097b4ea	PASS
r05-q02911-2u-t11	5	2	tpl-a950b47b1f414306998e6baa	0	201	0.065690	PASS	none	8e4da06a12c64d46b01a7fdc51472578	PASS
r05-q02922-2u-t22	5	2	tpl-a950b47b1f414306998e6baa	0	201	0.092334	PASS	none	ceaf51972d7142e28a5848bf2d4bc702	PASS
r05-q02923-2u-t23	5	2	tpl-a950b47b1f414306998e6baa	0	201	0.086994	PASS	none	9c3552a52ba244eb918726edab07d2b4	PASS
r05-q02919-2u-t19	5	2	tpl-a950b47b1f414306998e6baa	0	201	0.104347	PASS	none	a54ed53c140f4941aae9ecf89a8a45ee	PASS
r05-q02928-2u-t28	5	2	tpl-a950b47b1f414306998e6baa	0	201	0.104288	PASS	none	67eb26302aa04335a7edc16c75d6641a	PASS
r05-q02921-2u-t21	5	2	tpl-a950b47b1f414306998e6baa	0	201	0.093567	PASS	none	4b9250488aa34a43bcf2d64d60c14372	PASS
r05-q02924-2u-t24	5	2	tpl-a950b47b1f414306998e6baa	0	201	0.089055	PASS	none	b2e4cff5e19b45a69279dac28035e181	PASS
r05-q02930-2u-t30	5	2	tpl-a950b47b1f414306998e6baa	0	201	0.102623	PASS	none	0f5f0ec502a8484e9334fcb4bdab6c84	PASS
r05-q02931-2u-t31	5	2	tpl-a950b47b1f414306998e6baa	0	201	0.096489	PASS	none	684dac2294a940ef8b87b464db02f967	PASS
r05-q02925-2u-t25	5	2	tpl-a950b47b1f414306998e6baa	0	201	0.098171	PASS	none	a4c1fdc51f9a436c8baa573b703d8978	PASS
r05-q02932-2u-t32	5	2	tpl-a950b47b1f414306998e6baa	0	201	0.090198	PASS	none	2986241939754295a3908c044a837a6d	PASS
r05-q02929-2u-t29	5	2	tpl-a950b47b1f414306998e6baa	0	201	0.107656	PASS	none	1249d8de3e4d424690d86770e4649d37	PASS
r05-q02918-2u-t18	5	2	tpl-a950b47b1f414306998e6baa	0	201	0.085089	PASS	none	05a1f0eec1f54a92bbd6fb694a6b6c4c	PASS
r05-q02933-2u-t33	5	2	tpl-a950b47b1f414306998e6baa	0	201	0.098102	PASS	none	9f3c516fb5ea4d41b2705ef0b7a0e9b6	PASS
r05-q02934-2u-t34	5	2	tpl-a950b47b1f414306998e6baa	0	201	0.105348	PASS	none	3f360ba5f7584e418c694eb27b5f544f	PASS
r05-q02927-2u-t27	5	2	tpl-a950b47b1f414306998e6baa	0	201	0.105251	PASS	none	e8f50587abeb4ec4ad157f16d06531c9	PASS
r05-q02935-2u-t35	5	2	tpl-a950b47b1f414306998e6baa	0	201	0.096201	PASS	none	f97422b414cd4cb18243621f0d003ddf	PASS
r05-q02940-2u-t40	5	2	tpl-a950b47b1f414306998e6baa	0	201	0.098725	PASS	none	3b243a3621b342f58d3913879320f9d0	PASS
r05-q02938-2u-t38	5	2	tpl-a950b47b1f414306998e6baa	0	201	0.112791	PASS	none	d997f43cea11433db4c7b48fac1851ac	PASS
r05-q02937-2u-t37	5	2	tpl-a950b47b1f414306998e6baa	0	201	0.097847	PASS	none	69c343d31a764a6c91d9689fb83f4d14	PASS
r05-q02946-2u-t46	5	2	tpl-a950b47b1f414306998e6baa	0	201	0.092833	PASS	none	bdc702ff82624e4686143dd5dcbf7105	PASS
r05-q02942-2u-t42	5	2	tpl-a950b47b1f414306998e6baa	0	201	0.094291	PASS	none	86983142df4349f2a7be99929063a225	PASS
r05-q02936-2u-t36	5	2	tpl-a950b47b1f414306998e6baa	0	201	0.105855	PASS	none	ab48cc386f1e44f393b77f77423e29cc	PASS
r05-q02926-2u-t26	5	2	tpl-a950b47b1f414306998e6baa	0	201	0.100900	PASS	none	533c536845cb4d93a2a30fdd7da2ccc8	PASS
r05-q02947-2u-t47	5	2	tpl-a950b47b1f414306998e6baa	0	201	0.087823	PASS	none	af90343db3ff491cba9aa73b9dcf0973	PASS
r05-q02944-2u-t44	5	2	tpl-a950b47b1f414306998e6baa	0	201	0.096056	PASS	none	f95cae9ddbd146fe8623b76db68aaf0d	PASS
r05-q02948-2u-t48	5	2	tpl-a950b47b1f414306998e6baa	0	201	0.089554	PASS	none	4e1d5751efc34cf0aa4cfc34edded4ce	PASS
r05-q02941-2u-t41	5	2	tpl-a950b47b1f414306998e6baa	0	201	0.103584	PASS	none	4c8032c72dd545adb5791778c55fcb8f	PASS
r05-q02939-2u-t39	5	2	tpl-a950b47b1f414306998e6baa	0	201	0.106441	PASS	none	a5848bd04a1d4b768278c6df300ae1f3	PASS
r05-q02949-2u-t49	5	2	tpl-a950b47b1f414306998e6baa	0	201	0.102298	PASS	none	640158ba92ad47d9a641db3bd3540f5b	PASS
r05-q02943-2u-t43	5	2	tpl-a950b47b1f414306998e6baa	0	201	0.094717	PASS	none	d6e03dea5ed241319ca4fb27b28cba2d	PASS
r05-q02945-2u-t45	5	2	tpl-a950b47b1f414306998e6baa	0	201	0.097356	PASS	none	d5175a3e19c540189c0d801cb5f4b761	PASS
r05-q02950-2u-t50	5	2	tpl-a950b47b1f414306998e6baa	0	201	0.099940	PASS	none	39f4e73a1f2e45dbbe1f0f4b92496934	PASS
r06-q02951-2u-t1	6	2	tpl-a950b47b1f414306998e6baa	0	201	0.061287	PASS	none	fc6c49b384de4e0a8b01c819b6847eca	PASS
r06-q02955-2u-t5	6	2	tpl-a950b47b1f414306998e6baa	0	201	0.061980	PASS	none	c271ecf669d94f7599a83ee69cb106ba	PASS
r06-q02963-2u-t13	6	2	tpl-a950b47b1f414306998e6baa	0	201	0.066600	PASS	none	37cf43f0b2fc4932a374b2a12b3cd33f	PASS
r06-q02956-2u-t6	6	2	tpl-a950b47b1f414306998e6baa	0	201	0.065211	PASS	none	16d14183db91422a8c15f6aea0544d64	PASS
r06-q02952-2u-t2	6	2	tpl-a950b47b1f414306998e6baa	0	201	0.085588	PASS	none	83af2b38ee6f435384cdd9d650fac9cd	PASS
r06-q02953-2u-t3	6	2	tpl-a950b47b1f414306998e6baa	0	201	0.071042	PASS	none	6caa51b3493d4d9bae3a3f55251d3cf1	PASS
r06-q02957-2u-t7	6	2	tpl-a950b47b1f414306998e6baa	0	201	0.074861	PASS	none	c61c7361af944763bc23e76ef554da7a	PASS
r06-q02962-2u-t12	6	2	tpl-a950b47b1f414306998e6baa	0	201	0.072386	PASS	none	143158e20e6c4feba44f7f2e758ce174	PASS
r06-q02954-2u-t4	6	2	tpl-a950b47b1f414306998e6baa	0	201	0.066795	PASS	none	bac56d075d7847369444c45b6ee0564f	PASS
r06-q02958-2u-t8	6	2	tpl-a950b47b1f414306998e6baa	0	201	0.057208	PASS	none	3ce3ee0c04af47ea9a047a7cc0b7c8e4	PASS
r06-q02960-2u-t10	6	2	tpl-a950b47b1f414306998e6baa	0	201	0.077339	PASS	none	82e80e33742d4c69959a88eec93b3e94	PASS
r06-q02961-2u-t11	6	2	tpl-a950b47b1f414306998e6baa	0	201	0.090495	PASS	none	0af2fd8834ab40229a5ba69523b121ce	PASS
r06-q02964-2u-t14	6	2	tpl-a950b47b1f414306998e6baa	0	201	0.081609	PASS	none	8743fe7d23e64a9ea6a065b5aad009b5	PASS
r06-q02969-2u-t19	6	2	tpl-a950b47b1f414306998e6baa	0	201	0.071955	PASS	none	ab9a1fe56af74dc8867611374348a757	PASS
r06-q02966-2u-t16	6	2	tpl-a950b47b1f414306998e6baa	0	201	0.075613	PASS	none	fd5fdd1c0d8541e5afc11ab0940161a1	PASS
r06-q02968-2u-t18	6	2	tpl-a950b47b1f414306998e6baa	0	201	0.069770	PASS	none	30c4afe5926e48f1996c5a5962f5f856	PASS
r06-q02959-2u-t9	6	2	tpl-a950b47b1f414306998e6baa	0	201	0.060430	PASS	none	5c52e754ddf84434af5089fe070c50c2	PASS
r06-q02965-2u-t15	6	2	tpl-a950b47b1f414306998e6baa	0	201	0.079435	PASS	none	19c4bb32e82740b6aca101602b57d4a3	PASS
r06-q02967-2u-t17	6	2	tpl-a950b47b1f414306998e6baa	0	201	0.081136	PASS	none	46f41d9bdcd54bddb38e4e28ae8eb2de	PASS
r06-q02970-2u-t20	6	2	tpl-a950b47b1f414306998e6baa	0	201	0.072428	PASS	none	8b912eda08144b10afdd0e28fb302cf7	PASS
r06-q02974-2u-t24	6	2	tpl-a950b47b1f414306998e6baa	0	201	0.081153	PASS	none	419ab6573dac4eae9d57d34feb789fa7	PASS
r06-q02978-2u-t28	6	2	tpl-a950b47b1f414306998e6baa	0	201	0.087455	PASS	none	647eec0628ee457098952ba633c30fd7	PASS
r06-q02981-2u-t31	6	2	tpl-a950b47b1f414306998e6baa	0	201	0.087508	PASS	none	e77a7ec2727744f69c2d54bf651c119d	PASS
r06-q02971-2u-t21	6	2	tpl-a950b47b1f414306998e6baa	0	201	0.099050	PASS	none	11860cb9259d4bae98b171d33fdaf397	PASS
r06-q02972-2u-t22	6	2	tpl-a950b47b1f414306998e6baa	0	201	0.088194	PASS	none	ebe60d0e88df4752b5a93303e79130a8	PASS
r06-q02973-2u-t23	6	2	tpl-a950b47b1f414306998e6baa	0	201	0.083767	PASS	none	5d13be139e50498bacf3fbee6ccd0af9	PASS
r06-q02977-2u-t27	6	2	tpl-a950b47b1f414306998e6baa	0	201	0.102599	PASS	none	07a6ae5ce1804241ab9d0852dd868105	PASS
r06-q02986-2u-t36	6	2	tpl-a950b47b1f414306998e6baa	0	201	0.099199	PASS	none	d02e5bde79d2434584440bff9ffecb3e	PASS
r06-q02979-2u-t29	6	2	tpl-a950b47b1f414306998e6baa	0	201	0.081735	PASS	none	6bea02025643491082fee9aab38eade7	PASS
r06-q02976-2u-t26	6	2	tpl-a950b47b1f414306998e6baa	0	201	0.100958	PASS	none	da74c80c4d0f44cfb7c65abd89585293	PASS
r06-q02980-2u-t30	6	2	tpl-a950b47b1f414306998e6baa	0	201	0.084547	PASS	none	f643f16d9bb748ed89160b84f579ebea	PASS
r06-q02983-2u-t33	6	2	tpl-a950b47b1f414306998e6baa	0	201	0.097960	PASS	none	242d7e2104424b8f88f3d216f9d1f08b	PASS
r06-q02990-2u-t40	6	2	tpl-a950b47b1f414306998e6baa	0	201	0.094637	PASS	none	09bbcf3daa6643d08ffa363a053d014c	PASS
r06-q02975-2u-t25	6	2	tpl-a950b47b1f414306998e6baa	0	201	0.099123	PASS	none	430e0d54732a4694949ff4e75c8d0adb	PASS
r06-q02985-2u-t35	6	2	tpl-a950b47b1f414306998e6baa	0	201	0.087123	PASS	none	97a649d6b5424fd098190c7a6ee0842a	PASS
r06-q02984-2u-t34	6	2	tpl-a950b47b1f414306998e6baa	0	201	0.094874	PASS	none	6f77c10da84c4cd4acc467496042b974	PASS
r06-q02988-2u-t38	6	2	tpl-a950b47b1f414306998e6baa	0	201	0.103001	PASS	none	0fb18b30d43a439da1e7da12ae6194bf	PASS
r06-q02991-2u-t41	6	2	tpl-a950b47b1f414306998e6baa	0	201	0.113446	PASS	none	efe744bab49942cfa7114af99fe1fb9b	PASS
r06-q02993-2u-t43	6	2	tpl-a950b47b1f414306998e6baa	0	201	0.100608	PASS	none	8e87f3f7a4ce45838d4b51fdc2927a14	PASS
r06-q02982-2u-t32	6	2	tpl-a950b47b1f414306998e6baa	0	201	0.091626	PASS	none	ee7a7612f19d4dc88d9d38b6d4c4e2da	PASS
r06-q02989-2u-t39	6	2	tpl-a950b47b1f414306998e6baa	0	201	0.102132	PASS	none	e48b72fa9b094595ab63c75e61b13f39	PASS
r06-q02992-2u-t42	6	2	tpl-a950b47b1f414306998e6baa	0	201	0.102183	PASS	none	5d2b5739715148c797ee0f891bdff5dd	PASS
r06-q03000-2u-t50	6	2	tpl-a950b47b1f414306998e6baa	0	201	0.095331	PASS	none	021230cb794d42fcb24789af6555b7d7	PASS
r06-q02987-2u-t37	6	2	tpl-a950b47b1f414306998e6baa	0	201	0.110573	PASS	none	872fb1c9242243659f5d321ab915fdc6	PASS
r06-q02994-2u-t44	6	2	tpl-a950b47b1f414306998e6baa	0	201	0.096173	PASS	none	a9e2397c8d1241778f5d3c870cc5ed97	PASS
r06-q02996-2u-t46	6	2	tpl-a950b47b1f414306998e6baa	0	201	0.101504	PASS	none	2d409ef21c6f4aa198bb7c871ecd91b3	PASS
r06-q02999-2u-t49	6	2	tpl-a950b47b1f414306998e6baa	0	201	0.096083	PASS	none	0f11025f2b9a4286aa2940884b1df514	PASS
r06-q02998-2u-t48	6	2	tpl-a950b47b1f414306998e6baa	0	201	0.089465	PASS	none	dc7ecdd00c58484bb87285be53190c76	PASS
r06-q02997-2u-t47	6	2	tpl-a950b47b1f414306998e6baa	0	201	0.092610	PASS	none	79f136e3ccaa43648bc155f3246f4fee	PASS
r06-q02995-2u-t45	6	2	tpl-a950b47b1f414306998e6baa	0	201	0.096961	PASS	none	9776bbc59fc04e52b31509abab9f7b5a	PASS
r01-q03001-3u-t1	1	3	tpl-1e61913c830f401ea57acf62	0	201	0.065137	PASS	none	67336209323647d99d0c1b18c0ef9126	PASS
r01-q03004-3u-t4	1	3	tpl-1e61913c830f401ea57acf62	0	201	0.070940	PASS	none	92b667e9d3cb4f1caf97e5a1d562afca	PASS
r01-q03003-3u-t3	1	3	tpl-1e61913c830f401ea57acf62	0	201	0.059949	PASS	none	02ae1512aa3541e78ef430f31c2924e4	PASS
r01-q03005-3u-t5	1	3	tpl-1e61913c830f401ea57acf62	0	201	0.060092	PASS	none	80111f79eec64190993535cb3d6ed3c2	PASS
r01-q03009-3u-t9	1	3	tpl-1e61913c830f401ea57acf62	0	201	0.067840	PASS	none	16f3430b65134e0fad37d5851c65b5ae	PASS
r01-q03011-3u-t11	1	3	tpl-1e61913c830f401ea57acf62	0	201	0.063084	PASS	none	fa15162b49a34d6a83e3caa90ebe818b	PASS
r01-q03008-3u-t8	1	3	tpl-1e61913c830f401ea57acf62	0	201	0.083193	PASS	none	0df775cffa5447608daf7e0c3e3742a0	PASS
r01-q03002-3u-t2	1	3	tpl-1e61913c830f401ea57acf62	0	201	0.060958	PASS	none	973c8aeed6954e66b8f57c97a9f9b63f	PASS
r01-q03007-3u-t7	1	3	tpl-1e61913c830f401ea57acf62	0	201	0.070407	PASS	none	4d5c5e77ce2d477bad88395b2bb16b16	PASS
r01-q03010-3u-t10	1	3	tpl-1e61913c830f401ea57acf62	0	201	0.063107	PASS	none	852932158127485899324a235654db13	PASS
r01-q03006-3u-t6	1	3	tpl-1e61913c830f401ea57acf62	0	201	0.065674	PASS	none	040a4833f116431d9466fc3ca522306e	PASS
r01-q03014-3u-t14	1	3	tpl-1e61913c830f401ea57acf62	0	201	0.067637	PASS	none	c57c134d916240919d302d75f1f9494e	PASS
r01-q03012-3u-t12	1	3	tpl-1e61913c830f401ea57acf62	0	201	0.064195	PASS	none	b0e7c2f09dec41e3a400cc7333bde283	PASS
r01-q03015-3u-t15	1	3	tpl-1e61913c830f401ea57acf62	0	201	0.087583	PASS	none	b015b1f5d7ae46c58e134ec245f804bb	PASS
r01-q03020-3u-t20	1	3	tpl-1e61913c830f401ea57acf62	0	201	0.080147	PASS	none	e6712cf0cfee49d08cc2a2559dddd351	PASS
r01-q03019-3u-t19	1	3	tpl-1e61913c830f401ea57acf62	0	201	0.074647	PASS	none	d99ce23c509d468dbcd82f41453a0692	PASS
r01-q03013-3u-t13	1	3	tpl-1e61913c830f401ea57acf62	0	201	0.082727	PASS	none	3dc437cd814140e793aeae7b796e942c	PASS
r01-q03018-3u-t18	1	3	tpl-1e61913c830f401ea57acf62	0	201	0.088267	PASS	none	c5c3fc3f46144958bdc07a04d17cf44a	PASS
r01-q03022-3u-t22	1	3	tpl-1e61913c830f401ea57acf62	0	201	0.087923	PASS	none	3ad59dd49cb14269b9f147cecb21e403	PASS
r01-q03017-3u-t17	1	3	tpl-1e61913c830f401ea57acf62	0	201	0.083931	PASS	none	17a31250d0144a6199e7014608d2afd3	PASS
r01-q03016-3u-t16	1	3	tpl-1e61913c830f401ea57acf62	0	201	0.074620	PASS	none	c9abb2a7421a47aaa8c6cf82af2eab73	PASS
r01-q03023-3u-t23	1	3	tpl-1e61913c830f401ea57acf62	0	201	0.095753	PASS	none	be1d864cf79d4dccb3b5cf7aa6f2e568	PASS
r01-q03021-3u-t21	1	3	tpl-1e61913c830f401ea57acf62	0	201	0.083951	PASS	none	b6440c13b9a34075b0134c59fbd1d300	PASS
r01-q03029-3u-t29	1	3	tpl-1e61913c830f401ea57acf62	0	201	0.081722	PASS	none	1f96e801a30b4d1da2b47d044543b4e8	PASS
r01-q03027-3u-t27	1	3	tpl-1e61913c830f401ea57acf62	0	201	0.086737	PASS	none	1a09d4c8064c44d49196e95c7a961a94	PASS
r01-q03026-3u-t26	1	3	tpl-1e61913c830f401ea57acf62	0	201	0.081754	PASS	none	70977bd6b57f4828a40c6614c25d2b2b	PASS
r01-q03028-3u-t28	1	3	tpl-1e61913c830f401ea57acf62	0	201	0.088147	PASS	none	91511a6cc85546bf816ff74758d7f447	PASS
r01-q03024-3u-t24	1	3	tpl-1e61913c830f401ea57acf62	0	201	0.089482	PASS	none	c6c30af98e5740508d2f06b09e81e47a	PASS
r01-q03025-3u-t25	1	3	tpl-1e61913c830f401ea57acf62	0	201	0.086041	PASS	none	fe761d47edda4b778da78009b37fc88c	PASS
r01-q03032-3u-t32	1	3	tpl-1e61913c830f401ea57acf62	0	201	0.102387	PASS	none	c5105187a7dd4280ac439e47e352fb83	PASS
r01-q03036-3u-t36	1	3	tpl-1e61913c830f401ea57acf62	0	201	0.088869	PASS	none	1f65a0632f254ba8afdff6bad763678e	PASS
r01-q03037-3u-t37	1	3	tpl-1e61913c830f401ea57acf62	0	201	0.083927	PASS	none	c0b4c98c56d94917877cdca62a9108d0	PASS
r01-q03034-3u-t34	1	3	tpl-1e61913c830f401ea57acf62	0	201	0.098260	PASS	none	debc72a0e7f4474696f058cedb1f859d	PASS
r01-q03039-3u-t39	1	3	tpl-1e61913c830f401ea57acf62	0	201	0.102566	PASS	none	f65df53d315f4a79949f05bbe57b9a57	PASS
r01-q03033-3u-t33	1	3	tpl-1e61913c830f401ea57acf62	0	201	0.106442	PASS	none	1e0a530921014de689498a0c545e6eac	PASS
r01-q03038-3u-t38	1	3	tpl-1e61913c830f401ea57acf62	0	201	0.088729	PASS	none	9a42e6f60045482e8a434c6abffe1f45	PASS
r01-q03031-3u-t31	1	3	tpl-1e61913c830f401ea57acf62	0	201	0.102054	PASS	none	68ce72bfe22f4fd4b59ae532f77c11e5	PASS
r01-q03040-3u-t40	1	3	tpl-1e61913c830f401ea57acf62	0	201	0.087981	PASS	none	51cd3b3898d64d19b58648e8b33fd6f8	PASS
r01-q03030-3u-t30	1	3	tpl-1e61913c830f401ea57acf62	0	201	0.108724	PASS	none	4209b246f7424ec7b61be3ff070f7244	PASS
r01-q03047-3u-t47	1	3	tpl-1e61913c830f401ea57acf62	0	201	0.085503	PASS	none	1c7418fd64c442a8b2bff96de7050735	PASS
r01-q03043-3u-t43	1	3	tpl-1e61913c830f401ea57acf62	0	201	0.088593	PASS	none	c573a38dbdd14455b3fb932d1271a97a	PASS
r01-q03035-3u-t35	1	3	tpl-1e61913c830f401ea57acf62	0	201	0.097459	PASS	none	ea7c008bc0a942b1b5cad69964498a73	PASS
r01-q03042-3u-t42	1	3	tpl-1e61913c830f401ea57acf62	0	201	0.089374	PASS	none	ef1fc58b7a1442dd9959b065aa2185d6	PASS
r01-q03044-3u-t44	1	3	tpl-1e61913c830f401ea57acf62	0	201	0.083909	PASS	none	aaccb4c406f243e9b8fba406267fcfa3	PASS
r01-q03041-3u-t41	1	3	tpl-1e61913c830f401ea57acf62	0	201	0.088844	PASS	none	3a2850a498394f6082ac975780caa957	PASS
r01-q03048-3u-t48	1	3	tpl-1e61913c830f401ea57acf62	0	201	0.086647	PASS	none	7816c6ae9cad4e24ad99dce859cb35e8	PASS
r01-q03045-3u-t45	1	3	tpl-1e61913c830f401ea57acf62	0	201	0.085274	PASS	none	87992b9b528743dcab3e7887645a2db1	PASS
r01-q03046-3u-t46	1	3	tpl-1e61913c830f401ea57acf62	0	201	0.098411	PASS	none	c2dc8e11739e4744840ac71d950520ee	PASS
r01-q03050-3u-t50	1	3	tpl-1e61913c830f401ea57acf62	0	201	0.086789	PASS	none	6fb0d4667fba426f9e29298941a22382	PASS
r01-q03049-3u-t49	1	3	tpl-1e61913c830f401ea57acf62	0	201	0.095612	PASS	none	646db389dd23498cbe2a9580fe2982e4	PASS
r02-q03051-3u-t1	2	3	tpl-1e61913c830f401ea57acf62	0	201	0.058302	PASS	none	a4aac1acbd1544698be79d59f78abeca	PASS
r02-q03054-3u-t4	2	3	tpl-1e61913c830f401ea57acf62	0	201	0.054193	PASS	none	4daacda85a384007a9babf8792bc9f39	PASS
r02-q03059-3u-t9	2	3	tpl-1e61913c830f401ea57acf62	0	201	0.058730	PASS	none	e865c881f34644ebb842715a95e2a71e	PASS
r02-q03053-3u-t3	2	3	tpl-1e61913c830f401ea57acf62	0	201	0.059076	PASS	none	bb6dea2a023f46a5bc7f4e01d6c767d7	PASS
r02-q03055-3u-t5	2	3	tpl-1e61913c830f401ea57acf62	0	201	0.062481	PASS	none	2196b5d6487f4f0ab66715aa8feeef9c	PASS
r02-q03057-3u-t7	2	3	tpl-1e61913c830f401ea57acf62	0	201	0.063412	PASS	none	f9cab4e42b5c44269da0702e7daea6fa	PASS
r02-q03058-3u-t8	2	3	tpl-1e61913c830f401ea57acf62	0	201	0.061518	PASS	none	042da7bce0594a1799804a05c4aadd3f	PASS
r02-q03056-3u-t6	2	3	tpl-1e61913c830f401ea57acf62	0	201	0.063444	PASS	none	31458b59adb041c283f2dbe044bd7c1f	PASS
r02-q03063-3u-t13	2	3	tpl-1e61913c830f401ea57acf62	0	201	0.082586	PASS	none	24ca2322d0a040cebf33b753458f6cf9	PASS
r02-q03066-3u-t16	2	3	tpl-1e61913c830f401ea57acf62	0	201	0.069924	PASS	none	a30ba7a7f9bb41cdb243ada063689b11	PASS
r02-q03068-3u-t18	2	3	tpl-1e61913c830f401ea57acf62	0	201	0.068028	PASS	none	30f4f82951d6411bb0bb02d590d88e62	PASS
r02-q03067-3u-t17	2	3	tpl-1e61913c830f401ea57acf62	0	201	0.075548	PASS	none	14554b1575e14bf880bfce557cf44d11	PASS
r02-q03061-3u-t11	2	3	tpl-1e61913c830f401ea57acf62	0	201	0.071624	PASS	none	73fdc6328d9548c5a7871bd81a8af135	PASS
r02-q03060-3u-t10	2	3	tpl-1e61913c830f401ea57acf62	0	201	0.068241	PASS	none	60ac1bb0b6f94724b8d30e9cdf112d6a	PASS
r02-q03070-3u-t20	2	3	tpl-1e61913c830f401ea57acf62	0	201	0.067051	PASS	none	1f49b550fc084dcea97ae3dc12c6dc8a	PASS
r02-q03065-3u-t15	2	3	tpl-1e61913c830f401ea57acf62	0	201	0.070162	PASS	none	b5f08669154b43f5b0c9f14a7f0ca23c	PASS
r02-q03052-3u-t2	2	3	tpl-1e61913c830f401ea57acf62	0	201	0.077799	PASS	none	7230df56005b42629acc590c2a1f994d	PASS
r02-q03064-3u-t14	2	3	tpl-1e61913c830f401ea57acf62	0	201	0.078837	PASS	none	dffaaf57331c456296b61ac05f457b61	PASS
r02-q03069-3u-t19	2	3	tpl-1e61913c830f401ea57acf62	0	201	0.064716	PASS	none	4e1b1cc596fd4c28a0431c7632f41429	PASS
r02-q03062-3u-t12	2	3	tpl-1e61913c830f401ea57acf62	0	201	0.065483	PASS	none	facc7cb3798e4f098ddc0ec63d08b8a9	PASS
r02-q03072-3u-t22	2	3	tpl-1e61913c830f401ea57acf62	0	201	0.071411	PASS	none	1189ccdd77f947228170a6f07ca969b5	PASS
r02-q03075-3u-t25	2	3	tpl-1e61913c830f401ea57acf62	0	201	0.075160	PASS	none	882b0cd5934b422bbcbcfb5ef1ddb308	PASS
r02-q03074-3u-t24	2	3	tpl-1e61913c830f401ea57acf62	0	201	0.076703	PASS	none	17b620d1c52b49ce8c90e318098f4f4a	PASS
r02-q03073-3u-t23	2	3	tpl-1e61913c830f401ea57acf62	0	201	0.082765	PASS	none	7eaab3cbfac141468058db7e7b3b68e5	PASS
r02-q03077-3u-t27	2	3	tpl-1e61913c830f401ea57acf62	0	201	0.079118	PASS	none	a636cb2d6d1749768f2ee44d1997f8ac	PASS
r02-q03071-3u-t21	2	3	tpl-1e61913c830f401ea57acf62	0	201	0.062821	PASS	none	be88121aed3646d2a3b6f26d72b45d14	PASS
r02-q03076-3u-t26	2	3	tpl-1e61913c830f401ea57acf62	0	201	0.074763	PASS	none	3333960d74314a71a3bdc7c4aa75e4dc	PASS
r02-q03079-3u-t29	2	3	tpl-1e61913c830f401ea57acf62	0	201	0.081463	PASS	none	7dca80a1e2b04b51b9e9645e77ec59ef	PASS
r02-q03078-3u-t28	2	3	tpl-1e61913c830f401ea57acf62	0	201	0.089002	PASS	none	631c9e0433d249eba82214d1a0ad918f	PASS
r02-q03080-3u-t30	2	3	tpl-1e61913c830f401ea57acf62	0	201	0.087743	PASS	none	bde52ba269504d70805b24107543f8fd	PASS
r02-q03086-3u-t36	2	3	tpl-1e61913c830f401ea57acf62	0	201	0.083805	PASS	none	23a3eba92b024bfc88da5cc10b2bcd95	PASS
r02-q03081-3u-t31	2	3	tpl-1e61913c830f401ea57acf62	0	201	0.083320	PASS	none	bbc05892bfe1443395557489aee5f36d	PASS
r02-q03085-3u-t35	2	3	tpl-1e61913c830f401ea57acf62	0	201	0.091186	PASS	none	0aa7443273f646c497e909c5bc95a6b6	PASS
r02-q03087-3u-t37	2	3	tpl-1e61913c830f401ea57acf62	0	201	0.095150	PASS	none	13eb628d33b94e60b3aefe39b63848c2	PASS
r02-q03083-3u-t33	2	3	tpl-1e61913c830f401ea57acf62	0	201	0.078882	PASS	none	a2b5fa881b8446fd8e93cf630a1ba8b3	PASS
r02-q03092-3u-t42	2	3	tpl-1e61913c830f401ea57acf62	0	201	0.094863	PASS	none	ccaf1096d92741faaa04997a58df7d3e	PASS
r02-q03090-3u-t40	2	3	tpl-1e61913c830f401ea57acf62	0	201	0.092917	PASS	none	d1be4f325c3441fdbc72b5fd9c761941	PASS
r02-q03084-3u-t34	2	3	tpl-1e61913c830f401ea57acf62	0	201	0.082093	PASS	none	5860f92d36064e159b5f8c2422f7e3e3	PASS
r02-q03089-3u-t39	2	3	tpl-1e61913c830f401ea57acf62	0	201	0.091340	PASS	none	06b600325e1949049a69c93bc9adcf5b	PASS
r02-q03095-3u-t45	2	3	tpl-1e61913c830f401ea57acf62	0	201	0.089466	PASS	none	824df266c7c24fbf840d05d767db2853	PASS
r02-q03094-3u-t44	2	3	tpl-1e61913c830f401ea57acf62	0	201	0.085793	PASS	none	81f0a42f0b3a4cde99d384e1b6e474dc	PASS
r02-q03088-3u-t38	2	3	tpl-1e61913c830f401ea57acf62	0	201	0.099779	PASS	none	27843b8f96aa44e0b74c7425cee9d958	PASS
r02-q03082-3u-t32	2	3	tpl-1e61913c830f401ea57acf62	0	201	0.088375	PASS	none	32f6da370df94ed9824eeec0e39d64ac	PASS
r02-q03096-3u-t46	2	3	tpl-1e61913c830f401ea57acf62	0	201	0.084701	PASS	none	723a2723578f435ca2cb8070f498ac92	PASS
r02-q03093-3u-t43	2	3	tpl-1e61913c830f401ea57acf62	0	201	0.095249	PASS	none	377e0dc4807a4415977cd0fd06a58179	PASS
r02-q03098-3u-t48	2	3	tpl-1e61913c830f401ea57acf62	0	201	0.094662	PASS	none	7f0021ab46464f2f8106ab0ee7e8aa8d	PASS
r02-q03097-3u-t47	2	3	tpl-1e61913c830f401ea57acf62	0	201	0.095581	PASS	none	11eff9e8a36849e9944803b33b1c9ab5	PASS
r02-q03100-3u-t50	2	3	tpl-1e61913c830f401ea57acf62	0	201	0.078530	PASS	none	30baf14da5bf43339277714298996631	PASS
r02-q03091-3u-t41	2	3	tpl-1e61913c830f401ea57acf62	0	201	0.100002	PASS	none	a9adf4ea82b44c90937c3ecfd5020e75	PASS
r02-q03099-3u-t49	2	3	tpl-1e61913c830f401ea57acf62	0	201	0.084313	PASS	none	ca98f62f51e143109c413d8836a7c266	PASS
r03-q03108-3u-t8	3	3	tpl-1e61913c830f401ea57acf62	0	201	0.061974	PASS	none	980870ecd30440f8a4cacd1d51190913	PASS
r03-q03110-3u-t10	3	3	tpl-1e61913c830f401ea57acf62	0	201	0.083701	PASS	none	af6c181139994b819f1e783b0e78ce9f	PASS
r03-q03113-3u-t13	3	3	tpl-1e61913c830f401ea57acf62	0	201	0.066915	PASS	none	9f78a8599a2d45a0b72beb04119035b2	PASS
r03-q03104-3u-t4	3	3	tpl-1e61913c830f401ea57acf62	0	201	0.051719	PASS	none	9b5c351419b8439bbd6def2be96f8b19	PASS
r03-q03121-3u-t21	3	3	tpl-1e61913c830f401ea57acf62	0	201	0.071573	PASS	none	b2d873cf13b240129fae72a8ea080237	PASS
r03-q03107-3u-t7	3	3	tpl-1e61913c830f401ea57acf62	0	201	0.081454	PASS	none	88e99228c4e14bb7b7f3e62c01293910	PASS
r03-q03112-3u-t12	3	3	tpl-1e61913c830f401ea57acf62	0	201	0.074196	PASS	none	1fc0daafdfc74a029da1ef07e2b4dbae	PASS
r03-q03117-3u-t17	3	3	tpl-1e61913c830f401ea57acf62	0	201	0.079250	PASS	none	1607140f399747c7ab6cd28b46f085f3	PASS
r03-q03102-3u-t2	3	3	tpl-1e61913c830f401ea57acf62	0	201	0.055992	PASS	none	0ec8821607084d0295638e35d9dd9a39	PASS
r03-q03115-3u-t15	3	3	tpl-1e61913c830f401ea57acf62	0	201	0.075194	PASS	none	a5f62e0321264a42a8bb03e2878e26ce	PASS
r03-q03119-3u-t19	3	3	tpl-1e61913c830f401ea57acf62	0	201	0.084119	PASS	none	667fa1ab0fce4e9797aefb58fb978164	PASS
r03-q03106-3u-t6	3	3	tpl-1e61913c830f401ea57acf62	0	201	0.059945	PASS	none	e128018084f1410c99b4ddffdd07e42c	PASS
r03-q03103-3u-t3	3	3	tpl-1e61913c830f401ea57acf62	0	201	0.052493	PASS	none	3c41d8f58e7242c68a025399f0ed2ccf	PASS
r03-q03111-3u-t11	3	3	tpl-1e61913c830f401ea57acf62	0	201	0.062047	PASS	none	511423394e234882906576e25d218569	PASS
r03-q03116-3u-t16	3	3	tpl-1e61913c830f401ea57acf62	0	201	0.079299	PASS	none	c09eabc5f49d460bbded633a8b0a207b	PASS
r03-q03109-3u-t9	3	3	tpl-1e61913c830f401ea57acf62	0	201	0.059158	PASS	none	c4322a576cef49fb86d50bed562f76fb	PASS
r03-q03125-3u-t25	3	3	tpl-1e61913c830f401ea57acf62	0	201	0.087383	PASS	none	d0d7352983854521b3670c4b1378561a	PASS
r03-q03118-3u-t18	3	3	tpl-1e61913c830f401ea57acf62	0	201	0.077066	PASS	none	adb33b11a8f64197b49da23523ea388c	PASS
r03-q03101-3u-t1	3	3	tpl-1e61913c830f401ea57acf62	0	201	0.060859	PASS	none	51cdd8f40a3544eab881dc97d2dafefb	PASS
r03-q03120-3u-t20	3	3	tpl-1e61913c830f401ea57acf62	0	201	0.080393	PASS	none	d26d646cfe344ab19c5d933e978e37f6	PASS
r03-q03105-3u-t5	3	3	tpl-1e61913c830f401ea57acf62	0	201	0.056079	PASS	none	a41beeea037849479053df18427fd477	PASS
r03-q03124-3u-t24	3	3	tpl-1e61913c830f401ea57acf62	0	201	0.077081	PASS	none	3f9d2b94526b45bc99c775874ede9b86	PASS
r03-q03123-3u-t23	3	3	tpl-1e61913c830f401ea57acf62	0	201	0.083236	PASS	none	0065fcf9e25043d882efbccdafa85280	PASS
r03-q03132-3u-t32	3	3	tpl-1e61913c830f401ea57acf62	0	201	0.082133	PASS	none	c412fb6e751a46d588f737666ddc8bec	PASS
r03-q03114-3u-t14	3	3	tpl-1e61913c830f401ea57acf62	0	201	0.067700	PASS	none	af69a2639ea646909efb07e190adca66	PASS
r03-q03122-3u-t22	3	3	tpl-1e61913c830f401ea57acf62	0	201	0.079873	PASS	none	84a7e9dafa6d40d2afc1f31e1e27f0ff	PASS
r03-q03128-3u-t28	3	3	tpl-1e61913c830f401ea57acf62	0	201	0.091524	PASS	none	f056bfff5f7a49529842a2d0fb67dcf8	PASS
r03-q03129-3u-t29	3	3	tpl-1e61913c830f401ea57acf62	0	201	0.083439	PASS	none	a566e1a6c4724df98ee8bdf6c4276fcf	PASS
r03-q03127-3u-t27	3	3	tpl-1e61913c830f401ea57acf62	0	201	0.091654	PASS	none	ef9c588c1edf43b7a26a9b7a5636202d	PASS
r03-q03135-3u-t35	3	3	tpl-1e61913c830f401ea57acf62	0	201	0.081159	PASS	none	2f297b28db164f898086022b89cf49e5	PASS
r03-q03131-3u-t31	3	3	tpl-1e61913c830f401ea57acf62	0	201	0.080011	PASS	none	b15f316a2be941059ccdb3bb3af8599a	PASS
r03-q03136-3u-t36	3	3	tpl-1e61913c830f401ea57acf62	0	201	0.089482	PASS	none	a08615b44c6e4a9ea1070f9089baa7e8	PASS
r03-q03130-3u-t30	3	3	tpl-1e61913c830f401ea57acf62	0	201	0.087844	PASS	none	c6f7861ca661406d9411425746ec7424	PASS
r03-q03126-3u-t26	3	3	tpl-1e61913c830f401ea57acf62	0	201	0.089130	PASS	none	88f338b0a1d04d35b5bde941dc53bb9c	PASS
r03-q03138-3u-t38	3	3	tpl-1e61913c830f401ea57acf62	0	201	0.093520	PASS	none	7c4aceef1cfe479e832db7eab7faad36	PASS
r03-q03134-3u-t34	3	3	tpl-1e61913c830f401ea57acf62	0	201	0.079534	PASS	none	90a7d6f8ea2d4c27b674b10d8e4ecafc	PASS
r03-q03139-3u-t39	3	3	tpl-1e61913c830f401ea57acf62	0	201	0.099937	PASS	none	40fbe992c33645d58aaf6c5a65d43289	PASS
r03-q03145-3u-t45	3	3	tpl-1e61913c830f401ea57acf62	0	201	0.091205	PASS	none	b4d5090ad69440f587ae68c713873378	PASS
r03-q03133-3u-t33	3	3	tpl-1e61913c830f401ea57acf62	0	201	0.086525	PASS	none	0bf9c4636e56440d84865566f0c1b9fb	PASS
r03-q03142-3u-t42	3	3	tpl-1e61913c830f401ea57acf62	0	201	0.094714	PASS	none	cfce3a580e9f4478a92786f639ba90c8	PASS
r03-q03143-3u-t43	3	3	tpl-1e61913c830f401ea57acf62	0	201	0.102646	PASS	none	989f7755665042c8ab312685e25a12ba	PASS
r03-q03141-3u-t41	3	3	tpl-1e61913c830f401ea57acf62	0	201	0.100967	PASS	none	e0a252493676432a9bd831b2febafa61	PASS
r03-q03144-3u-t44	3	3	tpl-1e61913c830f401ea57acf62	0	201	0.086820	PASS	none	06a3c5bffb374e1a9b44f82a975c9f63	PASS
r03-q03137-3u-t37	3	3	tpl-1e61913c830f401ea57acf62	0	201	0.083402	PASS	none	8f24308c9a7a4d61aa2fb468f9b97505	PASS
r03-q03140-3u-t40	3	3	tpl-1e61913c830f401ea57acf62	0	201	0.097305	PASS	none	d1bc947308104d1e9cb05f50b4774cf1	PASS
r03-q03147-3u-t47	3	3	tpl-1e61913c830f401ea57acf62	0	201	0.096488	PASS	none	0c8ae480810b4257ba1ec37ce719464d	PASS
r03-q03146-3u-t46	3	3	tpl-1e61913c830f401ea57acf62	0	201	0.089789	PASS	none	631ef76b37e14ad5b542762dce33b02f	PASS
r03-q03149-3u-t49	3	3	tpl-1e61913c830f401ea57acf62	0	201	0.098079	PASS	none	767881c270f84b348ad0c1e6f1609aea	PASS
r03-q03150-3u-t50	3	3	tpl-1e61913c830f401ea57acf62	0	201	0.091446	PASS	none	8ef5c7a998674be191786c9383c86c7b	PASS
r03-q03148-3u-t48	3	3	tpl-1e61913c830f401ea57acf62	0	201	0.115715	PASS	none	26ff71a47c6044a0b41827fea6bf002e	PASS
r04-q03155-3u-t5	4	3	tpl-1e61913c830f401ea57acf62	0	201	0.078238	PASS	none	87521a6def124d938c5f771043e98bf5	PASS
r04-q03153-3u-t3	4	3	tpl-1e61913c830f401ea57acf62	0	201	0.053972	PASS	none	5a4666c0b5a54f5e928006f6f93a519b	PASS
r04-q03157-3u-t7	4	3	tpl-1e61913c830f401ea57acf62	0	201	0.057052	PASS	none	7924b68d36644044b0bfc69dc90cea59	PASS
r04-q03164-3u-t14	4	3	tpl-1e61913c830f401ea57acf62	0	201	0.079851	PASS	none	93e20fbfdda1499b8ba22dccd365d07c	PASS
r04-q03163-3u-t13	4	3	tpl-1e61913c830f401ea57acf62	0	201	0.084584	PASS	none	4e0e4f2d92e74e47bec7dc1849ed0758	PASS
r04-q03154-3u-t4	4	3	tpl-1e61913c830f401ea57acf62	0	201	0.056477	PASS	none	d69c9584d5e846c1b29d8f5d2dfe3fc2	PASS
r04-q03167-3u-t17	4	3	tpl-1e61913c830f401ea57acf62	0	201	0.073001	PASS	none	df9c0ef7db0a4ee7b651c7ea679856cd	PASS
r04-q03169-3u-t19	4	3	tpl-1e61913c830f401ea57acf62	0	201	0.071689	PASS	none	34fd78819a9b4c60b483522caea8ea6e	PASS
r04-q03159-3u-t9	4	3	tpl-1e61913c830f401ea57acf62	0	201	0.056217	PASS	none	54ae8ecf689d4f1ea26e262054c3256f	PASS
r04-q03158-3u-t8	4	3	tpl-1e61913c830f401ea57acf62	0	201	0.058110	PASS	none	846f0720b81c48f3b0a8540fd0fea636	PASS
r04-q03152-3u-t2	4	3	tpl-1e61913c830f401ea57acf62	0	201	0.059804	PASS	none	2526d2efa1e34d00958320bd93bd9fd8	PASS
r04-q03161-3u-t11	4	3	tpl-1e61913c830f401ea57acf62	0	201	0.071185	PASS	none	17bf19bafc9643e9b16a93c95e1b8db5	PASS
r04-q03160-3u-t10	4	3	tpl-1e61913c830f401ea57acf62	0	201	0.063993	PASS	none	5983a3e1b32d457fba93a5eb07a916d8	PASS
r04-q03174-3u-t24	4	3	tpl-1e61913c830f401ea57acf62	0	201	0.077668	PASS	none	6148f8343d194c86865199a25b79dc56	PASS
r04-q03165-3u-t15	4	3	tpl-1e61913c830f401ea57acf62	0	201	0.069801	PASS	none	0e13e2d2529f421aacac29be343700b5	PASS
r04-q03166-3u-t16	4	3	tpl-1e61913c830f401ea57acf62	0	201	0.071960	PASS	none	a815c14daa29413fba16395a2d02e3b1	PASS
r04-q03156-3u-t6	4	3	tpl-1e61913c830f401ea57acf62	0	201	0.056141	PASS	none	077c197d1c584e9f9be783297ea82769	PASS
r04-q03172-3u-t22	4	3	tpl-1e61913c830f401ea57acf62	0	201	0.081712	PASS	none	0f0005d16b684850a5ba04f4673ab856	PASS
r04-q03162-3u-t12	4	3	tpl-1e61913c830f401ea57acf62	0	201	0.092831	PASS	none	6caf44b74cab40f49adf5686838f4c87	PASS
r04-q03171-3u-t21	4	3	tpl-1e61913c830f401ea57acf62	0	201	0.085228	PASS	none	aa1c10b9141b44698710c9584cd18fdb	PASS
r04-q03168-3u-t18	4	3	tpl-1e61913c830f401ea57acf62	0	201	0.074066	PASS	none	3a78933610b74df5824991c1753ca47e	PASS
r04-q03180-3u-t30	4	3	tpl-1e61913c830f401ea57acf62	0	201	0.076003	PASS	none	f71881c23ef74380a9054acf16d10440	PASS
r04-q03151-3u-t1	4	3	tpl-1e61913c830f401ea57acf62	0	201	0.053988	PASS	none	fa5aa274c05040a3a6ee33225ba5bae7	PASS
r04-q03181-3u-t31	4	3	tpl-1e61913c830f401ea57acf62	0	201	0.084813	PASS	none	a6f48ddab63940f4ad6b4473a73e2d81	PASS
r04-q03178-3u-t28	4	3	tpl-1e61913c830f401ea57acf62	0	201	0.084503	PASS	none	b8ef843a8eff4e43937c083e927de8d8	PASS
r04-q03173-3u-t23	4	3	tpl-1e61913c830f401ea57acf62	0	201	0.080900	PASS	none	dfada6401c664d24aff831770f1441cc	PASS
r04-q03175-3u-t25	4	3	tpl-1e61913c830f401ea57acf62	0	201	0.075909	PASS	none	7674a2345aba4eb7bf7c8df576bbefef	PASS
r04-q03170-3u-t20	4	3	tpl-1e61913c830f401ea57acf62	0	201	0.073803	PASS	none	4ebc1d8b5b724586b5cc23a8b577a829	PASS
r04-q03177-3u-t27	4	3	tpl-1e61913c830f401ea57acf62	0	201	0.090952	PASS	none	03613ff6dc36407b9d53bae33e5044bf	PASS
r04-q03183-3u-t33	4	3	tpl-1e61913c830f401ea57acf62	0	201	0.082470	PASS	none	8e1b88a92c2d4d619b345a994f4c9aaf	PASS
r04-q03182-3u-t32	4	3	tpl-1e61913c830f401ea57acf62	0	201	0.088938	PASS	none	23a241fe846141f8a2bc40ba394e55f6	PASS
r04-q03179-3u-t29	4	3	tpl-1e61913c830f401ea57acf62	0	201	0.084993	PASS	none	159e23c49fab445180ebcff3d456f911	PASS
r04-q03184-3u-t34	4	3	tpl-1e61913c830f401ea57acf62	0	201	0.088289	PASS	none	84fada9889d94ca0945c6fa73d43fd09	PASS
r04-q03176-3u-t26	4	3	tpl-1e61913c830f401ea57acf62	0	201	0.078585	PASS	none	9da3480446384a8c87ec080e684dab16	PASS
r04-q03187-3u-t37	4	3	tpl-1e61913c830f401ea57acf62	0	201	0.099521	PASS	none	5b482de2bf7c4153b8348286ad7f749f	PASS
r04-q03192-3u-t42	4	3	tpl-1e61913c830f401ea57acf62	0	201	0.111051	PASS	none	8fe2389fcbb647b7bfbb3894494825ec	PASS
r04-q03186-3u-t36	4	3	tpl-1e61913c830f401ea57acf62	0	201	0.088028	PASS	none	fd80dbb5057c4c098612058a1a659d4d	PASS
r04-q03189-3u-t39	4	3	tpl-1e61913c830f401ea57acf62	0	201	0.105494	PASS	none	b29f376e45484ad6a62557513e5d6982	PASS
r04-q03185-3u-t35	4	3	tpl-1e61913c830f401ea57acf62	0	201	0.095769	PASS	none	e0254986e42844c7b8d800afc1b93583	PASS
r04-q03191-3u-t41	4	3	tpl-1e61913c830f401ea57acf62	0	201	0.104336	PASS	none	32bbceebd7324b729320791fa3f2619f	PASS
r04-q03196-3u-t46	4	3	tpl-1e61913c830f401ea57acf62	0	201	0.093060	PASS	none	b61786fbfac2434aafd8eb32f2c3e0f6	PASS
r04-q03188-3u-t38	4	3	tpl-1e61913c830f401ea57acf62	0	201	0.097443	PASS	none	ce173d7007da4bdc8f4422e680cf259d	PASS
r04-q03195-3u-t45	4	3	tpl-1e61913c830f401ea57acf62	0	201	0.101410	PASS	none	87ac9111aedb4a61afe6c54813b5d17f	PASS
r04-q03194-3u-t44	4	3	tpl-1e61913c830f401ea57acf62	0	201	0.100698	PASS	none	3ad1b942b868482a9e28e3184ab89af1	PASS
r04-q03200-3u-t50	4	3	tpl-1e61913c830f401ea57acf62	0	201	0.089124	PASS	none	32dfadfc6d054a4db6dd0d85a96b703d	PASS
r04-q03193-3u-t43	4	3	tpl-1e61913c830f401ea57acf62	0	201	0.115641	PASS	none	65472cd61cb94993828c55826421ff92	PASS
r04-q03197-3u-t47	4	3	tpl-1e61913c830f401ea57acf62	0	201	0.103636	PASS	none	304eeeec20274cceaa8b7268399b87bc	PASS
r04-q03190-3u-t40	4	3	tpl-1e61913c830f401ea57acf62	0	201	0.103183	PASS	none	c5d039514ba24946903cec10368f9e5d	PASS
r04-q03199-3u-t49	4	3	tpl-1e61913c830f401ea57acf62	0	201	0.089323	PASS	none	cfdfc686d1b640acad816349953d32cb	PASS
r04-q03198-3u-t48	4	3	tpl-1e61913c830f401ea57acf62	0	201	0.102005	PASS	none	e27061aacc8b47328a1d4cc87b9668ac	PASS
r05-q03205-3u-t5	5	3	tpl-1e61913c830f401ea57acf62	0	201	0.062927	PASS	none	a0b3201d0a1a4c2fb5c338d4ab012557	PASS
r05-q03211-3u-t11	5	3	tpl-1e61913c830f401ea57acf62	0	201	0.057637	PASS	none	d05e126c969743d6b3c7f0b5caa67240	PASS
r05-q03204-3u-t4	5	3	tpl-1e61913c830f401ea57acf62	0	201	0.065602	PASS	none	cd1c050507b3477caa0492005b24e4df	PASS
r05-q03207-3u-t7	5	3	tpl-1e61913c830f401ea57acf62	0	201	0.054914	PASS	none	f05af96f5efb463f812414cb515c0c0d	PASS
r05-q03201-3u-t1	5	3	tpl-1e61913c830f401ea57acf62	0	201	0.056049	PASS	none	a5cc02e04af540fcb013de4fed4ba898	PASS
r05-q03206-3u-t6	5	3	tpl-1e61913c830f401ea57acf62	0	201	0.063452	PASS	none	888e506cd0ed4a4db205211c822736ac	PASS
r05-q03203-3u-t3	5	3	tpl-1e61913c830f401ea57acf62	0	201	0.051219	PASS	none	fdcda759c48b4fb6854c04d8eda1b19c	PASS
r05-q03210-3u-t10	5	3	tpl-1e61913c830f401ea57acf62	0	201	0.061573	PASS	none	5f5278c643904ca7b2d91c2676e3906b	PASS
r05-q03202-3u-t2	5	3	tpl-1e61913c830f401ea57acf62	0	201	0.051705	PASS	none	bf647207a97644ec8f850cb9886ef6ae	PASS
r05-q03208-3u-t8	5	3	tpl-1e61913c830f401ea57acf62	0	201	0.048513	PASS	none	f951218b93bf4507af0c9f90ebc2a2ec	PASS
r05-q03209-3u-t9	5	3	tpl-1e61913c830f401ea57acf62	0	201	0.067348	PASS	none	df71a1af121f4d3a8c7193da71ec5694	PASS
r05-q03213-3u-t13	5	3	tpl-1e61913c830f401ea57acf62	0	201	0.069766	PASS	none	057f91ec8b004b0e835d1ada31e15d6b	PASS
r05-q03216-3u-t16	5	3	tpl-1e61913c830f401ea57acf62	0	201	0.071454	PASS	none	21f0543f678a4984af63518a2c118947	PASS
r05-q03214-3u-t14	5	3	tpl-1e61913c830f401ea57acf62	0	201	0.086312	PASS	none	511a4ab2b469401b9dea6a6908cda446	PASS
r05-q03215-3u-t15	5	3	tpl-1e61913c830f401ea57acf62	0	201	0.072288	PASS	none	90bdd8c822e34bd79629d1794ea10d99	PASS
r05-q03220-3u-t20	5	3	tpl-1e61913c830f401ea57acf62	0	201	0.068727	PASS	none	c05bf83ea1524cf1a1e61687634077f9	PASS
r05-q03219-3u-t19	5	3	tpl-1e61913c830f401ea57acf62	0	201	0.074101	PASS	none	d29eecfb0e2f4a5fb0bcb9375aa21fa1	PASS
r05-q03223-3u-t23	5	3	tpl-1e61913c830f401ea57acf62	0	201	0.076945	PASS	none	317595ae2fac40b1b669b5d2f58c6e06	PASS
r05-q03212-3u-t12	5	3	tpl-1e61913c830f401ea57acf62	0	201	0.066473	PASS	none	fbbf7ebfdb10430ebb4b4e19ccfc8623	PASS
r05-q03217-3u-t17	5	3	tpl-1e61913c830f401ea57acf62	0	201	0.065826	PASS	none	ed2e96d9c96c4bcc994a4485946a24ed	PASS
r05-q03222-3u-t22	5	3	tpl-1e61913c830f401ea57acf62	0	201	0.075613	PASS	none	aca0e97083eb4038a66f3f535728c6d9	PASS
r05-q03221-3u-t21	5	3	tpl-1e61913c830f401ea57acf62	0	201	0.086833	PASS	none	52aa3de39d0a4709a82badb5b943c565	PASS
r05-q03218-3u-t18	5	3	tpl-1e61913c830f401ea57acf62	0	201	0.083728	PASS	none	5f03fbadb43c49c884dd82224a709aff	PASS
r05-q03224-3u-t24	5	3	tpl-1e61913c830f401ea57acf62	0	201	0.084980	PASS	none	d145ee15b710459aa465996c41156750	PASS
r05-q03229-3u-t29	5	3	tpl-1e61913c830f401ea57acf62	0	201	0.086020	PASS	none	d5b9ab49daed40889cb7e356d51c5a38	PASS
r05-q03228-3u-t28	5	3	tpl-1e61913c830f401ea57acf62	0	201	0.075347	PASS	none	0e8b30a1df924db681b1c4ee6cfd8b0c	PASS
r05-q03225-3u-t25	5	3	tpl-1e61913c830f401ea57acf62	0	201	0.077626	PASS	none	7f8235c539dc4a328c33c1361644aedc	PASS
r05-q03226-3u-t26	5	3	tpl-1e61913c830f401ea57acf62	0	201	0.082165	PASS	none	0bf7af6864144483b1cec73486574de7	PASS
r05-q03231-3u-t31	5	3	tpl-1e61913c830f401ea57acf62	0	201	0.089584	PASS	none	9464f2036c5b48d590d50821a5036da7	PASS
r05-q03227-3u-t27	5	3	tpl-1e61913c830f401ea57acf62	0	201	0.070187	PASS	none	315a3571b2f145838772d8d468682de7	PASS
r05-q03230-3u-t30	5	3	tpl-1e61913c830f401ea57acf62	0	201	0.081200	PASS	none	e0d43cca7ba04739af5dafeebe536191	PASS
r05-q03238-3u-t38	5	3	tpl-1e61913c830f401ea57acf62	0	201	0.085016	PASS	none	803474a259dc4b62bd32e2ad04c9d4b2	PASS
r05-q03237-3u-t37	5	3	tpl-1e61913c830f401ea57acf62	0	201	0.086009	PASS	none	fe9ed8a86fdd4124bd796c60e685a9cc	PASS
r05-q03234-3u-t34	5	3	tpl-1e61913c830f401ea57acf62	0	201	0.083388	PASS	none	56b8f08864344f17b693a15d3f27995c	PASS
r05-q03242-3u-t42	5	3	tpl-1e61913c830f401ea57acf62	0	201	0.081855	PASS	none	e5d696d543104e05bdb3b8e53efa8814	PASS
r05-q03239-3u-t39	5	3	tpl-1e61913c830f401ea57acf62	0	201	0.089467	PASS	none	a2ac650b44764d9da9708892c77d7bf4	PASS
r05-q03235-3u-t35	5	3	tpl-1e61913c830f401ea57acf62	0	201	0.084009	PASS	none	b2bc5cc3078a42ad86fe5991b934b363	PASS
r05-q03243-3u-t43	5	3	tpl-1e61913c830f401ea57acf62	0	201	0.085899	PASS	none	afb743c1286340b3bfd771ccee8dbdfc	PASS
r05-q03236-3u-t36	5	3	tpl-1e61913c830f401ea57acf62	0	201	0.090894	PASS	none	723352032b7f446aa6ed9559be6c8a2c	PASS
r05-q03232-3u-t32	5	3	tpl-1e61913c830f401ea57acf62	0	201	0.088850	PASS	none	20faad13f3544bb9aa86ec4f1022d645	PASS
r05-q03240-3u-t40	5	3	tpl-1e61913c830f401ea57acf62	0	201	0.079385	PASS	none	332a55282e3347a39b53bdb9e482d1f4	PASS
r05-q03233-3u-t33	5	3	tpl-1e61913c830f401ea57acf62	0	201	0.091973	PASS	none	7b7ab66354f0417b8f4eef26b76c5b66	PASS
r05-q03245-3u-t45	5	3	tpl-1e61913c830f401ea57acf62	0	201	0.078074	PASS	none	4abc7b0a136344289ca6d2504cc2edd4	PASS
r05-q03241-3u-t41	5	3	tpl-1e61913c830f401ea57acf62	0	201	0.079359	PASS	none	f344bbc9b8ee49ffb559988048ec75f3	PASS
r05-q03250-3u-t50	5	3	tpl-1e61913c830f401ea57acf62	0	201	0.080904	PASS	none	d28e5f7a17df41329f1a72bf827a7dcb	PASS
r05-q03247-3u-t47	5	3	tpl-1e61913c830f401ea57acf62	0	201	0.083051	PASS	none	ccb6d9b7b01c431e9c9e140a066c8669	PASS
r05-q03248-3u-t48	5	3	tpl-1e61913c830f401ea57acf62	0	201	0.079002	PASS	none	5d2100736c6b4507b12e5040c0990a41	PASS
r05-q03244-3u-t44	5	3	tpl-1e61913c830f401ea57acf62	0	201	0.106491	PASS	none	39c427fb291b4d44a15fc318feba3dfd	PASS
r05-q03249-3u-t49	5	3	tpl-1e61913c830f401ea57acf62	0	201	0.074727	PASS	none	ba2b67ad17944dfb90b83a138e5f68b4	PASS
r05-q03246-3u-t46	5	3	tpl-1e61913c830f401ea57acf62	0	201	0.091356	PASS	none	3e0dc5c6c06c4881b547e6fdb1dea720	PASS
r06-q03254-3u-t4	6	3	tpl-1e61913c830f401ea57acf62	0	201	0.065764	PASS	none	f301496384074690a436030d43359979	PASS
r06-q03253-3u-t3	6	3	tpl-1e61913c830f401ea57acf62	0	201	0.061327	PASS	none	bc52c435d05c46cda6dacfcbfaf57de1	PASS
r06-q03258-3u-t8	6	3	tpl-1e61913c830f401ea57acf62	0	201	0.071775	PASS	none	7ddacf4d1a464584ae5e97654b0d48cc	PASS
r06-q03251-3u-t1	6	3	tpl-1e61913c830f401ea57acf62	0	201	0.075268	PASS	none	b3c045df5f504f90978f117e2df4fd91	PASS
r06-q03263-3u-t13	6	3	tpl-1e61913c830f401ea57acf62	0	201	0.072116	PASS	none	d4a7ba9ccff14806b8abda7083943e7e	PASS
r06-q03257-3u-t7	6	3	tpl-1e61913c830f401ea57acf62	0	201	0.067377	PASS	none	71db222b76914a0c844888888e08d39f	PASS
r06-q03259-3u-t9	6	3	tpl-1e61913c830f401ea57acf62	0	201	0.074367	PASS	none	1bb1203bf88549e1bef33ca2c116b94c	PASS
r06-q03260-3u-t10	6	3	tpl-1e61913c830f401ea57acf62	0	201	0.068838	PASS	none	ffa9ea4730cc4664bb96d2d09413626f	PASS
r06-q03256-3u-t6	6	3	tpl-1e61913c830f401ea57acf62	0	201	0.058529	PASS	none	1175e840fd8e4510bac8b08f87f88ce7	PASS
r06-q03252-3u-t2	6	3	tpl-1e61913c830f401ea57acf62	0	201	0.069974	PASS	none	65b531a923dc4f3fa97db5e748be897b	PASS
r06-q03262-3u-t12	6	3	tpl-1e61913c830f401ea57acf62	0	201	0.077833	PASS	none	402ddd27dee1415f960d23cb90af03b8	PASS
r06-q03265-3u-t15	6	3	tpl-1e61913c830f401ea57acf62	0	201	0.094985	PASS	none	defc0c46f4374ad09a8109e434c01ed7	PASS
r06-q03267-3u-t17	6	3	tpl-1e61913c830f401ea57acf62	0	201	0.077192	PASS	none	2727f8d9960c41da9f29b522e812ed37	PASS
r06-q03266-3u-t16	6	3	tpl-1e61913c830f401ea57acf62	0	201	0.084990	PASS	none	17c3f0b698074f30aadce1776c24d8dd	PASS
r06-q03264-3u-t14	6	3	tpl-1e61913c830f401ea57acf62	0	201	0.070689	PASS	none	ac006ec682574b04a4cdccb1c2e4cabd	PASS
r06-q03261-3u-t11	6	3	tpl-1e61913c830f401ea57acf62	0	201	0.081610	PASS	none	2aa8e54351364e8f96984dd9ae07c77c	PASS
r06-q03272-3u-t22	6	3	tpl-1e61913c830f401ea57acf62	0	201	0.087442	PASS	none	a79c3a66fa8f4833a8dacbdc3a6a31ff	PASS
r06-q03255-3u-t5	6	3	tpl-1e61913c830f401ea57acf62	0	201	0.070382	PASS	none	9dca58e3ff6c4e49891038aff25132c3	PASS
r06-q03268-3u-t18	6	3	tpl-1e61913c830f401ea57acf62	0	201	0.071663	PASS	none	dcd4cd801966417eb0ea0df12251cd15	PASS
r06-q03273-3u-t23	6	3	tpl-1e61913c830f401ea57acf62	0	201	0.086367	PASS	none	1316f127585043849221ee279c0681f0	PASS
r06-q03271-3u-t21	6	3	tpl-1e61913c830f401ea57acf62	0	201	0.083281	PASS	none	b15c623cae5148068cce323055dd5d3d	PASS
r06-q03270-3u-t20	6	3	tpl-1e61913c830f401ea57acf62	0	201	0.077787	PASS	none	e3ced0d9019440c2b9441fdb2e9b81cf	PASS
r06-q03269-3u-t19	6	3	tpl-1e61913c830f401ea57acf62	0	201	0.088915	PASS	none	9ded16049d0d422398070c74a5b7680b	PASS
r06-q03274-3u-t24	6	3	tpl-1e61913c830f401ea57acf62	0	201	0.083029	PASS	none	939c33f1d8dd451c8aaf3e374e3efacb	PASS
r06-q03276-3u-t26	6	3	tpl-1e61913c830f401ea57acf62	0	201	0.096135	PASS	none	d154126cdc1d4003a27d099ee6b07879	PASS
r06-q03279-3u-t29	6	3	tpl-1e61913c830f401ea57acf62	0	201	0.086935	PASS	none	c269e6e0e3b64e29bfd19d7f9dc029b1	PASS
r06-q03275-3u-t25	6	3	tpl-1e61913c830f401ea57acf62	0	201	0.082340	PASS	none	3d6fd4ac6f2e4525869235e09871059b	PASS
r06-q03278-3u-t28	6	3	tpl-1e61913c830f401ea57acf62	0	201	0.088005	PASS	none	29241b82473846549961a0c20d4e81ae	PASS
r06-q03284-3u-t34	6	3	tpl-1e61913c830f401ea57acf62	0	201	0.093693	PASS	none	51dbd8fcd5cd417294f5b73675084671	PASS
r06-q03277-3u-t27	6	3	tpl-1e61913c830f401ea57acf62	0	201	0.101931	PASS	none	3d2d4d767da849488feebcf7dd3873c9	PASS
r06-q03288-3u-t38	6	3	tpl-1e61913c830f401ea57acf62	0	201	0.081104	PASS	none	c56a0f0eac554d0ba4cac0bb24a21f95	PASS
r06-q03283-3u-t33	6	3	tpl-1e61913c830f401ea57acf62	0	201	0.097242	PASS	none	060c5f4d87a44e07bef4f46d27370eae	PASS
r06-q03286-3u-t36	6	3	tpl-1e61913c830f401ea57acf62	0	201	0.091969	PASS	none	ccdcddd22f834d2a8e6491c7af9b183d	PASS
r06-q03280-3u-t30	6	3	tpl-1e61913c830f401ea57acf62	0	201	0.086921	PASS	none	717276224c284b5ca53a43e03b48d7db	PASS
r06-q03282-3u-t32	6	3	tpl-1e61913c830f401ea57acf62	0	201	0.087441	PASS	none	4b49b82bd2374be5be23d0e71f70517e	PASS
r06-q03289-3u-t39	6	3	tpl-1e61913c830f401ea57acf62	0	201	0.090597	PASS	none	24da103251d34dddb5636eee50c4c800	PASS
r06-q03287-3u-t37	6	3	tpl-1e61913c830f401ea57acf62	0	201	0.086431	PASS	none	75d082780337466b8ef947084e2a2ab8	PASS
r06-q03285-3u-t35	6	3	tpl-1e61913c830f401ea57acf62	0	201	0.087581	PASS	none	4b5a147446f648ee8e49761836060278	PASS
r06-q03281-3u-t31	6	3	tpl-1e61913c830f401ea57acf62	0	201	0.102092	PASS	none	52ffffa9fc5943baae94672567c4e4a3	PASS
r06-q03290-3u-t40	6	3	tpl-1e61913c830f401ea57acf62	0	201	0.094722	PASS	none	4e0b9ade99eb4989993cf32692170ba0	PASS
r06-q03291-3u-t41	6	3	tpl-1e61913c830f401ea57acf62	0	201	0.087236	PASS	none	6cbb5789c84946dfa48798cb1784d4f4	PASS
r06-q03294-3u-t44	6	3	tpl-1e61913c830f401ea57acf62	0	201	0.090325	PASS	none	b3048d70a2cc4dd389c2cf33f9a525b7	PASS
r06-q03299-3u-t49	6	3	tpl-1e61913c830f401ea57acf62	0	201	0.091751	PASS	none	af632a3fec4e45908d388213b2a0fc80	PASS
r06-q03292-3u-t42	6	3	tpl-1e61913c830f401ea57acf62	0	201	0.089767	PASS	none	79aa056eb45143e7bbfa13209e94fc56	PASS
r06-q03297-3u-t47	6	3	tpl-1e61913c830f401ea57acf62	0	201	0.083990	PASS	none	3ac84592d62e422fbee1ea8707c32309	PASS
r06-q03293-3u-t43	6	3	tpl-1e61913c830f401ea57acf62	0	201	0.092149	PASS	none	c4aafdbc0bb84a44a342cac870858915	PASS
r06-q03300-3u-t50	6	3	tpl-1e61913c830f401ea57acf62	0	201	0.089738	PASS	none	78aac38be0b44ad0840e0379fc29fff1	PASS
r06-q03296-3u-t46	6	3	tpl-1e61913c830f401ea57acf62	0	201	0.087658	PASS	none	1d98461e385a4ff9bf0fdcb249118287	PASS
r06-q03298-3u-t48	6	3	tpl-1e61913c830f401ea57acf62	0	201	0.089547	PASS	none	475f045bb9604ea8b169fbb77d772a7e	PASS
r06-q03295-3u-t45	6	3	tpl-1e61913c830f401ea57acf62	0	201	0.092307	PASS	none	f3f9bbaf2b024ceb99d6da4bb0423f33	PASS
r01-q03303-3u-t3	1	3	tpl-0c7fdf487d56413280224e0b	0	201	0.051772	PASS	none	2e87e70e8bf6438093efb796f5ba14ab	PASS
r01-q03308-3u-t8	1	3	tpl-0c7fdf487d56413280224e0b	0	201	0.052876	PASS	none	4426f22cd11d4f6abc7d3494744fe065	PASS
r01-q03311-3u-t11	1	3	tpl-0c7fdf487d56413280224e0b	0	201	0.058988	PASS	none	ea506a7c91204ab583d67a04c3e42e8b	PASS
r01-q03302-3u-t2	1	3	tpl-0c7fdf487d56413280224e0b	0	201	0.055160	PASS	none	4cd6cefb2eec4fdba99880582460af43	PASS
r01-q03310-3u-t10	1	3	tpl-0c7fdf487d56413280224e0b	0	201	0.057122	PASS	none	16cbfad9ab3746d4baa0c6c4e9da9066	PASS
r01-q03305-3u-t5	1	3	tpl-0c7fdf487d56413280224e0b	0	201	0.048451	PASS	none	3ff57d13a16c414f9d00fd5907c0354c	PASS
r01-q03306-3u-t6	1	3	tpl-0c7fdf487d56413280224e0b	0	201	0.051500	PASS	none	12d74241d4ce40f6a71278441d956fa2	PASS
r01-q03315-3u-t15	1	3	tpl-0c7fdf487d56413280224e0b	0	201	0.062114	PASS	none	12b387af23364f13898f38d0a93b56cd	PASS
r01-q03312-3u-t12	1	3	tpl-0c7fdf487d56413280224e0b	0	201	0.064596	PASS	none	29ce914015e74445825d35cf6cdf17cf	PASS
r01-q03314-3u-t14	1	3	tpl-0c7fdf487d56413280224e0b	0	201	0.052376	PASS	none	02ba062698fe4f72994d5fe530d62ea3	PASS
r01-q03304-3u-t4	1	3	tpl-0c7fdf487d56413280224e0b	0	201	0.048336	PASS	none	523c1261eae3413f95de34cb80ac61a4	PASS
r01-q03301-3u-t1	1	3	tpl-0c7fdf487d56413280224e0b	0	201	0.056333	PASS	none	42d9089220a8483d99c309b6544a9983	PASS
r01-q03313-3u-t13	1	3	tpl-0c7fdf487d56413280224e0b	0	201	0.062179	PASS	none	22ca157ae73b4fdc94fa9f0f5bef7504	PASS
r01-q03316-3u-t16	1	3	tpl-0c7fdf487d56413280224e0b	0	201	0.061553	PASS	none	6839917bea4f40119497a1a359b518e3	PASS
r01-q03309-3u-t9	1	3	tpl-0c7fdf487d56413280224e0b	0	201	0.051221	PASS	none	c16ca84090c54f69acbc63e2ded39e44	PASS
r01-q03318-3u-t18	1	3	tpl-0c7fdf487d56413280224e0b	0	201	0.063547	PASS	none	8c3f5aeb543c4584ab2472d4ed62de29	PASS
r01-q03317-3u-t17	1	3	tpl-0c7fdf487d56413280224e0b	0	201	0.060598	PASS	none	5fa1253af96a413197e69a24036196ef	PASS
r01-q03319-3u-t19	1	3	tpl-0c7fdf487d56413280224e0b	0	201	0.058587	PASS	none	ad1d858f9d534997b46bd1e3ad336322	PASS
r01-q03307-3u-t7	1	3	tpl-0c7fdf487d56413280224e0b	0	201	0.052789	PASS	none	c8d3991a8ab846c3a9c5ac534962a742	PASS
r01-q03321-3u-t21	1	3	tpl-0c7fdf487d56413280224e0b	0	201	0.056459	PASS	none	d9c9668da5ed4c7ebf96e3f6dc1464c2	PASS
r01-q03322-3u-t22	1	3	tpl-0c7fdf487d56413280224e0b	0	201	0.057947	PASS	none	f26abc6d81414de49927b4af5b5dd80c	PASS
r01-q03320-3u-t20	1	3	tpl-0c7fdf487d56413280224e0b	0	201	0.061980	PASS	none	d5e3c3ecddf8465d974a3fe963ea31c0	PASS
r01-q03328-3u-t28	1	3	tpl-0c7fdf487d56413280224e0b	0	201	0.070385	PASS	none	8c35d287661548838e34a2108122dd52	PASS
r01-q03323-3u-t23	1	3	tpl-0c7fdf487d56413280224e0b	0	201	0.059272	PASS	none	a4f6480a81aa4b83a777c8ea8db88d23	PASS
r01-q03324-3u-t24	1	3	tpl-0c7fdf487d56413280224e0b	0	201	0.076064	PASS	none	30cb9ab06fdc4a2ca6f10cafa8fc241a	PASS
r01-q03325-3u-t25	1	3	tpl-0c7fdf487d56413280224e0b	0	201	0.068177	PASS	none	5850914e38c549a79f5c15ea606aa772	PASS
r01-q03333-3u-t33	1	3	tpl-0c7fdf487d56413280224e0b	0	201	0.065593	PASS	none	bc8aaa81c4cd40e2bdcfbb18542c8ca1	PASS
r01-q03329-3u-t29	1	3	tpl-0c7fdf487d56413280224e0b	0	201	0.067812	PASS	none	dc6e73cdd32e4cdeb55ab6c205d5af42	PASS
r01-q03330-3u-t30	1	3	tpl-0c7fdf487d56413280224e0b	0	201	0.065845	PASS	none	ea6e797dfa924901a66f99b2a8fe06a3	PASS
r01-q03327-3u-t27	1	3	tpl-0c7fdf487d56413280224e0b	0	201	0.070815	PASS	none	ba1d21677a7243a2a690b26943596bc8	PASS
r01-q03335-3u-t35	1	3	tpl-0c7fdf487d56413280224e0b	0	201	0.074154	PASS	none	4ab4d9f64c7a415b990b9b23311fe9f4	PASS
r01-q03334-3u-t34	1	3	tpl-0c7fdf487d56413280224e0b	0	201	0.076083	PASS	none	b4e423cb07f14143a940c9603d03fcf3	PASS
r01-q03326-3u-t26	1	3	tpl-0c7fdf487d56413280224e0b	0	201	0.082667	PASS	none	6ccd16815b804c1989a7f662e9ff72b3	PASS
r01-q03332-3u-t32	1	3	tpl-0c7fdf487d56413280224e0b	0	201	0.063981	PASS	none	7dfe02b3a92b4297b345d7115caf20c5	PASS
r01-q03331-3u-t31	1	3	tpl-0c7fdf487d56413280224e0b	0	201	0.069512	PASS	none	83f53d1058cc49eaa121eec23a66560e	PASS
r01-q03338-3u-t38	1	3	tpl-0c7fdf487d56413280224e0b	0	201	0.080562	PASS	none	1b8c44a47f744a87aa88e9cfab7adb90	PASS
r01-q03343-3u-t43	1	3	tpl-0c7fdf487d56413280224e0b	0	201	0.072686	PASS	none	920cc405b8074a23913b554d8052f767	PASS
r01-q03341-3u-t41	1	3	tpl-0c7fdf487d56413280224e0b	0	201	0.077651	PASS	none	c17c7c6bc2394cae91165b29ab0eaa74	PASS
r01-q03340-3u-t40	1	3	tpl-0c7fdf487d56413280224e0b	0	201	0.077582	PASS	none	ef04c27fd56b4c81a179fb302ffc4b6a	PASS
r01-q03342-3u-t42	1	3	tpl-0c7fdf487d56413280224e0b	0	201	0.079158	PASS	none	5909af810a6a4893a1af021cc8efe7e4	PASS
r01-q03339-3u-t39	1	3	tpl-0c7fdf487d56413280224e0b	0	201	0.075314	PASS	none	b195753f2b194fe19a9920d659e83bf5	PASS
r01-q03336-3u-t36	1	3	tpl-0c7fdf487d56413280224e0b	0	201	0.073901	PASS	none	3d5890ddaf6444b48e7f538e8b46c480	PASS
r01-q03337-3u-t37	1	3	tpl-0c7fdf487d56413280224e0b	0	201	0.083353	PASS	none	aa56a953fb094ae7949c3912f35d626f	PASS
r01-q03346-3u-t46	1	3	tpl-0c7fdf487d56413280224e0b	0	201	0.076763	PASS	none	8dd1788376b549b6a4cc2b7b663650a8	PASS
r01-q03344-3u-t44	1	3	tpl-0c7fdf487d56413280224e0b	0	201	0.068275	PASS	none	f7dccdc395bf4c6eaef00ac94127490b	PASS
r01-q03349-3u-t49	1	3	tpl-0c7fdf487d56413280224e0b	0	201	0.077089	PASS	none	086e6d4100244a958b303021b7ea68d3	PASS
r01-q03350-3u-t50	1	3	tpl-0c7fdf487d56413280224e0b	0	201	0.071721	PASS	none	00be2d52349046a49ee8af4621744975	PASS
r01-q03347-3u-t47	1	3	tpl-0c7fdf487d56413280224e0b	0	201	0.072937	PASS	none	cf8aff0ddc844461a072b8e45541d736	PASS
r01-q03345-3u-t45	1	3	tpl-0c7fdf487d56413280224e0b	0	201	0.071831	PASS	none	ed2f4fd5463340c18e6e59350a454e8e	PASS
r01-q03348-3u-t48	1	3	tpl-0c7fdf487d56413280224e0b	0	201	0.072890	PASS	none	d72a75a3be7842ac94488d707940781b	PASS
r02-q03352-3u-t2	2	3	tpl-0c7fdf487d56413280224e0b	0	201	0.052777	PASS	none	f21affc937ad4cae9ab084d101567973	PASS
r02-q03353-3u-t3	2	3	tpl-0c7fdf487d56413280224e0b	0	201	0.050027	PASS	none	e6357fef6f1f44bb8ad1e5030126200c	PASS
r02-q03357-3u-t7	2	3	tpl-0c7fdf487d56413280224e0b	0	201	0.058759	PASS	none	d2f7abc4d7e94d709fcdf8fa4c58e8b5	PASS
r02-q03354-3u-t4	2	3	tpl-0c7fdf487d56413280224e0b	0	201	0.048830	PASS	none	f34cefe751464419a1530719534a1bba	PASS
r02-q03351-3u-t1	2	3	tpl-0c7fdf487d56413280224e0b	0	201	0.052321	PASS	none	6db767a9e8f5415c845fc4516f3fd78a	PASS
r02-q03355-3u-t5	2	3	tpl-0c7fdf487d56413280224e0b	0	201	0.043406	PASS	none	e589f5df064140688f654fe43041ac05	PASS
r02-q03358-3u-t8	2	3	tpl-0c7fdf487d56413280224e0b	0	201	0.060138	PASS	none	5e6cdf1a0fbf4aecb816f64bc50ea37c	PASS
r02-q03360-3u-t10	2	3	tpl-0c7fdf487d56413280224e0b	0	201	0.061453	PASS	none	d8d084adb60c4451bafc89c14404eccc	PASS
r02-q03365-3u-t15	2	3	tpl-0c7fdf487d56413280224e0b	0	201	0.060938	PASS	none	11c12beaa2854cc1b745873ece6777d4	PASS
r02-q03361-3u-t11	2	3	tpl-0c7fdf487d56413280224e0b	0	201	0.055380	PASS	none	3b20d8b54cd14c60867cdf45cedca9c7	PASS
r02-q03362-3u-t12	2	3	tpl-0c7fdf487d56413280224e0b	0	201	0.059121	PASS	none	c91b2393926e4ee785d2dd2e40227724	PASS
r02-q03363-3u-t13	2	3	tpl-0c7fdf487d56413280224e0b	0	201	0.051790	PASS	none	d1335cbbae364238a4e545ed6d173b21	PASS
r02-q03356-3u-t6	2	3	tpl-0c7fdf487d56413280224e0b	0	201	0.052384	PASS	none	8ca4701bcd464c179f2cf45c7023d4fa	PASS
r02-q03359-3u-t9	2	3	tpl-0c7fdf487d56413280224e0b	0	201	0.070501	PASS	none	516778b1d39d4329838baed1ba08ec83	PASS
r02-q03366-3u-t16	2	3	tpl-0c7fdf487d56413280224e0b	0	201	0.065104	PASS	none	4710b5abb27b4dfaaba7c60ea1a44f5a	PASS
r02-q03370-3u-t20	2	3	tpl-0c7fdf487d56413280224e0b	0	201	0.061531	PASS	none	d14f98dd5324487bb56eda4dc8a9a879	PASS
r02-q03364-3u-t14	2	3	tpl-0c7fdf487d56413280224e0b	0	201	0.058191	PASS	none	3fab29733ec443ddbd9f737c39cad196	PASS
r02-q03371-3u-t21	2	3	tpl-0c7fdf487d56413280224e0b	0	201	0.059506	PASS	none	342a95a8fada48e79e40086d9c1a59e1	PASS
r02-q03368-3u-t18	2	3	tpl-0c7fdf487d56413280224e0b	0	201	0.064381	PASS	none	7e2433ae1e204090af94cec2d9e517e7	PASS
r02-q03367-3u-t17	2	3	tpl-0c7fdf487d56413280224e0b	0	201	0.078546	PASS	none	8679275f42314834962ebafc6fe7fb5c	PASS
r02-q03377-3u-t27	2	3	tpl-0c7fdf487d56413280224e0b	0	201	0.065589	PASS	none	c6a519a8d56449728b739de3a42f60fb	PASS
r02-q03373-3u-t23	2	3	tpl-0c7fdf487d56413280224e0b	0	201	0.059562	PASS	none	69edb2dcdc8546b8b26952c31aadb9bd	PASS
r02-q03379-3u-t29	2	3	tpl-0c7fdf487d56413280224e0b	0	201	0.078148	PASS	none	abbfd2d830dd433ab75086ddecc1fff4	PASS
r02-q03369-3u-t19	2	3	tpl-0c7fdf487d56413280224e0b	0	201	0.065642	PASS	none	8927421a095043feb52f6a28005de426	PASS
r02-q03376-3u-t26	2	3	tpl-0c7fdf487d56413280224e0b	0	201	0.067243	PASS	none	68f0e876bc6d48a8bdeefbf74cb8f7d3	PASS
r02-q03375-3u-t25	2	3	tpl-0c7fdf487d56413280224e0b	0	201	0.066756	PASS	none	0cb577dfaccf4a7a9123e08173b95a34	PASS
r02-q03374-3u-t24	2	3	tpl-0c7fdf487d56413280224e0b	0	201	0.059314	PASS	none	8c7770d090504c3281e2b41ae93f6013	PASS
r02-q03378-3u-t28	2	3	tpl-0c7fdf487d56413280224e0b	0	201	0.085038	PASS	none	b1b40adec5f141cc83836455a1a50142	PASS
r02-q03382-3u-t32	2	3	tpl-0c7fdf487d56413280224e0b	0	201	0.074079	PASS	none	1a688abf00d248a1aec3c4c62243051d	PASS
r02-q03385-3u-t35	2	3	tpl-0c7fdf487d56413280224e0b	0	201	0.071536	PASS	none	bafa02f3bc0549a9b2ae7b93b1f2b586	PASS
r02-q03372-3u-t22	2	3	tpl-0c7fdf487d56413280224e0b	0	201	0.066032	PASS	none	96fbaa8b7dd946eda0cdd427c3200c30	PASS
r02-q03383-3u-t33	2	3	tpl-0c7fdf487d56413280224e0b	0	201	0.075935	PASS	none	8ff3d54dd67e4a12b7790ad776f22f03	PASS
r02-q03381-3u-t31	2	3	tpl-0c7fdf487d56413280224e0b	0	201	0.079034	PASS	none	91e9f71dbc474fe0ae5ab71bafcdb59c	PASS
r02-q03380-3u-t30	2	3	tpl-0c7fdf487d56413280224e0b	0	201	0.081865	PASS	none	c1eb788534034ddd8e9a0f3bf8a0b457	PASS
r02-q03390-3u-t40	2	3	tpl-0c7fdf487d56413280224e0b	0	201	0.071872	PASS	none	34476e75961341f19cdbdf2f49bcb350	PASS
r02-q03391-3u-t41	2	3	tpl-0c7fdf487d56413280224e0b	0	201	0.073527	PASS	none	910b6284a01444228b309d3cb718a0d5	PASS
r02-q03389-3u-t39	2	3	tpl-0c7fdf487d56413280224e0b	0	201	0.072195	PASS	none	8ceac37fda44475ab8357c0e0b18d257	PASS
r02-q03388-3u-t38	2	3	tpl-0c7fdf487d56413280224e0b	0	201	0.078545	PASS	none	630cff3c7f404240be838ca9b9dc74b5	PASS
r02-q03386-3u-t36	2	3	tpl-0c7fdf487d56413280224e0b	0	201	0.078201	PASS	none	f37f5439a5574e61b1ff4b1b499cad02	PASS
r02-q03384-3u-t34	2	3	tpl-0c7fdf487d56413280224e0b	0	201	0.073696	PASS	none	3c8f662e23724f839c9ebff4ca8e442a	PASS
r02-q03400-3u-t50	2	3	tpl-0c7fdf487d56413280224e0b	0	201	0.077567	PASS	none	a7f16077b3a34c38913d1325e7f5adb2	PASS
r02-q03387-3u-t37	2	3	tpl-0c7fdf487d56413280224e0b	0	201	0.078372	PASS	none	31e1d4d084d5495cb8e429397a21aee2	PASS
r02-q03398-3u-t48	2	3	tpl-0c7fdf487d56413280224e0b	0	201	0.075544	PASS	none	ffc52d70ac8743499c2b9f35d20c39e7	PASS
r02-q03399-3u-t49	2	3	tpl-0c7fdf487d56413280224e0b	0	201	0.077597	PASS	none	3c425e6f1de544aeaaa1a227237be9a8	PASS
r02-q03393-3u-t43	2	3	tpl-0c7fdf487d56413280224e0b	0	201	0.080371	PASS	none	845d838e517346c2b5521e09201a02ef	PASS
r02-q03394-3u-t44	2	3	tpl-0c7fdf487d56413280224e0b	0	201	0.074165	PASS	none	204d4254927448ccbf55853fc4da342d	PASS
r02-q03395-3u-t45	2	3	tpl-0c7fdf487d56413280224e0b	0	201	0.077461	PASS	none	16476e87d8b0444b922e7ac37f6c3519	PASS
r02-q03392-3u-t42	2	3	tpl-0c7fdf487d56413280224e0b	0	201	0.080553	PASS	none	593d3b7f691642339ab8150af180c289	PASS
r02-q03397-3u-t47	2	3	tpl-0c7fdf487d56413280224e0b	0	201	0.074346	PASS	none	de3e27af7da544d68ce078125c410878	PASS
r02-q03396-3u-t46	2	3	tpl-0c7fdf487d56413280224e0b	0	201	0.079306	PASS	none	4f27dd4bd9c444e18a3186c10a0612f6	PASS
r03-q03406-3u-t6	3	3	tpl-0c7fdf487d56413280224e0b	0	201	0.046993	PASS	none	e9697bb290204a1787919de42e2da013	PASS
r03-q03404-3u-t4	3	3	tpl-0c7fdf487d56413280224e0b	0	201	0.050726	PASS	none	ddbf45da3565437bbd6fc0525f56ee5c	PASS
r03-q03402-3u-t2	3	3	tpl-0c7fdf487d56413280224e0b	0	201	0.074030	PASS	none	752dcff58f924efdbbe4ff595be6eff3	PASS
r03-q03401-3u-t1	3	3	tpl-0c7fdf487d56413280224e0b	0	201	0.052612	PASS	none	453a4f713a064630b4f1254340261c88	PASS
r03-q03403-3u-t3	3	3	tpl-0c7fdf487d56413280224e0b	0	201	0.050128	PASS	none	0d72b0487af940519bba13aba187fad3	PASS
r03-q03408-3u-t8	3	3	tpl-0c7fdf487d56413280224e0b	0	201	0.049109	PASS	none	88d38813cb3d445badcd376e0bc4c90d	PASS
r03-q03405-3u-t5	3	3	tpl-0c7fdf487d56413280224e0b	0	201	0.067504	PASS	none	27721329186848c19ff853b1b3025709	PASS
r03-q03410-3u-t10	3	3	tpl-0c7fdf487d56413280224e0b	0	201	0.064021	PASS	none	1ae587778f1b40a39c6bfb36618d0266	PASS
r03-q03407-3u-t7	3	3	tpl-0c7fdf487d56413280224e0b	0	201	0.043721	PASS	none	b6dc68847d174001aa935fd4fa04b4ac	PASS
r03-q03409-3u-t9	3	3	tpl-0c7fdf487d56413280224e0b	0	201	0.060426	PASS	none	59cc0ac569e943b2a67a1becd1b0d300	PASS
r03-q03414-3u-t14	3	3	tpl-0c7fdf487d56413280224e0b	0	201	0.078217	PASS	none	2a34f52503c5472ea0938c137f5b0799	PASS
r03-q03413-3u-t13	3	3	tpl-0c7fdf487d56413280224e0b	0	201	0.076776	PASS	none	359892f7000f4b8e8f80a66f7b80549e	PASS
r03-q03412-3u-t12	3	3	tpl-0c7fdf487d56413280224e0b	0	201	0.060498	PASS	none	a2f821a98f8f48de94ba34157876ae23	PASS
r03-q03411-3u-t11	3	3	tpl-0c7fdf487d56413280224e0b	0	201	0.077983	PASS	none	210cd8e1e8a7415a89a80545b85ce375	PASS
r03-q03419-3u-t19	3	3	tpl-0c7fdf487d56413280224e0b	0	201	0.062989	PASS	none	7357afb18916481b8c2b22c015e6fd98	PASS
r03-q03416-3u-t16	3	3	tpl-0c7fdf487d56413280224e0b	0	201	0.063977	PASS	none	e63807d054e14626bb6e56d27060629c	PASS
r03-q03420-3u-t20	3	3	tpl-0c7fdf487d56413280224e0b	0	201	0.067090	PASS	none	a4540f9a03bd42fb91f91e9334474f87	PASS
r03-q03418-3u-t18	3	3	tpl-0c7fdf487d56413280224e0b	0	201	0.059643	PASS	none	d499f50edc2845cbbea7d7f42101fe13	PASS
r03-q03424-3u-t24	3	3	tpl-0c7fdf487d56413280224e0b	0	201	0.064300	PASS	none	12057778f6a245138d0274e31eb54f61	PASS
r03-q03415-3u-t15	3	3	tpl-0c7fdf487d56413280224e0b	0	201	0.058847	PASS	none	77eb5a2f99564093bad7ee4c93085471	PASS
r03-q03417-3u-t17	3	3	tpl-0c7fdf487d56413280224e0b	0	201	0.066856	PASS	none	a6d68742df2f498fa420a18a57be17e9	PASS
r03-q03423-3u-t23	3	3	tpl-0c7fdf487d56413280224e0b	0	201	0.067009	PASS	none	71742190510d4ffe9f39731fa0e06ffd	PASS
r03-q03421-3u-t21	3	3	tpl-0c7fdf487d56413280224e0b	0	201	0.074801	PASS	none	7f900b074ad84f549b9494699ca72464	PASS
r03-q03425-3u-t25	3	3	tpl-0c7fdf487d56413280224e0b	0	201	0.071292	PASS	none	f65e6c368435457ca87b2ae13bfe87ba	PASS
r03-q03422-3u-t22	3	3	tpl-0c7fdf487d56413280224e0b	0	201	0.069932	PASS	none	af68d33462a5404d9978e9f551987bc6	PASS
r03-q03428-3u-t28	3	3	tpl-0c7fdf487d56413280224e0b	0	201	0.071285	PASS	none	d2e4c9b767f34e438cb66bf8d4e7763e	PASS
r03-q03427-3u-t27	3	3	tpl-0c7fdf487d56413280224e0b	0	201	0.067291	PASS	none	b94f6cd4a5d148469159c19c84f50e7b	PASS
r03-q03426-3u-t26	3	3	tpl-0c7fdf487d56413280224e0b	0	201	0.074971	PASS	none	94fca61ae03b4286b3c98b8a0d187e5a	PASS
r03-q03429-3u-t29	3	3	tpl-0c7fdf487d56413280224e0b	0	201	0.076662	PASS	none	12a607ed2ee64490be6f77b53548457d	PASS
r03-q03430-3u-t30	3	3	tpl-0c7fdf487d56413280224e0b	0	201	0.070028	PASS	none	f04583c90b604b84b845c39136fa973d	PASS
r03-q03432-3u-t32	3	3	tpl-0c7fdf487d56413280224e0b	0	201	0.068488	PASS	none	8f68f1c7c1654627999bd3b502b8de92	PASS
r03-q03435-3u-t35	3	3	tpl-0c7fdf487d56413280224e0b	0	201	0.079321	PASS	none	e10fc6b7466e48bc9c2309dc7cb2e7f3	PASS
r03-q03433-3u-t33	3	3	tpl-0c7fdf487d56413280224e0b	0	201	0.083247	PASS	none	bb75162df0d24d35b0d003a1ece03988	PASS
r03-q03437-3u-t37	3	3	tpl-0c7fdf487d56413280224e0b	0	201	0.081642	PASS	none	72c53569cd294681b25348c2f1d9c1d3	PASS
r03-q03431-3u-t31	3	3	tpl-0c7fdf487d56413280224e0b	0	201	0.070266	PASS	none	e447c700fe1b435fac409512edcdbf6a	PASS
r03-q03434-3u-t34	3	3	tpl-0c7fdf487d56413280224e0b	0	201	0.076581	PASS	none	404cef80e2ef451781c36330706897cd	PASS
r03-q03436-3u-t36	3	3	tpl-0c7fdf487d56413280224e0b	0	201	0.075001	PASS	none	37070742ceb04232acbfce7ea43babc4	PASS
r03-q03445-3u-t45	3	3	tpl-0c7fdf487d56413280224e0b	0	201	0.086240	PASS	none	3039bd1fb0ee4ab4bf3f7cdb9425b546	PASS
r03-q03438-3u-t38	3	3	tpl-0c7fdf487d56413280224e0b	0	201	0.075302	PASS	none	c9a349efa735416d951f7657edd2718f	PASS
r03-q03440-3u-t40	3	3	tpl-0c7fdf487d56413280224e0b	0	201	0.076542	PASS	none	c8f5b4be9257482184f06ede1484e2f5	PASS
r03-q03443-3u-t43	3	3	tpl-0c7fdf487d56413280224e0b	0	201	0.078154	PASS	none	8ef57f7acfef4f299db1effb9321135b	PASS
r03-q03441-3u-t41	3	3	tpl-0c7fdf487d56413280224e0b	0	201	0.082112	PASS	none	e8118bf6bd854928886137394466f010	PASS
r03-q03439-3u-t39	3	3	tpl-0c7fdf487d56413280224e0b	0	201	0.075830	PASS	none	f096901ea4af4260b7e69bbd1c57a5e4	PASS
r03-q03444-3u-t44	3	3	tpl-0c7fdf487d56413280224e0b	0	201	0.089715	PASS	none	3a883eebedb44fbdae8b941c934e7ccc	PASS
r03-q03449-3u-t49	3	3	tpl-0c7fdf487d56413280224e0b	0	201	0.076845	PASS	none	e6a62de488bb43ca8f9987b598b8dd36	PASS
r03-q03448-3u-t48	3	3	tpl-0c7fdf487d56413280224e0b	0	201	0.080513	PASS	none	887f473ea8174f01b7e4aa0cc7f10d1a	PASS
r03-q03442-3u-t42	3	3	tpl-0c7fdf487d56413280224e0b	0	201	0.072195	PASS	none	e1e6aeb68f6948799c091d6f56dd3a39	PASS
r03-q03447-3u-t47	3	3	tpl-0c7fdf487d56413280224e0b	0	201	0.087818	PASS	none	8c32d1c49987491ca6286bd2f1bb0ba9	PASS
r03-q03446-3u-t46	3	3	tpl-0c7fdf487d56413280224e0b	0	201	0.079625	PASS	none	f7f2c91898da4bc59f4d023fb3db6055	PASS
r03-q03450-3u-t50	3	3	tpl-0c7fdf487d56413280224e0b	0	201	0.077873	PASS	none	2cb25af03e1f43d2be0dd42d45cfd670	PASS
r04-q03455-3u-t5	4	3	tpl-0c7fdf487d56413280224e0b	0	201	0.059641	PASS	none	0a93ec7b0ad04ae6bb5780a9350887b0	PASS
r04-q03456-3u-t6	4	3	tpl-0c7fdf487d56413280224e0b	0	201	0.056181	PASS	none	ea29983792264c54bac337daa9704edd	PASS
r04-q03451-3u-t1	4	3	tpl-0c7fdf487d56413280224e0b	0	201	0.055399	PASS	none	947aac032da54fe79a5b8325bbc043d7	PASS
r04-q03466-3u-t16	4	3	tpl-0c7fdf487d56413280224e0b	0	201	0.063807	PASS	none	2faf12362f3c49519a1279055ea7509f	PASS
r04-q03460-3u-t10	4	3	tpl-0c7fdf487d56413280224e0b	0	201	0.050807	PASS	none	b6779da8b6604fbb9e1e784f91ecf4c3	PASS
r04-q03454-3u-t4	4	3	tpl-0c7fdf487d56413280224e0b	0	201	0.058934	PASS	none	c409e291e6534316bc63c784bedcd58c	PASS
r04-q03471-3u-t21	4	3	tpl-0c7fdf487d56413280224e0b	0	201	0.064351	PASS	none	3d23ccef0c904247b7aa9c171c89bd31	PASS
r04-q03475-3u-t25	4	3	tpl-0c7fdf487d56413280224e0b	0	201	0.066634	PASS	none	ce8b91bb2e8a401fb41971cd2507b281	PASS
r04-q03470-3u-t20	4	3	tpl-0c7fdf487d56413280224e0b	0	201	0.061242	PASS	none	3b8ddc859bd341099cc3b2c3ffe1af26	PASS
r04-q03467-3u-t17	4	3	tpl-0c7fdf487d56413280224e0b	0	201	0.066408	PASS	none	256103c58abd49cea78e28ad29527816	PASS
r04-q03452-3u-t2	4	3	tpl-0c7fdf487d56413280224e0b	0	201	0.062209	PASS	none	c5f178571fb84ba6a8de57b8998ac1a4	PASS
r04-q03468-3u-t18	4	3	tpl-0c7fdf487d56413280224e0b	0	201	0.062300	PASS	none	bedba277d60d4fa882b4f6f9e8d28369	PASS
r04-q03459-3u-t9	4	3	tpl-0c7fdf487d56413280224e0b	0	201	0.055632	PASS	none	fcf981d3dfda40cea51a85ca46b5d263	PASS
r04-q03485-3u-t35	4	3	tpl-0c7fdf487d56413280224e0b	0	201	0.079189	PASS	none	b2974725d0e840e7a2e812371a9896e3	PASS
r04-q03469-3u-t19	4	3	tpl-0c7fdf487d56413280224e0b	0	201	0.068906	PASS	none	31c3071a09d34784bca9bd435ccef290	PASS
r04-q03461-3u-t11	4	3	tpl-0c7fdf487d56413280224e0b	0	201	0.070685	PASS	none	3a4742d6876d4eadbd77a1f31822aa4f	PASS
r04-q03464-3u-t14	4	3	tpl-0c7fdf487d56413280224e0b	0	201	0.066555	PASS	none	e2fbdaa774974376b3dc88099d14bafc	PASS
r04-q03458-3u-t8	4	3	tpl-0c7fdf487d56413280224e0b	0	201	0.058149	PASS	none	292044ef777c4af39451b9d73fbf037f	PASS
r04-q03463-3u-t13	4	3	tpl-0c7fdf487d56413280224e0b	0	201	0.060763	PASS	none	2bfaa77ddfaf457e8d8a9afc4a45c771	PASS
r04-q03465-3u-t15	4	3	tpl-0c7fdf487d56413280224e0b	0	201	0.070373	PASS	none	46d8e9b362da4218bdd6e575ddc153cc	PASS
r04-q03457-3u-t7	4	3	tpl-0c7fdf487d56413280224e0b	0	201	0.065106	PASS	none	94f24da16c0b4c3cb7480187dbb93cef	PASS
r04-q03462-3u-t12	4	3	tpl-0c7fdf487d56413280224e0b	0	201	0.060488	PASS	none	793ff7e5002a4fca8fbdd54c6d36d8c4	PASS
r04-q03472-3u-t22	4	3	tpl-0c7fdf487d56413280224e0b	0	201	0.061364	PASS	none	4ec21aded61b438cb4bb1ecc309397cc	PASS
r04-q03474-3u-t24	4	3	tpl-0c7fdf487d56413280224e0b	0	201	0.072904	PASS	none	ce6c4cd83b27427d975d8abc1f5ee1e7	PASS
r04-q03473-3u-t23	4	3	tpl-0c7fdf487d56413280224e0b	0	201	0.062760	PASS	none	540534f57055439fb53b6d3c87941419	PASS
r04-q03476-3u-t26	4	3	tpl-0c7fdf487d56413280224e0b	0	201	0.075156	PASS	none	efc38efaf4894f28b5d6d785f02dc31a	PASS
r04-q03479-3u-t29	4	3	tpl-0c7fdf487d56413280224e0b	0	201	0.072048	PASS	none	b48e1bf9e7734b99a57c3eca99116052	PASS
r04-q03477-3u-t27	4	3	tpl-0c7fdf487d56413280224e0b	0	201	0.065271	PASS	none	40b84e219e004852b11ba714de8713e7	PASS
r04-q03482-3u-t32	4	3	tpl-0c7fdf487d56413280224e0b	0	201	0.072700	PASS	none	3c00777ca415491185bb1606a9b2210d	PASS
r04-q03453-3u-t3	4	3	tpl-0c7fdf487d56413280224e0b	0	201	0.077639	PASS	none	f7804e0642e14500afcdc35281b439d5	PASS
r04-q03486-3u-t36	4	3	tpl-0c7fdf487d56413280224e0b	0	201	0.075886	PASS	none	848e42d79b144688b5fc871c18ce088a	PASS
r04-q03478-3u-t28	4	3	tpl-0c7fdf487d56413280224e0b	0	201	0.071003	PASS	none	5a2676442d464a04a28545b8fcfa4794	PASS
r04-q03483-3u-t33	4	3	tpl-0c7fdf487d56413280224e0b	0	201	0.078840	PASS	none	8820df5ec6ca4ad89f612f35da70e4b2	PASS
r04-q03484-3u-t34	4	3	tpl-0c7fdf487d56413280224e0b	0	201	0.075049	PASS	none	a5c6fa6043cb4e14ab6a26b11595ae5a	PASS
r04-q03489-3u-t39	4	3	tpl-0c7fdf487d56413280224e0b	0	201	0.088989	PASS	none	8cfd791eb4964a378c2aff7f9475abce	PASS
r04-q03492-3u-t42	4	3	tpl-0c7fdf487d56413280224e0b	0	201	0.082590	PASS	none	1033a0d82828416abd184bcdde78ea8c	PASS
r04-q03500-3u-t50	4	3	tpl-0c7fdf487d56413280224e0b	0	201	0.080609	PASS	none	ac3e4487769d462ebac19a45c5c6bc3a	PASS
r04-q03481-3u-t31	4	3	tpl-0c7fdf487d56413280224e0b	0	201	0.079821	PASS	none	3512ab81c99e496898b8119c003144f5	PASS
r04-q03494-3u-t44	4	3	tpl-0c7fdf487d56413280224e0b	0	201	0.075858	PASS	none	751cc1588018402eac530b7354c62abc	PASS
r04-q03487-3u-t37	4	3	tpl-0c7fdf487d56413280224e0b	0	201	0.076397	PASS	none	6c1c9afe26e44b28bb77a8c95778ce37	PASS
r04-q03497-3u-t47	4	3	tpl-0c7fdf487d56413280224e0b	0	201	0.080196	PASS	none	eb92751c9d774b6cabfdf9987a5520d2	PASS
r04-q03488-3u-t38	4	3	tpl-0c7fdf487d56413280224e0b	0	201	0.080366	PASS	none	8792a50a3d75462c9238e4625c1364bd	PASS
r04-q03493-3u-t43	4	3	tpl-0c7fdf487d56413280224e0b	0	201	0.079423	PASS	none	0e9359b2b6754e56aa27a346ef1226a4	PASS
r04-q03495-3u-t45	4	3	tpl-0c7fdf487d56413280224e0b	0	201	0.083159	PASS	none	7a20cd0f1a204d64b5ee9115015eb8e0	PASS
r04-q03480-3u-t30	4	3	tpl-0c7fdf487d56413280224e0b	0	201	0.067532	PASS	none	6785baf232c94391b5d2caed1dbb42d2	PASS
r04-q03491-3u-t41	4	3	tpl-0c7fdf487d56413280224e0b	0	201	0.085166	PASS	none	72bba1bd9fd54ff4be0c1b220d6c6881	PASS
r04-q03499-3u-t49	4	3	tpl-0c7fdf487d56413280224e0b	0	201	0.078422	PASS	none	c4bb71179dbe49c196819f49f475b9c6	PASS
r04-q03490-3u-t40	4	3	tpl-0c7fdf487d56413280224e0b	0	201	0.083635	PASS	none	b733d016d465447f899ae00c2eec53bb	PASS
r04-q03496-3u-t46	4	3	tpl-0c7fdf487d56413280224e0b	0	201	0.081961	PASS	none	c10d8c3f1c04482ca14d366614278cf4	PASS
r04-q03498-3u-t48	4	3	tpl-0c7fdf487d56413280224e0b	0	201	0.078870	PASS	none	a61881e91cb343bfb20eccab49877860	PASS
r05-q03508-3u-t8	5	3	tpl-0c7fdf487d56413280224e0b	0	201	0.049169	PASS	none	4be7bf4df4df4013a566988901d98947	PASS
r05-q03505-3u-t5	5	3	tpl-0c7fdf487d56413280224e0b	0	201	0.047684	PASS	none	fc80d89a47af4be6ae08466072f60b11	PASS
r05-q03503-3u-t3	5	3	tpl-0c7fdf487d56413280224e0b	0	201	0.054223	PASS	none	ea12ff9e7f0d444a892b77fa83d8a40e	PASS
r05-q03504-3u-t4	5	3	tpl-0c7fdf487d56413280224e0b	0	201	0.049255	PASS	none	85438f0160ac47d89b14664847e8c2ca	PASS
r05-q03507-3u-t7	5	3	tpl-0c7fdf487d56413280224e0b	0	201	0.043681	PASS	none	d175987e1ee54e399da13e8ab63ae13b	PASS
r05-q03501-3u-t1	5	3	tpl-0c7fdf487d56413280224e0b	0	201	0.047887	PASS	none	39a97eb9c03748fd9e04d6bd41512f85	PASS
r05-q03506-3u-t6	5	3	tpl-0c7fdf487d56413280224e0b	0	201	0.052045	PASS	none	3613e3ee9c2140a5ba1a50ba7bea9f7d	PASS
r05-q03509-3u-t9	5	3	tpl-0c7fdf487d56413280224e0b	0	201	0.051974	PASS	none	0e5972ea761148dd9c4e069f0bcfdb19	PASS
r05-q03510-3u-t10	5	3	tpl-0c7fdf487d56413280224e0b	0	201	0.064340	PASS	none	d9b9b6de0a8f4dd1bfce270cf056e08c	PASS
r05-q03513-3u-t13	5	3	tpl-0c7fdf487d56413280224e0b	0	201	0.065796	PASS	none	d1748c9ccd1742498174aa3f78b96f4a	PASS
r05-q03502-3u-t2	5	3	tpl-0c7fdf487d56413280224e0b	0	201	0.063871	PASS	none	218086ab32014e7ebd50375ae998e751	PASS
r05-q03512-3u-t12	5	3	tpl-0c7fdf487d56413280224e0b	0	201	0.074587	PASS	none	3bce689e07354cb6947a5f77cb87c9d2	PASS
r05-q03511-3u-t11	5	3	tpl-0c7fdf487d56413280224e0b	0	201	0.064355	PASS	none	269d1c18a4704cb4b014895b17fe934b	PASS
r05-q03516-3u-t16	5	3	tpl-0c7fdf487d56413280224e0b	0	201	0.071176	PASS	none	59ef1b275c324735900913721466e555	PASS
r05-q03514-3u-t14	5	3	tpl-0c7fdf487d56413280224e0b	0	201	0.060363	PASS	none	90db326df1ca46819e34a8a7874ecee8	PASS
r05-q03515-3u-t15	5	3	tpl-0c7fdf487d56413280224e0b	0	201	0.071138	PASS	none	328eced8d5944f8a976fe9bd971901d1	PASS
r05-q03519-3u-t19	5	3	tpl-0c7fdf487d56413280224e0b	0	201	0.070919	PASS	none	7cd251928f5c4251a9e38c8037711e42	PASS
r05-q03518-3u-t18	5	3	tpl-0c7fdf487d56413280224e0b	0	201	0.072557	PASS	none	eb3257f2d2f84e1f8773b653cef57c88	PASS
r05-q03523-3u-t23	5	3	tpl-0c7fdf487d56413280224e0b	0	201	0.067287	PASS	none	acf215751df0437a98dc7eeeebca6f8a	PASS
r05-q03520-3u-t20	5	3	tpl-0c7fdf487d56413280224e0b	0	201	0.067891	PASS	none	07833eb1fc724b26870a508c65490523	PASS
r05-q03522-3u-t22	5	3	tpl-0c7fdf487d56413280224e0b	0	201	0.068776	PASS	none	30fd7e79d68a4000879172f869e7a0cc	PASS
r05-q03527-3u-t27	5	3	tpl-0c7fdf487d56413280224e0b	0	201	0.069997	PASS	none	98556fcc9abb4927b529d36787ca2438	PASS
r05-q03517-3u-t17	5	3	tpl-0c7fdf487d56413280224e0b	0	201	0.066729	PASS	none	f90a758a644141ada7ebe43a12bab896	PASS
r05-q03521-3u-t21	5	3	tpl-0c7fdf487d56413280224e0b	0	201	0.061659	PASS	none	3373464e18fc4c5a841ffbb77602f335	PASS
r05-q03526-3u-t26	5	3	tpl-0c7fdf487d56413280224e0b	0	201	0.076312	PASS	none	ca3f05e5c5f14653af823d4a90f496dd	PASS
r05-q03535-3u-t35	5	3	tpl-0c7fdf487d56413280224e0b	0	201	0.077266	PASS	none	97acf1698c994f9b90603fd37ed3d468	PASS
r05-q03531-3u-t31	5	3	tpl-0c7fdf487d56413280224e0b	0	201	0.070576	PASS	none	24b28ee537c04757aa7f2c0b3598fdb6	PASS
r05-q03530-3u-t30	5	3	tpl-0c7fdf487d56413280224e0b	0	201	0.078424	PASS	none	d5d9a89856c542fd9873146ac6493282	PASS
r05-q03525-3u-t25	5	3	tpl-0c7fdf487d56413280224e0b	0	201	0.070662	PASS	none	4ca9fbb6f0874b438d1908f28670474d	PASS
r05-q03541-3u-t41	5	3	tpl-0c7fdf487d56413280224e0b	0	201	0.077630	PASS	none	fb76cef5e3eb40619e939909ab08b835	PASS
r05-q03524-3u-t24	5	3	tpl-0c7fdf487d56413280224e0b	0	201	0.079505	PASS	none	7ac56fbbb9ad4f2e912979f6f89d1a6f	PASS
r05-q03528-3u-t28	5	3	tpl-0c7fdf487d56413280224e0b	0	201	0.078765	PASS	none	2e46cb21f9724f559763438baee19547	PASS
r05-q03534-3u-t34	5	3	tpl-0c7fdf487d56413280224e0b	0	201	0.072425	PASS	none	6f7bfc58151046dfbb7a25c539ba17ec	PASS
r05-q03533-3u-t33	5	3	tpl-0c7fdf487d56413280224e0b	0	201	0.078442	PASS	none	56c97deb11124b2896816cf1228016a6	PASS
r05-q03529-3u-t29	5	3	tpl-0c7fdf487d56413280224e0b	0	201	0.078984	PASS	none	263859cf30c44998a205e58a9792e74b	PASS
r05-q03536-3u-t36	5	3	tpl-0c7fdf487d56413280224e0b	0	201	0.080856	PASS	none	e9d7d77b8e1c4b65bc4ed1f808b032ce	PASS
r05-q03537-3u-t37	5	3	tpl-0c7fdf487d56413280224e0b	0	201	0.078550	PASS	none	41e232c13b3a49a19055c5adca3f8305	PASS
r05-q03540-3u-t40	5	3	tpl-0c7fdf487d56413280224e0b	0	201	0.079898	PASS	none	31c44c6c69334e94821e29a581960641	PASS
r05-q03538-3u-t38	5	3	tpl-0c7fdf487d56413280224e0b	0	201	0.072996	PASS	none	191ccde9263b4c58ae2da517d0b6bc11	PASS
r05-q03539-3u-t39	5	3	tpl-0c7fdf487d56413280224e0b	0	201	0.085492	PASS	none	5015067649c449c398abc822c6c83438	PASS
r05-q03532-3u-t32	5	3	tpl-0c7fdf487d56413280224e0b	0	201	0.072261	PASS	none	91bee49b27af4ee3962beaf035558b0f	PASS
r05-q03545-3u-t45	5	3	tpl-0c7fdf487d56413280224e0b	0	201	0.073791	PASS	none	f8c6abd13e0e48399164e198afc53141	PASS
r05-q03547-3u-t47	5	3	tpl-0c7fdf487d56413280224e0b	0	201	0.074563	PASS	none	88aaecfd270f48c693e88a095fa0eebc	PASS
r05-q03544-3u-t44	5	3	tpl-0c7fdf487d56413280224e0b	0	201	0.081848	PASS	none	a7e9d9b737504b8f994f94beec8c6cd0	PASS
r05-q03549-3u-t49	5	3	tpl-0c7fdf487d56413280224e0b	0	201	0.076311	PASS	none	bb0a837acc6645c3a1122cb43209578a	PASS
r05-q03548-3u-t48	5	3	tpl-0c7fdf487d56413280224e0b	0	201	0.076237	PASS	none	7e3d43884ee4424c8bdd419b2d820cb3	PASS
r05-q03542-3u-t42	5	3	tpl-0c7fdf487d56413280224e0b	0	201	0.079468	PASS	none	0de6557c03c24674ae8f76819ff3d182	PASS
r05-q03543-3u-t43	5	3	tpl-0c7fdf487d56413280224e0b	0	201	0.076539	PASS	none	96e6f1cd48714224838f157c6d241aac	PASS
r05-q03546-3u-t46	5	3	tpl-0c7fdf487d56413280224e0b	0	201	0.081201	PASS	none	4ca59f97df954a979e3872e5616e98c9	PASS
r05-q03550-3u-t50	5	3	tpl-0c7fdf487d56413280224e0b	0	201	0.078426	PASS	none	19a35d6ba9aa44729b2f88b3951ef4dc	PASS
r06-q03553-3u-t3	6	3	tpl-0c7fdf487d56413280224e0b	0	201	0.053831	PASS	none	6fca46242480469a9c2cd2228132eb82	PASS
r06-q03551-3u-t1	6	3	tpl-0c7fdf487d56413280224e0b	0	201	0.056197	PASS	none	661590af036f450db79d0140aed00f49	PASS
r06-q03555-3u-t5	6	3	tpl-0c7fdf487d56413280224e0b	0	201	0.086354	PASS	none	0dcba3f5aea4489b8900c1238f16d012	PASS
r06-q03556-3u-t6	6	3	tpl-0c7fdf487d56413280224e0b	0	201	0.077868	PASS	none	b8f994a42c604be1974a3077fc01c174	PASS
r06-q03554-3u-t4	6	3	tpl-0c7fdf487d56413280224e0b	0	201	0.052438	PASS	none	7f8f6954221648868909da5a43e74224	PASS
r06-q03552-3u-t2	6	3	tpl-0c7fdf487d56413280224e0b	0	201	0.095354	PASS	none	a675c6a36a52406bb3f323df66fc5dc5	PASS
r06-q03557-3u-t7	6	3	tpl-0c7fdf487d56413280224e0b	0	201	0.073470	PASS	none	9ec70d4bf2c7483f96f7ef6114b7a437	PASS
r06-q03559-3u-t9	6	3	tpl-0c7fdf487d56413280224e0b	0	201	0.065534	PASS	none	29cead8722d445ed99e282ea4dbac3fd	PASS
r06-q03566-3u-t16	6	3	tpl-0c7fdf487d56413280224e0b	0	201	0.077976	PASS	none	5babb889349846e6ba056e21f3b5e9a6	PASS
r06-q03563-3u-t13	6	3	tpl-0c7fdf487d56413280224e0b	0	201	0.068997	PASS	none	7fbbc49d329a41f7a9c937009972bd27	PASS
r06-q03562-3u-t12	6	3	tpl-0c7fdf487d56413280224e0b	0	201	0.076124	PASS	none	599966aeabe247ff9932c7d59e3b6e86	PASS
r06-q03565-3u-t15	6	3	tpl-0c7fdf487d56413280224e0b	0	201	0.084653	PASS	none	c9bba997bc424c99aa1f59246a75adba	PASS
r06-q03560-3u-t10	6	3	tpl-0c7fdf487d56413280224e0b	0	201	0.073886	PASS	none	f546e5f899d548419306a72ccbc13c22	PASS
r06-q03561-3u-t11	6	3	tpl-0c7fdf487d56413280224e0b	0	201	0.068322	PASS	none	f4bba46ca54b4d8a92002b71018670c9	PASS
r06-q03569-3u-t19	6	3	tpl-0c7fdf487d56413280224e0b	0	201	0.077684	PASS	none	7d7a63f728c24cfba44dda79180b43d8	PASS
r06-q03558-3u-t8	6	3	tpl-0c7fdf487d56413280224e0b	0	201	0.088104	PASS	none	cd685627705f44caab5f573a3bc8f78e	PASS
r06-q03564-3u-t14	6	3	tpl-0c7fdf487d56413280224e0b	0	201	0.089484	PASS	none	4e07aca956324d08a21792141ca816e6	PASS
r06-q03568-3u-t18	6	3	tpl-0c7fdf487d56413280224e0b	0	201	0.066987	PASS	none	b57f4bc200354ae4aaa2bd99b2139ccc	PASS
r06-q03571-3u-t21	6	3	tpl-0c7fdf487d56413280224e0b	0	201	0.065381	PASS	none	ab941062e5944f7db58c0a91d3f0236c	PASS
r06-q03567-3u-t17	6	3	tpl-0c7fdf487d56413280224e0b	0	201	0.071810	PASS	none	7086bc0e4baf4188a887d9c5e15a1379	PASS
r06-q03575-3u-t25	6	3	tpl-0c7fdf487d56413280224e0b	0	201	0.081065	PASS	none	5e201e687deb4728a3a043098d67fa6b	PASS
r06-q03570-3u-t20	6	3	tpl-0c7fdf487d56413280224e0b	0	201	0.073284	PASS	none	6a96c919e6bd42719b10453f654e470a	PASS
r06-q03573-3u-t23	6	3	tpl-0c7fdf487d56413280224e0b	0	201	0.090943	PASS	none	4a524dda8ada417ebf73a3852d4858c4	PASS
r06-q03576-3u-t26	6	3	tpl-0c7fdf487d56413280224e0b	0	201	0.072868	PASS	none	4cc233d48ebc4928a4767bb8dd6fc3cc	PASS
r06-q03577-3u-t27	6	3	tpl-0c7fdf487d56413280224e0b	0	201	0.084085	PASS	none	4dd81c439a20458a95e070efc220f61e	PASS
r06-q03578-3u-t28	6	3	tpl-0c7fdf487d56413280224e0b	0	201	0.077150	PASS	none	412b3e8558e94bf291ae8147f93b16f1	PASS
r06-q03579-3u-t29	6	3	tpl-0c7fdf487d56413280224e0b	0	201	0.069215	PASS	none	96dd4b35110d468da460d5ac6feb9eb5	PASS
r06-q03572-3u-t22	6	3	tpl-0c7fdf487d56413280224e0b	0	201	0.066171	PASS	none	eceb68e4fc534d29ababc6b711bf7716	PASS
r06-q03582-3u-t32	6	3	tpl-0c7fdf487d56413280224e0b	0	201	0.078799	PASS	none	e71bc4dcfc354a8aba7b05c701f5f08c	PASS
r06-q03581-3u-t31	6	3	tpl-0c7fdf487d56413280224e0b	0	201	0.078092	PASS	none	93ea1565eb46489cb9c7128081460da9	PASS
r06-q03580-3u-t30	6	3	tpl-0c7fdf487d56413280224e0b	0	201	0.073187	PASS	none	7612a7c403a749cbb0ee5d8066b54534	PASS
r06-q03574-3u-t24	6	3	tpl-0c7fdf487d56413280224e0b	0	201	0.078689	PASS	none	e9a2a034a1b04cbba0dccb8b6bd0546a	PASS
r06-q03584-3u-t34	6	3	tpl-0c7fdf487d56413280224e0b	0	201	0.077388	PASS	none	08c7a4508c5a475c8aebe148fec6d1a9	PASS
r06-q03583-3u-t33	6	3	tpl-0c7fdf487d56413280224e0b	0	201	0.079206	PASS	none	b5ecfded47dd4266b2a3de73b2283dcc	PASS
r06-q03587-3u-t37	6	3	tpl-0c7fdf487d56413280224e0b	0	201	0.080239	PASS	none	dce6d79e9c06465c9b332cbeebf065f6	PASS
r06-q03588-3u-t38	6	3	tpl-0c7fdf487d56413280224e0b	0	201	0.088797	PASS	none	889ff435dc2642e0914926689bf22acc	PASS
r06-q03595-3u-t45	6	3	tpl-0c7fdf487d56413280224e0b	0	201	0.088701	PASS	none	f7d393912e0f452a8395abea74955b1c	PASS
r06-q03586-3u-t36	6	3	tpl-0c7fdf487d56413280224e0b	0	201	0.077803	PASS	none	f03e4ec4be0e460598faad0856ec15da	PASS
r06-q03585-3u-t35	6	3	tpl-0c7fdf487d56413280224e0b	0	201	0.082694	PASS	none	34a5eff03ff945b9a39f13cbe74d5516	PASS
r06-q03593-3u-t43	6	3	tpl-0c7fdf487d56413280224e0b	0	201	0.089016	PASS	none	5fcdbe9d7ee04c84b0a461b0d366333f	PASS
r06-q03594-3u-t44	6	3	tpl-0c7fdf487d56413280224e0b	0	201	0.079998	PASS	none	06e25a85c8324f02b737bb02b25cbe8d	PASS
r06-q03596-3u-t46	6	3	tpl-0c7fdf487d56413280224e0b	0	201	0.077502	PASS	none	4fdb7b28334c429ba32fed551c95435f	PASS
r06-q03597-3u-t47	6	3	tpl-0c7fdf487d56413280224e0b	0	201	0.091641	PASS	none	5b9ab836278a44f181fca345f298904d	PASS
r06-q03591-3u-t41	6	3	tpl-0c7fdf487d56413280224e0b	0	201	0.081572	PASS	none	0f73528af1104797b817498b1a2c71bc	PASS
r06-q03589-3u-t39	6	3	tpl-0c7fdf487d56413280224e0b	0	201	0.081903	PASS	none	af6cdd1adcf74f6a951eb84b0bdfb5df	PASS
r06-q03599-3u-t49	6	3	tpl-0c7fdf487d56413280224e0b	0	201	0.097835	PASS	none	267464be90094303abaae5572e1ef814	PASS
r06-q03592-3u-t42	6	3	tpl-0c7fdf487d56413280224e0b	0	201	0.082351	PASS	none	c947d310fe59493ebb133b1b52376e63	PASS
r06-q03600-3u-t50	6	3	tpl-0c7fdf487d56413280224e0b	0	201	0.088024	PASS	none	6e3e1fd5f78c48af987bfd51741b4416	PASS
r06-q03590-3u-t40	6	3	tpl-0c7fdf487d56413280224e0b	0	201	0.082912	PASS	none	0d7f7d4970b64867a55ff13607b78427	PASS
r06-q03598-3u-t48	6	3	tpl-0c7fdf487d56413280224e0b	0	201	0.094458	PASS	none	b60d5a76fde14018a79cd0cc359bcd21	PASS
r01-q03601-3u-t1	1	3	tpl-e9cc8f3f845a4f7fb1117dc4	0	201	0.058902	PASS	none	ddf53413027a45e3b8acec9326f272c7	PASS
r01-q03607-3u-t7	1	3	tpl-e9cc8f3f845a4f7fb1117dc4	0	201	0.056299	PASS	none	66577b798cd04c3d8276cd7d1004bfd9	PASS
r01-q03602-3u-t2	1	3	tpl-e9cc8f3f845a4f7fb1117dc4	0	201	0.056985	PASS	none	8a2b8161de904b6f8191b57d0f77f009	PASS
r01-q03610-3u-t10	1	3	tpl-e9cc8f3f845a4f7fb1117dc4	0	201	0.067253	PASS	none	e1ddd30bfb6843f689a2b669abd8c89e	PASS
r01-q03609-3u-t9	1	3	tpl-e9cc8f3f845a4f7fb1117dc4	0	201	0.053627	PASS	none	c3ec16e1f3a946e7946166d6e766c180	PASS
r01-q03604-3u-t4	1	3	tpl-e9cc8f3f845a4f7fb1117dc4	0	201	0.054849	PASS	none	f7ed46a745214fb5b1a8daf044f39940	PASS
r01-q03608-3u-t8	1	3	tpl-e9cc8f3f845a4f7fb1117dc4	0	201	0.051572	PASS	none	731e83f0ce944cdb9a5662f410299421	PASS
r01-q03606-3u-t6	1	3	tpl-e9cc8f3f845a4f7fb1117dc4	0	201	0.059507	PASS	none	daaf09bc5fe54626b3536d22190cbc2c	PASS
r01-q03605-3u-t5	1	3	tpl-e9cc8f3f845a4f7fb1117dc4	0	201	0.047967	PASS	none	029f38826a0e4f2aa1a4e906555ca141	PASS
r01-q03603-3u-t3	1	3	tpl-e9cc8f3f845a4f7fb1117dc4	0	201	0.052027	PASS	none	b2697336ea084cf389096474e17688e8	PASS
r01-q03617-3u-t17	1	3	tpl-e9cc8f3f845a4f7fb1117dc4	0	201	0.074388	PASS	none	607692589af34244bcd3f7c82543a3e1	PASS
r01-q03611-3u-t11	1	3	tpl-e9cc8f3f845a4f7fb1117dc4	0	201	0.090191	PASS	none	6853a646a87f4845b4aa8228bb96a7ad	PASS
r01-q03612-3u-t12	1	3	tpl-e9cc8f3f845a4f7fb1117dc4	0	201	0.092380	PASS	none	4328ec03741c4a33b7f0052c291b7a89	PASS
r01-q03620-3u-t20	1	3	tpl-e9cc8f3f845a4f7fb1117dc4	0	201	0.064246	PASS	none	c422d2a8ed2249e58a4fde3d6ac3d734	PASS
r01-q03614-3u-t14	1	3	tpl-e9cc8f3f845a4f7fb1117dc4	0	201	0.078486	PASS	none	7ef779c2045042a498f31af869528b74	PASS
r01-q03613-3u-t13	1	3	tpl-e9cc8f3f845a4f7fb1117dc4	0	201	0.081306	PASS	none	c11a2f7c55884768b41723e64fa891e2	PASS
r01-q03619-3u-t19	1	3	tpl-e9cc8f3f845a4f7fb1117dc4	0	201	0.069233	PASS	none	e8e5514af4274bc3b3aac77f0ea3a911	PASS
r01-q03623-3u-t23	1	3	tpl-e9cc8f3f845a4f7fb1117dc4	0	201	0.076488	PASS	none	efa258a367e94ca18d02da28fbef2ec9	PASS
r01-q03616-3u-t16	1	3	tpl-e9cc8f3f845a4f7fb1117dc4	0	201	0.078593	PASS	none	7a1587b73759433e883580022f3d8704	PASS
r01-q03624-3u-t24	1	3	tpl-e9cc8f3f845a4f7fb1117dc4	0	201	0.072419	PASS	none	7e5ff55cba9f400c88959320c6cb71de	PASS
r01-q03629-3u-t29	1	3	tpl-e9cc8f3f845a4f7fb1117dc4	0	201	0.085720	PASS	none	041464cea5894df1b05dad420b9ace3a	PASS
r01-q03615-3u-t15	1	3	tpl-e9cc8f3f845a4f7fb1117dc4	0	201	0.082202	PASS	none	ea12c400f92a423da499b9e40beec3db	PASS
r01-q03621-3u-t21	1	3	tpl-e9cc8f3f845a4f7fb1117dc4	0	201	0.083052	PASS	none	430096ff03574c20bfb850d15d8b07cd	PASS
r01-q03638-3u-t38	1	3	tpl-e9cc8f3f845a4f7fb1117dc4	0	201	0.094244	PASS	none	a3f9f21ef34f402d94d3dfae387b170f	PASS
r01-q03622-3u-t22	1	3	tpl-e9cc8f3f845a4f7fb1117dc4	0	201	0.076182	PASS	none	0bde74cbd74341b2833689ddab4990ce	PASS
r01-q03635-3u-t35	1	3	tpl-e9cc8f3f845a4f7fb1117dc4	0	201	0.091877	PASS	none	8c0fba7bf63e42cc8bb2f1884492d33a	PASS
r01-q03637-3u-t37	1	3	tpl-e9cc8f3f845a4f7fb1117dc4	0	201	0.090691	PASS	none	80693e31418b4b45b9e09a96b03f3e75	PASS
r01-q03632-3u-t32	1	3	tpl-e9cc8f3f845a4f7fb1117dc4	0	201	0.108840	PASS	none	3c11610ec1ee48a68d334a5cd41a180a	PASS
r01-q03627-3u-t27	1	3	tpl-e9cc8f3f845a4f7fb1117dc4	0	201	0.080611	PASS	none	05b0661fd8f449caad7ffa5c816c2571	PASS
r01-q03618-3u-t18	1	3	tpl-e9cc8f3f845a4f7fb1117dc4	0	201	0.071166	PASS	none	661bcfc2be3044bdb64a6d0c8ab57a35	PASS
r01-q03628-3u-t28	1	3	tpl-e9cc8f3f845a4f7fb1117dc4	0	201	0.076359	PASS	none	7a93ef26248849439f84a0d7ca0640f0	PASS
r01-q03636-3u-t36	1	3	tpl-e9cc8f3f845a4f7fb1117dc4	0	201	0.096405	PASS	none	14a249e3ecb94952945f260150cdbc94	PASS
r01-q03649-3u-t49	1	3	tpl-e9cc8f3f845a4f7fb1117dc4	0	201	0.087568	PASS	none	3f911f7c232d4218a31e8f8a5f5ea521	PASS
r01-q03643-3u-t43	1	3	tpl-e9cc8f3f845a4f7fb1117dc4	0	201	0.087187	PASS	none	de7316b9150d4a2990c8403db6210ed9	PASS
r01-q03630-3u-t30	1	3	tpl-e9cc8f3f845a4f7fb1117dc4	0	201	0.085350	PASS	none	7a298004e0a9498da5b3653502a96a53	PASS
r01-q03631-3u-t31	1	3	tpl-e9cc8f3f845a4f7fb1117dc4	0	201	0.092369	PASS	none	e82b513c059348e7bae8af462a716c5a	PASS
r01-q03645-3u-t45	1	3	tpl-e9cc8f3f845a4f7fb1117dc4	0	201	0.093891	PASS	none	55f8b04efb35419b94945e9436ab9d7a	PASS
r01-q03626-3u-t26	1	3	tpl-e9cc8f3f845a4f7fb1117dc4	0	201	0.088376	PASS	none	273ec589c1cb4046a7296d1e46cafb16	PASS
r01-q03634-3u-t34	1	3	tpl-e9cc8f3f845a4f7fb1117dc4	0	201	0.101436	PASS	none	6d3de4b6d711495186c2490ac456e779	PASS
r01-q03648-3u-t48	1	3	tpl-e9cc8f3f845a4f7fb1117dc4	0	201	0.088615	PASS	none	ffe31ef247954308b53c9ce94108e756	PASS
r01-q03639-3u-t39	1	3	tpl-e9cc8f3f845a4f7fb1117dc4	0	201	0.091041	PASS	none	9dc58dbe61d54dbfac560ce17d989d4b	PASS
r01-q03650-3u-t50	1	3	tpl-e9cc8f3f845a4f7fb1117dc4	0	201	0.085336	PASS	none	3ed2342056ba420a916f614ec96be15d	PASS
r01-q03642-3u-t42	1	3	tpl-e9cc8f3f845a4f7fb1117dc4	0	201	0.108334	PASS	none	2fef3e483bcf481d830b503971bae8c8	PASS
r01-q03646-3u-t46	1	3	tpl-e9cc8f3f845a4f7fb1117dc4	0	201	0.085896	PASS	none	5a9b2cb5ddc54c0d89ec29c86c4d90a4	PASS
r01-q03640-3u-t40	1	3	tpl-e9cc8f3f845a4f7fb1117dc4	0	201	0.094870	PASS	none	4e5ec357d3394af491e0939906191ec4	PASS
r01-q03647-3u-t47	1	3	tpl-e9cc8f3f845a4f7fb1117dc4	0	201	0.092756	PASS	none	9a86dd0ef43a4070a85d029ee687b420	PASS
r01-q03625-3u-t25	1	3	tpl-e9cc8f3f845a4f7fb1117dc4	0	201	0.092628	PASS	none	86cb0e7f91e547d283eb7ad530f7b214	PASS
r01-q03641-3u-t41	1	3	tpl-e9cc8f3f845a4f7fb1117dc4	0	201	0.084814	PASS	none	d765fa20b91a445db6500562449d524e	PASS
r01-q03644-3u-t44	1	3	tpl-e9cc8f3f845a4f7fb1117dc4	0	201	0.100996	PASS	none	61d043440a6b4bb2842b81cba30a84dc	PASS
r01-q03633-3u-t33	1	3	tpl-e9cc8f3f845a4f7fb1117dc4	0	201	0.092372	PASS	none	c643e59badde457e9836aaeed8ff049c	PASS
r02-q03655-3u-t5	2	3	tpl-e9cc8f3f845a4f7fb1117dc4	0	201	0.063020	PASS	none	165e5b34bc1546d1b70dd55473919f60	PASS
r02-q03654-3u-t4	2	3	tpl-e9cc8f3f845a4f7fb1117dc4	0	201	0.053597	PASS	none	33b3e1bf6d6848a8975df655816d5fc7	PASS
r02-q03657-3u-t7	2	3	tpl-e9cc8f3f845a4f7fb1117dc4	0	201	0.053189	PASS	none	0ee752cca6c5494daaed1350af460950	PASS
r02-q03661-3u-t11	2	3	tpl-e9cc8f3f845a4f7fb1117dc4	0	201	0.056301	PASS	none	f3862aa8e80141d8be5a894a28ea8626	PASS
r02-q03651-3u-t1	2	3	tpl-e9cc8f3f845a4f7fb1117dc4	0	201	0.058756	PASS	none	32a8294341854ee6beaab4890c5c0537	PASS
r02-q03653-3u-t3	2	3	tpl-e9cc8f3f845a4f7fb1117dc4	0	201	0.057493	PASS	none	a80deeb905404e518766d0440556e8ce	PASS
r02-q03652-3u-t2	2	3	tpl-e9cc8f3f845a4f7fb1117dc4	0	201	0.055525	PASS	none	5f993ffc5cd747a09cf56737e555b664	PASS
r02-q03656-3u-t6	2	3	tpl-e9cc8f3f845a4f7fb1117dc4	0	201	0.065974	PASS	none	938979c0ddc54342b9c46f0668613494	PASS
r02-q03658-3u-t8	2	3	tpl-e9cc8f3f845a4f7fb1117dc4	0	201	0.055865	PASS	none	eb297a6d36534cc7a42d054e5b5a7f73	PASS
r02-q03659-3u-t9	2	3	tpl-e9cc8f3f845a4f7fb1117dc4	0	201	0.054506	PASS	none	eab4932e4ccf454d923fbcb907d866c2	PASS
r02-q03667-3u-t17	2	3	tpl-e9cc8f3f845a4f7fb1117dc4	0	201	0.074012	PASS	none	eb9e4f3be937462ca8e68a0f0eb17e24	PASS
r02-q03663-3u-t13	2	3	tpl-e9cc8f3f845a4f7fb1117dc4	0	201	0.074455	PASS	none	fb67f7739c6046b48b93e3d29cec2cc5	PASS
r02-q03660-3u-t10	2	3	tpl-e9cc8f3f845a4f7fb1117dc4	0	201	0.059643	PASS	none	cc02105bbc424a498d02c912111e7b04	PASS
r02-q03673-3u-t23	2	3	tpl-e9cc8f3f845a4f7fb1117dc4	0	201	0.074706	PASS	none	1e6039d691074bc684acc2c6e6b12826	PASS
r02-q03669-3u-t19	2	3	tpl-e9cc8f3f845a4f7fb1117dc4	0	201	0.070968	PASS	none	cbcb0812768b4bedb3b3b16e1d707e44	PASS
r02-q03664-3u-t14	2	3	tpl-e9cc8f3f845a4f7fb1117dc4	0	201	0.068165	PASS	none	5f004041e95a44c3bb9920793a2a98e1	PASS
r02-q03662-3u-t12	2	3	tpl-e9cc8f3f845a4f7fb1117dc4	0	201	0.075625	PASS	none	4f6b182895d64809806ddedf4d2809bd	PASS
r02-q03670-3u-t20	2	3	tpl-e9cc8f3f845a4f7fb1117dc4	0	201	0.087236	PASS	none	bf4f3c91716e46bfa93b452e69c8c5bc	PASS
r02-q03666-3u-t16	2	3	tpl-e9cc8f3f845a4f7fb1117dc4	0	201	0.090716	PASS	none	f187b5e22b1f4d03bc8c4825ff0c4d26	PASS
r02-q03665-3u-t15	2	3	tpl-e9cc8f3f845a4f7fb1117dc4	0	201	0.081308	PASS	none	5829d232057b4b0aad311597d942bebd	PASS
r02-q03672-3u-t22	2	3	tpl-e9cc8f3f845a4f7fb1117dc4	0	201	0.078959	PASS	none	e7bbd8bc8a3d4b168764593a5b3c348a	PASS
r02-q03668-3u-t18	2	3	tpl-e9cc8f3f845a4f7fb1117dc4	0	201	0.077628	PASS	none	44cc90c5159f43728e0ff5e3c0759ca9	PASS
r02-q03674-3u-t24	2	3	tpl-e9cc8f3f845a4f7fb1117dc4	0	201	0.077039	PASS	none	3ed816b5f7a54a449ded381a238a8503	PASS
r02-q03671-3u-t21	2	3	tpl-e9cc8f3f845a4f7fb1117dc4	0	201	0.079016	PASS	none	f89bb2d714a64a26b2e79dbac0299f65	PASS
r02-q03680-3u-t30	2	3	tpl-e9cc8f3f845a4f7fb1117dc4	0	201	0.091091	PASS	none	854850d48ef843499070c2bd07fc69db	PASS
r02-q03681-3u-t31	2	3	tpl-e9cc8f3f845a4f7fb1117dc4	0	201	0.080024	PASS	none	35ba9ac4c70245ae8d1503273003bcca	PASS
r02-q03675-3u-t25	2	3	tpl-e9cc8f3f845a4f7fb1117dc4	0	201	0.076709	PASS	none	8a764d6b0611452bb8e59be18451ead2	PASS
r02-q03682-3u-t32	2	3	tpl-e9cc8f3f845a4f7fb1117dc4	0	201	0.079020	PASS	none	2c35ea17df5c44b7a973eea71807423b	PASS
r02-q03679-3u-t29	2	3	tpl-e9cc8f3f845a4f7fb1117dc4	0	201	0.087308	PASS	none	985a04a2a99a4323aecef1d803d3a4f8	PASS
r02-q03685-3u-t35	2	3	tpl-e9cc8f3f845a4f7fb1117dc4	0	201	0.083890	PASS	none	a95c3d7ff5d94b47b3c6fc201083fb44	PASS
r02-q03676-3u-t26	2	3	tpl-e9cc8f3f845a4f7fb1117dc4	0	201	0.081367	PASS	none	4f34736f1d724fbca449c6e1dbcc6fb9	PASS
r02-q03687-3u-t37	2	3	tpl-e9cc8f3f845a4f7fb1117dc4	0	201	0.092043	PASS	none	b364559928a1454483415cd1b9f0ac4f	PASS
r02-q03677-3u-t27	2	3	tpl-e9cc8f3f845a4f7fb1117dc4	0	201	0.089839	PASS	none	7564057460f54aab902b8833a95eeb00	PASS
r02-q03678-3u-t28	2	3	tpl-e9cc8f3f845a4f7fb1117dc4	0	201	0.082325	PASS	none	24d5ba84eca249418dd6a1dbe5615d8f	PASS
r02-q03693-3u-t43	2	3	tpl-e9cc8f3f845a4f7fb1117dc4	0	201	0.092581	PASS	none	2582218764b645b3a612a885f5ed361d	PASS
r02-q03688-3u-t38	2	3	tpl-e9cc8f3f845a4f7fb1117dc4	0	201	0.084207	PASS	none	09b546bb79204326bda231354690b173	PASS
r02-q03691-3u-t41	2	3	tpl-e9cc8f3f845a4f7fb1117dc4	0	201	0.096978	PASS	none	6f1b0ac5a2654a369d989cdc45f5d29d	PASS
r02-q03689-3u-t39	2	3	tpl-e9cc8f3f845a4f7fb1117dc4	0	201	0.085039	PASS	none	a8bcc4e66c33428c922a71c4c4f171e7	PASS
r02-q03686-3u-t36	2	3	tpl-e9cc8f3f845a4f7fb1117dc4	0	201	0.096632	PASS	none	a769557799874decb2fd72412befcab2	PASS
r02-q03694-3u-t44	2	3	tpl-e9cc8f3f845a4f7fb1117dc4	0	201	0.094504	PASS	none	bcc575996753406f90b1f801129a35c3	PASS
r02-q03695-3u-t45	2	3	tpl-e9cc8f3f845a4f7fb1117dc4	0	201	0.090289	PASS	none	e7df6ea797c04f4fb1a6246d8c518440	PASS
r02-q03690-3u-t40	2	3	tpl-e9cc8f3f845a4f7fb1117dc4	0	201	0.086837	PASS	none	4e4b0ca5520949c98d4e21bedec01f47	PASS
r02-q03697-3u-t47	2	3	tpl-e9cc8f3f845a4f7fb1117dc4	0	201	0.087826	PASS	none	3ac93c31ef804142b5e241f6eba8d964	PASS
r02-q03699-3u-t49	2	3	tpl-e9cc8f3f845a4f7fb1117dc4	0	201	0.088007	PASS	none	9de3eb39fdd948ccac10783df41d7668	PASS
r02-q03696-3u-t46	2	3	tpl-e9cc8f3f845a4f7fb1117dc4	0	201	0.089744	PASS	none	d2bc6baae31742e2b86f745e5937dbe8	PASS
r02-q03692-3u-t42	2	3	tpl-e9cc8f3f845a4f7fb1117dc4	0	201	0.086421	PASS	none	eca2f8472f134f78bf7228f9f1f5c4b3	PASS
r02-q03683-3u-t33	2	3	tpl-e9cc8f3f845a4f7fb1117dc4	0	201	0.088420	PASS	none	9cba705f7e074a18807b86167b909286	PASS
r02-q03684-3u-t34	2	3	tpl-e9cc8f3f845a4f7fb1117dc4	0	201	0.096747	PASS	none	ba51b0ed3c394432afe7a3919065937d	PASS
r02-q03698-3u-t48	2	3	tpl-e9cc8f3f845a4f7fb1117dc4	0	201	0.090123	PASS	none	6a32f402b3e24b8bac239654f305e3b8	PASS
r02-q03700-3u-t50	2	3	tpl-e9cc8f3f845a4f7fb1117dc4	0	201	0.086162	PASS	none	e543dd9fa89d499eb5264c852a341255	PASS
r03-q03705-3u-t5	3	3	tpl-e9cc8f3f845a4f7fb1117dc4	0	201	0.064454	PASS	none	bdb785a61ced4d19a2851031086bb4be	PASS
r03-q03711-3u-t11	3	3	tpl-e9cc8f3f845a4f7fb1117dc4	0	201	0.066452	PASS	none	c377d3916b6948b3bfddfac8ca3365a7	PASS
r03-q03709-3u-t9	3	3	tpl-e9cc8f3f845a4f7fb1117dc4	0	201	0.062900	PASS	none	932e6f97b55749f790d3396d32d6fea7	PASS
r03-q03704-3u-t4	3	3	tpl-e9cc8f3f845a4f7fb1117dc4	0	201	0.066968	PASS	none	bcbf7a1a7dbf43ed826a305f1165ae9b	PASS
r03-q03712-3u-t12	3	3	tpl-e9cc8f3f845a4f7fb1117dc4	0	201	0.065656	PASS	none	b352fcd2438c44798428290574b83bd2	PASS
r03-q03710-3u-t10	3	3	tpl-e9cc8f3f845a4f7fb1117dc4	0	201	0.059629	PASS	none	f8505e1929d9480fb2fece6b81082aa8	PASS
r03-q03701-3u-t1	3	3	tpl-e9cc8f3f845a4f7fb1117dc4	0	201	0.081924	PASS	none	ecd46a4d4a204bbdb9b97841a0b7a76b	PASS
r03-q03702-3u-t2	3	3	tpl-e9cc8f3f845a4f7fb1117dc4	0	201	0.065053	PASS	none	4cc1bcdfa62047b59ef2be99b00230ee	PASS
r03-q03713-3u-t13	3	3	tpl-e9cc8f3f845a4f7fb1117dc4	0	201	0.068545	PASS	none	1dc402dd01e745bebd75c64d93f40f3e	PASS
r03-q03707-3u-t7	3	3	tpl-e9cc8f3f845a4f7fb1117dc4	0	201	0.068012	PASS	none	a1f9b80aea1c4486a66d5aa3fc83cfbe	PASS
r03-q03708-3u-t8	3	3	tpl-e9cc8f3f845a4f7fb1117dc4	0	201	0.070308	PASS	none	404cc663bcdf4376a1a94c42bc6e2465	PASS
r03-q03706-3u-t6	3	3	tpl-e9cc8f3f845a4f7fb1117dc4	0	201	0.071118	PASS	none	1258521a3b524eff98c08e8914caed28	PASS
r03-q03714-3u-t14	3	3	tpl-e9cc8f3f845a4f7fb1117dc4	0	201	0.096095	PASS	none	de8b2f914eff42e598e6257185a1d130	PASS
r03-q03719-3u-t19	3	3	tpl-e9cc8f3f845a4f7fb1117dc4	0	201	0.094151	PASS	none	9e39ef369726412b97bb8b5c839e4979	PASS
r03-q03715-3u-t15	3	3	tpl-e9cc8f3f845a4f7fb1117dc4	0	201	0.077546	PASS	none	a0684de0d5cf48448220f927c096162d	PASS
r03-q03703-3u-t3	3	3	tpl-e9cc8f3f845a4f7fb1117dc4	0	201	0.091789	PASS	none	319250524d784d50b0b84b28fc43b2e1	PASS
r03-q03717-3u-t17	3	3	tpl-e9cc8f3f845a4f7fb1117dc4	0	201	0.099752	PASS	none	3a250f5d52294ec6a5c3a69968b9379f	PASS
r03-q03720-3u-t20	3	3	tpl-e9cc8f3f845a4f7fb1117dc4	0	201	0.078075	PASS	none	d76df0f5f7cc4586b9fa3057960a4159	PASS
r03-q03718-3u-t18	3	3	tpl-e9cc8f3f845a4f7fb1117dc4	0	201	0.092284	PASS	none	630d920d127a4407b00f83d764bb7306	PASS
r03-q03726-3u-t26	3	3	tpl-e9cc8f3f845a4f7fb1117dc4	0	201	0.081645	PASS	none	d663d634fc4e468c81c5e4e8af072bc0	PASS
r03-q03716-3u-t16	3	3	tpl-e9cc8f3f845a4f7fb1117dc4	0	201	0.088538	PASS	none	3a758d2437804d67a7c615a6ee66a9fe	PASS
r03-q03723-3u-t23	3	3	tpl-e9cc8f3f845a4f7fb1117dc4	0	201	0.084465	PASS	none	5a6f8ca8203c40c79838f1dc7fd1c4a4	PASS
r03-q03722-3u-t22	3	3	tpl-e9cc8f3f845a4f7fb1117dc4	0	201	0.088182	PASS	none	fe34556bb60443ccb1a2ade6b6d94db0	PASS
r03-q03724-3u-t24	3	3	tpl-e9cc8f3f845a4f7fb1117dc4	0	201	0.075504	PASS	none	dcc588bb8816421b83ac9b291f29c35f	PASS
r03-q03728-3u-t28	3	3	tpl-e9cc8f3f845a4f7fb1117dc4	0	201	0.087751	PASS	none	8c0b78a423cc4282ae8e6a65a2714ee5	PASS
r03-q03725-3u-t25	3	3	tpl-e9cc8f3f845a4f7fb1117dc4	0	201	0.073388	PASS	none	fcc99e20870a41eb8f423dbd052f6ec0	PASS
r03-q03731-3u-t31	3	3	tpl-e9cc8f3f845a4f7fb1117dc4	0	201	0.100966	PASS	none	44418e41b14c488cac48464703f89f28	PASS
r03-q03721-3u-t21	3	3	tpl-e9cc8f3f845a4f7fb1117dc4	0	201	0.081393	PASS	none	cf2b48ceca8b407dbe00e148cc690832	PASS
r03-q03727-3u-t27	3	3	tpl-e9cc8f3f845a4f7fb1117dc4	0	201	0.096987	PASS	none	d9d35aed7ae942b49d1c7d0189b6e2c5	PASS
r03-q03732-3u-t32	3	3	tpl-e9cc8f3f845a4f7fb1117dc4	0	201	0.102436	PASS	none	31e7ad95117c40089d05c61eebd47b96	PASS
r03-q03729-3u-t29	3	3	tpl-e9cc8f3f845a4f7fb1117dc4	0	201	0.089286	PASS	none	550aa648c87f48f09c8dff1b16c22afe	PASS
r03-q03735-3u-t35	3	3	tpl-e9cc8f3f845a4f7fb1117dc4	0	201	0.109550	PASS	none	560c087c02994623aee0471c44378997	PASS
r03-q03739-3u-t39	3	3	tpl-e9cc8f3f845a4f7fb1117dc4	0	201	0.099255	PASS	none	9ef74480a1344e95a27dc0b1095c1488	PASS
r03-q03734-3u-t34	3	3	tpl-e9cc8f3f845a4f7fb1117dc4	0	201	0.120167	PASS	none	a58b7c3ff35e45f6b37ec1af0102aaa9	PASS
r03-q03733-3u-t33	3	3	tpl-e9cc8f3f845a4f7fb1117dc4	0	201	0.107627	PASS	none	aef5c719776d4ec8bb12f6aa2514d423	PASS
r03-q03736-3u-t36	3	3	tpl-e9cc8f3f845a4f7fb1117dc4	0	201	0.102876	PASS	none	60422f68743d48e3bcdf0be43d94fa55	PASS
r03-q03730-3u-t30	3	3	tpl-e9cc8f3f845a4f7fb1117dc4	0	201	0.108785	PASS	none	3e095e92241c4f62a6f00f407db47d60	PASS
r03-q03737-3u-t37	3	3	tpl-e9cc8f3f845a4f7fb1117dc4	0	201	0.093301	PASS	none	325c3413c06e466286fe77df3446feb1	PASS
r03-q03738-3u-t38	3	3	tpl-e9cc8f3f845a4f7fb1117dc4	0	201	0.109855	PASS	none	a70514965c0c4cde9e2dd649950d6a5d	PASS
r03-q03740-3u-t40	3	3	tpl-e9cc8f3f845a4f7fb1117dc4	0	201	0.112376	PASS	none	edd7793325f04c65a00aceedd61e7581	PASS
r03-q03741-3u-t41	3	3	tpl-e9cc8f3f845a4f7fb1117dc4	0	201	0.107150	PASS	none	c60399a914c04636a5a89677c651fc75	PASS
r03-q03743-3u-t43	3	3	tpl-e9cc8f3f845a4f7fb1117dc4	0	201	0.097534	PASS	none	381d9987c5a0409a9256346f659f99b5	PASS
r03-q03745-3u-t45	3	3	tpl-e9cc8f3f845a4f7fb1117dc4	0	201	0.094554	PASS	none	22b853c79d8942c59e8db621b09f40db	PASS
r03-q03744-3u-t44	3	3	tpl-e9cc8f3f845a4f7fb1117dc4	0	201	0.098397	PASS	none	6a5cc48e962f42418b4e73ea06e9c4e5	PASS
r03-q03742-3u-t42	3	3	tpl-e9cc8f3f845a4f7fb1117dc4	0	201	0.114353	PASS	none	8a8338d0309849d3b1a43d65d5e57a63	PASS
r03-q03748-3u-t48	3	3	tpl-e9cc8f3f845a4f7fb1117dc4	0	201	0.086204	PASS	none	4ad5897c61d84db1b9807f55a1cd8876	PASS
r03-q03746-3u-t46	3	3	tpl-e9cc8f3f845a4f7fb1117dc4	0	201	0.089723	PASS	none	cd190b9e39964f5e821f33b16ff30afd	PASS
r03-q03749-3u-t49	3	3	tpl-e9cc8f3f845a4f7fb1117dc4	0	201	0.081316	PASS	none	def9b177689b43f8ada1bcf34788e3f6	PASS
r03-q03747-3u-t47	3	3	tpl-e9cc8f3f845a4f7fb1117dc4	0	201	0.095145	PASS	none	fc7db176243344288ab80dff29b2b07c	PASS
r03-q03750-3u-t50	3	3	tpl-e9cc8f3f845a4f7fb1117dc4	0	201	0.079918	PASS	none	1eecd6dc74854f0badb33f9b66df5ad9	PASS
r04-q03751-3u-t1	4	3	tpl-e9cc8f3f845a4f7fb1117dc4	0	201	0.076207	PASS	none	dbaab377dc714e5992d126900e13a9ca	PASS
r04-q03753-3u-t3	4	3	tpl-e9cc8f3f845a4f7fb1117dc4	0	201	0.057776	PASS	none	0acbed94980042b7b583f08fd800fe48	PASS
r04-q03752-3u-t2	4	3	tpl-e9cc8f3f845a4f7fb1117dc4	0	201	0.053263	PASS	none	98dacb6b5fba4f2493b7116a91585d51	PASS
r04-q03754-3u-t4	4	3	tpl-e9cc8f3f845a4f7fb1117dc4	0	201	0.081001	PASS	none	ea6bee5bff824fa487a7ee8734c1ed64	PASS
r04-q03757-3u-t7	4	3	tpl-e9cc8f3f845a4f7fb1117dc4	0	201	0.059710	PASS	none	fc95da36c4534748916078022e89bc63	PASS
r04-q03756-3u-t6	4	3	tpl-e9cc8f3f845a4f7fb1117dc4	0	201	0.083893	PASS	none	38a7f70c02784d0f974e45af22c6878d	PASS
r04-q03758-3u-t8	4	3	tpl-e9cc8f3f845a4f7fb1117dc4	0	201	0.055762	PASS	none	0cca39b1beb7435f9baa75c2a01af877	PASS
r04-q03755-3u-t5	4	3	tpl-e9cc8f3f845a4f7fb1117dc4	0	201	0.081689	PASS	none	1e964c478c1e4bc28d6984ec1e179b82	PASS
r04-q03762-3u-t12	4	3	tpl-e9cc8f3f845a4f7fb1117dc4	0	201	0.071463	PASS	none	08eed4560d15476b8b0e09e82887c571	PASS
r04-q03761-3u-t11	4	3	tpl-e9cc8f3f845a4f7fb1117dc4	0	201	0.073159	PASS	none	9f1b99445ef04b8995d41a5ec5239b6f	PASS
r04-q03760-3u-t10	4	3	tpl-e9cc8f3f845a4f7fb1117dc4	0	201	0.058476	PASS	none	b77e6822c7ba48dd9137425797d5138f	PASS
r04-q03759-3u-t9	4	3	tpl-e9cc8f3f845a4f7fb1117dc4	0	201	0.059004	PASS	none	7ce552836b9042a0a83aa9627598b9c9	PASS
r04-q03767-3u-t17	4	3	tpl-e9cc8f3f845a4f7fb1117dc4	0	201	0.079192	PASS	none	55aa3011bfad4a0c89521a9ee8d98d08	PASS
r04-q03764-3u-t14	4	3	tpl-e9cc8f3f845a4f7fb1117dc4	0	201	0.079881	PASS	none	d2b7c747501d4d858be1d192095f57ac	PASS
r04-q03765-3u-t15	4	3	tpl-e9cc8f3f845a4f7fb1117dc4	0	201	0.080472	PASS	none	c0f86e9d0b334749aa4b866195b41277	PASS
r04-q03763-3u-t13	4	3	tpl-e9cc8f3f845a4f7fb1117dc4	0	201	0.090479	PASS	none	80f805b6a607440083259cadf2d25d4b	PASS
r04-q03766-3u-t16	4	3	tpl-e9cc8f3f845a4f7fb1117dc4	0	201	0.090648	PASS	none	de649dc61b904938a19b407b4a863953	PASS
r04-q03782-3u-t32	4	3	tpl-e9cc8f3f845a4f7fb1117dc4	0	201	0.084195	PASS	none	87b68930e78f47a5931877fa4f4e1226	PASS
r04-q03770-3u-t20	4	3	tpl-e9cc8f3f845a4f7fb1117dc4	0	201	0.092282	PASS	none	dfdb6c0a806d4478b05eb9da677cca11	PASS
r04-q03778-3u-t28	4	3	tpl-e9cc8f3f845a4f7fb1117dc4	0	201	0.083390	PASS	none	16dde66f2f7d42d9896c5acef00b2700	PASS
r04-q03776-3u-t26	4	3	tpl-e9cc8f3f845a4f7fb1117dc4	0	201	0.088605	PASS	none	3512d4ea4fcc44a185534113a326bf13	PASS
r04-q03786-3u-t36	4	3	tpl-e9cc8f3f845a4f7fb1117dc4	0	201	0.092629	PASS	none	34ca9959b16846df82fc08e703ab1148	PASS
r04-q03783-3u-t33	4	3	tpl-e9cc8f3f845a4f7fb1117dc4	0	201	0.090727	PASS	none	e1822a28e3164f609c4350eeec90adf3	PASS
r04-q03768-3u-t18	4	3	tpl-e9cc8f3f845a4f7fb1117dc4	0	201	0.089130	PASS	none	f6784398160a480586a56c3530bab91d	PASS
r04-q03784-3u-t34	4	3	tpl-e9cc8f3f845a4f7fb1117dc4	0	201	0.094248	PASS	none	092c6228e93f4462a74c619c9a5475d2	PASS
r04-q03785-3u-t35	4	3	tpl-e9cc8f3f845a4f7fb1117dc4	0	201	0.101944	PASS	none	691e2b5d8121424599478a138df05b9c	PASS
r04-q03780-3u-t30	4	3	tpl-e9cc8f3f845a4f7fb1117dc4	0	201	0.091848	PASS	none	e0a55dde1c20424caed253038199536d	PASS
r04-q03769-3u-t19	4	3	tpl-e9cc8f3f845a4f7fb1117dc4	0	201	0.078870	PASS	none	8c233f9114e64804be50017f3d0de642	PASS
r04-q03775-3u-t25	4	3	tpl-e9cc8f3f845a4f7fb1117dc4	0	201	0.073612	PASS	none	f74f1d2c07884c188d4b28c5fd97dce1	PASS
r04-q03774-3u-t24	4	3	tpl-e9cc8f3f845a4f7fb1117dc4	0	201	0.089825	PASS	none	0b3cc8e22b5f4e86bb60ce2ca518f49a	PASS
r04-q03793-3u-t43	4	3	tpl-e9cc8f3f845a4f7fb1117dc4	0	201	0.090964	PASS	none	c09dc215614643bea11a0fb7f5b51dd0	PASS
r04-q03779-3u-t29	4	3	tpl-e9cc8f3f845a4f7fb1117dc4	0	201	0.083446	PASS	none	a2ce1c3087484c0790b68226bc41b2cd	PASS
r04-q03790-3u-t40	4	3	tpl-e9cc8f3f845a4f7fb1117dc4	0	201	0.090788	PASS	none	36c850cd908146edaa1b3c3c92ddbbe9	PASS
r04-q03787-3u-t37	4	3	tpl-e9cc8f3f845a4f7fb1117dc4	0	201	0.091432	PASS	none	d774c70d10d34dc88e7fb45f26146e6e	PASS
r04-q03771-3u-t21	4	3	tpl-e9cc8f3f845a4f7fb1117dc4	0	201	0.072317	PASS	none	bda1013329ce4ea3a9b837b309936140	PASS
r04-q03791-3u-t41	4	3	tpl-e9cc8f3f845a4f7fb1117dc4	0	201	0.094564	PASS	none	beea21e7f69d4bfb8eb1a275de8a3ea9	PASS
r04-q03773-3u-t23	4	3	tpl-e9cc8f3f845a4f7fb1117dc4	0	201	0.088877	PASS	none	e4a79efa3c7047c8a4609a900fad435c	PASS
r04-q03795-3u-t45	4	3	tpl-e9cc8f3f845a4f7fb1117dc4	0	201	0.087840	PASS	none	eed093ed47874acba03417665975b75e	PASS
r04-q03772-3u-t22	4	3	tpl-e9cc8f3f845a4f7fb1117dc4	0	201	0.077715	PASS	none	8e9f4d5076a84f05b03da06964957a6d	PASS
r04-q03777-3u-t27	4	3	tpl-e9cc8f3f845a4f7fb1117dc4	0	201	0.080806	PASS	none	9323058a987b43d7b0b7daa987cf7bd8	PASS
r04-q03781-3u-t31	4	3	tpl-e9cc8f3f845a4f7fb1117dc4	0	201	0.081651	PASS	none	5defd9ecf2e142878a997d4d803771a0	PASS
r04-q03788-3u-t38	4	3	tpl-e9cc8f3f845a4f7fb1117dc4	0	201	0.088157	PASS	none	7bf0fd1f3a5d44ffa9c6dc78a031999c	PASS
r04-q03789-3u-t39	4	3	tpl-e9cc8f3f845a4f7fb1117dc4	0	201	0.092048	PASS	none	749bf424ad254b7eaba829e689d58adb	PASS
r04-q03794-3u-t44	4	3	tpl-e9cc8f3f845a4f7fb1117dc4	0	201	0.084360	PASS	none	def348821ce246009c6f0c7542d75e99	PASS
r04-q03792-3u-t42	4	3	tpl-e9cc8f3f845a4f7fb1117dc4	0	201	0.077026	PASS	none	80d5621d672d4ba69fd3b7f7b0d266c7	PASS
r04-q03798-3u-t48	4	3	tpl-e9cc8f3f845a4f7fb1117dc4	0	201	0.082542	PASS	none	f37738c475954b0e88c6b6e7a93a6368	PASS
r04-q03797-3u-t47	4	3	tpl-e9cc8f3f845a4f7fb1117dc4	0	201	0.083298	PASS	none	8ab1fe62438c4119bd5e2f83fcafcca3	PASS
r04-q03796-3u-t46	4	3	tpl-e9cc8f3f845a4f7fb1117dc4	0	201	0.084978	PASS	none	5408f0a935f643faa3f6ff832d192429	PASS
r04-q03799-3u-t49	4	3	tpl-e9cc8f3f845a4f7fb1117dc4	0	201	0.091649	PASS	none	2d046eb3d9934a6895056107588ae97f	PASS
r04-q03800-3u-t50	4	3	tpl-e9cc8f3f845a4f7fb1117dc4	0	201	0.087239	PASS	none	0019a3cab1cd461eac53b7b404b911fe	PASS
r05-q03802-3u-t2	5	3	tpl-e9cc8f3f845a4f7fb1117dc4	0	201	0.048651	PASS	none	754dbd714dbe44b091476b61e8abbdb3	PASS
r05-q03801-3u-t1	5	3	tpl-e9cc8f3f845a4f7fb1117dc4	0	201	0.052239	PASS	none	344047efc8b7425194cb90f7cc07d972	PASS
r05-q03806-3u-t6	5	3	tpl-e9cc8f3f845a4f7fb1117dc4	0	201	0.072047	PASS	none	2019dfc8f487465baa6179adfc731bfa	PASS
r05-q03805-3u-t5	5	3	tpl-e9cc8f3f845a4f7fb1117dc4	0	201	0.050507	PASS	none	e0f98ad074184e00a1cc9633d630ba5c	PASS
r05-q03803-3u-t3	5	3	tpl-e9cc8f3f845a4f7fb1117dc4	0	201	0.049924	PASS	none	7d795b34bbfd4501999ac5a1f129ee5d	PASS
r05-q03812-3u-t12	5	3	tpl-e9cc8f3f845a4f7fb1117dc4	0	201	0.062935	PASS	none	4ac6ac5402e14136ba7b5caaa4bb11dc	PASS
r05-q03811-3u-t11	5	3	tpl-e9cc8f3f845a4f7fb1117dc4	0	201	0.066866	PASS	none	6499e8e771ca4c2d830745ade575bd89	PASS
r05-q03819-3u-t19	5	3	tpl-e9cc8f3f845a4f7fb1117dc4	0	201	0.070868	PASS	none	ed3377194ab840068b65b73d53680f11	PASS
r05-q03808-3u-t8	5	3	tpl-e9cc8f3f845a4f7fb1117dc4	0	201	0.065126	PASS	none	f098b5779108485186848760c1804bd0	PASS
r05-q03804-3u-t4	5	3	tpl-e9cc8f3f845a4f7fb1117dc4	0	201	0.054441	PASS	none	3e0e395855b547eebec857146062b6e5	PASS
r05-q03814-3u-t14	5	3	tpl-e9cc8f3f845a4f7fb1117dc4	0	201	0.068600	PASS	none	35f0a443bb0c4a0e98a8a0485f1483fb	PASS
r05-q03807-3u-t7	5	3	tpl-e9cc8f3f845a4f7fb1117dc4	0	201	0.068193	PASS	none	2d82c36439f546838dddeefb10a49aa1	PASS
r05-q03810-3u-t10	5	3	tpl-e9cc8f3f845a4f7fb1117dc4	0	201	0.071201	PASS	none	ec2339f02a264fa98693db6cbba2b52d	PASS
r05-q03817-3u-t17	5	3	tpl-e9cc8f3f845a4f7fb1117dc4	0	201	0.083612	PASS	none	ab54c394981e4f82a7b5439badea8a94	PASS
r05-q03821-3u-t21	5	3	tpl-e9cc8f3f845a4f7fb1117dc4	0	201	0.069365	PASS	none	06a5026ae2b840498c951c961061d9d6	PASS
r05-q03809-3u-t9	5	3	tpl-e9cc8f3f845a4f7fb1117dc4	0	201	0.067053	PASS	none	e38f72b47b93408ea8f545867ceee5c0	PASS
r05-q03813-3u-t13	5	3	tpl-e9cc8f3f845a4f7fb1117dc4	0	201	0.088761	PASS	none	334fc645e3dc4fd2b058e5ef0aa49cd8	PASS
r05-q03818-3u-t18	5	3	tpl-e9cc8f3f845a4f7fb1117dc4	0	201	0.083970	PASS	none	6318d9e9188f4ff4aad3c71f3b91c215	PASS
r05-q03815-3u-t15	5	3	tpl-e9cc8f3f845a4f7fb1117dc4	0	201	0.069076	PASS	none	abe13a424ecb467083ed305fbb2a516c	PASS
r05-q03823-3u-t23	5	3	tpl-e9cc8f3f845a4f7fb1117dc4	0	201	0.075018	PASS	none	ebbf38bfa3104777a349d53e4c789ece	PASS
r05-q03816-3u-t16	5	3	tpl-e9cc8f3f845a4f7fb1117dc4	0	201	0.066802	PASS	none	3a821f30505e4bacac3668bd6d890f1c	PASS
r05-q03824-3u-t24	5	3	tpl-e9cc8f3f845a4f7fb1117dc4	0	201	0.074709	PASS	none	690eb52b082845558b942815115fdcbb	PASS
r05-q03830-3u-t30	5	3	tpl-e9cc8f3f845a4f7fb1117dc4	0	201	0.075561	PASS	none	c300bd841cb44029b37166938e114ba9	PASS
r05-q03825-3u-t25	5	3	tpl-e9cc8f3f845a4f7fb1117dc4	0	201	0.076389	PASS	none	78b49b5e71f442b49150d8e4829475a8	PASS
r05-q03820-3u-t20	5	3	tpl-e9cc8f3f845a4f7fb1117dc4	0	201	0.075967	PASS	none	0e3fe35b6fa747609fb37bf3279773a0	PASS
r05-q03826-3u-t26	5	3	tpl-e9cc8f3f845a4f7fb1117dc4	0	201	0.070178	PASS	none	c3eb29c51d3b40099d34fce385903f1b	PASS
r05-q03827-3u-t27	5	3	tpl-e9cc8f3f845a4f7fb1117dc4	0	201	0.070549	PASS	none	f15e23a8a50346f6a6dcb364408fb5ca	PASS
r05-q03829-3u-t29	5	3	tpl-e9cc8f3f845a4f7fb1117dc4	0	201	0.086349	PASS	none	a565aad5a7284a87911445c691b6979b	PASS
r05-q03836-3u-t36	5	3	tpl-e9cc8f3f845a4f7fb1117dc4	0	201	0.087013	PASS	none	53f026f5d18c4d4fac7788d87b383b5e	PASS
r05-q03828-3u-t28	5	3	tpl-e9cc8f3f845a4f7fb1117dc4	0	201	0.078540	PASS	none	321f0e6c25f14b36858b14a168222f62	PASS
r05-q03831-3u-t31	5	3	tpl-e9cc8f3f845a4f7fb1117dc4	0	201	0.093825	PASS	none	2a191f9ff71a49b0b93e7bc8e19d261a	PASS
r05-q03832-3u-t32	5	3	tpl-e9cc8f3f845a4f7fb1117dc4	0	201	0.087850	PASS	none	5a9670164476447db2f9a7b552d94511	PASS
r05-q03835-3u-t35	5	3	tpl-e9cc8f3f845a4f7fb1117dc4	0	201	0.097689	PASS	none	c1fb17c64fbe45e2926aff973f7a7165	PASS
r05-q03822-3u-t22	5	3	tpl-e9cc8f3f845a4f7fb1117dc4	0	201	0.085557	PASS	none	5600121517e74ce9a7be3cd3d3d1cf33	PASS
r05-q03833-3u-t33	5	3	tpl-e9cc8f3f845a4f7fb1117dc4	0	201	0.092588	PASS	none	e7da53972a4240b9ae3c66709ed80f8e	PASS
r05-q03840-3u-t40	5	3	tpl-e9cc8f3f845a4f7fb1117dc4	0	201	0.088169	PASS	none	79ebf05e9b1e4ead8ddf588859909328	PASS
r05-q03842-3u-t42	5	3	tpl-e9cc8f3f845a4f7fb1117dc4	0	201	0.085938	PASS	none	1a98410b14c94e9fa089f7c8251671bf	PASS
r05-q03834-3u-t34	5	3	tpl-e9cc8f3f845a4f7fb1117dc4	0	201	0.098691	PASS	none	5eb4df3bed1c4c21b2210943789c32a0	PASS
r05-q03847-3u-t47	5	3	tpl-e9cc8f3f845a4f7fb1117dc4	0	201	0.096898	PASS	none	776481ee10664d919faefdf4f90b5697	PASS
r05-q03843-3u-t43	5	3	tpl-e9cc8f3f845a4f7fb1117dc4	0	201	0.089835	PASS	none	36f30c34fbba4a3baa4f5ecc2d6b4227	PASS
r05-q03837-3u-t37	5	3	tpl-e9cc8f3f845a4f7fb1117dc4	0	201	0.082187	PASS	none	36e17eea133a41399589886008762df7	PASS
r05-q03845-3u-t45	5	3	tpl-e9cc8f3f845a4f7fb1117dc4	0	201	0.092992	PASS	none	6862533f739744c88368c65ac4b22e4b	PASS
r05-q03841-3u-t41	5	3	tpl-e9cc8f3f845a4f7fb1117dc4	0	201	0.096018	PASS	none	789073bc04ca4ea79544c3f3783096b5	PASS
r05-q03839-3u-t39	5	3	tpl-e9cc8f3f845a4f7fb1117dc4	0	201	0.089662	PASS	none	5139ada8b04a4d5ca19bf176980aed84	PASS
r05-q03838-3u-t38	5	3	tpl-e9cc8f3f845a4f7fb1117dc4	0	201	0.086080	PASS	none	98c45e7d49274471aa7808acaed3de7a	PASS
r05-q03844-3u-t44	5	3	tpl-e9cc8f3f845a4f7fb1117dc4	0	201	0.084457	PASS	none	9d0d0fc14ec9400faf18f3ff0f4ecc5c	PASS
r05-q03848-3u-t48	5	3	tpl-e9cc8f3f845a4f7fb1117dc4	0	201	0.091255	PASS	none	38e3825378dc4060b9e4eb94299a58e5	PASS
r05-q03850-3u-t50	5	3	tpl-e9cc8f3f845a4f7fb1117dc4	0	201	0.086978	PASS	none	fd9b54711ba64ba39d078e524916c09e	PASS
r05-q03846-3u-t46	5	3	tpl-e9cc8f3f845a4f7fb1117dc4	0	201	0.091634	PASS	none	7cf78d5c370744bfbb447bcc916cbb44	PASS
r05-q03849-3u-t49	5	3	tpl-e9cc8f3f845a4f7fb1117dc4	0	201	0.087077	PASS	none	03cf3eb04d1d4856812a821e6cd88e12	PASS
r06-q03853-3u-t3	6	3	tpl-e9cc8f3f845a4f7fb1117dc4	0	201	0.060394	PASS	none	d86c650df020493a97c93c7ddfd78d64	PASS
r06-q03852-3u-t2	6	3	tpl-e9cc8f3f845a4f7fb1117dc4	0	201	0.046886	PASS	none	6241abb1f37f44188c040b8d361d1619	PASS
r06-q03858-3u-t8	6	3	tpl-e9cc8f3f845a4f7fb1117dc4	0	201	0.061212	PASS	none	d9718da40c154559b50d376cbd8bdb3b	PASS
r06-q03855-3u-t5	6	3	tpl-e9cc8f3f845a4f7fb1117dc4	0	201	0.075836	PASS	none	f3e0130a83ae4d15abb5e97cf8eb873d	PASS
r06-q03851-3u-t1	6	3	tpl-e9cc8f3f845a4f7fb1117dc4	0	201	0.048149	PASS	none	64ef57d0c3494de98cb9d12101b04e10	PASS
r06-q03854-3u-t4	6	3	tpl-e9cc8f3f845a4f7fb1117dc4	0	201	0.059517	PASS	none	6269f9725be54072ac2920efec358100	PASS
r06-q03860-3u-t10	6	3	tpl-e9cc8f3f845a4f7fb1117dc4	0	201	0.072978	PASS	none	8e662408311045eeb31204492c4410a8	PASS
r06-q03857-3u-t7	6	3	tpl-e9cc8f3f845a4f7fb1117dc4	0	201	0.059785	PASS	none	8235eb55266642e8a3c6bdf6bcd809a4	PASS
r06-q03863-3u-t13	6	3	tpl-e9cc8f3f845a4f7fb1117dc4	0	201	0.076467	PASS	none	68ef3862a48040a58d242b0bb1d8dfa1	PASS
r06-q03859-3u-t9	6	3	tpl-e9cc8f3f845a4f7fb1117dc4	0	201	0.076802	PASS	none	fc5c7445890b41cc85b8c3a01a6aad0f	PASS
r06-q03862-3u-t12	6	3	tpl-e9cc8f3f845a4f7fb1117dc4	0	201	0.061884	PASS	none	83df974d440c48df9fc86b5ffa732349	PASS
r06-q03856-3u-t6	6	3	tpl-e9cc8f3f845a4f7fb1117dc4	0	201	0.083050	PASS	none	3036620a29cc41c381fbd26c0efc08ac	PASS
r06-q03866-3u-t16	6	3	tpl-e9cc8f3f845a4f7fb1117dc4	0	201	0.065060	PASS	none	9563ae7841c44abea902daa435daf426	PASS
r06-q03861-3u-t11	6	3	tpl-e9cc8f3f845a4f7fb1117dc4	0	201	0.069144	PASS	none	e12f780ad6ea44179f45e8d3311e7d97	PASS
r06-q03868-3u-t18	6	3	tpl-e9cc8f3f845a4f7fb1117dc4	0	201	0.083571	PASS	none	853080dd971f4ca6a66d670aeeb958f5	PASS
r06-q03869-3u-t19	6	3	tpl-e9cc8f3f845a4f7fb1117dc4	0	201	0.065866	PASS	none	664ff90329e941e4bb1343fd1a26392b	PASS
r06-q03867-3u-t17	6	3	tpl-e9cc8f3f845a4f7fb1117dc4	0	201	0.069364	PASS	none	c1caa49c87264b5bbf0e6ecb115eaf2e	PASS
r06-q03870-3u-t20	6	3	tpl-e9cc8f3f845a4f7fb1117dc4	0	201	0.074261	PASS	none	f79f1482c8da462ca1fe5ed4f9037c14	PASS
r06-q03865-3u-t15	6	3	tpl-e9cc8f3f845a4f7fb1117dc4	0	201	0.064407	PASS	none	7d517c46cbb54a87b656c4a54b222307	PASS
r06-q03871-3u-t21	6	3	tpl-e9cc8f3f845a4f7fb1117dc4	0	201	0.073151	PASS	none	4a32d2a57009451881ac8343ba9710ed	PASS
r06-q03864-3u-t14	6	3	tpl-e9cc8f3f845a4f7fb1117dc4	0	201	0.070612	PASS	none	18ffc797e83442309765c0d2409a6169	PASS
r06-q03880-3u-t30	6	3	tpl-e9cc8f3f845a4f7fb1117dc4	0	201	0.073468	PASS	none	8e0615cbf6344a1db4dfa2f8c00dcca1	PASS
r06-q03874-3u-t24	6	3	tpl-e9cc8f3f845a4f7fb1117dc4	0	201	0.081870	PASS	none	a6fc569556564b609896c069f513a12e	PASS
r06-q03872-3u-t22	6	3	tpl-e9cc8f3f845a4f7fb1117dc4	0	201	0.079143	PASS	none	ef8f82c39174428a82e47358c759af70	PASS
r06-q03873-3u-t23	6	3	tpl-e9cc8f3f845a4f7fb1117dc4	0	201	0.074520	PASS	none	85106159479243ec8c1d43bf377ada62	PASS
r06-q03879-3u-t29	6	3	tpl-e9cc8f3f845a4f7fb1117dc4	0	201	0.072379	PASS	none	dc65bdf8f1624c75b666ff85647102ba	PASS
r06-q03882-3u-t32	6	3	tpl-e9cc8f3f845a4f7fb1117dc4	0	201	0.084810	PASS	none	0467581a81564ba4aad94f7a7c7ab83f	PASS
r06-q03875-3u-t25	6	3	tpl-e9cc8f3f845a4f7fb1117dc4	0	201	0.084670	PASS	none	b7d1428844af4aca88324d4dfa6a8c77	PASS
r06-q03881-3u-t31	6	3	tpl-e9cc8f3f845a4f7fb1117dc4	0	201	0.076618	PASS	none	71874d25949944d68de6a1ead8bd3ba2	PASS
r06-q03876-3u-t26	6	3	tpl-e9cc8f3f845a4f7fb1117dc4	0	201	0.089332	PASS	none	1de07f78dd76449fbea806e355aa2d36	PASS
r06-q03878-3u-t28	6	3	tpl-e9cc8f3f845a4f7fb1117dc4	0	201	0.078381	PASS	none	855f110341254696a0ce155d724dfda1	PASS
r06-q03885-3u-t35	6	3	tpl-e9cc8f3f845a4f7fb1117dc4	0	201	0.078318	PASS	none	ac1eeb6beb1946c7bfd02e411c481893	PASS
r06-q03886-3u-t36	6	3	tpl-e9cc8f3f845a4f7fb1117dc4	0	201	0.089693	PASS	none	ce951fa84c6941df933e0898a33eb994	PASS
r06-q03883-3u-t33	6	3	tpl-e9cc8f3f845a4f7fb1117dc4	0	201	0.075759	PASS	none	93d03695e208482ab2b695f601299d9f	PASS
r06-q03877-3u-t27	6	3	tpl-e9cc8f3f845a4f7fb1117dc4	0	201	0.068399	PASS	none	e52b7d85c7e3446da14cc25a5188a3d6	PASS
r06-q03887-3u-t37	6	3	tpl-e9cc8f3f845a4f7fb1117dc4	0	201	0.081217	PASS	none	2eddaf998a5f4d40aec0d6acb1731657	PASS
r06-q03888-3u-t38	6	3	tpl-e9cc8f3f845a4f7fb1117dc4	0	201	0.089867	PASS	none	450f6adea81a4a938cbf9f4a5396752b	PASS
r06-q03893-3u-t43	6	3	tpl-e9cc8f3f845a4f7fb1117dc4	0	201	0.090801	PASS	none	59e2a1d991624818988e7b177ee5d357	PASS
r06-q03889-3u-t39	6	3	tpl-e9cc8f3f845a4f7fb1117dc4	0	201	0.083576	PASS	none	5cf140d271bb482eaa61901fbded6e13	PASS
r06-q03892-3u-t42	6	3	tpl-e9cc8f3f845a4f7fb1117dc4	0	201	0.092277	PASS	none	59d5b4e15def4677a36d25c07a35f704	PASS
r06-q03895-3u-t45	6	3	tpl-e9cc8f3f845a4f7fb1117dc4	0	201	0.083781	PASS	none	98f54bcae86b41cda6f76eab746f566f	PASS
r06-q03884-3u-t34	6	3	tpl-e9cc8f3f845a4f7fb1117dc4	0	201	0.087444	PASS	none	bf1aaf6e58eb44fe880d8e8731ae2f89	PASS
r06-q03890-3u-t40	6	3	tpl-e9cc8f3f845a4f7fb1117dc4	0	201	0.081568	PASS	none	3b7a012ba7c049a98c05329e5b2df48b	PASS
r06-q03894-3u-t44	6	3	tpl-e9cc8f3f845a4f7fb1117dc4	0	201	0.087968	PASS	none	cd42eced4bc548a4b13aec330a8e9550	PASS
r06-q03899-3u-t49	6	3	tpl-e9cc8f3f845a4f7fb1117dc4	0	201	0.088535	PASS	none	8f9855d54d1540deae8227f46e1cb5e7	PASS
r06-q03891-3u-t41	6	3	tpl-e9cc8f3f845a4f7fb1117dc4	0	201	0.082429	PASS	none	e2965d5e43134344a0792951c3671694	PASS
r06-q03897-3u-t47	6	3	tpl-e9cc8f3f845a4f7fb1117dc4	0	201	0.091378	PASS	none	eb1a1a03ddb54850ae9c2ed0a688342f	PASS
r06-q03900-3u-t50	6	3	tpl-e9cc8f3f845a4f7fb1117dc4	0	201	0.079854	PASS	none	bfc99c028309430c8cf8092b381daa53	PASS
r06-q03898-3u-t48	6	3	tpl-e9cc8f3f845a4f7fb1117dc4	0	201	0.093156	PASS	none	05cecc05345d4aa598ed26b9e48a0f5d	PASS
r06-q03896-3u-t46	6	3	tpl-e9cc8f3f845a4f7fb1117dc4	0	201	0.098723	PASS	none	31fbc304def94658b29fb58f95bdcf5a	PASS
r01-q03903-3u-t3	1	3	tpl-6c6aea065a9348f984f2424f	0	201	0.063244	PASS	none	975026bf69f94eb49a613916fd5f7518	PASS
r01-q03907-3u-t7	1	3	tpl-6c6aea065a9348f984f2424f	0	201	0.064294	PASS	none	ef4f542f21a84efd820b5d4b5c120778	PASS
r01-q03902-3u-t2	1	3	tpl-6c6aea065a9348f984f2424f	0	201	0.062452	PASS	none	a14bf3966aee43e099aa3a52bbdce053	PASS
r01-q03908-3u-t8	1	3	tpl-6c6aea065a9348f984f2424f	0	201	0.067219	PASS	none	08ba3b4f087845b1bc9baf7f0ff58c5d	PASS
r01-q03911-3u-t11	1	3	tpl-6c6aea065a9348f984f2424f	0	201	0.058672	PASS	none	512dd410bbfb4cdd98b42791b895704e	PASS
r01-q03901-3u-t1	1	3	tpl-6c6aea065a9348f984f2424f	0	201	0.066439	PASS	none	e0f1882a4b3848a0b0d31f7e33dfe49a	PASS
r01-q03905-3u-t5	1	3	tpl-6c6aea065a9348f984f2424f	0	201	0.082671	PASS	none	03ae1deb426a4d5fa1b8f76de21d2854	PASS
r01-q03906-3u-t6	1	3	tpl-6c6aea065a9348f984f2424f	0	201	0.074081	PASS	none	9c538563b3e1464ea6cd71143be29d60	PASS
r01-q03904-3u-t4	1	3	tpl-6c6aea065a9348f984f2424f	0	201	0.058351	PASS	none	f016f9cfdb38434a8bab571d78725b0b	PASS
r01-q03910-3u-t10	1	3	tpl-6c6aea065a9348f984f2424f	0	201	0.063879	PASS	none	c7199c4ac37e4e3f9e8af71d2257325e	PASS
r01-q03913-3u-t13	1	3	tpl-6c6aea065a9348f984f2424f	0	201	0.069390	PASS	none	ff277b7b20b64473adac5b2ca63e3937	PASS
r01-q03912-3u-t12	1	3	tpl-6c6aea065a9348f984f2424f	0	201	0.069640	PASS	none	56b0aabdc55e461fb83735b1dec2f5dd	PASS
r01-q03914-3u-t14	1	3	tpl-6c6aea065a9348f984f2424f	0	201	0.065659	PASS	none	690e4ecd85574ffcaebb626691e5d027	PASS
r01-q03917-3u-t17	1	3	tpl-6c6aea065a9348f984f2424f	0	201	0.071612	PASS	none	be5ea76721df46af846f1f81d6d1cc30	PASS
r01-q03915-3u-t15	1	3	tpl-6c6aea065a9348f984f2424f	0	201	0.085080	PASS	none	9fd0fb46d011414e9d5525e23819d647	PASS
r01-q03909-3u-t9	1	3	tpl-6c6aea065a9348f984f2424f	0	201	0.090936	PASS	none	1f020a55d3424109828d7a04b4fd8a85	PASS
r01-q03916-3u-t16	1	3	tpl-6c6aea065a9348f984f2424f	0	201	0.079165	PASS	none	034f70d1c16045c39ceb56667b638cb3	PASS
r01-q03919-3u-t19	1	3	tpl-6c6aea065a9348f984f2424f	0	201	0.078240	PASS	none	defd42f204aa4efc9d484dfd719f65f3	PASS
r01-q03923-3u-t23	1	3	tpl-6c6aea065a9348f984f2424f	0	201	0.074026	PASS	none	b89f948cb514475db2da16de2d8c3cd9	PASS
r01-q03918-3u-t18	1	3	tpl-6c6aea065a9348f984f2424f	0	201	0.083761	PASS	none	c07ead0a63f3487f89614a006baa6791	PASS
r01-q03922-3u-t22	1	3	tpl-6c6aea065a9348f984f2424f	0	201	0.079370	PASS	none	086ebd048c25402f855942b56cbfbb32	PASS
r01-q03921-3u-t21	1	3	tpl-6c6aea065a9348f984f2424f	0	201	0.079575	PASS	none	ab0c9a22b265406cbb7a3c6b200cdae0	PASS
r01-q03924-3u-t24	1	3	tpl-6c6aea065a9348f984f2424f	0	201	0.082917	PASS	none	090c1fa1ac314e71a0c33b7324f74eb5	PASS
r01-q03925-3u-t25	1	3	tpl-6c6aea065a9348f984f2424f	0	201	0.086711	PASS	none	52459af14f6e4b8dab302aa297444da5	PASS
r01-q03920-3u-t20	1	3	tpl-6c6aea065a9348f984f2424f	0	201	0.072401	PASS	none	74048eb9094d4a7985900508fd7d0c23	PASS
r01-q03927-3u-t27	1	3	tpl-6c6aea065a9348f984f2424f	0	201	0.086703	PASS	none	36e0b02bff1e4e1fad56f31ec2e59518	PASS
r01-q03931-3u-t31	1	3	tpl-6c6aea065a9348f984f2424f	0	201	0.084833	PASS	none	a7ce6ef9689a4c598899d4702e4f2185	PASS
r01-q03928-3u-t28	1	3	tpl-6c6aea065a9348f984f2424f	0	201	0.091288	PASS	none	d33d392322ed46caac43504cc462bb9b	PASS
r01-q03929-3u-t29	1	3	tpl-6c6aea065a9348f984f2424f	0	201	0.085001	PASS	none	62af66ad1fd849618d44069a874dbd90	PASS
r01-q03926-3u-t26	1	3	tpl-6c6aea065a9348f984f2424f	0	201	0.077035	PASS	none	21beea14bac949e3aa1b11ec485b9514	PASS
r01-q03939-3u-t39	1	3	tpl-6c6aea065a9348f984f2424f	0	201	0.093518	PASS	none	5ba5c8c6274e43cdac3a610dc8a83551	PASS
r01-q03933-3u-t33	1	3	tpl-6c6aea065a9348f984f2424f	0	201	0.083754	PASS	none	5953ed5753384be8bf92481455622a1a	PASS
r01-q03932-3u-t32	1	3	tpl-6c6aea065a9348f984f2424f	0	201	0.087139	PASS	none	b4918d5933d448edb2598d7f6021d507	PASS
r01-q03935-3u-t35	1	3	tpl-6c6aea065a9348f984f2424f	0	201	0.088476	PASS	none	d318c6026b61428c8849bf6eaa4cc61c	PASS
r01-q03937-3u-t37	1	3	tpl-6c6aea065a9348f984f2424f	0	201	0.087010	PASS	none	382d79a94c704de2beacfcffbb171818	PASS
r01-q03936-3u-t36	1	3	tpl-6c6aea065a9348f984f2424f	0	201	0.091402	PASS	none	82121fb01038450e8bc0ef959fadf661	PASS
r01-q03943-3u-t43	1	3	tpl-6c6aea065a9348f984f2424f	0	201	0.087142	PASS	none	d4035af0bf924cadafb68c8472bac84b	PASS
r01-q03930-3u-t30	1	3	tpl-6c6aea065a9348f984f2424f	0	201	0.084421	PASS	none	773a52bf8cf54691a3780839598b6829	PASS
r01-q03938-3u-t38	1	3	tpl-6c6aea065a9348f984f2424f	0	201	0.090264	PASS	none	ab54ed09e41d4bd7bd2b2ef0ae489cfd	PASS
r01-q03941-3u-t41	1	3	tpl-6c6aea065a9348f984f2424f	0	201	0.079491	PASS	none	e3b8b00ffdbc4e459162c6a2b0395602	PASS
r01-q03942-3u-t42	1	3	tpl-6c6aea065a9348f984f2424f	0	201	0.095509	PASS	none	bef42d307d9d4a35b1603d5462ea13f7	PASS
r01-q03934-3u-t34	1	3	tpl-6c6aea065a9348f984f2424f	0	201	0.086207	PASS	none	b2a3b061087e475bae02382f5805cb2b	PASS
r01-q03944-3u-t44	1	3	tpl-6c6aea065a9348f984f2424f	0	201	0.088082	PASS	none	ad32608ef2ce40c8bd4db9866f9bb1be	PASS
r01-q03946-3u-t46	1	3	tpl-6c6aea065a9348f984f2424f	0	201	0.085451	PASS	none	92b206ee28124a9c9b6bf200c5c015f6	PASS
r01-q03945-3u-t45	1	3	tpl-6c6aea065a9348f984f2424f	0	201	0.078522	PASS	none	0c113820e3e847e38c73f55fb3699d8e	PASS
r01-q03940-3u-t40	1	3	tpl-6c6aea065a9348f984f2424f	0	201	0.090127	PASS	none	c98c102ff82f456fb74407a3d98c2e26	PASS
r01-q03947-3u-t47	1	3	tpl-6c6aea065a9348f984f2424f	0	201	0.073823	PASS	none	fa8a0d0fe2084902860f5833182385c7	PASS
r01-q03948-3u-t48	1	3	tpl-6c6aea065a9348f984f2424f	0	201	0.075041	PASS	none	23e40e72a52144659f01b01882304a85	PASS
r01-q03949-3u-t49	1	3	tpl-6c6aea065a9348f984f2424f	0	201	0.078811	PASS	none	a7d52599bd5f48839cba9cd66614b122	PASS
r01-q03950-3u-t50	1	3	tpl-6c6aea065a9348f984f2424f	0	201	0.083137	PASS	none	d51a62a6b3594577b1c86caeb80d2ce1	PASS
r02-q03956-3u-t6	2	3	tpl-6c6aea065a9348f984f2424f	0	201	0.070561	PASS	none	f6405789fc8445ec877eccca082c963d	PASS
r02-q03955-3u-t5	2	3	tpl-6c6aea065a9348f984f2424f	0	201	0.049429	PASS	none	947c0300a87a48b695e3ec1b6117fba4	PASS
r02-q03953-3u-t3	2	3	tpl-6c6aea065a9348f984f2424f	0	201	0.053638	PASS	none	d9f83e76cc7f4544b9fec99133e82c63	PASS
r02-q03957-3u-t7	2	3	tpl-6c6aea065a9348f984f2424f	0	201	0.053612	PASS	none	98d9f981dfbe4dc1ade0ec2f3cf8678a	PASS
r02-q03961-3u-t11	2	3	tpl-6c6aea065a9348f984f2424f	0	201	0.058184	PASS	none	74500844491046968087256957a8380a	PASS
r02-q03958-3u-t8	2	3	tpl-6c6aea065a9348f984f2424f	0	201	0.078176	PASS	none	9f2f98b5492c4166b687292a7ad15ffc	PASS
r02-q03960-3u-t10	2	3	tpl-6c6aea065a9348f984f2424f	0	201	0.059796	PASS	none	f3655a6f2ad046a5ac9103afe197e29b	PASS
r02-q03951-3u-t1	2	3	tpl-6c6aea065a9348f984f2424f	0	201	0.046878	PASS	none	7b4c68b82f7e421a8c8b845e09643306	PASS
r02-q03962-3u-t12	2	3	tpl-6c6aea065a9348f984f2424f	0	201	0.065014	PASS	none	1764fd22ab104a97a663f088c0106110	PASS
r02-q03959-3u-t9	2	3	tpl-6c6aea065a9348f984f2424f	0	201	0.058993	PASS	none	25d5316b010242e8b2d24409ef2119e8	PASS
r02-q03969-3u-t19	2	3	tpl-6c6aea065a9348f984f2424f	0	201	0.069111	PASS	none	159077a6451a4a5fba3b0d9dc0350a4c	PASS
r02-q03967-3u-t17	2	3	tpl-6c6aea065a9348f984f2424f	0	201	0.066820	PASS	none	cb1f2b402b7249fba8e222de71b6e520	PASS
r02-q03952-3u-t2	2	3	tpl-6c6aea065a9348f984f2424f	0	201	0.057452	PASS	none	2580dbe3af8e4899bb6f870f9c717437	PASS
r02-q03965-3u-t15	2	3	tpl-6c6aea065a9348f984f2424f	0	201	0.069774	PASS	none	022430dcec2f4f898d969ca1a8debfa8	PASS
r02-q03966-3u-t16	2	3	tpl-6c6aea065a9348f984f2424f	0	201	0.075144	PASS	none	7edaed4c4c0d484183aad1b843178b1f	PASS
r02-q03954-3u-t4	2	3	tpl-6c6aea065a9348f984f2424f	0	201	0.075678	PASS	none	40f14fd7b60242b1bedf3fb14a3455c8	PASS
r02-q03963-3u-t13	2	3	tpl-6c6aea065a9348f984f2424f	0	201	0.063136	PASS	none	714ecb094b3a45188e20366b4a28c78e	PASS
r02-q03964-3u-t14	2	3	tpl-6c6aea065a9348f984f2424f	0	201	0.060331	PASS	none	afc3008242d44798867adb27db7d486d	PASS
r02-q03972-3u-t22	2	3	tpl-6c6aea065a9348f984f2424f	0	201	0.069081	PASS	none	f9467d18b71c40a9adb3dfb81d78282e	PASS
r02-q03968-3u-t18	2	3	tpl-6c6aea065a9348f984f2424f	0	201	0.072915	PASS	none	bbd45f124d2a42d2aa267574c3c23f59	PASS
r02-q03974-3u-t24	2	3	tpl-6c6aea065a9348f984f2424f	0	201	0.079203	PASS	none	c356164698a54eecbb0acf405f98da20	PASS
r02-q03973-3u-t23	2	3	tpl-6c6aea065a9348f984f2424f	0	201	0.073440	PASS	none	2f938e52ed2d452d80aefd9654d21957	PASS
r02-q03975-3u-t25	2	3	tpl-6c6aea065a9348f984f2424f	0	201	0.072451	PASS	none	b0ee616790814b4aa0dd7217b3b8cabe	PASS
r02-q03977-3u-t27	2	3	tpl-6c6aea065a9348f984f2424f	0	201	0.087381	PASS	none	8af26a67554849f28cac37c986affb94	PASS
r02-q03971-3u-t21	2	3	tpl-6c6aea065a9348f984f2424f	0	201	0.067137	PASS	none	b2770de1e92b4e72acb0a55179714a75	PASS
r02-q03980-3u-t30	2	3	tpl-6c6aea065a9348f984f2424f	0	201	0.080864	PASS	none	7d02463e58b442b291df2bf898e1f9b7	PASS
r02-q03987-3u-t37	2	3	tpl-6c6aea065a9348f984f2424f	0	201	0.081653	PASS	none	f1e50e8824f1487f8b4397ff96bddb2d	PASS
r02-q03970-3u-t20	2	3	tpl-6c6aea065a9348f984f2424f	0	201	0.069486	PASS	none	12e315188e524a6692b6711b89fc8be3	PASS
r02-q03995-3u-t45	2	3	tpl-6c6aea065a9348f984f2424f	0	201	0.089765	PASS	none	d245600e9269443b869468879e3c8b98	PASS
r02-q03986-3u-t36	2	3	tpl-6c6aea065a9348f984f2424f	0	201	0.087777	PASS	none	8bf67833015648489435eb9a3f6bfcdc	PASS
r02-q03994-3u-t44	2	3	tpl-6c6aea065a9348f984f2424f	0	201	0.084247	PASS	none	150bba4f92904a8f8f23ca8157065e16	PASS
r02-q03982-3u-t32	2	3	tpl-6c6aea065a9348f984f2424f	0	201	0.090684	PASS	none	b87c69615a1f4e18a27b1742f16a37cf	PASS
r02-q03989-3u-t39	2	3	tpl-6c6aea065a9348f984f2424f	0	201	0.076229	PASS	none	641bab44e4ea49eaa8f81cecf17d3e08	PASS
r02-q03979-3u-t29	2	3	tpl-6c6aea065a9348f984f2424f	0	201	0.080383	PASS	none	ddf14aceeddd4aa191b0f2ddbc243f47	PASS
r02-q03978-3u-t28	2	3	tpl-6c6aea065a9348f984f2424f	0	201	0.077960	PASS	none	9baa82483eb74534bcdab019012fb8c6	PASS
r02-q03992-3u-t42	2	3	tpl-6c6aea065a9348f984f2424f	0	201	0.077617	PASS	none	7611f1cf535c435c80c1ab75471d31d0	PASS
r02-q03976-3u-t26	2	3	tpl-6c6aea065a9348f984f2424f	0	201	0.091630	PASS	none	4225ebb442164a48b576fe04122f33e6	PASS
r02-q03991-3u-t41	2	3	tpl-6c6aea065a9348f984f2424f	0	201	0.078921	PASS	none	08e66e6e8d3c42ef9139a44bbfe80e29	PASS
r02-q03983-3u-t33	2	3	tpl-6c6aea065a9348f984f2424f	0	201	0.090867	PASS	none	15cd46fa95244eaba759b972eaa93d56	PASS
r02-q04000-3u-t50	2	3	tpl-6c6aea065a9348f984f2424f	0	201	0.075968	PASS	none	fb5e0e5f0e3c47d9a24b64632d3385e1	PASS
r02-q03984-3u-t34	2	3	tpl-6c6aea065a9348f984f2424f	0	201	0.082447	PASS	none	df0e20b49f8c45ee8b51c6afecc34a13	PASS
r02-q03988-3u-t38	2	3	tpl-6c6aea065a9348f984f2424f	0	201	0.082142	PASS	none	c9d3d6a6f0d143449dbe6a6a800384b3	PASS
r02-q03981-3u-t31	2	3	tpl-6c6aea065a9348f984f2424f	0	201	0.081530	PASS	none	1ad7702f956f417cb03f812f4a8679d1	PASS
r02-q03990-3u-t40	2	3	tpl-6c6aea065a9348f984f2424f	0	201	0.083053	PASS	none	c9bfedf788244fecb4df313c2b8947a0	PASS
r02-q03999-3u-t49	2	3	tpl-6c6aea065a9348f984f2424f	0	201	0.083199	PASS	none	f50870e8be8c4a609026043f48653d24	PASS
r02-q03998-3u-t48	2	3	tpl-6c6aea065a9348f984f2424f	0	201	0.090694	PASS	none	eff70a08795749ab9208828780072157	PASS
r02-q03996-3u-t46	2	3	tpl-6c6aea065a9348f984f2424f	0	201	0.084475	PASS	none	c8316b0bd44141cba22205c38ee5fdb5	PASS
r02-q03993-3u-t43	2	3	tpl-6c6aea065a9348f984f2424f	0	201	0.083273	PASS	none	47cc485ad3d640138b917caab2b1e6d7	PASS
r02-q03985-3u-t35	2	3	tpl-6c6aea065a9348f984f2424f	0	201	0.085003	PASS	none	13af4ddca5064f848b0bb60668a6a5b9	PASS
r02-q03997-3u-t47	2	3	tpl-6c6aea065a9348f984f2424f	0	201	0.090554	PASS	none	8381b0b4500444ea8a8d5f2dfb4f1165	PASS
r03-q04003-3u-t3	3	3	tpl-6c6aea065a9348f984f2424f	0	201	0.045301	PASS	none	f273dec4f9fd4a54b54f11b25cfdfa12	PASS
r03-q04002-3u-t2	3	3	tpl-6c6aea065a9348f984f2424f	0	201	0.045581	PASS	none	0786130abcef4fb487d009adcfd2381f	PASS
r03-q04004-3u-t4	3	3	tpl-6c6aea065a9348f984f2424f	0	201	0.050084	PASS	none	08392a574ab0497493a42d32aea091b3	PASS
r03-q04007-3u-t7	3	3	tpl-6c6aea065a9348f984f2424f	0	201	0.072588	PASS	none	44ada928ddbe4f918095b3cbc0db6753	PASS
r03-q04001-3u-t1	3	3	tpl-6c6aea065a9348f984f2424f	0	201	0.047668	PASS	none	25e5fe545b244fd99214d19e55da6513	PASS
r03-q04006-3u-t6	3	3	tpl-6c6aea065a9348f984f2424f	0	201	0.054796	PASS	none	b21d0125411343aa9188eee61701f83b	PASS
r03-q04005-3u-t5	3	3	tpl-6c6aea065a9348f984f2424f	0	201	0.046228	PASS	none	057bb5c9d6d94db3960012d6230d2a8c	PASS
r03-q04014-3u-t14	3	3	tpl-6c6aea065a9348f984f2424f	0	201	0.069464	PASS	none	20ea8536c7af4f5c80c60ef147718cdb	PASS
r03-q04009-3u-t9	3	3	tpl-6c6aea065a9348f984f2424f	0	201	0.059262	PASS	none	c1feccb2f48e49ffa90ee08de75e7c31	PASS
r03-q04016-3u-t16	3	3	tpl-6c6aea065a9348f984f2424f	0	201	0.060838	PASS	none	b57458442e624d90bcbcf3ce4ba7a4c6	PASS
r03-q04008-3u-t8	3	3	tpl-6c6aea065a9348f984f2424f	0	201	0.073459	PASS	none	9a5538ca072f48e69e1bd4a3f25897a5	PASS
r03-q04011-3u-t11	3	3	tpl-6c6aea065a9348f984f2424f	0	201	0.066389	PASS	none	79d70448666e49f5b66d5b96e3753902	PASS
r03-q04013-3u-t13	3	3	tpl-6c6aea065a9348f984f2424f	0	201	0.063365	PASS	none	cdfad29ca4194e5d9f063a8540e4d488	PASS
r03-q04010-3u-t10	3	3	tpl-6c6aea065a9348f984f2424f	0	201	0.078221	PASS	none	5737d0914a7d45cba612073a42beaeb3	PASS
r03-q04017-3u-t17	3	3	tpl-6c6aea065a9348f984f2424f	0	201	0.079700	PASS	none	b4e5070a93f5424ea852b464f97689be	PASS
r03-q04012-3u-t12	3	3	tpl-6c6aea065a9348f984f2424f	0	201	0.071854	PASS	none	33b9120b435b49b7b91ed1cc5236c975	PASS
r03-q04022-3u-t22	3	3	tpl-6c6aea065a9348f984f2424f	0	201	0.069968	PASS	none	01f854e9ab2c427fb8a3c376dd744ecf	PASS
r03-q04019-3u-t19	3	3	tpl-6c6aea065a9348f984f2424f	0	201	0.063927	PASS	none	a37301624c274de8857680d1e6271b29	PASS
r03-q04015-3u-t15	3	3	tpl-6c6aea065a9348f984f2424f	0	201	0.079457	PASS	none	a0892820cedd421f9f940760dcd1da91	PASS
r03-q04018-3u-t18	3	3	tpl-6c6aea065a9348f984f2424f	0	201	0.065393	PASS	none	cea2e68946344484ae9c7887fc43bfda	PASS
r03-q04021-3u-t21	3	3	tpl-6c6aea065a9348f984f2424f	0	201	0.070021	PASS	none	15cd769c3c3a4ae88089f78ac7c4acb2	PASS
r03-q04020-3u-t20	3	3	tpl-6c6aea065a9348f984f2424f	0	201	0.065867	PASS	none	ec79a38edb854643828f195051f40e01	PASS
r03-q04023-3u-t23	3	3	tpl-6c6aea065a9348f984f2424f	0	201	0.066229	PASS	none	5a173b710d454bd5a92bdc2b47fb9e31	PASS
r03-q04026-3u-t26	3	3	tpl-6c6aea065a9348f984f2424f	0	201	0.075260	PASS	none	4eb21605d2e14037ade1f2b43d949dcb	PASS
r03-q04024-3u-t24	3	3	tpl-6c6aea065a9348f984f2424f	0	201	0.080711	PASS	none	7dd334cafcc04ff098a687cd84b40aa9	PASS
r03-q04025-3u-t25	3	3	tpl-6c6aea065a9348f984f2424f	0	201	0.076294	PASS	none	23a3546adde946508de402ab623dddc2	PASS
r03-q04029-3u-t29	3	3	tpl-6c6aea065a9348f984f2424f	0	201	0.072000	PASS	none	6f538281c8c246f7b3c67ff6894a64e4	PASS
r03-q04034-3u-t34	3	3	tpl-6c6aea065a9348f984f2424f	0	201	0.079701	PASS	none	c11060f2abee4016b433f5659f51b17b	PASS
r03-q04030-3u-t30	3	3	tpl-6c6aea065a9348f984f2424f	0	201	0.071102	PASS	none	2dc2e3ae83f4414a8141775c6be4dd5c	PASS
r03-q04027-3u-t27	3	3	tpl-6c6aea065a9348f984f2424f	0	201	0.077563	PASS	none	ea5d70cd2e3542e3835849a9ec95106f	PASS
r03-q04032-3u-t32	3	3	tpl-6c6aea065a9348f984f2424f	0	201	0.088435	PASS	none	213929b711034ede83fbf79be64c1f3a	PASS
r03-q04040-3u-t40	3	3	tpl-6c6aea065a9348f984f2424f	0	201	0.089807	PASS	none	64a01fe3689f4aefba7799a6075720a0	PASS
r03-q04035-3u-t35	3	3	tpl-6c6aea065a9348f984f2424f	0	201	0.077399	PASS	none	bba889fc6415493cb0180a8b2a0ae08b	PASS
r03-q04036-3u-t36	3	3	tpl-6c6aea065a9348f984f2424f	0	201	0.079102	PASS	none	eab8330576bf4104aa57ad9d9486e369	PASS
r03-q04038-3u-t38	3	3	tpl-6c6aea065a9348f984f2424f	0	201	0.082595	PASS	none	fc6a97a358f8451d96769a7779bb3ca9	PASS
r03-q04031-3u-t31	3	3	tpl-6c6aea065a9348f984f2424f	0	201	0.073121	PASS	none	41404b590d0b4bb9a3bdb37270cca7df	PASS
r03-q04044-3u-t44	3	3	tpl-6c6aea065a9348f984f2424f	0	201	0.076804	PASS	none	2779e419d3b849de8eee87a76c25dfc7	PASS
r03-q04041-3u-t41	3	3	tpl-6c6aea065a9348f984f2424f	0	201	0.085653	PASS	none	6cee46dced5e4e33a6d5918e07550f91	PASS
r03-q04033-3u-t33	3	3	tpl-6c6aea065a9348f984f2424f	0	201	0.086751	PASS	none	ace76677c29348a38f00f294d0f9ae52	PASS
r03-q04028-3u-t28	3	3	tpl-6c6aea065a9348f984f2424f	0	201	0.069865	PASS	none	a0ab22afe4ca426c8c25ddce8c8f648e	PASS
r03-q04042-3u-t42	3	3	tpl-6c6aea065a9348f984f2424f	0	201	0.089166	PASS	none	5c487ecbfb044a9685753aa6a8318e43	PASS
r03-q04037-3u-t37	3	3	tpl-6c6aea065a9348f984f2424f	0	201	0.081999	PASS	none	62e4b6ff10c24febbab34da47ccd5daa	PASS
r03-q04043-3u-t43	3	3	tpl-6c6aea065a9348f984f2424f	0	201	0.087901	PASS	none	9e00858995564514bbcb0979599b6354	PASS
r03-q04045-3u-t45	3	3	tpl-6c6aea065a9348f984f2424f	0	201	0.086021	PASS	none	baba12cd5ad440ac8d34ebb4db78f66e	PASS
r03-q04039-3u-t39	3	3	tpl-6c6aea065a9348f984f2424f	0	201	0.084629	PASS	none	b31342fed2f64692b3a7bc064a0ef460	PASS
r03-q04046-3u-t46	3	3	tpl-6c6aea065a9348f984f2424f	0	201	0.087156	PASS	none	35e7666aa95f4c8b93ca9562c1f4dd82	PASS
r03-q04049-3u-t49	3	3	tpl-6c6aea065a9348f984f2424f	0	201	0.075700	PASS	none	40b3059e118146869aa750ddfd515bf0	PASS
r03-q04047-3u-t47	3	3	tpl-6c6aea065a9348f984f2424f	0	201	0.088379	PASS	none	e43f53c2ded3401f80121c7b2835a3b3	PASS
r03-q04050-3u-t50	3	3	tpl-6c6aea065a9348f984f2424f	0	201	0.079488	PASS	none	9a0b1760fa5e4399bb197a7133ef6c77	PASS
r03-q04048-3u-t48	3	3	tpl-6c6aea065a9348f984f2424f	0	201	0.090479	PASS	none	b138629e24ad4e48b69e5751991f2aca	PASS
r04-q04056-3u-t6	4	3	tpl-6c6aea065a9348f984f2424f	0	201	0.061300	PASS	none	7f0731d8461a467c9c05bab8ef0572e0	PASS
r04-q04052-3u-t2	4	3	tpl-6c6aea065a9348f984f2424f	0	201	0.057457	PASS	none	8d0066c748054a41ac3f728201c8c0ca	PASS
r04-q04051-3u-t1	4	3	tpl-6c6aea065a9348f984f2424f	0	201	0.059049	PASS	none	25ce4673e56a4548ac9ecad0bbd9f168	PASS
r04-q04053-3u-t3	4	3	tpl-6c6aea065a9348f984f2424f	0	201	0.061656	PASS	none	ed100bffbca44e2cb986eed34c6da369	PASS
r04-q04054-3u-t4	4	3	tpl-6c6aea065a9348f984f2424f	0	201	0.060904	PASS	none	000c54ee937b4f2b88bff678c4ad2bf1	PASS
r04-q04058-3u-t8	4	3	tpl-6c6aea065a9348f984f2424f	0	201	0.061780	PASS	none	7aecdae10f7148678ca3c850231cc6e0	PASS
r04-q04063-3u-t13	4	3	tpl-6c6aea065a9348f984f2424f	0	201	0.063866	PASS	none	bf1b163e03ad431092e86ce28d9ff782	PASS
r04-q04057-3u-t7	4	3	tpl-6c6aea065a9348f984f2424f	0	201	0.066246	PASS	none	7b8cb9cd80784e00bb81734d8b5cd185	PASS
r04-q04059-3u-t9	4	3	tpl-6c6aea065a9348f984f2424f	0	201	0.062494	PASS	none	d1f7a55fad2e4c2d867b9e6578cd4dcb	PASS
r04-q04055-3u-t5	4	3	tpl-6c6aea065a9348f984f2424f	0	201	0.086397	PASS	none	42a97d6c3f3e459d8dc82fca20326e1b	PASS
r04-q04060-3u-t10	4	3	tpl-6c6aea065a9348f984f2424f	0	201	0.078098	PASS	none	d9d03bc4918a44a8b2260099c5fb75b5	PASS
r04-q04062-3u-t12	4	3	tpl-6c6aea065a9348f984f2424f	0	201	0.091385	PASS	none	a2b41ad093834ecda6c4f3639ccfb5cb	PASS
r04-q04061-3u-t11	4	3	tpl-6c6aea065a9348f984f2424f	0	201	0.068280	PASS	none	6206247a0f434542951af0ca1d5ee1b4	PASS
r04-q04066-3u-t16	4	3	tpl-6c6aea065a9348f984f2424f	0	201	0.092751	PASS	none	6b23c647ca644eebabb787be665858dd	PASS
r04-q04068-3u-t18	4	3	tpl-6c6aea065a9348f984f2424f	0	201	0.077460	PASS	none	31d2627dd6c843ec8b387ab3dab5860d	PASS
r04-q04070-3u-t20	4	3	tpl-6c6aea065a9348f984f2424f	0	201	0.074068	PASS	none	09e0d9fe2550426bb970a416cec22fa8	PASS
r04-q04064-3u-t14	4	3	tpl-6c6aea065a9348f984f2424f	0	201	0.103404	PASS	none	ed6e663896e342eebe295a437d623aea	PASS
r04-q04072-3u-t22	4	3	tpl-6c6aea065a9348f984f2424f	0	201	0.092545	PASS	none	44128e231f314659a39671f08ee8b86d	PASS
r04-q04065-3u-t15	4	3	tpl-6c6aea065a9348f984f2424f	0	201	0.100095	PASS	none	452fdc89687749079d9dfc438e021de9	PASS
r04-q04067-3u-t17	4	3	tpl-6c6aea065a9348f984f2424f	0	201	0.085623	PASS	none	1ad12ab4197e4b66945d85affd9a3f6d	PASS
r04-q04071-3u-t21	4	3	tpl-6c6aea065a9348f984f2424f	0	201	0.095159	PASS	none	18f17d4d71bd440886037d62367f6b57	PASS
r04-q04076-3u-t26	4	3	tpl-6c6aea065a9348f984f2424f	0	201	0.079116	PASS	none	a40ef3c606c04c569b832c4507017884	PASS
r04-q04074-3u-t24	4	3	tpl-6c6aea065a9348f984f2424f	0	201	0.088502	PASS	none	0a599084f8164e059715ba979c6eeeee	PASS
r04-q04069-3u-t19	4	3	tpl-6c6aea065a9348f984f2424f	0	201	0.082475	PASS	none	5c8fe415fb294b17bddbe12bf9d6fc8a	PASS
r04-q04080-3u-t30	4	3	tpl-6c6aea065a9348f984f2424f	0	201	0.086630	PASS	none	2524775863614bcab4df3228958b8083	PASS
r04-q04073-3u-t23	4	3	tpl-6c6aea065a9348f984f2424f	0	201	0.081937	PASS	none	c40a00bdb69247d68f7a38003b49b20c	PASS
r04-q04075-3u-t25	4	3	tpl-6c6aea065a9348f984f2424f	0	201	0.086903	PASS	none	57c6011f91e344f9bebf0d26ef782790	PASS
r04-q04078-3u-t28	4	3	tpl-6c6aea065a9348f984f2424f	0	201	0.079785	PASS	none	dbc7d73acc374b2a86f4286528620214	PASS
r04-q04077-3u-t27	4	3	tpl-6c6aea065a9348f984f2424f	0	201	0.080283	PASS	none	df66b3474df5409b85f5a69705207401	PASS
r04-q04079-3u-t29	4	3	tpl-6c6aea065a9348f984f2424f	0	201	0.074825	PASS	none	a2847d29e1d146eaaa4fcc684c62d643	PASS
r04-q04083-3u-t33	4	3	tpl-6c6aea065a9348f984f2424f	0	201	0.099528	PASS	none	ad0b1580e4ce4173942fef1e172b717c	PASS
r04-q04088-3u-t38	4	3	tpl-6c6aea065a9348f984f2424f	0	201	0.101694	PASS	none	279f4fba61bc400e9861b6233f6699b5	PASS
r04-q04081-3u-t31	4	3	tpl-6c6aea065a9348f984f2424f	0	201	0.079594	PASS	none	8510a6ae3598433892cc948f64a42996	PASS
r04-q04082-3u-t32	4	3	tpl-6c6aea065a9348f984f2424f	0	201	0.077199	PASS	none	57029b5e5bf74adb92cca13c749a9eb1	PASS
r04-q04084-3u-t34	4	3	tpl-6c6aea065a9348f984f2424f	0	201	0.109628	PASS	none	1812a020a9e1445fad9678c87cb775f9	PASS
r04-q04085-3u-t35	4	3	tpl-6c6aea065a9348f984f2424f	0	201	0.106723	PASS	none	c96ea9d52eea4514a5194b756dd48f67	PASS
r04-q04089-3u-t39	4	3	tpl-6c6aea065a9348f984f2424f	0	201	0.092188	PASS	none	fddfbd5063044a26b75a6f9c9fb222a3	PASS
r04-q04087-3u-t37	4	3	tpl-6c6aea065a9348f984f2424f	0	201	0.122858	PASS	none	4d13c0e6a58d4c72bf85bd89afaf0f2f	PASS
r04-q04086-3u-t36	4	3	tpl-6c6aea065a9348f984f2424f	0	201	0.114186	PASS	none	44ec730cf1be4493952f8d689c42be71	PASS
r04-q04092-3u-t42	4	3	tpl-6c6aea065a9348f984f2424f	0	201	0.099364	PASS	none	52494dcf70e4410b902d77b41c8b2f88	PASS
r04-q04093-3u-t43	4	3	tpl-6c6aea065a9348f984f2424f	0	201	0.092363	PASS	none	1842a15bda4b451d8577f847fb3394dd	PASS
r04-q04091-3u-t41	4	3	tpl-6c6aea065a9348f984f2424f	0	201	0.088892	PASS	none	092c6e32241e405985790f15d8782669	PASS
r04-q04096-3u-t46	4	3	tpl-6c6aea065a9348f984f2424f	0	201	0.088215	PASS	none	3d472b28bb1d4a919f207039d5893780	PASS
r04-q04094-3u-t44	4	3	tpl-6c6aea065a9348f984f2424f	0	201	0.100187	PASS	none	92a7eed4a05c44d4b932a9044082d18e	PASS
r04-q04095-3u-t45	4	3	tpl-6c6aea065a9348f984f2424f	0	201	0.090691	PASS	none	31782a3aac7743739164961193b14c88	PASS
r04-q04090-3u-t40	4	3	tpl-6c6aea065a9348f984f2424f	0	201	0.101922	PASS	none	eddd9bb87f9846f089216248eb0ba83c	PASS
r04-q04100-3u-t50	4	3	tpl-6c6aea065a9348f984f2424f	0	201	0.084669	PASS	none	879b71aece794c18bf3cfe7d1cadb8b6	PASS
r04-q04097-3u-t47	4	3	tpl-6c6aea065a9348f984f2424f	0	201	0.090714	PASS	none	fb6788259f2f4900896cddfa171fee9a	PASS
r04-q04099-3u-t49	4	3	tpl-6c6aea065a9348f984f2424f	0	201	0.090941	PASS	none	b130bc36d513461b8b93682608ce4b46	PASS
r04-q04098-3u-t48	4	3	tpl-6c6aea065a9348f984f2424f	0	201	0.085861	PASS	none	1afb98e6c2244ac284d5a23721ebcf92	PASS
r05-q04107-3u-t7	5	3	tpl-6c6aea065a9348f984f2424f	0	201	0.050044	PASS	none	07e92bd874af4621834ed900c294f05e	PASS
r05-q04102-3u-t2	5	3	tpl-6c6aea065a9348f984f2424f	0	201	0.055275	PASS	none	fb509de44d874c74b5137abd57a3ff33	PASS
r05-q04105-3u-t5	5	3	tpl-6c6aea065a9348f984f2424f	0	201	0.055694	PASS	none	3e99a333c94d4748bec4a6cdf2506e2b	PASS
r05-q04104-3u-t4	5	3	tpl-6c6aea065a9348f984f2424f	0	201	0.055302	PASS	none	f8fcf8c295774a25a055008a8bebd059	PASS
r05-q04101-3u-t1	5	3	tpl-6c6aea065a9348f984f2424f	0	201	0.059837	PASS	none	843a49e504864cfbb2dc66c7a1f8f205	PASS
r05-q04103-3u-t3	5	3	tpl-6c6aea065a9348f984f2424f	0	201	0.062053	PASS	none	a4fa7b2bcbaa42939d35ed4df4659619	PASS
r05-q04108-3u-t8	5	3	tpl-6c6aea065a9348f984f2424f	0	201	0.047309	PASS	none	99bbd49f3d7c455b82c651a132ff583f	PASS
r05-q04109-3u-t9	5	3	tpl-6c6aea065a9348f984f2424f	0	201	0.076354	PASS	none	febe4a87b5854fb09ecce2a102d40f43	PASS
r05-q04106-3u-t6	5	3	tpl-6c6aea065a9348f984f2424f	0	201	0.056660	PASS	none	d2047986370840e59156c5b589744da3	PASS
r05-q04110-3u-t10	5	3	tpl-6c6aea065a9348f984f2424f	0	201	0.088157	PASS	none	392611f2b03f46d1b23ac0d9a4931641	PASS
r05-q04120-3u-t20	5	3	tpl-6c6aea065a9348f984f2424f	0	201	0.068562	PASS	none	06ebad8fd8ee4686a4467941596509c6	PASS
r05-q04113-3u-t13	5	3	tpl-6c6aea065a9348f984f2424f	0	201	0.085643	PASS	none	7531099c7d2148b89a369a4635eabefc	PASS
r05-q04112-3u-t12	5	3	tpl-6c6aea065a9348f984f2424f	0	201	0.068846	PASS	none	68a69e9fc3ca4c769ab3c346a85eef86	PASS
r05-q04111-3u-t11	5	3	tpl-6c6aea065a9348f984f2424f	0	201	0.065179	PASS	none	9def46509f3a4feda44f38744b43d950	PASS
r05-q04117-3u-t17	5	3	tpl-6c6aea065a9348f984f2424f	0	201	0.071857	PASS	none	6206f22b9e5a43fb83e3803104c4ac6e	PASS
r05-q04121-3u-t21	5	3	tpl-6c6aea065a9348f984f2424f	0	201	0.085734	PASS	none	81f794151e0e44eea780dae15acd6314	PASS
r05-q04116-3u-t16	5	3	tpl-6c6aea065a9348f984f2424f	0	201	0.092648	PASS	none	f9596fa586754958bf51d4ce93d0eff3	PASS
r05-q04118-3u-t18	5	3	tpl-6c6aea065a9348f984f2424f	0	201	0.093878	PASS	none	89812edeaffb4385b1ce6968b50f90ee	PASS
r05-q04119-3u-t19	5	3	tpl-6c6aea065a9348f984f2424f	0	201	0.069399	PASS	none	905b3831c39845a7885024b10840a051	PASS
r05-q04114-3u-t14	5	3	tpl-6c6aea065a9348f984f2424f	0	201	0.088728	PASS	none	9b5ecc1c3c7b4080ae9baabb4c019f84	PASS
r05-q04122-3u-t22	5	3	tpl-6c6aea065a9348f984f2424f	0	201	0.066489	PASS	none	85eb4721db924ee78db04e0ebc4e4734	PASS
r05-q04125-3u-t25	5	3	tpl-6c6aea065a9348f984f2424f	0	201	0.069206	PASS	none	5a1bc4bfc65e402a98a0bdad88c10d16	PASS
r05-q04115-3u-t15	5	3	tpl-6c6aea065a9348f984f2424f	0	201	0.073052	PASS	none	9f017650ca594ac9bf7c79d37807b5aa	PASS
r05-q04126-3u-t26	5	3	tpl-6c6aea065a9348f984f2424f	0	201	0.072759	PASS	none	809475c1720c48b3adce7391aa2bd95d	PASS
r05-q04129-3u-t29	5	3	tpl-6c6aea065a9348f984f2424f	0	201	0.074557	PASS	none	52c5fd23e81442fbbaa91343c8879adf	PASS
r05-q04124-3u-t24	5	3	tpl-6c6aea065a9348f984f2424f	0	201	0.080975	PASS	none	3d1cd0dae614438281b26ca37bb8bf0c	PASS
r05-q04130-3u-t30	5	3	tpl-6c6aea065a9348f984f2424f	0	201	0.083395	PASS	none	ed7e10d344df4763a379741b6d82d74f	PASS
r05-q04128-3u-t28	5	3	tpl-6c6aea065a9348f984f2424f	0	201	0.074371	PASS	none	d6d0ca511ef84e62927f228b2c7eb3b5	PASS
r05-q04127-3u-t27	5	3	tpl-6c6aea065a9348f984f2424f	0	201	0.074897	PASS	none	4342051f4188427faaee584043ed8710	PASS
r05-q04138-3u-t38	5	3	tpl-6c6aea065a9348f984f2424f	0	201	0.077861	PASS	none	92929e7e722c49c899f4b6ddb28efc72	PASS
r05-q04136-3u-t36	5	3	tpl-6c6aea065a9348f984f2424f	0	201	0.078692	PASS	none	026e0535f74c418686e3e3a85d911038	PASS
r05-q04131-3u-t31	5	3	tpl-6c6aea065a9348f984f2424f	0	201	0.077972	PASS	none	72e2e14af305449885224f2fefe04fa7	PASS
r05-q04123-3u-t23	5	3	tpl-6c6aea065a9348f984f2424f	0	201	0.069190	PASS	none	92ab9a4f22b1494296c19c2ff715594e	PASS
r05-q04141-3u-t41	5	3	tpl-6c6aea065a9348f984f2424f	0	201	0.078783	PASS	none	2366bb2f214f47e1bcd7673d33305c84	PASS
r05-q04139-3u-t39	5	3	tpl-6c6aea065a9348f984f2424f	0	201	0.086720	PASS	none	70cbf34f7c3142c89834972aa661327d	PASS
r05-q04134-3u-t34	5	3	tpl-6c6aea065a9348f984f2424f	0	201	0.076955	PASS	none	69b9acc08217415bbeef8f9707aea5ec	PASS
r05-q04133-3u-t33	5	3	tpl-6c6aea065a9348f984f2424f	0	201	0.076984	PASS	none	1cdc03215cee4acfb2c0a6862a19debb	PASS
r05-q04132-3u-t32	5	3	tpl-6c6aea065a9348f984f2424f	0	201	0.079098	PASS	none	411803edddcf490999e101b7f2fe800f	PASS
r05-q04143-3u-t43	5	3	tpl-6c6aea065a9348f984f2424f	0	201	0.076866	PASS	none	fc07cc3bf5284360a5672af724117aa6	PASS
r05-q04150-3u-t50	5	3	tpl-6c6aea065a9348f984f2424f	0	201	0.074040	PASS	none	8a5fba8f02194b099613ccdf70484986	PASS
r05-q04137-3u-t37	5	3	tpl-6c6aea065a9348f984f2424f	0	201	0.079087	PASS	none	18a1cbc652074120b57f9019395787cd	PASS
r05-q04140-3u-t40	5	3	tpl-6c6aea065a9348f984f2424f	0	201	0.079686	PASS	none	5a539012aa004ae880c19d4253c6e9a4	PASS
r05-q04148-3u-t48	5	3	tpl-6c6aea065a9348f984f2424f	0	201	0.075091	PASS	none	b007368d24c14d4e931bb0d7d1d2c517	PASS
r05-q04142-3u-t42	5	3	tpl-6c6aea065a9348f984f2424f	0	201	0.082697	PASS	none	8b39ae82f0ac4b6f8c31420b51e90ea4	PASS
r05-q04146-3u-t46	5	3	tpl-6c6aea065a9348f984f2424f	0	201	0.075584	PASS	none	820f88cfdd1c468194daf7825a737b98	PASS
r05-q04147-3u-t47	5	3	tpl-6c6aea065a9348f984f2424f	0	201	0.084066	PASS	none	5e6d8bf244f148b3b7455c95f12e42d4	PASS
r05-q04144-3u-t44	5	3	tpl-6c6aea065a9348f984f2424f	0	201	0.082476	PASS	none	4d2c2c47da4c4a6fadcdded0be6f955a	PASS
r05-q04135-3u-t35	5	3	tpl-6c6aea065a9348f984f2424f	0	201	0.081759	PASS	none	a7c0e2150dd448dbb698cdab65834e71	PASS
r05-q04149-3u-t49	5	3	tpl-6c6aea065a9348f984f2424f	0	201	0.077956	PASS	none	6b3d6a9832d94fc6ab7576de267f1678	PASS
r05-q04145-3u-t45	5	3	tpl-6c6aea065a9348f984f2424f	0	201	0.078451	PASS	none	af758b5265ad4539bda3db8fa9275c00	PASS
r06-q04153-3u-t3	6	3	tpl-6c6aea065a9348f984f2424f	0	201	0.075261	PASS	none	801e810717e34d77b82da1153b57e935	PASS
r06-q04151-3u-t1	6	3	tpl-6c6aea065a9348f984f2424f	0	201	0.051969	PASS	none	539c14b9d00e48849911c84b5c8fce71	PASS
r06-q04157-3u-t7	6	3	tpl-6c6aea065a9348f984f2424f	0	201	0.076104	PASS	none	37567889c82b4129b1df4e931ada6228	PASS
r06-q04154-3u-t4	6	3	tpl-6c6aea065a9348f984f2424f	0	201	0.077497	PASS	none	d8f85d5ffa1e4356b06cbfd4a5258082	PASS
r06-q04160-3u-t10	6	3	tpl-6c6aea065a9348f984f2424f	0	201	0.069693	PASS	none	d99fdfcd5de24c53b29d76d4ad8fce1b	PASS
r06-q04155-3u-t5	6	3	tpl-6c6aea065a9348f984f2424f	0	201	0.054763	PASS	none	1d933b1fe8ca49fdac9dca546e9ccb5b	PASS
r06-q04162-3u-t12	6	3	tpl-6c6aea065a9348f984f2424f	0	201	0.083815	PASS	none	c09818240f884cef89f1011ba7482947	PASS
r06-q04166-3u-t16	6	3	tpl-6c6aea065a9348f984f2424f	0	201	0.092397	PASS	none	50fde39a66d04e14810607660bb6dc06	PASS
r06-q04170-3u-t20	6	3	tpl-6c6aea065a9348f984f2424f	0	201	0.096056	PASS	none	71ffc26ed3914af6948df8e24ca82e43	PASS
r06-q04161-3u-t11	6	3	tpl-6c6aea065a9348f984f2424f	0	201	0.080334	PASS	none	efb0d80bd7ee4a28a880f34fad4389cc	PASS
r06-q04172-3u-t22	6	3	tpl-6c6aea065a9348f984f2424f	0	201	0.097338	PASS	none	8b0b2be2fc1f4ef4896019e9825f2efc	PASS
r06-q04159-3u-t9	6	3	tpl-6c6aea065a9348f984f2424f	0	201	0.061204	PASS	none	ac268ed6f56b41c8af31a7d1c1eb5de6	PASS
r06-q04175-3u-t25	6	3	tpl-6c6aea065a9348f984f2424f	0	201	0.095032	PASS	none	89f3fb99b6df4edb93c829b11e473ba5	PASS
r06-q04167-3u-t17	6	3	tpl-6c6aea065a9348f984f2424f	0	201	0.090700	PASS	none	f2ab7105dfd64fab8b0b7f80a1f8b166	PASS
r06-q04181-3u-t31	6	3	tpl-6c6aea065a9348f984f2424f	0	201	0.098624	PASS	none	f95654d9b21f4d4c8121522277350189	PASS
r06-q04178-3u-t28	6	3	tpl-6c6aea065a9348f984f2424f	0	201	0.097084	PASS	none	79412a2db9c44e979299a1ccc0312d73	PASS
r06-q04174-3u-t24	6	3	tpl-6c6aea065a9348f984f2424f	0	201	0.085334	PASS	none	88bf9ea5a188499c86e48a61fd6f36b6	PASS
r06-q04180-3u-t30	6	3	tpl-6c6aea065a9348f984f2424f	0	201	0.101230	PASS	none	d13c82f05b8b4b018eefea51f06d2abb	PASS
r06-q04158-3u-t8	6	3	tpl-6c6aea065a9348f984f2424f	0	201	0.059912	PASS	none	917e225946264b28be32dfb3a44cf453	PASS
r06-q04169-3u-t19	6	3	tpl-6c6aea065a9348f984f2424f	0	201	0.094836	PASS	none	346292349b1d4eba84f6e643185dedcc	PASS
r06-q04163-3u-t13	6	3	tpl-6c6aea065a9348f984f2424f	0	201	0.079097	PASS	none	07a94dc1980a49028244def0a4b91ba0	PASS
r06-q04186-3u-t36	6	3	tpl-6c6aea065a9348f984f2424f	0	201	0.089790	PASS	none	200f9feef2b9428ca6310550b3376670	PASS
r06-q04165-3u-t15	6	3	tpl-6c6aea065a9348f984f2424f	0	201	0.099374	PASS	none	ef54cab32a1e46dea23f4e2aec65e048	PASS
r06-q04177-3u-t27	6	3	tpl-6c6aea065a9348f984f2424f	0	201	0.103285	PASS	none	0ebc3f8e23c94a72868d3ed3b721784b	PASS
r06-q04168-3u-t18	6	3	tpl-6c6aea065a9348f984f2424f	0	201	0.097165	PASS	none	245b09496443410f91b762f2061ccde7	PASS
r06-q04152-3u-t2	6	3	tpl-6c6aea065a9348f984f2424f	0	201	0.084261	PASS	none	b82d33df49a24076a44486516776cb02	PASS
r06-q04156-3u-t6	6	3	tpl-6c6aea065a9348f984f2424f	0	201	0.080920	PASS	none	85273b69a902487c99ba08e653781a0f	PASS
r06-q04173-3u-t23	6	3	tpl-6c6aea065a9348f984f2424f	0	201	0.091245	PASS	none	7ce6b2a3a10642f0947876662f9fb4fd	PASS
r06-q04189-3u-t39	6	3	tpl-6c6aea065a9348f984f2424f	0	201	0.078496	PASS	none	f9fcdadd55464eea8d85246dfff81250	PASS
r06-q04171-3u-t21	6	3	tpl-6c6aea065a9348f984f2424f	0	201	0.081319	PASS	none	4e72cb397f5144efb5e371198b831b91	PASS
r06-q04188-3u-t38	6	3	tpl-6c6aea065a9348f984f2424f	0	201	0.084528	PASS	none	28bb10eea17b462d890619a13cbb29a3	PASS
r06-q04183-3u-t33	6	3	tpl-6c6aea065a9348f984f2424f	0	201	0.112548	PASS	none	acf47e4ee0c44cebab0f9b64eabbaa3c	PASS
r06-q04164-3u-t14	6	3	tpl-6c6aea065a9348f984f2424f	0	201	0.069113	PASS	none	54233f8dd7d94bdfba592ca2333c35ef	PASS
r06-q04179-3u-t29	6	3	tpl-6c6aea065a9348f984f2424f	0	201	0.103141	PASS	none	ee7a9fe4b2eb4bf0801eac73e4e71c46	PASS
r06-q04192-3u-t42	6	3	tpl-6c6aea065a9348f984f2424f	0	201	0.090895	PASS	none	9dc11a4af7634fa3ba9d9497a89f8f9c	PASS
r06-q04182-3u-t32	6	3	tpl-6c6aea065a9348f984f2424f	0	201	0.093740	PASS	none	27c2ac983e464df7997dd5c5bae3b7e1	PASS
r06-q04184-3u-t34	6	3	tpl-6c6aea065a9348f984f2424f	0	201	0.106017	PASS	none	4ba7ffcbc2114e2f8d51b4e81cc9e4f9	PASS
r06-q04185-3u-t35	6	3	tpl-6c6aea065a9348f984f2424f	0	201	0.097839	PASS	none	1b3b3f5627334a8682bfe9d934ae6b53	PASS
r06-q04176-3u-t26	6	3	tpl-6c6aea065a9348f984f2424f	0	201	0.086103	PASS	none	5041715efc904db7b85ba547d0e67651	PASS
r06-q04190-3u-t40	6	3	tpl-6c6aea065a9348f984f2424f	0	201	0.090574	PASS	none	641d7dfc1a3b46afb0eaa620cd184a19	PASS
r06-q04187-3u-t37	6	3	tpl-6c6aea065a9348f984f2424f	0	201	0.088139	PASS	none	ae08e6f3bc9844beae49030e76e7a854	PASS
r06-q04200-3u-t50	6	3	tpl-6c6aea065a9348f984f2424f	0	201	0.093306	PASS	none	1db430d4706f4ff1a6e944eb99690166	PASS
r06-q04199-3u-t49	6	3	tpl-6c6aea065a9348f984f2424f	0	201	0.095688	PASS	none	2bda02abf89d463e92f2197e25d0242f	PASS
r06-q04196-3u-t46	6	3	tpl-6c6aea065a9348f984f2424f	0	201	0.099393	PASS	none	8decd50cad1a40469acc8cf9d7da96e1	PASS
r06-q04191-3u-t41	6	3	tpl-6c6aea065a9348f984f2424f	0	201	0.095514	PASS	none	6ce97cd0f0ad4064a05a1fba69e29087	PASS
r06-q04194-3u-t44	6	3	tpl-6c6aea065a9348f984f2424f	0	201	0.099174	PASS	none	418b5aca408e460c9adb6f2903a9e98d	PASS
r06-q04193-3u-t43	6	3	tpl-6c6aea065a9348f984f2424f	0	201	0.094779	PASS	none	12e7444d84bb4f2382c842c401290b78	PASS
r06-q04195-3u-t45	6	3	tpl-6c6aea065a9348f984f2424f	0	201	0.094648	PASS	none	66208f333a19410ea82bc7fa5bef8ffc	PASS
r06-q04197-3u-t47	6	3	tpl-6c6aea065a9348f984f2424f	0	201	0.102190	PASS	none	4d3d53587d2b430e9a8fa5177291cf78	PASS
r06-q04198-3u-t48	6	3	tpl-6c6aea065a9348f984f2424f	0	201	0.100491	PASS	none	9fc9ac81573a42c0a1a2a70a44858283	PASS
r01-q04201-3u-t1	1	3	tpl-0e55827a37ab4058849ff182	0	201	0.065541	PASS	none	b0874d7cabc54a7a8ba8fe3ce20314b8	PASS
r01-q04210-3u-t10	1	3	tpl-0e55827a37ab4058849ff182	0	201	0.082422	PASS	none	6a4e00b5ac134c5a96af517983d4f0ee	PASS
r01-q04204-3u-t4	1	3	tpl-0e55827a37ab4058849ff182	0	201	0.052095	PASS	none	1e97c12a667e4b1db7a4824785fc881d	PASS
r01-q04206-3u-t6	1	3	tpl-0e55827a37ab4058849ff182	0	201	0.054244	PASS	none	09062548b0a94b4398f94e90f6b3d42a	PASS
r01-q04203-3u-t3	1	3	tpl-0e55827a37ab4058849ff182	0	201	0.052653	PASS	none	45bae8d9854045e4a07c4e403a1bf1fe	PASS
r01-q04209-3u-t9	1	3	tpl-0e55827a37ab4058849ff182	0	201	0.065336	PASS	none	8953e6cf58be450eb6b31a6c85438841	PASS
r01-q04202-3u-t2	1	3	tpl-0e55827a37ab4058849ff182	0	201	0.063801	PASS	none	3628c4e0d39341bbb607d9b53cbaf2d5	PASS
r01-q04205-3u-t5	1	3	tpl-0e55827a37ab4058849ff182	0	201	0.049606	PASS	none	b7e61c05707046e494f8de42855af62d	PASS
r01-q04215-3u-t15	1	3	tpl-0e55827a37ab4058849ff182	0	201	0.072055	PASS	none	8fff931e81534cde93f81d4d61690cf6	PASS
r01-q04207-3u-t7	1	3	tpl-0e55827a37ab4058849ff182	0	201	0.055932	PASS	none	32440a54d4314d769feb2ce8ed78960a	PASS
r01-q04208-3u-t8	1	3	tpl-0e55827a37ab4058849ff182	0	201	0.052979	PASS	none	36e4fafb51f449b39d654deced3036b7	PASS
r01-q04212-3u-t12	1	3	tpl-0e55827a37ab4058849ff182	0	201	0.075186	PASS	none	fada47939020449aab0a793875a9b9be	PASS
r01-q04211-3u-t11	1	3	tpl-0e55827a37ab4058849ff182	0	201	0.089795	PASS	none	ae1b737b6b774781a02e5deeeb7aced2	PASS
r01-q04219-3u-t19	1	3	tpl-0e55827a37ab4058849ff182	0	201	0.069525	PASS	none	1c61c2f8e3974e5cbb7b30948b26d650	PASS
r01-q04217-3u-t17	1	3	tpl-0e55827a37ab4058849ff182	0	201	0.062085	PASS	none	d0133cf555eb4449aa61da9be08aa3ec	PASS
r01-q04214-3u-t14	1	3	tpl-0e55827a37ab4058849ff182	0	201	0.076028	PASS	none	fb76e03c6d824d88ad586c94a6ee966e	PASS
r01-q04213-3u-t13	1	3	tpl-0e55827a37ab4058849ff182	0	201	0.073513	PASS	none	50f07638108f440bad687241894a6a71	PASS
r01-q04220-3u-t20	1	3	tpl-0e55827a37ab4058849ff182	0	201	0.081743	PASS	none	9ba7ccfec60c420bbc7d5476578cc83e	PASS
r01-q04216-3u-t16	1	3	tpl-0e55827a37ab4058849ff182	0	201	0.067300	PASS	none	fbd08e6f9f9340e6b8a47ef243ea33f0	PASS
r01-q04218-3u-t18	1	3	tpl-0e55827a37ab4058849ff182	0	201	0.069087	PASS	none	e3e09c28b3d248b483f7d0fc5fe7222d	PASS
r01-q04221-3u-t21	1	3	tpl-0e55827a37ab4058849ff182	0	201	0.073843	PASS	none	4416da096eba4fdbb597f9416178ddc1	PASS
r01-q04224-3u-t24	1	3	tpl-0e55827a37ab4058849ff182	0	201	0.082722	PASS	none	3e90f4ece8204f8282ca8c0da5dff3f8	PASS
r01-q04225-3u-t25	1	3	tpl-0e55827a37ab4058849ff182	0	201	0.076515	PASS	none	035955b5a85f470a98ca41c98e9cdd75	PASS
r01-q04222-3u-t22	1	3	tpl-0e55827a37ab4058849ff182	0	201	0.089921	PASS	none	1e420bab49864ee5a92f53ae10906d85	PASS
r01-q04233-3u-t33	1	3	tpl-0e55827a37ab4058849ff182	0	201	0.092767	PASS	none	0a95218860fc40699bb77574af50a62f	PASS
r01-q04227-3u-t27	1	3	tpl-0e55827a37ab4058849ff182	0	201	0.085584	PASS	none	8dc31b3c71764b72805739c72d6fa451	PASS
r01-q04231-3u-t31	1	3	tpl-0e55827a37ab4058849ff182	0	201	0.094691	PASS	none	4dfa504ec6f74bf6bd1e48cf225fd0f1	PASS
r01-q04226-3u-t26	1	3	tpl-0e55827a37ab4058849ff182	0	201	0.091289	PASS	none	a6b18b5dfbd34b8fb20aac2bcf044049	PASS
r01-q04229-3u-t29	1	3	tpl-0e55827a37ab4058849ff182	0	201	0.084707	PASS	none	f8983bb632cd49afb8e77598c83c0497	PASS
r01-q04223-3u-t23	1	3	tpl-0e55827a37ab4058849ff182	0	201	0.084018	PASS	none	216876d45a95471b9223d0d70646be7c	PASS
r01-q04230-3u-t30	1	3	tpl-0e55827a37ab4058849ff182	0	201	0.098116	PASS	none	e6849195e6b441088682dbdce8d9c133	PASS
r01-q04228-3u-t28	1	3	tpl-0e55827a37ab4058849ff182	0	201	0.076825	PASS	none	23244cf0ed1743ed9f7205b4c9aa9baa	PASS
r01-q04237-3u-t37	1	3	tpl-0e55827a37ab4058849ff182	0	201	0.099242	PASS	none	189dc5c349354765b641cacddda9c30e	PASS
r01-q04236-3u-t36	1	3	tpl-0e55827a37ab4058849ff182	0	201	0.096836	PASS	none	beada19696dd4222bfb67bcb547b3465	PASS
r01-q04235-3u-t35	1	3	tpl-0e55827a37ab4058849ff182	0	201	0.092436	PASS	none	3d18a81d151c40e6a19e9b821a6d4bd4	PASS
r01-q04232-3u-t32	1	3	tpl-0e55827a37ab4058849ff182	0	201	0.091322	PASS	none	6e2638c4d14446429ef30224ec07130e	PASS
r01-q04234-3u-t34	1	3	tpl-0e55827a37ab4058849ff182	0	201	0.097739	PASS	none	0a03efcd8aec45979491861c76c57798	PASS
r01-q04240-3u-t40	1	3	tpl-0e55827a37ab4058849ff182	0	201	0.094230	PASS	none	20837883e173460c855add58546baccf	PASS
r01-q04239-3u-t39	1	3	tpl-0e55827a37ab4058849ff182	0	201	0.090530	PASS	none	50e5819499fd45c59aaaa3211dbaccca	PASS
r01-q04246-3u-t46	1	3	tpl-0e55827a37ab4058849ff182	0	201	0.081614	PASS	none	3972c93ecad8483d983b69e869abc881	PASS
r01-q04243-3u-t43	1	3	tpl-0e55827a37ab4058849ff182	0	201	0.094763	PASS	none	a08ec0428c9f4a1aaf5611668c1e5f99	PASS
r01-q04238-3u-t38	1	3	tpl-0e55827a37ab4058849ff182	0	201	0.102395	PASS	none	c0991d32a7c14de5a4b50ee274c2bb6a	PASS
r01-q04250-3u-t50	1	3	tpl-0e55827a37ab4058849ff182	0	201	0.082347	PASS	none	12d5a1ba69a04cd6adfe4ec0d4fca005	PASS
r01-q04242-3u-t42	1	3	tpl-0e55827a37ab4058849ff182	0	201	0.084439	PASS	none	9ec50f3c908f4e61a2120d65b64a0257	PASS
r01-q04248-3u-t48	1	3	tpl-0e55827a37ab4058849ff182	0	201	0.085300	PASS	none	d1a49af0b87a411397d3e6c853948015	PASS
r01-q04245-3u-t45	1	3	tpl-0e55827a37ab4058849ff182	0	201	0.084032	PASS	none	a3ea6db5fddd4057a7d1424003ee36a5	PASS
r01-q04244-3u-t44	1	3	tpl-0e55827a37ab4058849ff182	0	201	0.091512	PASS	none	1d9d52b24f68414da894c7a29564cf09	PASS
r01-q04247-3u-t47	1	3	tpl-0e55827a37ab4058849ff182	0	201	0.088725	PASS	none	8458086a2d9c42a7b1339b1671222c2a	PASS
r01-q04241-3u-t41	1	3	tpl-0e55827a37ab4058849ff182	0	201	0.084959	PASS	none	1e2c2deb6ee048baa44ae2ad1d198893	PASS
r01-q04249-3u-t49	1	3	tpl-0e55827a37ab4058849ff182	0	201	0.091827	PASS	none	214d5b79453b4f72ab42b7eb76b946c7	PASS
r02-q04255-3u-t5	2	3	tpl-0e55827a37ab4058849ff182	0	201	0.064163	PASS	none	37e533e8fb9848bfa125e742db775ffe	PASS
r02-q04260-3u-t10	2	3	tpl-0e55827a37ab4058849ff182	0	201	0.064170	PASS	none	7264344e4bc9485bb8ea9258977ecc3c	PASS
r02-q04258-3u-t8	2	3	tpl-0e55827a37ab4058849ff182	0	201	0.077517	PASS	none	08b59f8230f241418a92ae79df30da50	PASS
r02-q04256-3u-t6	2	3	tpl-0e55827a37ab4058849ff182	0	201	0.065486	PASS	none	f4cc2b987e224e39b9d460c04a2b7901	PASS
r02-q04257-3u-t7	2	3	tpl-0e55827a37ab4058849ff182	0	201	0.063694	PASS	none	53650da1032449f98b24044bbe27601e	PASS
r02-q04263-3u-t13	2	3	tpl-0e55827a37ab4058849ff182	0	201	0.073951	PASS	none	7cddd7885a8446e5be6d14de91502e8e	PASS
r02-q04253-3u-t3	2	3	tpl-0e55827a37ab4058849ff182	0	201	0.059897	PASS	none	efe0b6025e0646be8289733ad46769d0	PASS
r02-q04254-3u-t4	2	3	tpl-0e55827a37ab4058849ff182	0	201	0.060219	PASS	none	2d5803dbf2424e6ea8e3d4ad570aa6c7	PASS
r02-q04259-3u-t9	2	3	tpl-0e55827a37ab4058849ff182	0	201	0.059815	PASS	none	53f40367dc1049bebb143828b17dda85	PASS
r02-q04251-3u-t1	2	3	tpl-0e55827a37ab4058849ff182	0	201	0.085248	PASS	none	496bc2f1998c41bea1f4534146a30d43	PASS
r02-q04268-3u-t18	2	3	tpl-0e55827a37ab4058849ff182	0	201	0.081342	PASS	none	2fa046d76c3e4ee4b34aadd0c844b6dd	PASS
r02-q04271-3u-t21	2	3	tpl-0e55827a37ab4058849ff182	0	201	0.073363	PASS	none	bcb683e45bc84575a7deb7ff94762c82	PASS
r02-q04264-3u-t14	2	3	tpl-0e55827a37ab4058849ff182	0	201	0.068451	PASS	none	43f41608ffe64e5898d095271dd62f5d	PASS
r02-q04252-3u-t2	2	3	tpl-0e55827a37ab4058849ff182	0	201	0.083759	PASS	none	20e89ff50cc0498ca305567e800ac8b6	PASS
r02-q04267-3u-t17	2	3	tpl-0e55827a37ab4058849ff182	0	201	0.073212	PASS	none	f1b9172a3a6a4a2d8a87057d9c56d903	PASS
r02-q04272-3u-t22	2	3	tpl-0e55827a37ab4058849ff182	0	201	0.076679	PASS	none	cc2d4fb241334045bfadd8f03c403f0f	PASS
r02-q04274-3u-t24	2	3	tpl-0e55827a37ab4058849ff182	0	201	0.089395	PASS	none	476bdcb46f0e45b2bb931bf3d802d4f7	PASS
r02-q04261-3u-t11	2	3	tpl-0e55827a37ab4058849ff182	0	201	0.073115	PASS	none	1780b36f8c1b48a8ad413b8a7b1c27c7	PASS
r02-q04262-3u-t12	2	3	tpl-0e55827a37ab4058849ff182	0	201	0.081496	PASS	none	21e27ea10a564ff88576ca34a4482448	PASS
r02-q04265-3u-t15	2	3	tpl-0e55827a37ab4058849ff182	0	201	0.084589	PASS	none	1666902c343a4b4d847cdd0f9f04649e	PASS
r02-q04266-3u-t16	2	3	tpl-0e55827a37ab4058849ff182	0	201	0.079301	PASS	none	5cf52d3b2d1f4f48bf361fc714c4a6f8	PASS
r02-q04278-3u-t28	2	3	tpl-0e55827a37ab4058849ff182	0	201	0.078220	PASS	none	7b951244a1c142d4aef76394147b423f	PASS
r02-q04279-3u-t29	2	3	tpl-0e55827a37ab4058849ff182	0	201	0.081252	PASS	none	ce1bee7c418a43c6936c57783fd1fa20	PASS
r02-q04282-3u-t32	2	3	tpl-0e55827a37ab4058849ff182	0	201	0.088153	PASS	none	8c03a63ae43c43f9902c02b548d0a97c	PASS
r02-q04269-3u-t19	2	3	tpl-0e55827a37ab4058849ff182	0	201	0.088023	PASS	none	f5f160d962af443b8dd653aed4bd1457	PASS
r02-q04285-3u-t35	2	3	tpl-0e55827a37ab4058849ff182	0	201	0.077837	PASS	none	e5ef2845be1b40aba1147e6c296a7228	PASS
r02-q04284-3u-t34	2	3	tpl-0e55827a37ab4058849ff182	0	201	0.075500	PASS	none	593085da47d246799746224a740517f7	PASS
r02-q04277-3u-t27	2	3	tpl-0e55827a37ab4058849ff182	0	201	0.088827	PASS	none	3ba7ba85f372432cbe071c54e3369f79	PASS
r02-q04288-3u-t38	2	3	tpl-0e55827a37ab4058849ff182	0	201	0.088783	PASS	none	d46fd0dce109487d90168bd524ea6619	PASS
r02-q04283-3u-t33	2	3	tpl-0e55827a37ab4058849ff182	0	201	0.091647	PASS	none	4a2636c9653b4e31a7b57fd07bbfd9d2	PASS
r02-q04281-3u-t31	2	3	tpl-0e55827a37ab4058849ff182	0	201	0.104861	PASS	none	db7aa385e3ee4ad7b406c1f7b42125a3	PASS
r02-q04291-3u-t41	2	3	tpl-0e55827a37ab4058849ff182	0	201	0.097147	PASS	none	03825b23ccfa476a978c6994f655ba63	PASS
r02-q04273-3u-t23	2	3	tpl-0e55827a37ab4058849ff182	0	201	0.093173	PASS	none	673bee7bc6e6461ab121b63317e7a1eb	PASS
r02-q04275-3u-t25	2	3	tpl-0e55827a37ab4058849ff182	0	201	0.088008	PASS	none	df452e3e781b436ebc4e34e9b10e6add	PASS
r02-q04289-3u-t39	2	3	tpl-0e55827a37ab4058849ff182	0	201	0.084911	PASS	none	99e5419546db49c5aacfc316510b99e8	PASS
r02-q04290-3u-t40	2	3	tpl-0e55827a37ab4058849ff182	0	201	0.096495	PASS	none	b752e57572164534bd20b82933846f13	PASS
r02-q04276-3u-t26	2	3	tpl-0e55827a37ab4058849ff182	0	201	0.083319	PASS	none	cb25b5faaad64295a0e34d3a81242cf8	PASS
r02-q04286-3u-t36	2	3	tpl-0e55827a37ab4058849ff182	0	201	0.085417	PASS	none	bcbe39a8b1384fbe9888cb4b3a59c7f1	PASS
r02-q04298-3u-t48	2	3	tpl-0e55827a37ab4058849ff182	0	201	0.085660	PASS	none	9d9debf2167e469f99e0607040ca1818	PASS
r02-q04297-3u-t47	2	3	tpl-0e55827a37ab4058849ff182	0	201	0.081673	PASS	none	70da082bdedd4f9bb012cef5bfdac16c	PASS
r02-q04296-3u-t46	2	3	tpl-0e55827a37ab4058849ff182	0	201	0.081138	PASS	none	58f7825104a64c5fb59fbaa6ebeaf8eb	PASS
r02-q04287-3u-t37	2	3	tpl-0e55827a37ab4058849ff182	0	201	0.080329	PASS	none	846bcfa3e6e445e6a9b82c624c8378a5	PASS
r02-q04299-3u-t49	2	3	tpl-0e55827a37ab4058849ff182	0	201	0.085011	PASS	none	f6d68b9346ab4e8f8740bac24c6462ff	PASS
r02-q04295-3u-t45	2	3	tpl-0e55827a37ab4058849ff182	0	201	0.085268	PASS	none	ccf3508519294d4c9570b4dc49a11138	PASS
r02-q04292-3u-t42	2	3	tpl-0e55827a37ab4058849ff182	0	201	0.084390	PASS	none	3ad868aa90a24e97a3748e7a92131a61	PASS
r02-q04294-3u-t44	2	3	tpl-0e55827a37ab4058849ff182	0	201	0.087294	PASS	none	6c7739f0eda54f97aa819bfa14c58edd	PASS
r02-q04270-3u-t20	2	3	tpl-0e55827a37ab4058849ff182	0	201	0.076250	PASS	none	c4e29a98a1a742c3b329dfcd7ea5e798	PASS
r02-q04300-3u-t50	2	3	tpl-0e55827a37ab4058849ff182	0	201	0.083750	PASS	none	30e0de6bdd86422f9f7c3064a7ece44e	PASS
r02-q04293-3u-t43	2	3	tpl-0e55827a37ab4058849ff182	0	201	0.080770	PASS	none	4e52800383964b3e91ac4b5e555a9fa8	PASS
r02-q04280-3u-t30	2	3	tpl-0e55827a37ab4058849ff182	0	201	0.093017	PASS	none	5024c7e3b13443f7aa9b17d97d712914	PASS
r03-q04307-3u-t7	3	3	tpl-0e55827a37ab4058849ff182	0	201	0.054438	PASS	none	ff8de3c3cca844028fd697003d80d404	PASS
r03-q04308-3u-t8	3	3	tpl-0e55827a37ab4058849ff182	0	201	0.054678	PASS	none	ec9af04ccee646c089d5aee593fb0d3c	PASS
r03-q04305-3u-t5	3	3	tpl-0e55827a37ab4058849ff182	0	201	0.057184	PASS	none	9f20d000d2184cb9aae85cb98c996470	PASS
r03-q04306-3u-t6	3	3	tpl-0e55827a37ab4058849ff182	0	201	0.077996	PASS	none	e75d3f09a3d0440ba4fd834a7e0869e7	PASS
r03-q04309-3u-t9	3	3	tpl-0e55827a37ab4058849ff182	0	201	0.062573	PASS	none	ba40e4e7cb88471e82cbc675e12ce551	PASS
r03-q04314-3u-t14	3	3	tpl-0e55827a37ab4058849ff182	0	201	0.071563	PASS	none	55fb324633724201935a72b7f788e388	PASS
r03-q04304-3u-t4	3	3	tpl-0e55827a37ab4058849ff182	0	201	0.057732	PASS	none	21ea8b4f0da74cbda68f308d8e80fd0f	PASS
r03-q04301-3u-t1	3	3	tpl-0e55827a37ab4058849ff182	0	201	0.062770	PASS	none	be730dd291c44647b0a99340c30fb3e6	PASS
r03-q04311-3u-t11	3	3	tpl-0e55827a37ab4058849ff182	0	201	0.087278	PASS	none	6580f9d284184d5bad3db1b3545ca44d	PASS
r03-q04312-3u-t12	3	3	tpl-0e55827a37ab4058849ff182	0	201	0.067077	PASS	none	934519848a014e2c86787a0ef84eb3d6	PASS
r03-q04303-3u-t3	3	3	tpl-0e55827a37ab4058849ff182	0	201	0.080407	PASS	none	098e633bc7a1498aa2d5053c775bc27a	PASS
r03-q04313-3u-t13	3	3	tpl-0e55827a37ab4058849ff182	0	201	0.067008	PASS	none	2dc9932b11f84294a87fc86fdd8bf2f6	PASS
r03-q04302-3u-t2	3	3	tpl-0e55827a37ab4058849ff182	0	201	0.056372	PASS	none	bda65cada91346598748064ebae2301c	PASS
r03-q04316-3u-t16	3	3	tpl-0e55827a37ab4058849ff182	0	201	0.069761	PASS	none	b0186e11cb8f4089bf220069c274b68c	PASS
r03-q04315-3u-t15	3	3	tpl-0e55827a37ab4058849ff182	0	201	0.080195	PASS	none	7a2b6840498f4a3f872d507c0b2a2376	PASS
r03-q04319-3u-t19	3	3	tpl-0e55827a37ab4058849ff182	0	201	0.068235	PASS	none	97ca31d7e248472482f2eec29475dfcc	PASS
r03-q04310-3u-t10	3	3	tpl-0e55827a37ab4058849ff182	0	201	0.080987	PASS	none	c638b6eb9fd74f458253d197217c25a5	PASS
r03-q04320-3u-t20	3	3	tpl-0e55827a37ab4058849ff182	0	201	0.070154	PASS	none	c5094ed901a9471ba18ace0b01d7f8a3	PASS
r03-q04321-3u-t21	3	3	tpl-0e55827a37ab4058849ff182	0	201	0.082111	PASS	none	7fb7fd57089e457e99632082cab78616	PASS
r03-q04317-3u-t17	3	3	tpl-0e55827a37ab4058849ff182	0	201	0.064375	PASS	none	39a7f5994ebc4c6b89bd3215d9fa32cf	PASS
r03-q04325-3u-t25	3	3	tpl-0e55827a37ab4058849ff182	0	201	0.077915	PASS	none	22432fc47b3e4c0fbf61e8f1c73cf7e1	PASS
r03-q04318-3u-t18	3	3	tpl-0e55827a37ab4058849ff182	0	201	0.065698	PASS	none	24800db16874461db145aee42675ec1a	PASS
r03-q04322-3u-t22	3	3	tpl-0e55827a37ab4058849ff182	0	201	0.080520	PASS	none	69e824e47a4b47088fee2f0b897116df	PASS
r03-q04323-3u-t23	3	3	tpl-0e55827a37ab4058849ff182	0	201	0.086941	PASS	none	252bfb5be846462380ea0a38abcf7503	PASS
r03-q04326-3u-t26	3	3	tpl-0e55827a37ab4058849ff182	0	201	0.077065	PASS	none	47361fa98b1a44ba8dcf6170deb28be9	PASS
r03-q04328-3u-t28	3	3	tpl-0e55827a37ab4058849ff182	0	201	0.087098	PASS	none	b458be480d8043ec9b1f09a4ac2f7385	PASS
r03-q04327-3u-t27	3	3	tpl-0e55827a37ab4058849ff182	0	201	0.079195	PASS	none	e80c882149bf4ebbafc4fb3285f8c9c6	PASS
r03-q04333-3u-t33	3	3	tpl-0e55827a37ab4058849ff182	0	201	0.079600	PASS	none	1a72884517194cb185599c71a6a21a02	PASS
r03-q04324-3u-t24	3	3	tpl-0e55827a37ab4058849ff182	0	201	0.077285	PASS	none	8ec5be2dc91c45c99222cba963e014ea	PASS
r03-q04330-3u-t30	3	3	tpl-0e55827a37ab4058849ff182	0	201	0.081438	PASS	none	52998a6b4cc34332895bd924a7a737ab	PASS
r03-q04332-3u-t32	3	3	tpl-0e55827a37ab4058849ff182	0	201	0.080954	PASS	none	c7caac2fbfca400894bc2531ef57c4be	PASS
r03-q04337-3u-t37	3	3	tpl-0e55827a37ab4058849ff182	0	201	0.083529	PASS	none	1b9158fec6ee4ea1866b75b8dc248901	PASS
r03-q04334-3u-t34	3	3	tpl-0e55827a37ab4058849ff182	0	201	0.081976	PASS	none	c7382fa0de244e198e460a277f0acf9b	PASS
r03-q04338-3u-t38	3	3	tpl-0e55827a37ab4058849ff182	0	201	0.077487	PASS	none	21b3c5be04e14667b45b6bc76b5d28a0	PASS
r03-q04335-3u-t35	3	3	tpl-0e55827a37ab4058849ff182	0	201	0.088435	PASS	none	2aa6872688124a01b0ce8ecec6943cae	PASS
r03-q04329-3u-t29	3	3	tpl-0e55827a37ab4058849ff182	0	201	0.092095	PASS	none	438fa2e6246240b7aaea62fb8e52499e	PASS
r03-q04331-3u-t31	3	3	tpl-0e55827a37ab4058849ff182	0	201	0.083873	PASS	none	1a58d7b887c94eaba0cf0cc13cfd7ecd	PASS
r03-q04336-3u-t36	3	3	tpl-0e55827a37ab4058849ff182	0	201	0.084022	PASS	none	100d6c7783804a2c91b7949d5eee961d	PASS
r03-q04341-3u-t41	3	3	tpl-0e55827a37ab4058849ff182	0	201	0.097492	PASS	none	75459fc6c76544baafd980048d27f06a	PASS
r03-q04343-3u-t43	3	3	tpl-0e55827a37ab4058849ff182	0	201	0.086225	PASS	none	01725d4e98c147ddaae979964381e5d6	PASS
r03-q04342-3u-t42	3	3	tpl-0e55827a37ab4058849ff182	0	201	0.105876	PASS	none	ce814ec752684e82a95654647af30155	PASS
r03-q04346-3u-t46	3	3	tpl-0e55827a37ab4058849ff182	0	201	0.078769	PASS	none	3a384df56c264666961675c3ae3c21f3	PASS
r03-q04344-3u-t44	3	3	tpl-0e55827a37ab4058849ff182	0	201	0.087966	PASS	none	e523e2f4cf5246cd8216076c9f386e39	PASS
r03-q04345-3u-t45	3	3	tpl-0e55827a37ab4058849ff182	0	201	0.086242	PASS	none	a0fb662885904fc0ae55e23203823809	PASS
r03-q04347-3u-t47	3	3	tpl-0e55827a37ab4058849ff182	0	201	0.086464	PASS	none	7df98ddff45745848f65ea3803781901	PASS
r03-q04340-3u-t40	3	3	tpl-0e55827a37ab4058849ff182	0	201	0.109586	PASS	none	a26384efa79c4001ae55165eda87e3d2	PASS
r03-q04348-3u-t48	3	3	tpl-0e55827a37ab4058849ff182	0	201	0.083003	PASS	none	7bd225beeaa34b379a8562ff137adc3d	PASS
r03-q04339-3u-t39	3	3	tpl-0e55827a37ab4058849ff182	0	201	0.112950	PASS	none	a5a16674b44749978b56419ed4bdb9d0	PASS
r03-q04349-3u-t49	3	3	tpl-0e55827a37ab4058849ff182	0	201	0.087008	PASS	none	fe24647cd784423aac441e126924f381	PASS
r03-q04350-3u-t50	3	3	tpl-0e55827a37ab4058849ff182	0	201	0.081256	PASS	none	a9e1250239f14018ba58ad066edc3055	PASS
r04-q04352-3u-t2	4	3	tpl-0e55827a37ab4058849ff182	0	201	0.054775	PASS	none	2cf4cf65672a405894445bf410c0c64f	PASS
r04-q04358-3u-t8	4	3	tpl-0e55827a37ab4058849ff182	0	201	0.078292	PASS	none	ef164487b4a64831b28a035a3d84044f	PASS
r04-q04361-3u-t11	4	3	tpl-0e55827a37ab4058849ff182	0	201	0.059302	PASS	none	a331aa54f22d4430b5e3b4028e17cc4b	PASS
r04-q04365-3u-t15	4	3	tpl-0e55827a37ab4058849ff182	0	201	0.065311	PASS	none	0bd195a2557d49d083579287e6f1c6db	PASS
r04-q04353-3u-t3	4	3	tpl-0e55827a37ab4058849ff182	0	201	0.054301	PASS	none	9e86b4aad6ac4cf8a07b882caf0fd41d	PASS
r04-q04355-3u-t5	4	3	tpl-0e55827a37ab4058849ff182	0	201	0.075370	PASS	none	1e4c9abb07964bcfa6d4a46a0b04ca55	PASS
r04-q04357-3u-t7	4	3	tpl-0e55827a37ab4058849ff182	0	201	0.057047	PASS	none	8c40f56f353f4fc5ad2518375d39e175	PASS
r04-q04362-3u-t12	4	3	tpl-0e55827a37ab4058849ff182	0	201	0.070781	PASS	none	08e114efad0041c7a8166f93d48af31c	PASS
r04-q04369-3u-t19	4	3	tpl-0e55827a37ab4058849ff182	0	201	0.079080	PASS	none	522a5a7ee87f41caae5795f6ab017dd7	PASS
r04-q04354-3u-t4	4	3	tpl-0e55827a37ab4058849ff182	0	201	0.079212	PASS	none	919e37bd603a4473b78b78731c5f98e3	PASS
r04-q04351-3u-t1	4	3	tpl-0e55827a37ab4058849ff182	0	201	0.059578	PASS	none	751884ff8c324884b2d4c8ba69f46a19	PASS
r04-q04356-3u-t6	4	3	tpl-0e55827a37ab4058849ff182	0	201	0.054826	PASS	none	6360e2b5f1bd465c8e9c7255101d9a52	PASS
r04-q04364-3u-t14	4	3	tpl-0e55827a37ab4058849ff182	0	201	0.064769	PASS	none	8440a88bfb5f44a4aae5e11d5bcb36ea	PASS
r04-q04366-3u-t16	4	3	tpl-0e55827a37ab4058849ff182	0	201	0.063574	PASS	none	f052db0f4670448b8d3aea7f2596425a	PASS
r04-q04359-3u-t9	4	3	tpl-0e55827a37ab4058849ff182	0	201	0.081467	PASS	none	48e20e8072b74fe5a8c82b54d3218f35	PASS
r04-q04363-3u-t13	4	3	tpl-0e55827a37ab4058849ff182	0	201	0.085951	PASS	none	a82f9cfbaedf47bb914c5ef64fced2ce	PASS
r04-q04360-3u-t10	4	3	tpl-0e55827a37ab4058849ff182	0	201	0.066025	PASS	none	6b456c1e55a04b0e9313d3c2fe27e559	PASS
r04-q04371-3u-t21	4	3	tpl-0e55827a37ab4058849ff182	0	201	0.071704	PASS	none	17f1dcd5ede248c4bb0c0bd99782206c	PASS
r04-q04370-3u-t20	4	3	tpl-0e55827a37ab4058849ff182	0	201	0.071979	PASS	none	74466815761244039f1a070be769f628	PASS
r04-q04372-3u-t22	4	3	tpl-0e55827a37ab4058849ff182	0	201	0.074395	PASS	none	719b72e48dbd4969b86b2a19bc997315	PASS
r04-q04367-3u-t17	4	3	tpl-0e55827a37ab4058849ff182	0	201	0.068300	PASS	none	4de803eed7114323ad8f4cb1f8795264	PASS
r04-q04373-3u-t23	4	3	tpl-0e55827a37ab4058849ff182	0	201	0.067107	PASS	none	45b5656e99db49dabc76b3f621def678	PASS
r04-q04368-3u-t18	4	3	tpl-0e55827a37ab4058849ff182	0	201	0.083185	PASS	none	e09f75c037d54c8cb13cb825f2d4bfbd	PASS
r04-q04374-3u-t24	4	3	tpl-0e55827a37ab4058849ff182	0	201	0.083058	PASS	none	dc025301d4154088bbfc3a2f8a4806c3	PASS
r04-q04378-3u-t28	4	3	tpl-0e55827a37ab4058849ff182	0	201	0.084637	PASS	none	fad1167100d04114bb5aad01ca80db9e	PASS
r04-q04381-3u-t31	4	3	tpl-0e55827a37ab4058849ff182	0	201	0.086124	PASS	none	42896ced84ee4e0ab57987ca87edf799	PASS
r04-q04376-3u-t26	4	3	tpl-0e55827a37ab4058849ff182	0	201	0.077078	PASS	none	686d57cea87c416ab431423436d9108f	PASS
r04-q04375-3u-t25	4	3	tpl-0e55827a37ab4058849ff182	0	201	0.084431	PASS	none	b04cddb1b16e418e8f76458f55c74271	PASS
r04-q04377-3u-t27	4	3	tpl-0e55827a37ab4058849ff182	0	201	0.084683	PASS	none	5081db900ed04dbc9568ac7984eb4912	PASS
r04-q04383-3u-t33	4	3	tpl-0e55827a37ab4058849ff182	0	201	0.077294	PASS	none	f23828f9aab740fc86e111aab4ebb14e	PASS
r04-q04380-3u-t30	4	3	tpl-0e55827a37ab4058849ff182	0	201	0.077433	PASS	none	69f23de5f30f4516af2cb9231cdd84f6	PASS
r04-q04382-3u-t32	4	3	tpl-0e55827a37ab4058849ff182	0	201	0.082485	PASS	none	1807dda0de594cf9a2a8e10a9c4cf0a0	PASS
r04-q04386-3u-t36	4	3	tpl-0e55827a37ab4058849ff182	0	201	0.084560	PASS	none	75f5af779ec84810bdf1dab2fa190772	PASS
r04-q04379-3u-t29	4	3	tpl-0e55827a37ab4058849ff182	0	201	0.071414	PASS	none	a111ac82f7664752a7b63d3794026274	PASS
r04-q04390-3u-t40	4	3	tpl-0e55827a37ab4058849ff182	0	201	0.085725	PASS	none	4968dc7d4d62418198f74da3fb934bdf	PASS
r04-q04387-3u-t37	4	3	tpl-0e55827a37ab4058849ff182	0	201	0.084164	PASS	none	11eeb2717c4149a8aea21d660ecb7d3e	PASS
r04-q04384-3u-t34	4	3	tpl-0e55827a37ab4058849ff182	0	201	0.082230	PASS	none	0bddeab746fd4e49988ca8b683a99d19	PASS
r04-q04388-3u-t38	4	3	tpl-0e55827a37ab4058849ff182	0	201	0.086762	PASS	none	6330cc897f09449184a07395d7ec0d94	PASS
r04-q04394-3u-t44	4	3	tpl-0e55827a37ab4058849ff182	0	201	0.081254	PASS	none	f6d9827159ac4cf391121d24d39bdfca	PASS
r04-q04385-3u-t35	4	3	tpl-0e55827a37ab4058849ff182	0	201	0.086603	PASS	none	e7b73a54da944c00bc0d71cd4108fa28	PASS
r04-q04393-3u-t43	4	3	tpl-0e55827a37ab4058849ff182	0	201	0.088880	PASS	none	3c2dadde53b14dbfa8111dc3b0f09e59	PASS
r04-q04392-3u-t42	4	3	tpl-0e55827a37ab4058849ff182	0	201	0.083863	PASS	none	7bd7949e452e46dab7baf6eb7f370412	PASS
r04-q04400-3u-t50	4	3	tpl-0e55827a37ab4058849ff182	0	201	0.081133	PASS	none	55360d06a2014e1f90ba356f9ce00a6f	PASS
r04-q04397-3u-t47	4	3	tpl-0e55827a37ab4058849ff182	0	201	0.079644	PASS	none	8dbf90a83f6a48fba0fc95d06ee1e1d6	PASS
r04-q04391-3u-t41	4	3	tpl-0e55827a37ab4058849ff182	0	201	0.081706	PASS	none	a43bb6b674d04cf5b46fbc9f233be11b	PASS
r04-q04395-3u-t45	4	3	tpl-0e55827a37ab4058849ff182	0	201	0.083722	PASS	none	8830e4aad20e4623b8ff2264d5440013	PASS
r04-q04398-3u-t48	4	3	tpl-0e55827a37ab4058849ff182	0	201	0.085138	PASS	none	f9de77376ab54c80acbb5054a094bed0	PASS
r04-q04389-3u-t39	4	3	tpl-0e55827a37ab4058849ff182	0	201	0.085381	PASS	none	c6ac7f5bf9e3464db067deaf7499224b	PASS
r04-q04399-3u-t49	4	3	tpl-0e55827a37ab4058849ff182	0	201	0.082725	PASS	none	7fb8fa6cef1349cf9d96a672cff1c319	PASS
r04-q04396-3u-t46	4	3	tpl-0e55827a37ab4058849ff182	0	201	0.079349	PASS	none	3c4c581f308247b098694f2838b1a0d9	PASS
r05-q04404-3u-t4	5	3	tpl-0e55827a37ab4058849ff182	0	201	0.061360	PASS	none	9cedcd1a7ce345c49f3242a75087f4b0	PASS
r05-q04402-3u-t2	5	3	tpl-0e55827a37ab4058849ff182	0	201	0.083076	PASS	none	b883f3b15dc44e8588daefee85e22afc	PASS
r05-q04406-3u-t6	5	3	tpl-0e55827a37ab4058849ff182	0	201	0.057169	PASS	none	3f1144bf14d04f08a85b734f838b1bbe	PASS
r05-q04403-3u-t3	5	3	tpl-0e55827a37ab4058849ff182	0	201	0.054485	PASS	none	266caff4cafe40fe913a7207ff297b74	PASS
r05-q04408-3u-t8	5	3	tpl-0e55827a37ab4058849ff182	0	201	0.074729	PASS	none	bca683b72a0c4666869c1090e557fc2b	PASS
r05-q04405-3u-t5	5	3	tpl-0e55827a37ab4058849ff182	0	201	0.089184	PASS	none	35930c0a7e5042888e96a0d93921b556	PASS
r05-q04409-3u-t9	5	3	tpl-0e55827a37ab4058849ff182	0	201	0.071106	PASS	none	2166bcd913c5491dbb66e312247f5ffc	PASS
r05-q04411-3u-t11	5	3	tpl-0e55827a37ab4058849ff182	0	201	0.070833	PASS	none	88b42948451a4fe19bb6dc8ca2ccc957	PASS
r05-q04401-3u-t1	5	3	tpl-0e55827a37ab4058849ff182	0	201	0.055494	PASS	none	589f6d847c2d41a1be99fde391ce4c18	PASS
r05-q04418-3u-t18	5	3	tpl-0e55827a37ab4058849ff182	0	201	0.085431	PASS	none	3af80bff5e484f6db824e2d8826c11c4	PASS
r05-q04414-3u-t14	5	3	tpl-0e55827a37ab4058849ff182	0	201	0.083427	PASS	none	5b693eeef552404883136633b9139be1	PASS
r05-q04410-3u-t10	5	3	tpl-0e55827a37ab4058849ff182	0	201	0.080114	PASS	none	2b6514567afc40758aaaa83c5f1ad703	PASS
r05-q04407-3u-t7	5	3	tpl-0e55827a37ab4058849ff182	0	201	0.092699	PASS	none	bebd7ddeadd8448783dd066fd7f6b10c	PASS
r05-q04416-3u-t16	5	3	tpl-0e55827a37ab4058849ff182	0	201	0.073143	PASS	none	fc3b63362379431592c390bf34abaa2c	PASS
r05-q04413-3u-t13	5	3	tpl-0e55827a37ab4058849ff182	0	201	0.081353	PASS	none	77da7d838c3e44ac87d039516dc92a28	PASS
r05-q04423-3u-t23	5	3	tpl-0e55827a37ab4058849ff182	0	201	0.076028	PASS	none	da6c8758253a47e3acdc8bd1f82798a9	PASS
r05-q04417-3u-t17	5	3	tpl-0e55827a37ab4058849ff182	0	201	0.073169	PASS	none	077dbe9d65814cda87cca5a6a666168d	PASS
r05-q04419-3u-t19	5	3	tpl-0e55827a37ab4058849ff182	0	201	0.084769	PASS	none	4ae0058e00dc42efb5da2c5f4c0fd404	PASS
r05-q04412-3u-t12	5	3	tpl-0e55827a37ab4058849ff182	0	201	0.087012	PASS	none	77e6ec276f3e4edf8b55e77346ef6220	PASS
r05-q04415-3u-t15	5	3	tpl-0e55827a37ab4058849ff182	0	201	0.070270	PASS	none	9b38d4423a824a01b160c300cb5a0baa	PASS
r05-q04422-3u-t22	5	3	tpl-0e55827a37ab4058849ff182	0	201	0.079209	PASS	none	7833862bb1204aacaffbec4f4070503e	PASS
r05-q04424-3u-t24	5	3	tpl-0e55827a37ab4058849ff182	0	201	0.076721	PASS	none	0653344efa354c9682402e0e2bbfbf75	PASS
r05-q04427-3u-t27	5	3	tpl-0e55827a37ab4058849ff182	0	201	0.084500	PASS	none	52451c1c255646b6ad578ed890675d3e	PASS
r05-q04426-3u-t26	5	3	tpl-0e55827a37ab4058849ff182	0	201	0.086054	PASS	none	d324c26aecb64bc7a24a3341cdde0a3c	PASS
r05-q04431-3u-t31	5	3	tpl-0e55827a37ab4058849ff182	0	201	0.082402	PASS	none	edfb7d3c5fdd4badab2f78269e467ea7	PASS
r05-q04420-3u-t20	5	3	tpl-0e55827a37ab4058849ff182	0	201	0.080724	PASS	none	d778d26235674c39a4971b2f53816b6b	PASS
r05-q04421-3u-t21	5	3	tpl-0e55827a37ab4058849ff182	0	201	0.083649	PASS	none	8fb05ca11f514afd8f4e3d1672392eda	PASS
r05-q04430-3u-t30	5	3	tpl-0e55827a37ab4058849ff182	0	201	0.078704	PASS	none	cba84dfc79b442258e9ec297c7adb0f8	PASS
r05-q04429-3u-t29	5	3	tpl-0e55827a37ab4058849ff182	0	201	0.084407	PASS	none	557467fba2904d1c869bbb720fe442e4	PASS
r05-q04428-3u-t28	5	3	tpl-0e55827a37ab4058849ff182	0	201	0.083538	PASS	none	462827a6cc8a40e9a491584d03f87adf	PASS
r05-q04434-3u-t34	5	3	tpl-0e55827a37ab4058849ff182	0	201	0.085340	PASS	none	f7721a97941842309ca6a8044f5a75e7	PASS
r05-q04433-3u-t33	5	3	tpl-0e55827a37ab4058849ff182	0	201	0.085744	PASS	none	48893e56f4dc47faa63c8d2869019ff3	PASS
r05-q04432-3u-t32	5	3	tpl-0e55827a37ab4058849ff182	0	201	0.079787	PASS	none	cae22d82eb36415a88a556eeb28752b8	PASS
r05-q04425-3u-t25	5	3	tpl-0e55827a37ab4058849ff182	0	201	0.084836	PASS	none	1f118f67a4ad4360bcff415e48051516	PASS
r05-q04435-3u-t35	5	3	tpl-0e55827a37ab4058849ff182	0	201	0.082076	PASS	none	d56680a3ec564340a7a40a9636585abf	PASS
r05-q04436-3u-t36	5	3	tpl-0e55827a37ab4058849ff182	0	201	0.091627	PASS	none	2b37f3f5c331415bb185b5e52707b338	PASS
r05-q04438-3u-t38	5	3	tpl-0e55827a37ab4058849ff182	0	201	0.082256	PASS	none	f3c0314e1d8f4aa9a080e51b53e2c23b	PASS
r05-q04444-3u-t44	5	3	tpl-0e55827a37ab4058849ff182	0	201	0.094240	PASS	none	2ecd616f2ae848c2ad22840eb5593f33	PASS
r05-q04447-3u-t47	5	3	tpl-0e55827a37ab4058849ff182	0	201	0.086694	PASS	none	e6cc38f5a6f34ef88939fd2e0468c7b6	PASS
r05-q04439-3u-t39	5	3	tpl-0e55827a37ab4058849ff182	0	201	0.092413	PASS	none	aef9598c896b46a9b2df1c21d8d02a43	PASS
r05-q04445-3u-t45	5	3	tpl-0e55827a37ab4058849ff182	0	201	0.087001	PASS	none	697960db0d534cabbfec92f36afbdd13	PASS
r05-q04443-3u-t43	5	3	tpl-0e55827a37ab4058849ff182	0	201	0.092663	PASS	none	2b8e2841d4724c35a2baf950c492c3ee	PASS
r05-q04448-3u-t48	5	3	tpl-0e55827a37ab4058849ff182	0	201	0.089362	PASS	none	7314caa7444e4005a8f23ff23c1c95e2	PASS
r05-q04442-3u-t42	5	3	tpl-0e55827a37ab4058849ff182	0	201	0.094344	PASS	none	f7e14707e5ac40aebf6844412586ce24	PASS
r05-q04440-3u-t40	5	3	tpl-0e55827a37ab4058849ff182	0	201	0.097581	PASS	none	7a123222295c44c5ac7c8f8e9039455d	PASS
r05-q04437-3u-t37	5	3	tpl-0e55827a37ab4058849ff182	0	201	0.089259	PASS	none	c7f43801a79647caa46cc3e5ba1a5461	PASS
r05-q04450-3u-t50	5	3	tpl-0e55827a37ab4058849ff182	0	201	0.086264	PASS	none	fcb6b22739ed47978453c3513c4afe09	PASS
r05-q04441-3u-t41	5	3	tpl-0e55827a37ab4058849ff182	0	201	0.094378	PASS	none	bd57ac88aac243a09bf79f1fcdf9f322	PASS
r05-q04449-3u-t49	5	3	tpl-0e55827a37ab4058849ff182	0	201	0.081814	PASS	none	6a238bfb38914daab182eafbe1ef431d	PASS
r05-q04446-3u-t46	5	3	tpl-0e55827a37ab4058849ff182	0	201	0.085044	PASS	none	cd71572414534ecc8ea02c05d69e35dc	PASS
r06-q04451-3u-t1	6	3	tpl-0e55827a37ab4058849ff182	0	201	0.057247	PASS	none	0e28dab482b44d94a90a58463fe0441e	PASS
r06-q04456-3u-t6	6	3	tpl-0e55827a37ab4058849ff182	0	201	0.064163	PASS	none	9f908af27452415e8b8dc4b2bc119028	PASS
r06-q04460-3u-t10	6	3	tpl-0e55827a37ab4058849ff182	0	201	0.059688	PASS	none	efea017b2dcb414ea2aabfe487580204	PASS
r06-q04459-3u-t9	6	3	tpl-0e55827a37ab4058849ff182	0	201	0.066451	PASS	none	3971a7be79bc44d09ed6c05c5b3dacc7	PASS
r06-q04462-3u-t12	6	3	tpl-0e55827a37ab4058849ff182	0	201	0.063822	PASS	none	d62b8b51f5274996a86e3a60e3ff2234	PASS
r06-q04465-3u-t15	6	3	tpl-0e55827a37ab4058849ff182	0	201	0.085784	PASS	none	8cbcb2ed39c64090aa628b91671ea546	PASS
r06-q04454-3u-t4	6	3	tpl-0e55827a37ab4058849ff182	0	201	0.069879	PASS	none	fcc34ba198704bdab8d40f68423f56ce	PASS
r06-q04458-3u-t8	6	3	tpl-0e55827a37ab4058849ff182	0	201	0.080272	PASS	none	3b04eb0ead6348bf93cf1fd630943ea6	PASS
r06-q04457-3u-t7	6	3	tpl-0e55827a37ab4058849ff182	0	201	0.064161	PASS	none	97733a76008c48ba960c4bdbea6615a0	PASS
r06-q04452-3u-t2	6	3	tpl-0e55827a37ab4058849ff182	0	201	0.082574	PASS	none	5d617204204b49759399c151d3cfe607	PASS
r06-q04453-3u-t3	6	3	tpl-0e55827a37ab4058849ff182	0	201	0.081612	PASS	none	bdfc39d15f6b4d2da0ff01a2e955f58c	PASS
r06-q04467-3u-t17	6	3	tpl-0e55827a37ab4058849ff182	0	201	0.085263	PASS	none	f2e6722652ef4394b9227de2e8bc2678	PASS
r06-q04463-3u-t13	6	3	tpl-0e55827a37ab4058849ff182	0	201	0.081931	PASS	none	67a166ff51a142d8a9531a869fec5fcf	PASS
r06-q04461-3u-t11	6	3	tpl-0e55827a37ab4058849ff182	0	201	0.078922	PASS	none	b6d3d58120034499a8392c659e8ea216	PASS
r06-q04469-3u-t19	6	3	tpl-0e55827a37ab4058849ff182	0	201	0.080630	PASS	none	5dd635e78a544edb9e8545b45b73747f	PASS
r06-q04455-3u-t5	6	3	tpl-0e55827a37ab4058849ff182	0	201	0.065654	PASS	none	ce2864772b0d4aa28f7477027b6feb61	PASS
r06-q04470-3u-t20	6	3	tpl-0e55827a37ab4058849ff182	0	201	0.082677	PASS	none	3e3fc5a6d4394601ae3b076d13695be4	PASS
r06-q04468-3u-t18	6	3	tpl-0e55827a37ab4058849ff182	0	201	0.089730	PASS	none	f99ac0d3a0e1419dbd0b5bc3bd5a0097	PASS
r06-q04466-3u-t16	6	3	tpl-0e55827a37ab4058849ff182	0	201	0.089417	PASS	none	f56806b65fc74fcc8236702439ea9db9	PASS
r06-q04464-3u-t14	6	3	tpl-0e55827a37ab4058849ff182	0	201	0.080856	PASS	none	366b089fba8144d79556b219807dee70	PASS
r06-q04476-3u-t26	6	3	tpl-0e55827a37ab4058849ff182	0	201	0.084175	PASS	none	80f4554b0d914bfb82ccb6d4f888918e	PASS
r06-q04477-3u-t27	6	3	tpl-0e55827a37ab4058849ff182	0	201	0.081796	PASS	none	502d5b24077648ff9e66052d88eda2fe	PASS
r06-q04472-3u-t22	6	3	tpl-0e55827a37ab4058849ff182	0	201	0.088381	PASS	none	fd592fe7a9114b31972f1ae99f7e4f66	PASS
r06-q04475-3u-t25	6	3	tpl-0e55827a37ab4058849ff182	0	201	0.077566	PASS	none	13754d1e5f154df8b4350beab57c38a0	PASS
r06-q04471-3u-t21	6	3	tpl-0e55827a37ab4058849ff182	0	201	0.083849	PASS	none	a322466175854b78b9f2115bc74d08cf	PASS
r06-q04474-3u-t24	6	3	tpl-0e55827a37ab4058849ff182	0	201	0.073860	PASS	none	78b448f8eae544d3a687c957eeb39d7f	PASS
r06-q04480-3u-t30	6	3	tpl-0e55827a37ab4058849ff182	0	201	0.083772	PASS	none	d84eda7ee59f466595382c6aeb4851c6	PASS
r06-q04479-3u-t29	6	3	tpl-0e55827a37ab4058849ff182	0	201	0.083977	PASS	none	50894dc417774e9e897d90fbad0bcbd1	PASS
r06-q04478-3u-t28	6	3	tpl-0e55827a37ab4058849ff182	0	201	0.077545	PASS	none	3d37c8c25fcf4ef096f2616be3fa32fd	PASS
r06-q04473-3u-t23	6	3	tpl-0e55827a37ab4058849ff182	0	201	0.076710	PASS	none	078dd1cb1b7e4d01aa3dc392449afec2	PASS
r06-q04484-3u-t34	6	3	tpl-0e55827a37ab4058849ff182	0	201	0.085141	PASS	none	4d78df24cf514b7887420f3597b3a25b	PASS
r06-q04482-3u-t32	6	3	tpl-0e55827a37ab4058849ff182	0	201	0.086059	PASS	none	d16f8ee091ce488a9be9eb2c3247ffec	PASS
r06-q04489-3u-t39	6	3	tpl-0e55827a37ab4058849ff182	0	201	0.086647	PASS	none	53b8c3a7fa6241aeb51ccecc9151ade3	PASS
r06-q04483-3u-t33	6	3	tpl-0e55827a37ab4058849ff182	0	201	0.083196	PASS	none	03d07fffcf4144bbb03f1479c7df58b5	PASS
r06-q04490-3u-t40	6	3	tpl-0e55827a37ab4058849ff182	0	201	0.084941	PASS	none	f0a40c6e246f41ec944523f648e391dc	PASS
r06-q04487-3u-t37	6	3	tpl-0e55827a37ab4058849ff182	0	201	0.088282	PASS	none	e661a70fa4144d15a603dc19e24125a9	PASS
r06-q04485-3u-t35	6	3	tpl-0e55827a37ab4058849ff182	0	201	0.088281	PASS	none	e79f0caffcb142cf9c9f71902f999799	PASS
r06-q04488-3u-t38	6	3	tpl-0e55827a37ab4058849ff182	0	201	0.086211	PASS	none	136e9ba17ba146eba272808062073212	PASS
r06-q04491-3u-t41	6	3	tpl-0e55827a37ab4058849ff182	0	201	0.082047	PASS	none	539161d50f294608b0e69e212ec368b1	PASS
r06-q04486-3u-t36	6	3	tpl-0e55827a37ab4058849ff182	0	201	0.088246	PASS	none	99d954c4be614518bf2d951b4221ad5f	PASS
r06-q04481-3u-t31	6	3	tpl-0e55827a37ab4058849ff182	0	201	0.092902	PASS	none	2b541b1db4a64eaf8d004956575db3f1	PASS
r06-q04493-3u-t43	6	3	tpl-0e55827a37ab4058849ff182	0	201	0.093393	PASS	none	e75767b49c8c44508d61d085e893eb61	PASS
r06-q04492-3u-t42	6	3	tpl-0e55827a37ab4058849ff182	0	201	0.083462	PASS	none	c9fe52d644f8448f8dd309f2ff4c1c6d	PASS
r06-q04495-3u-t45	6	3	tpl-0e55827a37ab4058849ff182	0	201	0.089487	PASS	none	631f48f8774d48d8b14a81c930852323	PASS
r06-q04498-3u-t48	6	3	tpl-0e55827a37ab4058849ff182	0	201	0.081470	PASS	none	c6a301b2b4314438ab2593e77a3fba1e	PASS
r06-q04496-3u-t46	6	3	tpl-0e55827a37ab4058849ff182	0	201	0.086640	PASS	none	be3fe64122824059967a3cea79be8bb2	PASS
r06-q04497-3u-t47	6	3	tpl-0e55827a37ab4058849ff182	0	201	0.087199	PASS	none	0d3b9fdada304f67b722fdbec752e96a	PASS
r06-q04494-3u-t44	6	3	tpl-0e55827a37ab4058849ff182	0	201	0.086585	PASS	none	7b0da40267e04d57b0d28aa2f222cda1	PASS
r06-q04499-3u-t49	6	3	tpl-0e55827a37ab4058849ff182	0	201	0.089237	PASS	none	a7fa7258695441579c7a87413db83952	PASS
r06-q04500-3u-t50	6	3	tpl-0e55827a37ab4058849ff182	0	201	0.081675	PASS	none	da173e3a48fa461fac6a1bb6e85b554e	PASS
r01-q04502-4u-t2	1	4	tpl-3963006c91d84baaba4aea43	0	201	0.046814	PASS	none	ed2a3a55a1104e748cb445401ece960c	PASS
r01-q04504-4u-t4	1	4	tpl-3963006c91d84baaba4aea43	0	201	0.062744	PASS	none	cb3cd75f4b0046578003423f64060b8c	PASS
r01-q04501-4u-t1	1	4	tpl-3963006c91d84baaba4aea43	0	201	0.070655	PASS	none	607e563f0feb4340b20d002966d93b43	PASS
r01-q04509-4u-t9	1	4	tpl-3963006c91d84baaba4aea43	0	201	0.063230	PASS	none	663ee02b3e4f434d825d1cde40301d40	PASS
r01-q04503-4u-t3	1	4	tpl-3963006c91d84baaba4aea43	0	201	0.054987	PASS	none	20eea1ef26b2441aac92d10427b4e206	PASS
r01-q04506-4u-t6	1	4	tpl-3963006c91d84baaba4aea43	0	201	0.069730	PASS	none	45c762a9e8cf464bb916c76b8eea2f47	PASS
r01-q04508-4u-t8	1	4	tpl-3963006c91d84baaba4aea43	0	201	0.046548	PASS	none	ee29ba64c740416db2ee5ce2ff40c44d	PASS
r01-q04507-4u-t7	1	4	tpl-3963006c91d84baaba4aea43	0	201	0.051109	PASS	none	b71700dc63a6494f9c264d1d6e5c424b	PASS
r01-q04505-4u-t5	1	4	tpl-3963006c91d84baaba4aea43	0	201	0.049546	PASS	none	8368515bff3c45a993f5af31cf215e14	PASS
r01-q04516-4u-t16	1	4	tpl-3963006c91d84baaba4aea43	0	201	0.062322	PASS	none	8299f3b1497746bcaa2759b8c05ac3ea	PASS
r01-q04511-4u-t11	1	4	tpl-3963006c91d84baaba4aea43	0	201	0.054267	PASS	none	0907a55fe9f440f88438830d72efb577	PASS
r01-q04515-4u-t15	1	4	tpl-3963006c91d84baaba4aea43	0	201	0.061867	PASS	none	1e483de3e9f943f8b774746c073a1971	PASS
r01-q04510-4u-t10	1	4	tpl-3963006c91d84baaba4aea43	0	201	0.053598	PASS	none	0c6e2f7edfe64e72b122472936da2263	PASS
r01-q04518-4u-t18	1	4	tpl-3963006c91d84baaba4aea43	0	201	0.064070	PASS	none	91031b7cf96b479e8cbe1dbe016048d9	PASS
r01-q04513-4u-t13	1	4	tpl-3963006c91d84baaba4aea43	0	201	0.065718	PASS	none	ad620966089645a39d8d94ffbdeee0f8	PASS
r01-q04519-4u-t19	1	4	tpl-3963006c91d84baaba4aea43	0	201	0.063845	PASS	none	8737d465ecc94542810b69192dfe394c	PASS
r01-q04520-4u-t20	1	4	tpl-3963006c91d84baaba4aea43	0	201	0.062836	PASS	none	833e545be0c645769bc962ca0f33ee4e	PASS
r01-q04512-4u-t12	1	4	tpl-3963006c91d84baaba4aea43	0	201	0.059818	PASS	none	058b02d77bc740fe9f5ce3f02bc81c4c	PASS
r01-q04517-4u-t17	1	4	tpl-3963006c91d84baaba4aea43	0	201	0.075183	PASS	none	df92b05a94b347578b1c796b87437b69	PASS
r01-q04524-4u-t24	1	4	tpl-3963006c91d84baaba4aea43	0	201	0.059243	PASS	none	ff2e40e4532b43058e29df8fe9df4633	PASS
r01-q04523-4u-t23	1	4	tpl-3963006c91d84baaba4aea43	0	201	0.058527	PASS	none	91be828f7c1f4ef1af248cecdd56f30d	PASS
r01-q04528-4u-t28	1	4	tpl-3963006c91d84baaba4aea43	0	201	0.063039	PASS	none	d15c68225cbb4f4388ee02093998e6a7	PASS
r01-q04526-4u-t26	1	4	tpl-3963006c91d84baaba4aea43	0	201	0.072795	PASS	none	cd7df1305a7240fb9fe56a7a3ab086f0	PASS
r01-q04514-4u-t14	1	4	tpl-3963006c91d84baaba4aea43	0	201	0.051911	PASS	none	6ef13e5d9d0a422686caadd179930810	PASS
r01-q04527-4u-t27	1	4	tpl-3963006c91d84baaba4aea43	0	201	0.074139	PASS	none	07313ce8afe94e5cbe6f6cc9c0db5269	PASS
r01-q04525-4u-t25	1	4	tpl-3963006c91d84baaba4aea43	0	201	0.074868	PASS	none	5cba55963eb04d6dae3061dd019e4742	PASS
r01-q04522-4u-t22	1	4	tpl-3963006c91d84baaba4aea43	0	201	0.058192	PASS	none	fb2682746fe04a928d9959cf743442c4	PASS
r01-q04535-4u-t35	1	4	tpl-3963006c91d84baaba4aea43	0	201	0.068120	PASS	none	38a173523680463d8d39d5db1257c664	PASS
r01-q04521-4u-t21	1	4	tpl-3963006c91d84baaba4aea43	0	201	0.074973	PASS	none	63f6f87e26594c9db7eb1ca25284b3c9	PASS
r01-q04530-4u-t30	1	4	tpl-3963006c91d84baaba4aea43	0	201	0.065861	PASS	none	433ce149025b42af937892f1268b5d8b	PASS
r01-q04532-4u-t32	1	4	tpl-3963006c91d84baaba4aea43	0	201	0.070811	PASS	none	89550446ae8b4e6b9c546213bb4af275	PASS
r01-q04537-4u-t37	1	4	tpl-3963006c91d84baaba4aea43	0	201	0.081675	PASS	none	7b85a4cbe6e647d6b17a62f179fc38a1	PASS
r01-q04529-4u-t29	1	4	tpl-3963006c91d84baaba4aea43	0	201	0.066133	PASS	none	9764a7e5e2c54856a884d4daa00f758c	PASS
r01-q04534-4u-t34	1	4	tpl-3963006c91d84baaba4aea43	0	201	0.073392	PASS	none	707a889de42447b7bdb0463e077eae1b	PASS
r01-q04538-4u-t38	1	4	tpl-3963006c91d84baaba4aea43	0	201	0.071568	PASS	none	6c3e2f91544e4fe6952b68b099ddecec	PASS
r01-q04536-4u-t36	1	4	tpl-3963006c91d84baaba4aea43	0	201	0.067659	PASS	none	a6b9a40bdbcb416baa9ad22049bab606	PASS
r01-q04533-4u-t33	1	4	tpl-3963006c91d84baaba4aea43	0	201	0.071870	PASS	none	a5b8a306308c480aba137b088ead14c7	PASS
r01-q04531-4u-t31	1	4	tpl-3963006c91d84baaba4aea43	0	201	0.064412	PASS	none	2dd52b781aab49ba87c4f09aaefbfd15	PASS
r01-q04540-4u-t40	1	4	tpl-3963006c91d84baaba4aea43	0	201	0.071114	PASS	none	39583538358a45dfa95d01bbb1d0caeb	PASS
r01-q04539-4u-t39	1	4	tpl-3963006c91d84baaba4aea43	0	201	0.075219	PASS	none	f2a4607176ba4b16886e8a8d1054b1f5	PASS
r01-q04542-4u-t42	1	4	tpl-3963006c91d84baaba4aea43	0	201	0.070823	PASS	none	6d4622e152c04dfb8bde7b66cfe29c2f	PASS
r01-q04547-4u-t47	1	4	tpl-3963006c91d84baaba4aea43	0	201	0.075023	PASS	none	a99bc9ecbcb5442bb21839af2653d6b3	PASS
r01-q04545-4u-t45	1	4	tpl-3963006c91d84baaba4aea43	0	201	0.070054	PASS	none	3f571277c52b411e8fb2ca9d02e4043b	PASS
r01-q04544-4u-t44	1	4	tpl-3963006c91d84baaba4aea43	0	201	0.073955	PASS	none	a12cc65c557b41f3b08ca7659e88aa51	PASS
r01-q04548-4u-t48	1	4	tpl-3963006c91d84baaba4aea43	0	201	0.070649	PASS	none	bfa9c296756047b689dbea018ab34f47	PASS
r01-q04543-4u-t43	1	4	tpl-3963006c91d84baaba4aea43	0	201	0.074125	PASS	none	f6b8c73726de4c7086cd2605f34df33c	PASS
r01-q04546-4u-t46	1	4	tpl-3963006c91d84baaba4aea43	0	201	0.078864	PASS	none	99c7d8aa7ef74f57bcda1bd5849ab8f4	PASS
r01-q04550-4u-t50	1	4	tpl-3963006c91d84baaba4aea43	0	201	0.075477	PASS	none	569df406dffe493b98bfc48d3e248dd1	PASS
r01-q04541-4u-t41	1	4	tpl-3963006c91d84baaba4aea43	0	201	0.076344	PASS	none	8f558d3b68f8479abbe02d84a77f4ba5	PASS
r01-q04549-4u-t49	1	4	tpl-3963006c91d84baaba4aea43	0	201	0.074827	PASS	none	9b895dfec7d74729a00a89ddd6b2f90f	PASS
r02-q04553-4u-t3	2	4	tpl-3963006c91d84baaba4aea43	0	201	0.042357	PASS	none	d423c6e26c4749eeb05da1440d41567c	PASS
r02-q04554-4u-t4	2	4	tpl-3963006c91d84baaba4aea43	0	201	0.046560	PASS	none	43fded0b615a4aa1b9d04adde49db304	PASS
r02-q04560-4u-t10	2	4	tpl-3963006c91d84baaba4aea43	0	201	0.050836	PASS	none	1ca2fb58bc2c40d887baaf245d622467	PASS
r02-q04559-4u-t9	2	4	tpl-3963006c91d84baaba4aea43	0	201	0.055464	PASS	none	f576e77ba72c44ba99abcfd419f0fea8	PASS
r02-q04551-4u-t1	2	4	tpl-3963006c91d84baaba4aea43	0	201	0.044287	PASS	none	d01f6fee9ceb40499717df371bb92a2a	PASS
r02-q04552-4u-t2	2	4	tpl-3963006c91d84baaba4aea43	0	201	0.069339	PASS	none	efa697e657e64f49bc30dc8fa0626454	PASS
r02-q04555-4u-t5	2	4	tpl-3963006c91d84baaba4aea43	0	201	0.042740	PASS	none	ba8ee08b474441a5b8276301807e40ab	PASS
r02-q04565-4u-t15	2	4	tpl-3963006c91d84baaba4aea43	0	201	0.054881	PASS	none	704536cdc79f4093a875b660494a0bcc	PASS
r02-q04561-4u-t11	2	4	tpl-3963006c91d84baaba4aea43	0	201	0.052158	PASS	none	9af45a65fee941e7b57b457edba75c6e	PASS
r02-q04568-4u-t18	2	4	tpl-3963006c91d84baaba4aea43	0	201	0.058810	PASS	none	278241795c074489972a353b7c1a28be	PASS
r02-q04556-4u-t6	2	4	tpl-3963006c91d84baaba4aea43	0	201	0.044303	PASS	none	061450ac7d2c4e43a9cddbee1a9672f9	PASS
r02-q04558-4u-t8	2	4	tpl-3963006c91d84baaba4aea43	0	201	0.069330	PASS	none	36892d825ea04e3d8850e8345c555306	PASS
r02-q04562-4u-t12	2	4	tpl-3963006c91d84baaba4aea43	0	201	0.074014	PASS	none	57a6f39808944380a62162d9fe2cf9f5	PASS
r02-q04557-4u-t7	2	4	tpl-3963006c91d84baaba4aea43	0	201	0.051710	PASS	none	06f19ef79ad34a86b40c0900b2fcae77	PASS
r02-q04563-4u-t13	2	4	tpl-3963006c91d84baaba4aea43	0	201	0.057453	PASS	none	6db958fdf71643bba0084d16c66ee7ce	PASS
r02-q04566-4u-t16	2	4	tpl-3963006c91d84baaba4aea43	0	201	0.061577	PASS	none	c1a0ad8c2b5342ab8a00895cddb504e5	PASS
r02-q04571-4u-t21	2	4	tpl-3963006c91d84baaba4aea43	0	201	0.059950	PASS	none	777846b889b140879dc18ef5d09ab169	PASS
r02-q04574-4u-t24	2	4	tpl-3963006c91d84baaba4aea43	0	201	0.061552	PASS	none	7e3a318477e4446592c483ba5c4941b0	PASS
r02-q04572-4u-t22	2	4	tpl-3963006c91d84baaba4aea43	0	201	0.060535	PASS	none	86c6204ac13448df90f024b723f4b704	PASS
r02-q04567-4u-t17	2	4	tpl-3963006c91d84baaba4aea43	0	201	0.059135	PASS	none	75abf4a2f076472b92c0f7e3c8e98dcf	PASS
r02-q04576-4u-t26	2	4	tpl-3963006c91d84baaba4aea43	0	201	0.068674	PASS	none	39d25eeeb2c0451abd85e98eb609961b	PASS
r02-q04575-4u-t25	2	4	tpl-3963006c91d84baaba4aea43	0	201	0.057821	PASS	none	192aa29e1f8e4a2d8c48df8a18bc4804	PASS
r02-q04564-4u-t14	2	4	tpl-3963006c91d84baaba4aea43	0	201	0.077528	PASS	none	f709784ce25248dba8c6202c1a2afe00	PASS
r02-q04569-4u-t19	2	4	tpl-3963006c91d84baaba4aea43	0	201	0.056147	PASS	none	fc211f23472345a6ac57ecbe97ebe42f	PASS
r02-q04584-4u-t34	2	4	tpl-3963006c91d84baaba4aea43	0	201	0.073301	PASS	none	883f74a8e86a472780432ded640b4e25	PASS
r02-q04583-4u-t33	2	4	tpl-3963006c91d84baaba4aea43	0	201	0.070748	PASS	none	22b2e296c04943888c9465efff094ddb	PASS
r02-q04588-4u-t38	2	4	tpl-3963006c91d84baaba4aea43	0	201	0.070798	PASS	none	6e611f59c2ef4c53a9dba4faf0d78b17	PASS
r02-q04573-4u-t23	2	4	tpl-3963006c91d84baaba4aea43	0	201	0.060079	PASS	none	17740cafe76b497a852296570f5c4ab1	PASS
r02-q04579-4u-t29	2	4	tpl-3963006c91d84baaba4aea43	0	201	0.072061	PASS	none	9ee29a8d02f1453dbc8903e84f2205e3	PASS
r02-q04570-4u-t20	2	4	tpl-3963006c91d84baaba4aea43	0	201	0.057821	PASS	none	4aa8dcba55a54906aa3f5e5da3120b1a	PASS
r02-q04578-4u-t28	2	4	tpl-3963006c91d84baaba4aea43	0	201	0.065846	PASS	none	ebfdd964cc8542b18d02432dd54fe0ed	PASS
r02-q04582-4u-t32	2	4	tpl-3963006c91d84baaba4aea43	0	201	0.068535	PASS	none	2aa5169579b74ca2960fb0caf96c41ed	PASS
r02-q04577-4u-t27	2	4	tpl-3963006c91d84baaba4aea43	0	201	0.068519	PASS	none	d5fb05e5d8584d73a8034bd07d8d6c77	PASS
r02-q04580-4u-t30	2	4	tpl-3963006c91d84baaba4aea43	0	201	0.075237	PASS	none	500e8e5f3e7c4b94859816a8306555d7	PASS
r02-q04581-4u-t31	2	4	tpl-3963006c91d84baaba4aea43	0	201	0.068953	PASS	none	375fd4605b254a3193a4779e0348e2e3	PASS
r02-q04589-4u-t39	2	4	tpl-3963006c91d84baaba4aea43	0	201	0.081762	PASS	none	471b97fea11a4948b75540d4a83d40e6	PASS
r02-q04585-4u-t35	2	4	tpl-3963006c91d84baaba4aea43	0	201	0.067469	PASS	none	15886581970745538eca931d26851090	PASS
r02-q04594-4u-t44	2	4	tpl-3963006c91d84baaba4aea43	0	201	0.074444	PASS	none	cc8d984fdf6e4400ba1db80bc826e789	PASS
r02-q04590-4u-t40	2	4	tpl-3963006c91d84baaba4aea43	0	201	0.072723	PASS	none	9a9c2c38836c4416bf234cb99f7bfa58	PASS
r02-q04593-4u-t43	2	4	tpl-3963006c91d84baaba4aea43	0	201	0.078544	PASS	none	6b38dfacc75a4744b04b93b96df6fdd8	PASS
r02-q04600-4u-t50	2	4	tpl-3963006c91d84baaba4aea43	0	201	0.072292	PASS	none	01b36ee56745495ab9f89c3133d95579	PASS
r02-q04595-4u-t45	2	4	tpl-3963006c91d84baaba4aea43	0	201	0.075135	PASS	none	d454331092c14071b9adecbb0d969953	PASS
r02-q04587-4u-t37	2	4	tpl-3963006c91d84baaba4aea43	0	201	0.068769	PASS	none	40a6386310cd44fbb28d0c76b54e1ba7	PASS
r02-q04586-4u-t36	2	4	tpl-3963006c91d84baaba4aea43	0	201	0.061009	PASS	none	608021eccae949d18946a03c8f410673	PASS
r02-q04591-4u-t41	2	4	tpl-3963006c91d84baaba4aea43	0	201	0.080665	PASS	none	17de59c37cf3472c826c35bcc25e73db	PASS
r02-q04592-4u-t42	2	4	tpl-3963006c91d84baaba4aea43	0	201	0.080151	PASS	none	a29613cf44f14b478cb3b9409f669653	PASS
r02-q04596-4u-t46	2	4	tpl-3963006c91d84baaba4aea43	0	201	0.068442	PASS	none	7135e19a0f5641c3b8aed8f38689ae0d	PASS
r02-q04597-4u-t47	2	4	tpl-3963006c91d84baaba4aea43	0	201	0.068800	PASS	none	fb379ba0377a4fd8871ab2660408854f	PASS
r02-q04598-4u-t48	2	4	tpl-3963006c91d84baaba4aea43	0	201	0.067697	PASS	none	cb07ec52d2384288983d1966a4792cc6	PASS
r02-q04599-4u-t49	2	4	tpl-3963006c91d84baaba4aea43	0	201	0.070563	PASS	none	4ae01bb078564af9a6f21dd81401b5ed	PASS
r03-q04602-4u-t2	3	4	tpl-3963006c91d84baaba4aea43	0	201	0.044753	PASS	none	0433570bbecf41fb974514d502c65822	PASS
r03-q04603-4u-t3	3	4	tpl-3963006c91d84baaba4aea43	0	201	0.070466	PASS	none	e3f7e0cbc1d34dca9736347528d740cb	PASS
r03-q04605-4u-t5	3	4	tpl-3963006c91d84baaba4aea43	0	201	0.050377	PASS	none	ab0daf8cbe5d4c1481c98aa6d75d4eba	PASS
r03-q04610-4u-t10	3	4	tpl-3963006c91d84baaba4aea43	0	201	0.052795	PASS	none	a1c85a70bc374c31a401d991b2496a34	PASS
r03-q04615-4u-t15	3	4	tpl-3963006c91d84baaba4aea43	0	201	0.063186	PASS	none	4fbb73961dea4ea8a449effe577818f8	PASS
r03-q04609-4u-t9	3	4	tpl-3963006c91d84baaba4aea43	0	201	0.065971	PASS	none	a0c4277c9e134a959a5bb0a0369eedef	PASS
r03-q04608-4u-t8	3	4	tpl-3963006c91d84baaba4aea43	0	201	0.057524	PASS	none	1bff2a2713664fcbb205b9a69c7ea938	PASS
r03-q04606-4u-t6	3	4	tpl-3963006c91d84baaba4aea43	0	201	0.069429	PASS	none	0ddbe80038684ded8a2475df13ebc102	PASS
r03-q04614-4u-t14	3	4	tpl-3963006c91d84baaba4aea43	0	201	0.062807	PASS	none	43749e4179a04127ab70f3f7d0adb865	PASS
r03-q04616-4u-t16	3	4	tpl-3963006c91d84baaba4aea43	0	201	0.060951	PASS	none	4bcc1ac8ee2f4c4f9e6a7bf5f3dabc00	PASS
r03-q04611-4u-t11	3	4	tpl-3963006c91d84baaba4aea43	0	201	0.047982	PASS	none	ac91398392c448339cf963908a943f12	PASS
r03-q04601-4u-t1	3	4	tpl-3963006c91d84baaba4aea43	0	201	0.067096	PASS	none	28299fd7e9ec4c68894bad81b6dc048c	PASS
r03-q04607-4u-t7	3	4	tpl-3963006c91d84baaba4aea43	0	201	0.055057	PASS	none	a67e0cd454cb43df998f4b6e59bda76b	PASS
r03-q04618-4u-t18	3	4	tpl-3963006c91d84baaba4aea43	0	201	0.073848	PASS	none	f7a10546de73477e8b0c713253789c86	PASS
r03-q04612-4u-t12	3	4	tpl-3963006c91d84baaba4aea43	0	201	0.047297	PASS	none	94ec5b3a04ea499fb19eebf03fa8e168	PASS
r03-q04604-4u-t4	3	4	tpl-3963006c91d84baaba4aea43	0	201	0.072954	PASS	none	c8499ea5128a4993a69a01fe478c3202	PASS
r03-q04621-4u-t21	3	4	tpl-3963006c91d84baaba4aea43	0	201	0.068905	PASS	none	96391b2c73a54d2b96525429e2e4d438	PASS
r03-q04617-4u-t17	3	4	tpl-3963006c91d84baaba4aea43	0	201	0.066555	PASS	none	85deff8f326f4d73b6a4960917d139c8	PASS
r03-q04613-4u-t13	3	4	tpl-3963006c91d84baaba4aea43	0	201	0.074794	PASS	none	4fbdef32d45e43149c4d21b62219e9f9	PASS
r03-q04623-4u-t23	3	4	tpl-3963006c91d84baaba4aea43	0	201	0.055970	PASS	none	ec4e6e5393674c47b303d51e6d9e97ae	PASS
r03-q04619-4u-t19	3	4	tpl-3963006c91d84baaba4aea43	0	201	0.072704	PASS	none	6189886215a24dc58dcfaca302236658	PASS
r03-q04620-4u-t20	3	4	tpl-3963006c91d84baaba4aea43	0	201	0.058980	PASS	none	0ea31547ee224935a4ce08f8e736d549	PASS
r03-q04622-4u-t22	3	4	tpl-3963006c91d84baaba4aea43	0	201	0.061799	PASS	none	48159732c4634a8fa2827f1ffebb0530	PASS
r03-q04624-4u-t24	3	4	tpl-3963006c91d84baaba4aea43	0	201	0.057410	PASS	none	ba36ca14644340758f0cf25ccdd35628	PASS
r03-q04628-4u-t28	3	4	tpl-3963006c91d84baaba4aea43	0	201	0.072246	PASS	none	ca61327d16df406eba65575add180d25	PASS
r03-q04637-4u-t37	3	4	tpl-3963006c91d84baaba4aea43	0	201	0.077955	PASS	none	838dc9e893584d80ae5a65dd35df1acc	PASS
r03-q04629-4u-t29	3	4	tpl-3963006c91d84baaba4aea43	0	201	0.065960	PASS	none	82e956465b084ab8bb8a7e75daa0ec4c	PASS
r03-q04630-4u-t30	3	4	tpl-3963006c91d84baaba4aea43	0	201	0.061963	PASS	none	90deea4e64404010b1280f01e7282f99	PASS
r03-q04625-4u-t25	3	4	tpl-3963006c91d84baaba4aea43	0	201	0.053698	PASS	none	a16d202398af48d58478c7fd7566e154	PASS
r03-q04634-4u-t34	3	4	tpl-3963006c91d84baaba4aea43	0	201	0.067219	PASS	none	fcb26036e0b2465c8ec58c8de922f0ce	PASS
r03-q04627-4u-t27	3	4	tpl-3963006c91d84baaba4aea43	0	201	0.072208	PASS	none	e1135d1aa68941288f77f289d7bf7ff6	PASS
r03-q04636-4u-t36	3	4	tpl-3963006c91d84baaba4aea43	0	201	0.075678	PASS	none	17e913c1063b417f95e041fc2872222d	PASS
r03-q04638-4u-t38	3	4	tpl-3963006c91d84baaba4aea43	0	201	0.072941	PASS	none	26091c9be407412e9e6b96359d57a5ae	PASS
r03-q04635-4u-t35	3	4	tpl-3963006c91d84baaba4aea43	0	201	0.080342	PASS	none	4aa105c4487f43368edc33550c9f36f5	PASS
r03-q04626-4u-t26	3	4	tpl-3963006c91d84baaba4aea43	0	201	0.077688	PASS	none	4448134754c2403c9eb39aae88f68ca2	PASS
r03-q04640-4u-t40	3	4	tpl-3963006c91d84baaba4aea43	0	201	0.072910	PASS	none	7170032a63f04b5a8f123644623bd2b9	PASS
r03-q04633-4u-t33	3	4	tpl-3963006c91d84baaba4aea43	0	201	0.075405	PASS	none	8f6289b777d0426fb692668a26a6a8f4	PASS
r03-q04632-4u-t32	3	4	tpl-3963006c91d84baaba4aea43	0	201	0.059682	PASS	none	c68d0a243ade47ad8916660b131aa0c8	PASS
r03-q04631-4u-t31	3	4	tpl-3963006c91d84baaba4aea43	0	201	0.064587	PASS	none	5d5fe17be0df48568ac6c83f14c11e62	PASS
r03-q04647-4u-t47	3	4	tpl-3963006c91d84baaba4aea43	0	201	0.065592	PASS	none	f0185fb447384ff6a437290f824c11cf	PASS
r03-q04641-4u-t41	3	4	tpl-3963006c91d84baaba4aea43	0	201	0.092060	PASS	none	816ac5e59aca444486bc38baa72cc9d7	PASS
r03-q04645-4u-t45	3	4	tpl-3963006c91d84baaba4aea43	0	201	0.077229	PASS	none	6852c69f3de7463eb9b9904138d89513	PASS
r03-q04639-4u-t39	3	4	tpl-3963006c91d84baaba4aea43	0	201	0.077917	PASS	none	823e66188ded4ef7966975f9b177a479	PASS
r03-q04642-4u-t42	3	4	tpl-3963006c91d84baaba4aea43	0	201	0.083148	PASS	none	8830d04f50be44259d8c709c8c8edbc6	PASS
r03-q04644-4u-t44	3	4	tpl-3963006c91d84baaba4aea43	0	201	0.077359	PASS	none	9e9d2525adb54be488bd1fb8418260a7	PASS
r03-q04649-4u-t49	3	4	tpl-3963006c91d84baaba4aea43	0	201	0.072681	PASS	none	51440c45e719494fbea88c2a57168a1c	PASS
r03-q04646-4u-t46	3	4	tpl-3963006c91d84baaba4aea43	0	201	0.072221	PASS	none	ade9ba32b4d34e3eb81f279e79f338cf	PASS
r03-q04643-4u-t43	3	4	tpl-3963006c91d84baaba4aea43	0	201	0.070171	PASS	none	74087e7bbfe44b718038a64029922905	PASS
r03-q04648-4u-t48	3	4	tpl-3963006c91d84baaba4aea43	0	201	0.068822	PASS	none	fb5db691e7134c40985c38ffc954b4b6	PASS
r03-q04650-4u-t50	3	4	tpl-3963006c91d84baaba4aea43	0	201	0.077083	PASS	none	159002afa54f43179cfd04dc75866336	PASS
r04-q04664-4u-t14	4	4	tpl-3963006c91d84baaba4aea43	0	201	0.055776	PASS	none	c02c7856fd184a9a8082779d893307b1	PASS
r04-q04654-4u-t4	4	4	tpl-3963006c91d84baaba4aea43	0	201	0.046802	PASS	none	1391016236144187b7a909eacd56af61	PASS
r04-q04652-4u-t2	4	4	tpl-3963006c91d84baaba4aea43	0	201	0.054060	PASS	none	74de39501a72430f819d19b6bf3f3de9	PASS
r04-q04658-4u-t8	4	4	tpl-3963006c91d84baaba4aea43	0	201	0.050230	PASS	none	731eea405f9946ba806b8c3945318eb6	PASS
r04-q04655-4u-t5	4	4	tpl-3963006c91d84baaba4aea43	0	201	0.044549	PASS	none	8719a896601d48a2b4e81c544ea9d9ad	PASS
r04-q04661-4u-t11	4	4	tpl-3963006c91d84baaba4aea43	0	201	0.047437	PASS	none	5a67d406878d49579e8335a7e139d306	PASS
r04-q04651-4u-t1	4	4	tpl-3963006c91d84baaba4aea43	0	201	0.067734	PASS	none	0dbdcd8634b746069a7f0b400e0cc369	PASS
r04-q04656-4u-t6	4	4	tpl-3963006c91d84baaba4aea43	0	201	0.062546	PASS	none	6f805b1093ae4ed3a79933a403017736	PASS
r04-q04668-4u-t18	4	4	tpl-3963006c91d84baaba4aea43	0	201	0.058002	PASS	none	ab0db7fbbe1a4c50bb7d315ba1a6159a	PASS
r04-q04657-4u-t7	4	4	tpl-3963006c91d84baaba4aea43	0	201	0.045082	PASS	none	eaf38b40bc54431fa0596c7c58116538	PASS
r04-q04653-4u-t3	4	4	tpl-3963006c91d84baaba4aea43	0	201	0.067049	PASS	none	cb87270b10d5420ab93c734fd06654d6	PASS
r04-q04663-4u-t13	4	4	tpl-3963006c91d84baaba4aea43	0	201	0.051206	PASS	none	3ee744040ba9420792545e417b65e115	PASS
r04-q04671-4u-t21	4	4	tpl-3963006c91d84baaba4aea43	0	201	0.056252	PASS	none	ad5cbc594f8247e79980662461948bc3	PASS
r04-q04659-4u-t9	4	4	tpl-3963006c91d84baaba4aea43	0	201	0.049420	PASS	none	7fec5b453f724c9f873790255b612226	PASS
r04-q04662-4u-t12	4	4	tpl-3963006c91d84baaba4aea43	0	201	0.054702	PASS	none	78000d54cb70491bb408938373357d9f	PASS
r04-q04667-4u-t17	4	4	tpl-3963006c91d84baaba4aea43	0	201	0.055903	PASS	none	f2fb4f841b954c19992935e47405267b	PASS
r04-q04669-4u-t19	4	4	tpl-3963006c91d84baaba4aea43	0	201	0.054349	PASS	none	8668120630514996af55bb61a2238095	PASS
r04-q04665-4u-t15	4	4	tpl-3963006c91d84baaba4aea43	0	201	0.067014	PASS	none	634b6f74b6b2478f820dc4ac5693da14	PASS
r04-q04666-4u-t16	4	4	tpl-3963006c91d84baaba4aea43	0	201	0.071024	PASS	none	f24b3330de26473ab3915ee87bf7193c	PASS
r04-q04674-4u-t24	4	4	tpl-3963006c91d84baaba4aea43	0	201	0.059679	PASS	none	2ef3490e5ebc49ea8332b5f702baf492	PASS
r04-q04660-4u-t10	4	4	tpl-3963006c91d84baaba4aea43	0	201	0.050195	PASS	none	2179b0c236544b008db30c6780afe1e3	PASS
r04-q04678-4u-t28	4	4	tpl-3963006c91d84baaba4aea43	0	201	0.060285	PASS	none	b2bc5009a71e47308710d688b483401d	PASS
r04-q04672-4u-t22	4	4	tpl-3963006c91d84baaba4aea43	0	201	0.067416	PASS	none	1f7219ba71e84b5fb06bd063e1ab4cee	PASS
r04-q04679-4u-t29	4	4	tpl-3963006c91d84baaba4aea43	0	201	0.072718	PASS	none	523f1a02faa747a7bf3a7be896d06542	PASS
r04-q04676-4u-t26	4	4	tpl-3963006c91d84baaba4aea43	0	201	0.067999	PASS	none	7c1fb5efe57d4e239bb4d5bddb8bd132	PASS
r04-q04675-4u-t25	4	4	tpl-3963006c91d84baaba4aea43	0	201	0.061578	PASS	none	3e84996b77ce4f149c87f85639747bae	PASS
r04-q04677-4u-t27	4	4	tpl-3963006c91d84baaba4aea43	0	201	0.068153	PASS	none	8d6e8eb1216b4d1cb0e989ca520b94aa	PASS
r04-q04673-4u-t23	4	4	tpl-3963006c91d84baaba4aea43	0	201	0.078740	PASS	none	f4e854299c934a4aaa78671251855166	PASS
r04-q04670-4u-t20	4	4	tpl-3963006c91d84baaba4aea43	0	201	0.052730	PASS	none	1506f7669237430584897f3fb56dd8a0	PASS
r04-q04684-4u-t34	4	4	tpl-3963006c91d84baaba4aea43	0	201	0.065331	PASS	none	9724244efdab492185e31621d93e3231	PASS
r04-q04680-4u-t30	4	4	tpl-3963006c91d84baaba4aea43	0	201	0.071193	PASS	none	e8424578fc874183897340b91568d317	PASS
r04-q04683-4u-t33	4	4	tpl-3963006c91d84baaba4aea43	0	201	0.064423	PASS	none	f4341670af3346ef877c8710dc6398c8	PASS
r04-q04688-4u-t38	4	4	tpl-3963006c91d84baaba4aea43	0	201	0.073243	PASS	none	7dea86ee386845a488a79ce937f2a212	PASS
r04-q04681-4u-t31	4	4	tpl-3963006c91d84baaba4aea43	0	201	0.068418	PASS	none	dad86534eb534fbe99c9024f4bb801cb	PASS
r04-q04691-4u-t41	4	4	tpl-3963006c91d84baaba4aea43	0	201	0.072713	PASS	none	5e88029e42d54effb26dbc79e467fbd9	PASS
r04-q04693-4u-t43	4	4	tpl-3963006c91d84baaba4aea43	0	201	0.066834	PASS	none	77dfa0b0f65540b79b6b67dbdaac9f8c	PASS
r04-q04689-4u-t39	4	4	tpl-3963006c91d84baaba4aea43	0	201	0.072626	PASS	none	1856faf7340045c984d2d9c697584963	PASS
r04-q04685-4u-t35	4	4	tpl-3963006c91d84baaba4aea43	0	201	0.072917	PASS	none	ad50056a31374e018fdfc1053b52ab61	PASS
r04-q04682-4u-t32	4	4	tpl-3963006c91d84baaba4aea43	0	201	0.063855	PASS	none	8a06a4b6f9814c3db524664c7d9b9b44	PASS
r04-q04694-4u-t44	4	4	tpl-3963006c91d84baaba4aea43	0	201	0.069602	PASS	none	9b162b0f0c9c430d8a9d7e5f2d0e4baa	PASS
r04-q04686-4u-t36	4	4	tpl-3963006c91d84baaba4aea43	0	201	0.075080	PASS	none	bbe4caffc5714fe7aee53241e39e98dd	PASS
r04-q04696-4u-t46	4	4	tpl-3963006c91d84baaba4aea43	0	201	0.069642	PASS	none	62dcca904dc249fbaa3f5122e38c57ff	PASS
r04-q04690-4u-t40	4	4	tpl-3963006c91d84baaba4aea43	0	201	0.073124	PASS	none	97e21526d5254ca5b1612adbfccac9b5	PASS
r04-q04687-4u-t37	4	4	tpl-3963006c91d84baaba4aea43	0	201	0.068170	PASS	none	54f4f3499c9847689361acb4e77df42f	PASS
r04-q04692-4u-t42	4	4	tpl-3963006c91d84baaba4aea43	0	201	0.070645	PASS	none	9e7c7652f1644d6eb02376bc17a7bb03	PASS
r04-q04699-4u-t49	4	4	tpl-3963006c91d84baaba4aea43	0	201	0.072976	PASS	none	365bd3e2afa349f3a4509b585c1489e8	PASS
r04-q04698-4u-t48	4	4	tpl-3963006c91d84baaba4aea43	0	201	0.069462	PASS	none	ef0c29a28feb451b8dbd9138442af7c9	PASS
r04-q04697-4u-t47	4	4	tpl-3963006c91d84baaba4aea43	0	201	0.075602	PASS	none	acff30c71117431e9c11d7cc4d760720	PASS
r04-q04700-4u-t50	4	4	tpl-3963006c91d84baaba4aea43	0	201	0.068163	PASS	none	57ed4198fba54aa79814abaa618514d4	PASS
r04-q04695-4u-t45	4	4	tpl-3963006c91d84baaba4aea43	0	201	0.072840	PASS	none	3a64b982479b4bc1af08b21b72774460	PASS
r05-q04703-4u-t3	5	4	tpl-3963006c91d84baaba4aea43	0	201	0.057038	PASS	none	5ce8eec4c5cb495a9f9ac86b99ebdb46	PASS
r05-q04707-4u-t7	5	4	tpl-3963006c91d84baaba4aea43	0	201	0.057094	PASS	none	6a51d675e28d4681b8116103cbc74c9c	PASS
r05-q04701-4u-t1	5	4	tpl-3963006c91d84baaba4aea43	0	201	0.078790	PASS	none	eff7ed22260f4aa5b6aa7655be9ecf53	PASS
r05-q04712-4u-t12	5	4	tpl-3963006c91d84baaba4aea43	0	201	0.073167	PASS	none	e0c35cb8ca7f4b1ca3199bbe98d3d611	PASS
r05-q04708-4u-t8	5	4	tpl-3963006c91d84baaba4aea43	0	201	0.047769	PASS	none	e155c53e6cb048f7ac153aa1df62989d	PASS
r05-q04718-4u-t18	5	4	tpl-3963006c91d84baaba4aea43	0	201	0.061528	PASS	none	a7773a0b2b0f40f985521ab59e406d28	PASS
r05-q04702-4u-t2	5	4	tpl-3963006c91d84baaba4aea43	0	201	0.055580	PASS	none	602bcb4e4d5644c5b2cf597d787c7698	PASS
r05-q04714-4u-t14	5	4	tpl-3963006c91d84baaba4aea43	0	201	0.060924	PASS	none	449728b54dba4815a294e47b872393ff	PASS
r05-q04705-4u-t5	5	4	tpl-3963006c91d84baaba4aea43	0	201	0.069588	PASS	none	c6f661d1281a4239a5e5eee8d864c1ff	PASS
r05-q04706-4u-t6	5	4	tpl-3963006c91d84baaba4aea43	0	201	0.050370	PASS	none	424653cfba6d4bef8f646393d1518769	PASS
r05-q04710-4u-t10	5	4	tpl-3963006c91d84baaba4aea43	0	201	0.064637	PASS	none	13e5c54bada34412968e2e3771cd5ef4	PASS
r05-q04704-4u-t4	5	4	tpl-3963006c91d84baaba4aea43	0	201	0.050815	PASS	none	c851fd599a2e4e8d94c436f0afd45b3a	PASS
r05-q04713-4u-t13	5	4	tpl-3963006c91d84baaba4aea43	0	201	0.067563	PASS	none	7dbb696c81d74412900bbf1834f48368	PASS
r05-q04715-4u-t15	5	4	tpl-3963006c91d84baaba4aea43	0	201	0.075357	PASS	none	7d8a3b52d5da42ba8d373bd95591663a	PASS
r05-q04717-4u-t17	5	4	tpl-3963006c91d84baaba4aea43	0	201	0.075417	PASS	none	2e8b5bbe586a48109832d7eaca74e4d2	PASS
r05-q04716-4u-t16	5	4	tpl-3963006c91d84baaba4aea43	0	201	0.062340	PASS	none	15e2fd87f0f641e4acc8b10e3f5b3691	PASS
r05-q04709-4u-t9	5	4	tpl-3963006c91d84baaba4aea43	0	201	0.052530	PASS	none	6d58d36b37114cb990f5b76c807233de	PASS
r05-q04711-4u-t11	5	4	tpl-3963006c91d84baaba4aea43	0	201	0.060253	PASS	none	c2b5195f6e8f4af8bdd9683928ec570c	PASS
r05-q04719-4u-t19	5	4	tpl-3963006c91d84baaba4aea43	0	201	0.061968	PASS	none	6b04e510d6d448cb96e73f738270c294	PASS
r05-q04721-4u-t21	5	4	tpl-3963006c91d84baaba4aea43	0	201	0.075644	PASS	none	72611df34a594767ab58d7231560c1fe	PASS
r05-q04722-4u-t22	5	4	tpl-3963006c91d84baaba4aea43	0	201	0.070538	PASS	none	ac90ecac5e7641d4b7d260e3d05cce88	PASS
r05-q04725-4u-t25	5	4	tpl-3963006c91d84baaba4aea43	0	201	0.086580	PASS	none	c5e0ed4d9bc045f1a1674e74b11b9eac	PASS
r05-q04726-4u-t26	5	4	tpl-3963006c91d84baaba4aea43	0	201	0.078065	PASS	none	a9530d8d3d574d78969de3c9f9ced9cb	PASS
r05-q04720-4u-t20	5	4	tpl-3963006c91d84baaba4aea43	0	201	0.063486	PASS	none	d454c8cdbaca401a9114890a1a4df01a	PASS
r05-q04727-4u-t27	5	4	tpl-3963006c91d84baaba4aea43	0	201	0.076822	PASS	none	38477b06baa246ccaa42a5d303fec751	PASS
r05-q04723-4u-t23	5	4	tpl-3963006c91d84baaba4aea43	0	201	0.081807	PASS	none	a0764d6a3cda4c8e9414443d7cd140c2	PASS
r05-q04724-4u-t24	5	4	tpl-3963006c91d84baaba4aea43	0	201	0.094163	PASS	none	ebd4d0ec011a496685b49067bc671e2e	PASS
r05-q04731-4u-t31	5	4	tpl-3963006c91d84baaba4aea43	0	201	0.061429	PASS	none	10d5b4b7ab4844269bb043fad57e4aa9	PASS
r05-q04736-4u-t36	5	4	tpl-3963006c91d84baaba4aea43	0	201	0.072131	PASS	none	87ab434301d54e5e8c2ef7248a14e0bd	PASS
r05-q04728-4u-t28	5	4	tpl-3963006c91d84baaba4aea43	0	201	0.071986	PASS	none	e21ad51bf437474c8cc4bb93ccfa42d3	PASS
r05-q04730-4u-t30	5	4	tpl-3963006c91d84baaba4aea43	0	201	0.073313	PASS	none	deb3087073a246c19ba37ceff60749a3	PASS
r05-q04729-4u-t29	5	4	tpl-3963006c91d84baaba4aea43	0	201	0.060188	PASS	none	9f15b32b2c5f4969b9739ed6ed86a2e0	PASS
r05-q04738-4u-t38	5	4	tpl-3963006c91d84baaba4aea43	0	201	0.065414	PASS	none	7fb12656f7bc4cfb83633168e516491c	PASS
r05-q04739-4u-t39	5	4	tpl-3963006c91d84baaba4aea43	0	201	0.062979	PASS	none	2359c68ffb8e476d9faa8103c73193f2	PASS
r05-q04735-4u-t35	5	4	tpl-3963006c91d84baaba4aea43	0	201	0.066876	PASS	none	c330bdcecebe4ed2a006ddadbe927c13	PASS
r05-q04737-4u-t37	5	4	tpl-3963006c91d84baaba4aea43	0	201	0.076975	PASS	none	7c52063bcfba48caae9feffaa9c7d477	PASS
r05-q04733-4u-t33	5	4	tpl-3963006c91d84baaba4aea43	0	201	0.081969	PASS	none	8d733fa984f647429614d8e4e63a540e	PASS
r05-q04740-4u-t40	5	4	tpl-3963006c91d84baaba4aea43	0	201	0.071490	PASS	none	555b467b24e4459eb3a149d1bbb145f4	PASS
r05-q04741-4u-t41	5	4	tpl-3963006c91d84baaba4aea43	0	201	0.068274	PASS	none	7deddca1d3bd4415ba07ee87b1fa658a	PASS
r05-q04745-4u-t45	5	4	tpl-3963006c91d84baaba4aea43	0	201	0.070936	PASS	none	7bdcd2471d8a483da4c9ff246025d70f	PASS
r05-q04742-4u-t42	5	4	tpl-3963006c91d84baaba4aea43	0	201	0.066857	PASS	none	091043a126804bd2826a26da8dc031ff	PASS
r05-q04748-4u-t48	5	4	tpl-3963006c91d84baaba4aea43	0	201	0.062243	PASS	none	43938d6ebe3249e892ebd29279aaf3b2	PASS
r05-q04734-4u-t34	5	4	tpl-3963006c91d84baaba4aea43	0	201	0.081911	PASS	none	955e4808fc0c4c1b9f9de0a6dd4834f0	PASS
r05-q04732-4u-t32	5	4	tpl-3963006c91d84baaba4aea43	0	201	0.077285	PASS	none	2b47549356424db1ae3a9b98741966b3	PASS
r05-q04744-4u-t44	5	4	tpl-3963006c91d84baaba4aea43	0	201	0.070277	PASS	none	d22cc544780a4d7899f96d7eb6958e2b	PASS
r05-q04747-4u-t47	5	4	tpl-3963006c91d84baaba4aea43	0	201	0.067369	PASS	none	8010908d25274e7296774f5ed297e197	PASS
r05-q04743-4u-t43	5	4	tpl-3963006c91d84baaba4aea43	0	201	0.068326	PASS	none	64f524a89cc74fb5914fd0c7e6a4cea2	PASS
r05-q04746-4u-t46	5	4	tpl-3963006c91d84baaba4aea43	0	201	0.069882	PASS	none	ad71efadb96f4179bc61cc53c956159e	PASS
r05-q04750-4u-t50	5	4	tpl-3963006c91d84baaba4aea43	0	201	0.065892	PASS	none	d031110cb43b4613a49b679119dc31c1	PASS
r05-q04749-4u-t49	5	4	tpl-3963006c91d84baaba4aea43	0	201	0.065316	PASS	none	5b74d93992b7434885b434b48ead273c	PASS
r06-q04756-4u-t6	6	4	tpl-3963006c91d84baaba4aea43	0	201	0.056220	PASS	none	4ab8fee5481b44d78fb1db1f2c4a77fa	PASS
r06-q04765-4u-t15	6	4	tpl-3963006c91d84baaba4aea43	0	201	0.083721	PASS	none	aed6ade0617447a4b7a5fee153f02d81	PASS
r06-q04755-4u-t5	6	4	tpl-3963006c91d84baaba4aea43	0	201	0.056912	PASS	none	5600384a20ce400dbafe583ad60b7ea8	PASS
r06-q04751-4u-t1	6	4	tpl-3963006c91d84baaba4aea43	0	201	0.077969	PASS	none	05cfc93cda344c80b0850b5f87a39d9c	PASS
r06-q04758-4u-t8	6	4	tpl-3963006c91d84baaba4aea43	0	201	0.048154	PASS	none	fc77bf034c514116b377cb1b8d9d109f	PASS
r06-q04759-4u-t9	6	4	tpl-3963006c91d84baaba4aea43	0	201	0.061095	PASS	none	19046ac1bbda407887054a74e9a33bcc	PASS
r06-q04757-4u-t7	6	4	tpl-3963006c91d84baaba4aea43	0	201	0.054351	PASS	none	a3de4646d7ee439492ca1290aad968c6	PASS
r06-q04754-4u-t4	6	4	tpl-3963006c91d84baaba4aea43	0	201	0.074338	PASS	none	baff5136ea8748b293e9c220e8dbfcb6	PASS
r06-q04752-4u-t2	6	4	tpl-3963006c91d84baaba4aea43	0	201	0.057199	PASS	none	2df22e152546433594a3cb58c02fb8e4	PASS
r06-q04766-4u-t16	6	4	tpl-3963006c91d84baaba4aea43	0	201	0.086039	PASS	none	557d5d460bac4ed3a9649871fb641875	PASS
r06-q04768-4u-t18	6	4	tpl-3963006c91d84baaba4aea43	0	201	0.070482	PASS	none	f026b1c9f60843699d160481914bfd1c	PASS
r06-q04764-4u-t14	6	4	tpl-3963006c91d84baaba4aea43	0	201	0.074923	PASS	none	e14fcbbe4e4245f6990adfe0754f1a75	PASS
r06-q04762-4u-t12	6	4	tpl-3963006c91d84baaba4aea43	0	201	0.056137	PASS	none	207dce5d931d476abfb5986c68e0957f	PASS
r06-q04760-4u-t10	6	4	tpl-3963006c91d84baaba4aea43	0	201	0.072383	PASS	none	79b70e997ddb417993cee972bbe6b7d2	PASS
r06-q04753-4u-t3	6	4	tpl-3963006c91d84baaba4aea43	0	201	0.056012	PASS	none	50b91cd599dd4d7abfb41c8c8e565af2	PASS
r06-q04767-4u-t17	6	4	tpl-3963006c91d84baaba4aea43	0	201	0.079026	PASS	none	bfdac72e61954379834f58e939779518	PASS
r06-q04771-4u-t21	6	4	tpl-3963006c91d84baaba4aea43	0	201	0.071184	PASS	none	348619b2c91f41ff8fba6607d18629db	PASS
r06-q04763-4u-t13	6	4	tpl-3963006c91d84baaba4aea43	0	201	0.081768	PASS	none	6eb817a051374b329383b91baa65e14a	PASS
r06-q04761-4u-t11	6	4	tpl-3963006c91d84baaba4aea43	0	201	0.067661	PASS	none	b45d34f1ca284e6fb37853b92d778cc0	PASS
r06-q04769-4u-t19	6	4	tpl-3963006c91d84baaba4aea43	0	201	0.065107	PASS	none	312177a4813d4570b559ee10a21bd54c	PASS
r06-q04770-4u-t20	6	4	tpl-3963006c91d84baaba4aea43	0	201	0.066086	PASS	none	e88722f4b81a480d82cb693f6493f5f9	PASS
r06-q04775-4u-t25	6	4	tpl-3963006c91d84baaba4aea43	0	201	0.064811	PASS	none	2cd1ea22fcde4303bf49256c5de109ca	PASS
r06-q04774-4u-t24	6	4	tpl-3963006c91d84baaba4aea43	0	201	0.077444	PASS	none	7945c8505c8d430cb92a039aec5e3e91	PASS
r06-q04778-4u-t28	6	4	tpl-3963006c91d84baaba4aea43	0	201	0.064538	PASS	none	ce27f1278e5e43e088b98030e3dba3bc	PASS
r06-q04782-4u-t32	6	4	tpl-3963006c91d84baaba4aea43	0	201	0.070457	PASS	none	a4a7cd66a9254fad81866a211b93bae1	PASS
r06-q04773-4u-t23	6	4	tpl-3963006c91d84baaba4aea43	0	201	0.072946	PASS	none	a2ced79da56b462eb6437ac0af640b2c	PASS
r06-q04772-4u-t22	6	4	tpl-3963006c91d84baaba4aea43	0	201	0.075213	PASS	none	30d1cebe6ba54132ad3e2191f6c58874	PASS
r06-q04791-4u-t41	6	4	tpl-3963006c91d84baaba4aea43	0	201	0.072817	PASS	none	c5a21002c38f4e03bef80da86168f8fc	PASS
r06-q04788-4u-t38	6	4	tpl-3963006c91d84baaba4aea43	0	201	0.075244	PASS	none	32a014d82ba54328a8b30bfdd8bbc8e0	PASS
r06-q04781-4u-t31	6	4	tpl-3963006c91d84baaba4aea43	0	201	0.070678	PASS	none	6921074a502544c08c0e9b43f2a7a05c	PASS
r06-q04783-4u-t33	6	4	tpl-3963006c91d84baaba4aea43	0	201	0.073198	PASS	none	606ca364f47044848e3352bc827f3b85	PASS
r06-q04776-4u-t26	6	4	tpl-3963006c91d84baaba4aea43	0	201	0.066465	PASS	none	b216a16467144f8b98fc5790f27998dd	PASS
r06-q04784-4u-t34	6	4	tpl-3963006c91d84baaba4aea43	0	201	0.074345	PASS	none	b3f51c44e2a24f7480aa4c79a58e253a	PASS
r06-q04797-4u-t47	6	4	tpl-3963006c91d84baaba4aea43	0	201	0.067094	PASS	none	49d6719b36634d4d9bb4ff4310897c26	PASS
r06-q04785-4u-t35	6	4	tpl-3963006c91d84baaba4aea43	0	201	0.076009	PASS	none	374caf81c0b147be915bfd84df7b4556	PASS
r06-q04786-4u-t36	6	4	tpl-3963006c91d84baaba4aea43	0	201	0.074922	PASS	none	835e2f325d3e48bfad4efa808c34d6b0	PASS
r06-q04798-4u-t48	6	4	tpl-3963006c91d84baaba4aea43	0	201	0.072200	PASS	none	e073fa5c46b143a5b3841183233829d5	PASS
r06-q04795-4u-t45	6	4	tpl-3963006c91d84baaba4aea43	0	201	0.068308	PASS	none	28bdcfdf76c64ce1b0f5989c5e446047	PASS
r06-q04777-4u-t27	6	4	tpl-3963006c91d84baaba4aea43	0	201	0.065566	PASS	none	96ca0905a0074cb1920db4f9d983ee33	PASS
r06-q04780-4u-t30	6	4	tpl-3963006c91d84baaba4aea43	0	201	0.079341	PASS	none	114528a2786c4787b6c94968ebafdc25	PASS
r06-q04796-4u-t46	6	4	tpl-3963006c91d84baaba4aea43	0	201	0.066367	PASS	none	de20ec8a6bb54394b6fb06535ab8d9dd	PASS
r06-q04790-4u-t40	6	4	tpl-3963006c91d84baaba4aea43	0	201	0.079214	PASS	none	31aaddbbf4074ae8bc94032c52bea5eb	PASS
r06-q04792-4u-t42	6	4	tpl-3963006c91d84baaba4aea43	0	201	0.075726	PASS	none	a798db39adac45e5bf19c1992ef77118	PASS
r06-q04789-4u-t39	6	4	tpl-3963006c91d84baaba4aea43	0	201	0.084872	PASS	none	bfcc561726644ab8a6b8d99c20b96b33	PASS
r06-q04779-4u-t29	6	4	tpl-3963006c91d84baaba4aea43	0	201	0.077202	PASS	none	132393a1a8d046b3afc839d2e0e32122	PASS
r06-q04794-4u-t44	6	4	tpl-3963006c91d84baaba4aea43	0	201	0.067482	PASS	none	2b622c596bbc4fb388b6a0b3d6034621	PASS
r06-q04793-4u-t43	6	4	tpl-3963006c91d84baaba4aea43	0	201	0.075882	PASS	none	64bc6bfcefa74fc09887ce0b2758eecd	PASS
r06-q04799-4u-t49	6	4	tpl-3963006c91d84baaba4aea43	0	201	0.066977	PASS	none	ddc3fa782c254f358c3166fde30a1c4f	PASS
r06-q04787-4u-t37	6	4	tpl-3963006c91d84baaba4aea43	0	201	0.074165	PASS	none	86ee86424f3f4c5494214b82335a12f3	PASS
r06-q04800-4u-t50	6	4	tpl-3963006c91d84baaba4aea43	0	201	0.072294	PASS	none	7190b820bf3747aa822c4d75bf114a57	PASS
r01-q04804-4u-t4	1	4	tpl-8d2ed1c6017b4901af66d7b0	0	201	0.057711	PASS	none	eaeed8c404a443da9d59c706280322c6	PASS
r01-q04803-4u-t3	1	4	tpl-8d2ed1c6017b4901af66d7b0	0	201	0.058196	PASS	none	fd4b527b2c0e448294a32e171d755121	PASS
r01-q04805-4u-t5	1	4	tpl-8d2ed1c6017b4901af66d7b0	0	201	0.063438	PASS	none	35bb863d89144bc0b16d5d504fc9e66c	PASS
r01-q04801-4u-t1	1	4	tpl-8d2ed1c6017b4901af66d7b0	0	201	0.065125	PASS	none	bf1bd634aa264cbd81300e81926744a0	PASS
r01-q04807-4u-t7	1	4	tpl-8d2ed1c6017b4901af66d7b0	0	201	0.058149	PASS	none	f2ba9352e09645c79a7dab83616c89b7	PASS
r01-q04802-4u-t2	1	4	tpl-8d2ed1c6017b4901af66d7b0	0	201	0.080491	PASS	none	7a302914de004388891588e3f17eb806	PASS
r01-q04810-4u-t10	1	4	tpl-8d2ed1c6017b4901af66d7b0	0	201	0.062393	PASS	none	3a4aa535b319433fb3bba485de65d075	PASS
r01-q04806-4u-t6	1	4	tpl-8d2ed1c6017b4901af66d7b0	0	201	0.080391	PASS	none	81cde643d5cd417ebb207b9d88fad67c	PASS
r01-q04812-4u-t12	1	4	tpl-8d2ed1c6017b4901af66d7b0	0	201	0.063567	PASS	none	622c5ead75424bbe950ca429d269ed32	PASS
r01-q04818-4u-t18	1	4	tpl-8d2ed1c6017b4901af66d7b0	0	201	0.076067	PASS	none	403ad967990a4c0290f19c21523844a6	PASS
r01-q04808-4u-t8	1	4	tpl-8d2ed1c6017b4901af66d7b0	0	201	0.072645	PASS	none	f20b1a4a020c41e9a9baef4d570b5120	PASS
r01-q04814-4u-t14	1	4	tpl-8d2ed1c6017b4901af66d7b0	0	201	0.073414	PASS	none	cfed895a50f841d0b266af86cfd42468	PASS
r01-q04811-4u-t11	1	4	tpl-8d2ed1c6017b4901af66d7b0	0	201	0.085103	PASS	none	8c2c2acb32e14f06893b3d36bd26f6d7	PASS
r01-q04809-4u-t9	1	4	tpl-8d2ed1c6017b4901af66d7b0	0	201	0.066291	PASS	none	ed704cb6f9364b7396a2fdaca4f5c0cd	PASS
r01-q04819-4u-t19	1	4	tpl-8d2ed1c6017b4901af66d7b0	0	201	0.068860	PASS	none	c780612e4b994abaae9817895042360a	PASS
r01-q04817-4u-t17	1	4	tpl-8d2ed1c6017b4901af66d7b0	0	201	0.072027	PASS	none	80938dd320944ba6be574734af3557bf	PASS
r01-q04815-4u-t15	1	4	tpl-8d2ed1c6017b4901af66d7b0	0	201	0.071397	PASS	none	db93923638ab47148e5a26700f3ee3f0	PASS
r01-q04816-4u-t16	1	4	tpl-8d2ed1c6017b4901af66d7b0	0	201	0.088837	PASS	none	a91efbc8976f4755b152dd8d5cb4d0be	PASS
r01-q04813-4u-t13	1	4	tpl-8d2ed1c6017b4901af66d7b0	0	201	0.083533	PASS	none	95c19a066b29485292b7e59e3930cadf	PASS
r01-q04822-4u-t22	1	4	tpl-8d2ed1c6017b4901af66d7b0	0	201	0.098627	PASS	none	a19d5f53581a4821a284e72d3468eebc	PASS
r01-q04820-4u-t20	1	4	tpl-8d2ed1c6017b4901af66d7b0	0	201	0.092208	PASS	none	bfa9f06b6b2446399b99858b388f6a2c	PASS
r01-q04827-4u-t27	1	4	tpl-8d2ed1c6017b4901af66d7b0	0	201	0.120908	PASS	none	129731ff0e474699b42ceb1795dd837f	PASS
r01-q04821-4u-t21	1	4	tpl-8d2ed1c6017b4901af66d7b0	0	201	0.083825	PASS	none	a8dcfb37d0c34a6db306c087e5f98674	PASS
r01-q04823-4u-t23	1	4	tpl-8d2ed1c6017b4901af66d7b0	0	201	0.086759	PASS	none	70dd4a34e6974c96b25d4540aaf02c85	PASS
r01-q04824-4u-t24	1	4	tpl-8d2ed1c6017b4901af66d7b0	0	201	0.093055	PASS	none	822ca01a027a40cd9884e60642e829bc	PASS
r01-q04829-4u-t29	1	4	tpl-8d2ed1c6017b4901af66d7b0	0	201	0.109393	PASS	none	5daeb1845b834254b20a5244deca2640	PASS
r01-q04825-4u-t25	1	4	tpl-8d2ed1c6017b4901af66d7b0	0	201	0.083569	PASS	none	fc71c0aef8374e58a1fd48abe977a55f	PASS
r01-q04826-4u-t26	1	4	tpl-8d2ed1c6017b4901af66d7b0	0	201	0.124778	PASS	none	65c7a995af4d40878ce61f6891e45812	PASS
r01-q04828-4u-t28	1	4	tpl-8d2ed1c6017b4901af66d7b0	0	201	0.119708	PASS	none	1ddfdff285a34fe28c8b9c2403d900ed	PASS
r01-q04839-4u-t39	1	4	tpl-8d2ed1c6017b4901af66d7b0	0	201	0.087172	PASS	none	eec4ef701fcd410182e09fed5a8b2198	PASS
r01-q04830-4u-t30	1	4	tpl-8d2ed1c6017b4901af66d7b0	0	201	0.103708	PASS	none	bf62769387004856a16ecd148db186db	PASS
r01-q04835-4u-t35	1	4	tpl-8d2ed1c6017b4901af66d7b0	0	201	0.081231	PASS	none	97821cf1d54f451d891a8a866cafec20	PASS
r01-q04833-4u-t33	1	4	tpl-8d2ed1c6017b4901af66d7b0	0	201	0.080100	PASS	none	fd16b4b76d41420eb13326f5fd98ae21	PASS
r01-q04843-4u-t43	1	4	tpl-8d2ed1c6017b4901af66d7b0	0	201	0.085537	PASS	none	68cb881a04a34f708375f5be4758a8e2	PASS
r01-q04840-4u-t40	1	4	tpl-8d2ed1c6017b4901af66d7b0	0	201	0.088550	PASS	none	56d6a3c83e604af88db99367aaad3c0e	PASS
r01-q04831-4u-t31	1	4	tpl-8d2ed1c6017b4901af66d7b0	0	201	0.092716	PASS	none	81bb031a40f4451aa3dcd040c75855a7	PASS
r01-q04838-4u-t38	1	4	tpl-8d2ed1c6017b4901af66d7b0	0	201	0.082579	PASS	none	680631dbf34648959a15d316826ced39	PASS
r01-q04832-4u-t32	1	4	tpl-8d2ed1c6017b4901af66d7b0	0	201	0.085206	PASS	none	6e5b411b5da04aa2b012f4ccaa705eff	PASS
r01-q04844-4u-t44	1	4	tpl-8d2ed1c6017b4901af66d7b0	0	201	0.083875	PASS	none	6372462ff4e74f8daf2629b4566080fe	PASS
r01-q04837-4u-t37	1	4	tpl-8d2ed1c6017b4901af66d7b0	0	201	0.090326	PASS	none	124415bb8576480784056ac191ec4c4a	PASS
r01-q04834-4u-t34	1	4	tpl-8d2ed1c6017b4901af66d7b0	0	201	0.076963	PASS	none	42e8fcf5069a48d7a81dc4df28009caa	PASS
r01-q04846-4u-t46	1	4	tpl-8d2ed1c6017b4901af66d7b0	0	201	0.082232	PASS	none	0e1ba2459db944b0998b84b96fa7773d	PASS
r01-q04841-4u-t41	1	4	tpl-8d2ed1c6017b4901af66d7b0	0	201	0.082174	PASS	none	85cc9a5165224b2f9343e86de24089b5	PASS
r01-q04845-4u-t45	1	4	tpl-8d2ed1c6017b4901af66d7b0	0	201	0.075830	PASS	none	71512807b0d14f9696fa2722e73c1370	PASS
r01-q04842-4u-t42	1	4	tpl-8d2ed1c6017b4901af66d7b0	0	201	0.080625	PASS	none	14d44e479ccd46609663701c81c33b19	PASS
r01-q04847-4u-t47	1	4	tpl-8d2ed1c6017b4901af66d7b0	0	201	0.082568	PASS	none	b56b32dc28bf46c9bf151a8b4bc31ef2	PASS
r01-q04850-4u-t50	1	4	tpl-8d2ed1c6017b4901af66d7b0	0	201	0.074019	PASS	none	cc9ca30cf9cc416aaca21a64d739f007	PASS
r01-q04849-4u-t49	1	4	tpl-8d2ed1c6017b4901af66d7b0	0	201	0.081442	PASS	none	7e59e5c477e149bd9a4fd3abd58b4b1d	PASS
r01-q04836-4u-t36	1	4	tpl-8d2ed1c6017b4901af66d7b0	0	201	0.092373	PASS	none	a3e8387579e84a3682c383ccee46b2e0	PASS
r01-q04848-4u-t48	1	4	tpl-8d2ed1c6017b4901af66d7b0	0	201	0.082817	PASS	none	b522715048f74eb5a2e28fd63882ad3a	PASS
r02-q04855-4u-t5	2	4	tpl-8d2ed1c6017b4901af66d7b0	0	201	0.065153	PASS	none	d06916c3dd8f467eaaba0d94a7983de2	PASS
r02-q04858-4u-t8	2	4	tpl-8d2ed1c6017b4901af66d7b0	0	201	0.073312	PASS	none	5e93f8c7aba042f69e1b5d0926c7279a	PASS
r02-q04851-4u-t1	2	4	tpl-8d2ed1c6017b4901af66d7b0	0	201	0.068636	PASS	none	7198dec1f50340cda75ced8808b9ff7d	PASS
r02-q04854-4u-t4	2	4	tpl-8d2ed1c6017b4901af66d7b0	0	201	0.061974	PASS	none	b64abc150b33490b8b89378bee98f2f9	PASS
r02-q04859-4u-t9	2	4	tpl-8d2ed1c6017b4901af66d7b0	0	201	0.078968	PASS	none	60e990352d624d52a4c93c88baa148ff	PASS
r02-q04860-4u-t10	2	4	tpl-8d2ed1c6017b4901af66d7b0	0	201	0.065927	PASS	none	57254900ed1c41efb3bf94498f6360be	PASS
r02-q04856-4u-t6	2	4	tpl-8d2ed1c6017b4901af66d7b0	0	201	0.068885	PASS	none	3c07a887e21d4d429440bbab8a7cf3da	PASS
r02-q04865-4u-t15	2	4	tpl-8d2ed1c6017b4901af66d7b0	0	201	0.072745	PASS	none	c5d03c6ddb8040ef8a7a1897ce3f72e0	PASS
r02-q04853-4u-t3	2	4	tpl-8d2ed1c6017b4901af66d7b0	0	201	0.070285	PASS	none	feef03d850f146a2aead866b22fa08b4	PASS
r02-q04852-4u-t2	2	4	tpl-8d2ed1c6017b4901af66d7b0	0	201	0.068951	PASS	none	47104a931b4b486cba4a7ab7bd1f4c0f	PASS
r02-q04862-4u-t12	2	4	tpl-8d2ed1c6017b4901af66d7b0	0	201	0.085235	PASS	none	10bc6dc3509e4a09b326c0989a801486	PASS
r02-q04857-4u-t7	2	4	tpl-8d2ed1c6017b4901af66d7b0	0	201	0.071605	PASS	none	3e182cb3bba34d1a9a744fbf26ec7442	PASS
r02-q04864-4u-t14	2	4	tpl-8d2ed1c6017b4901af66d7b0	0	201	0.064357	PASS	none	27b4da08f8a14240b9e453d9cb9ad28b	PASS
r02-q04868-4u-t18	2	4	tpl-8d2ed1c6017b4901af66d7b0	0	201	0.068548	PASS	none	1f432304e48c4a0382ed95d7e20bd55e	PASS
r02-q04867-4u-t17	2	4	tpl-8d2ed1c6017b4901af66d7b0	0	201	0.090011	PASS	none	37b122230f594224a65a4ea8badeadfe	PASS
r02-q04872-4u-t22	2	4	tpl-8d2ed1c6017b4901af66d7b0	0	201	0.078317	PASS	none	ac1e1464cdf14a19a58468755d7d7d3f	PASS
r02-q04870-4u-t20	2	4	tpl-8d2ed1c6017b4901af66d7b0	0	201	0.073945	PASS	none	d612a726391745c292db644fe585f251	PASS
r02-q04878-4u-t28	2	4	tpl-8d2ed1c6017b4901af66d7b0	0	201	0.073951	PASS	none	248ef77e4e854fb4a1faea2e4de1081b	PASS
r02-q04871-4u-t21	2	4	tpl-8d2ed1c6017b4901af66d7b0	0	201	0.082531	PASS	none	3a75b920c3a94309baf3324a245bfcfb	PASS
r02-q04861-4u-t11	2	4	tpl-8d2ed1c6017b4901af66d7b0	0	201	0.057704	PASS	none	4eb9f337fc034293b070927e2c8cfde2	PASS
r02-q04874-4u-t24	2	4	tpl-8d2ed1c6017b4901af66d7b0	0	201	0.075718	PASS	none	1235cb1bf972411a9e3c543d1fad18fe	PASS
r02-q04869-4u-t19	2	4	tpl-8d2ed1c6017b4901af66d7b0	0	201	0.075207	PASS	none	98e1490881274aecacd6c6fd66f0a6ac	PASS
r02-q04863-4u-t13	2	4	tpl-8d2ed1c6017b4901af66d7b0	0	201	0.070243	PASS	none	eaa25e09c453417a82f43b73d60dfdee	PASS
r02-q04866-4u-t16	2	4	tpl-8d2ed1c6017b4901af66d7b0	0	201	0.070505	PASS	none	b1c5f5c427e44a57a228f4f5bade8c8f	PASS
r02-q04876-4u-t26	2	4	tpl-8d2ed1c6017b4901af66d7b0	0	201	0.077036	PASS	none	f9bff69022fd40058310a3478d0660ff	PASS
r02-q04877-4u-t27	2	4	tpl-8d2ed1c6017b4901af66d7b0	0	201	0.080823	PASS	none	cf48d4676531498e949123523367654b	PASS
r02-q04882-4u-t32	2	4	tpl-8d2ed1c6017b4901af66d7b0	0	201	0.073116	PASS	none	042d10677bd94a7ea7aba25eb725fda0	PASS
r02-q04875-4u-t25	2	4	tpl-8d2ed1c6017b4901af66d7b0	0	201	0.084753	PASS	none	5752276c315c4719a6fd8b64fb8ce394	PASS
r02-q04887-4u-t37	2	4	tpl-8d2ed1c6017b4901af66d7b0	0	201	0.081395	PASS	none	0c5d267a0a444b0ab2b507af6c1d908e	PASS
r02-q04883-4u-t33	2	4	tpl-8d2ed1c6017b4901af66d7b0	0	201	0.080669	PASS	none	9915ee9cfe9144a19776c2e4dfd07e3f	PASS
r02-q04873-4u-t23	2	4	tpl-8d2ed1c6017b4901af66d7b0	0	201	0.079499	PASS	none	5a4d56bc93334a8aa485ba56f6fafa5c	PASS
r02-q04891-4u-t41	2	4	tpl-8d2ed1c6017b4901af66d7b0	0	201	0.082586	PASS	none	3388c78bc88c42f5a02ef496b87b8a16	PASS
r02-q04880-4u-t30	2	4	tpl-8d2ed1c6017b4901af66d7b0	0	201	0.076528	PASS	none	5fe5e5fedb5542c3b2f8952acbf4dc60	PASS
r02-q04879-4u-t29	2	4	tpl-8d2ed1c6017b4901af66d7b0	0	201	0.076670	PASS	none	4594a8cfe8604d4db43f6441c803b899	PASS
r02-q04885-4u-t35	2	4	tpl-8d2ed1c6017b4901af66d7b0	0	201	0.087807	PASS	none	29eb548f7c434d698d7668b889730039	PASS
r02-q04890-4u-t40	2	4	tpl-8d2ed1c6017b4901af66d7b0	0	201	0.087589	PASS	none	1edb4db4a77a45b5b4ea8447807e4b9f	PASS
r02-q04884-4u-t34	2	4	tpl-8d2ed1c6017b4901af66d7b0	0	201	0.074920	PASS	none	b17e518aafd9430eb0a42b805df4647e	PASS
r02-q04886-4u-t36	2	4	tpl-8d2ed1c6017b4901af66d7b0	0	201	0.086980	PASS	none	96253dc2aa384b159aef40476972db56	PASS
r02-q04881-4u-t31	2	4	tpl-8d2ed1c6017b4901af66d7b0	0	201	0.081836	PASS	none	86be39a3ec414a0ea9a18e868a419a09	PASS
r02-q04893-4u-t43	2	4	tpl-8d2ed1c6017b4901af66d7b0	0	201	0.086568	PASS	none	ad0a349ab64b4677a57e663d541cbb41	PASS
r02-q04892-4u-t42	2	4	tpl-8d2ed1c6017b4901af66d7b0	0	201	0.085294	PASS	none	5b24beb7d90d405180a6631760562543	PASS
r02-q04888-4u-t38	2	4	tpl-8d2ed1c6017b4901af66d7b0	0	201	0.089781	PASS	none	9d18d7fd6eac4ec5bbb2295a726484e7	PASS
r02-q04899-4u-t49	2	4	tpl-8d2ed1c6017b4901af66d7b0	0	201	0.078321	PASS	none	69226419c06b4aa6a4f72f171418456e	PASS
r02-q04898-4u-t48	2	4	tpl-8d2ed1c6017b4901af66d7b0	0	201	0.085552	PASS	none	645672e7487d4810acab55a59394ecc3	PASS
r02-q04894-4u-t44	2	4	tpl-8d2ed1c6017b4901af66d7b0	0	201	0.086202	PASS	none	837776a1fb71495893a71e16dd72da68	PASS
r02-q04900-4u-t50	2	4	tpl-8d2ed1c6017b4901af66d7b0	0	201	0.081047	PASS	none	cb68f775e8f143e0847d70356a80a39c	PASS
r02-q04895-4u-t45	2	4	tpl-8d2ed1c6017b4901af66d7b0	0	201	0.084488	PASS	none	c51fac188a674cd79eafabe46788900b	PASS
r02-q04889-4u-t39	2	4	tpl-8d2ed1c6017b4901af66d7b0	0	201	0.081993	PASS	none	0c4205fbe116461c925d04d387232a1b	PASS
r02-q04896-4u-t46	2	4	tpl-8d2ed1c6017b4901af66d7b0	0	201	0.081087	PASS	none	482112745a8043dabbb8923da7b7f146	PASS
r02-q04897-4u-t47	2	4	tpl-8d2ed1c6017b4901af66d7b0	0	201	0.082438	PASS	none	e2c67977f8464d9fafc938df38bb08fe	PASS
r03-q04902-4u-t2	3	4	tpl-8d2ed1c6017b4901af66d7b0	0	201	0.060532	PASS	none	4d73a3680f694b989aa09b3cdd84489a	PASS
r03-q04903-4u-t3	3	4	tpl-8d2ed1c6017b4901af66d7b0	0	201	0.056287	PASS	none	67b4c4a30ff74eb783fc9c4581a8f99e	PASS
r03-q04904-4u-t4	3	4	tpl-8d2ed1c6017b4901af66d7b0	0	201	0.069211	PASS	none	4b19f759d2df40dbb6398112d2550365	PASS
r03-q04901-4u-t1	3	4	tpl-8d2ed1c6017b4901af66d7b0	0	201	0.063444	PASS	none	396c60fac369416c8cb0bd40667abdc3	PASS
r03-q04911-4u-t11	3	4	tpl-8d2ed1c6017b4901af66d7b0	0	201	0.055194	PASS	none	e82fc19c7cab4bbdbb597ad1aa13a13d	PASS
r03-q04908-4u-t8	3	4	tpl-8d2ed1c6017b4901af66d7b0	0	201	0.065301	PASS	none	ca3a078421f84f778a65b8a88ee7c14d	PASS
r03-q04905-4u-t5	3	4	tpl-8d2ed1c6017b4901af66d7b0	0	201	0.082731	PASS	none	7f2c537c519c4a0e8204bedde0bac263	PASS
r03-q04921-4u-t21	3	4	tpl-8d2ed1c6017b4901af66d7b0	0	201	0.068320	PASS	none	8e5c004ffa9f45e6a6055fc68447daa2	PASS
r03-q04916-4u-t16	3	4	tpl-8d2ed1c6017b4901af66d7b0	0	201	0.071600	PASS	none	8fbaf87ad8084893aaea097557b95a38	PASS
r03-q04914-4u-t14	3	4	tpl-8d2ed1c6017b4901af66d7b0	0	201	0.066233	PASS	none	89050a7fbf7a4c889b2ccb7cff45e30f	PASS
r03-q04906-4u-t6	3	4	tpl-8d2ed1c6017b4901af66d7b0	0	201	0.081813	PASS	none	a280fbac873642c3bcdce2147943456c	PASS
r03-q04907-4u-t7	3	4	tpl-8d2ed1c6017b4901af66d7b0	0	201	0.059761	PASS	none	4fbcbb3a62bd49e496a4ecf3b57c5691	PASS
r03-q04910-4u-t10	3	4	tpl-8d2ed1c6017b4901af66d7b0	0	201	0.062622	PASS	none	c25d8c4e34d1483e9ab8b49c8d16550d	PASS
r03-q04909-4u-t9	3	4	tpl-8d2ed1c6017b4901af66d7b0	0	201	0.064253	PASS	none	c60afe4df56c4cd99f209c844a9b465e	PASS
r03-q04920-4u-t20	3	4	tpl-8d2ed1c6017b4901af66d7b0	0	201	0.064929	PASS	none	af4b2e69e55d4ea1aa326e04590f35af	PASS
r03-q04919-4u-t19	3	4	tpl-8d2ed1c6017b4901af66d7b0	0	201	0.066136	PASS	none	88e514b674ca4b528f074113fcfb509d	PASS
r03-q04929-4u-t29	3	4	tpl-8d2ed1c6017b4901af66d7b0	0	201	0.081817	PASS	none	49df8ed56a50445b86ef2dc08f1b645e	PASS
r03-q04917-4u-t17	3	4	tpl-8d2ed1c6017b4901af66d7b0	0	201	0.078931	PASS	none	8789d1f632bb4674a04de6f26137d883	PASS
r03-q04913-4u-t13	3	4	tpl-8d2ed1c6017b4901af66d7b0	0	201	0.087723	PASS	none	eae38b6fee4b4519a0c7f3c0f6e3423b	PASS
r03-q04922-4u-t22	3	4	tpl-8d2ed1c6017b4901af66d7b0	0	201	0.075664	PASS	none	e108c898e0bd448b9467f00fc86fe339	PASS
r03-q04925-4u-t25	3	4	tpl-8d2ed1c6017b4901af66d7b0	0	201	0.072488	PASS	none	ac1be39068404f189a71f177aac1db7a	PASS
r03-q04930-4u-t30	3	4	tpl-8d2ed1c6017b4901af66d7b0	0	201	0.084890	PASS	none	84da212a60a940f2a9bfea85bc553d5c	PASS
r03-q04931-4u-t31	3	4	tpl-8d2ed1c6017b4901af66d7b0	0	201	0.079692	PASS	none	2d587cb7ff6447a9843c38757b20bb2a	PASS
r03-q04933-4u-t33	3	4	tpl-8d2ed1c6017b4901af66d7b0	0	201	0.080845	PASS	none	8421df8d61594efda1d07a31596d5e4a	PASS
r03-q04939-4u-t39	3	4	tpl-8d2ed1c6017b4901af66d7b0	0	201	0.084814	PASS	none	12487f6c188b4e27bee87a265939a7c3	PASS
r03-q04918-4u-t18	3	4	tpl-8d2ed1c6017b4901af66d7b0	0	201	0.066114	PASS	none	92afd61489414497acda4943c6673ec3	PASS
r03-q04923-4u-t23	3	4	tpl-8d2ed1c6017b4901af66d7b0	0	201	0.087773	PASS	none	27a56ddaadad45b195064c122a9bd548	PASS
r03-q04915-4u-t15	3	4	tpl-8d2ed1c6017b4901af66d7b0	0	201	0.071777	PASS	none	8f66304192364ab9a668261b2241be6d	PASS
r03-q04932-4u-t32	3	4	tpl-8d2ed1c6017b4901af66d7b0	0	201	0.076632	PASS	none	6f82029592f342598affe9221e8d1454	PASS
r03-q04927-4u-t27	3	4	tpl-8d2ed1c6017b4901af66d7b0	0	201	0.098727	PASS	none	b9263eb67ee340eca76f7078c1930414	PASS
r03-q04926-4u-t26	3	4	tpl-8d2ed1c6017b4901af66d7b0	0	201	0.085046	PASS	none	4e00f9a5c9bd4d63928dc2711dd09c1f	PASS
r03-q04935-4u-t35	3	4	tpl-8d2ed1c6017b4901af66d7b0	0	201	0.083429	PASS	none	029dbdba6a2c4f6aab699f3fe8dbcfa2	PASS
r03-q04912-4u-t12	3	4	tpl-8d2ed1c6017b4901af66d7b0	0	201	0.062177	PASS	none	5f05bb692bcb4831a8aa7eaba4633d3f	PASS
r03-q04928-4u-t28	3	4	tpl-8d2ed1c6017b4901af66d7b0	0	201	0.082212	PASS	none	c510fd60e05143c9ab1f80b943487224	PASS
r03-q04940-4u-t40	3	4	tpl-8d2ed1c6017b4901af66d7b0	0	201	0.086118	PASS	none	e9146cd6d1a64db89335d2a2ff21e56b	PASS
r03-q04938-4u-t38	3	4	tpl-8d2ed1c6017b4901af66d7b0	0	201	0.085705	PASS	none	6b938e52d746405dad93dfe2218f1778	PASS
r03-q04942-4u-t42	3	4	tpl-8d2ed1c6017b4901af66d7b0	0	201	0.086083	PASS	none	3ea89fb916d04a61a275f070b672a144	PASS
r03-q04924-4u-t24	3	4	tpl-8d2ed1c6017b4901af66d7b0	0	201	0.091717	PASS	none	5797eaa18cf74ed79477423f80eda0eb	PASS
r03-q04943-4u-t43	3	4	tpl-8d2ed1c6017b4901af66d7b0	0	201	0.083132	PASS	none	256d7ca0eb284222a4e3c1ae4a5fcabe	PASS
r03-q04934-4u-t34	3	4	tpl-8d2ed1c6017b4901af66d7b0	0	201	0.094797	PASS	none	ca1fef7517af473791a9f65de41f6e3c	PASS
r03-q04936-4u-t36	3	4	tpl-8d2ed1c6017b4901af66d7b0	0	201	0.087848	PASS	none	1abd9c3754d54c53906b7eeddc6f86b6	PASS
r03-q04937-4u-t37	3	4	tpl-8d2ed1c6017b4901af66d7b0	0	201	0.098346	PASS	none	a813e269d0784a79a4eb43653fbfe615	PASS
r03-q04948-4u-t48	3	4	tpl-8d2ed1c6017b4901af66d7b0	0	201	0.080803	PASS	none	2d636279dd2842858af75c9d0aa9f245	PASS
r03-q04944-4u-t44	3	4	tpl-8d2ed1c6017b4901af66d7b0	0	201	0.090863	PASS	none	8c31821a33ee4bca95ef26733ebb1f9d	PASS
r03-q04947-4u-t47	3	4	tpl-8d2ed1c6017b4901af66d7b0	0	201	0.082015	PASS	none	d65d39b8e19c4f8394610ade1c8a95ab	PASS
r03-q04946-4u-t46	3	4	tpl-8d2ed1c6017b4901af66d7b0	0	201	0.084239	PASS	none	5e470939149145058c37d6ef37b2dbea	PASS
r03-q04941-4u-t41	3	4	tpl-8d2ed1c6017b4901af66d7b0	0	201	0.087953	PASS	none	fca816c5726548c79abbfd5b913c857a	PASS
r03-q04945-4u-t45	3	4	tpl-8d2ed1c6017b4901af66d7b0	0	201	0.091655	PASS	none	35ce56698f7c478f821b09e95efd0def	PASS
r03-q04950-4u-t50	3	4	tpl-8d2ed1c6017b4901af66d7b0	0	201	0.075444	PASS	none	51ef691d7b2f4cd7830f2291860a838a	PASS
r03-q04949-4u-t49	3	4	tpl-8d2ed1c6017b4901af66d7b0	0	201	0.076956	PASS	none	6a8792668bd94975b054692f18462160	PASS
r04-q04956-4u-t6	4	4	tpl-8d2ed1c6017b4901af66d7b0	0	201	0.065958	PASS	none	479a3b1e577c464cbb6b17bb5c8890e3	PASS
r04-q04965-4u-t15	4	4	tpl-8d2ed1c6017b4901af66d7b0	0	201	0.066075	PASS	none	4ffaa1abc7a4426bb1412f399c14e84d	PASS
r04-q04951-4u-t1	4	4	tpl-8d2ed1c6017b4901af66d7b0	0	201	0.054538	PASS	none	e3a3abae2a214723aa96f0d5c3f54bfb	PASS
r04-q04953-4u-t3	4	4	tpl-8d2ed1c6017b4901af66d7b0	0	201	0.052891	PASS	none	05f3aac192b9470ab611c87c3bcb0fb1	PASS
r04-q04961-4u-t11	4	4	tpl-8d2ed1c6017b4901af66d7b0	0	201	0.076092	PASS	none	958629891f04432ab31a41a00c14c949	PASS
r04-q04966-4u-t16	4	4	tpl-8d2ed1c6017b4901af66d7b0	0	201	0.061702	PASS	none	b416f6217a0940839d27d78800db924d	PASS
r04-q04963-4u-t13	4	4	tpl-8d2ed1c6017b4901af66d7b0	0	201	0.065848	PASS	none	3633e0f4d9ce41d5baf87791c0040c99	PASS
r04-q04955-4u-t5	4	4	tpl-8d2ed1c6017b4901af66d7b0	0	201	0.058016	PASS	none	2bafede698d54b929fd557b228f72ba5	PASS
r04-q04954-4u-t4	4	4	tpl-8d2ed1c6017b4901af66d7b0	0	201	0.054074	PASS	none	c780c95f97bc482e92de726852a41945	PASS
r04-q04952-4u-t2	4	4	tpl-8d2ed1c6017b4901af66d7b0	0	201	0.052090	PASS	none	8809a267837048c396a787cb05527167	PASS
r04-q04981-4u-t31	4	4	tpl-8d2ed1c6017b4901af66d7b0	0	201	0.074934	PASS	none	e33091be84bf4e429fdc65f3a7b8c725	PASS
r04-q04983-4u-t33	4	4	tpl-8d2ed1c6017b4901af66d7b0	0	201	0.088748	PASS	none	46fdd3bc5a4e42c89e148abd48a16021	PASS
r04-q04959-4u-t9	4	4	tpl-8d2ed1c6017b4901af66d7b0	0	201	0.074305	PASS	none	80ee5fc9456b40688853b7d1fa2ff250	PASS
r04-q04958-4u-t8	4	4	tpl-8d2ed1c6017b4901af66d7b0	0	201	0.065083	PASS	none	cf2cece668bf4b72adfe838f403d63b4	PASS
r04-q04978-4u-t28	4	4	tpl-8d2ed1c6017b4901af66d7b0	0	201	0.079735	PASS	none	67b026b51d314efd98099cc34bc65b64	PASS
r04-q04960-4u-t10	4	4	tpl-8d2ed1c6017b4901af66d7b0	0	201	0.068643	PASS	none	d6003a4fbe414da1912d9bb690f00137	PASS
r04-q04957-4u-t7	4	4	tpl-8d2ed1c6017b4901af66d7b0	0	201	0.072338	PASS	none	7f78bca63587472da68faccaf5a4c3ab	PASS
r04-q04976-4u-t26	4	4	tpl-8d2ed1c6017b4901af66d7b0	0	201	0.084605	PASS	none	fad7205103404e7589b59204b687173a	PASS
r04-q04971-4u-t21	4	4	tpl-8d2ed1c6017b4901af66d7b0	0	201	0.069846	PASS	none	c5bc3fdc22104207ab1557966e8b79a6	PASS
r04-q04987-4u-t37	4	4	tpl-8d2ed1c6017b4901af66d7b0	0	201	0.082052	PASS	none	bb20137025a342249dc5eade531a9d14	PASS
r04-q04969-4u-t19	4	4	tpl-8d2ed1c6017b4901af66d7b0	0	201	0.083221	PASS	none	0014740d51ab4d9e833ed5bc0728f06c	PASS
r04-q04962-4u-t12	4	4	tpl-8d2ed1c6017b4901af66d7b0	0	201	0.063697	PASS	none	ed8c349568a4420bb9d4d3febc8e5cb8	PASS
r04-q04968-4u-t18	4	4	tpl-8d2ed1c6017b4901af66d7b0	0	201	0.059856	PASS	none	fba331bfadd74616b18e81189ae0d80b	PASS
r04-q04967-4u-t17	4	4	tpl-8d2ed1c6017b4901af66d7b0	0	201	0.060390	PASS	none	6212b0df1fe54653a3c4f3451dfbe62b	PASS
r04-q04984-4u-t34	4	4	tpl-8d2ed1c6017b4901af66d7b0	0	201	0.082120	PASS	none	b5ab87ab53cd458d9fea27f899f4d3a3	PASS
r04-q04990-4u-t40	4	4	tpl-8d2ed1c6017b4901af66d7b0	0	201	0.083671	PASS	none	73b6e1d67aa043218d350af7e2881663	PASS
r04-q04979-4u-t29	4	4	tpl-8d2ed1c6017b4901af66d7b0	0	201	0.080587	PASS	none	a2a085e794f2461fac8ab2262ba0977b	PASS
r04-q04980-4u-t30	4	4	tpl-8d2ed1c6017b4901af66d7b0	0	201	0.074610	PASS	none	e4280783919347c1aa5d1665f256f4d3	PASS
r04-q04985-4u-t35	4	4	tpl-8d2ed1c6017b4901af66d7b0	0	201	0.085456	PASS	none	4b9b87761c664e9596bf0cd7fca0ae12	PASS
r04-q04974-4u-t24	4	4	tpl-8d2ed1c6017b4901af66d7b0	0	201	0.066898	PASS	none	8c30fe5014bf48f9a490265fb468aeb8	PASS
r04-q04986-4u-t36	4	4	tpl-8d2ed1c6017b4901af66d7b0	0	201	0.081527	PASS	none	3706fcb4988e40b597c9fb6c0b10ad45	PASS
r04-q04977-4u-t27	4	4	tpl-8d2ed1c6017b4901af66d7b0	0	201	0.087480	PASS	none	965743139fa04f5ca8e99489c3017836	PASS
r04-q04970-4u-t20	4	4	tpl-8d2ed1c6017b4901af66d7b0	0	201	0.080244	PASS	none	7a24b838dfc2495db184c10547f39a92	PASS
r04-q04972-4u-t22	4	4	tpl-8d2ed1c6017b4901af66d7b0	0	201	0.072593	PASS	none	0837fa1b7dfd4d42bf479b445359906f	PASS
r04-q05000-4u-t50	4	4	tpl-8d2ed1c6017b4901af66d7b0	0	201	0.076989	PASS	none	ec7b92cfb38a4709a4e38934d3d21a34	PASS
r04-q04964-4u-t14	4	4	tpl-8d2ed1c6017b4901af66d7b0	0	201	0.071715	PASS	none	75febc390dc849bd8e68cfe68cf887dd	PASS
r04-q04997-4u-t47	4	4	tpl-8d2ed1c6017b4901af66d7b0	0	201	0.087321	PASS	none	724c9e1f661a42ac96cb8c883a8eb7ff	PASS
r04-q04982-4u-t32	4	4	tpl-8d2ed1c6017b4901af66d7b0	0	201	0.080722	PASS	none	f19c17c0fcbe42769e939764e39658ec	PASS
r04-q04995-4u-t45	4	4	tpl-8d2ed1c6017b4901af66d7b0	0	201	0.090412	PASS	none	df7959421d56411db6928e8ebdd7ecd1	PASS
r04-q04991-4u-t41	4	4	tpl-8d2ed1c6017b4901af66d7b0	0	201	0.087679	PASS	none	58f11a87361544c8817c972bc8a19b23	PASS
r04-q04975-4u-t25	4	4	tpl-8d2ed1c6017b4901af66d7b0	0	201	0.083005	PASS	none	47c781df5d5b45df928f7c76adeba12b	PASS
r04-q04973-4u-t23	4	4	tpl-8d2ed1c6017b4901af66d7b0	0	201	0.077079	PASS	none	11d6e3ea6b74498783ff538c9fe30962	PASS
r04-q04996-4u-t46	4	4	tpl-8d2ed1c6017b4901af66d7b0	0	201	0.084249	PASS	none	a1b7c7b400854e4c9b35b067556d96d4	PASS
r04-q04994-4u-t44	4	4	tpl-8d2ed1c6017b4901af66d7b0	0	201	0.083996	PASS	none	f98164daa39d48e9a05f57cef208154b	PASS
r04-q04992-4u-t42	4	4	tpl-8d2ed1c6017b4901af66d7b0	0	201	0.088502	PASS	none	97e069c682494d7ea6c53de913ffd079	PASS
r04-q04999-4u-t49	4	4	tpl-8d2ed1c6017b4901af66d7b0	0	201	0.081057	PASS	none	7b1926590f344069aaa0ea822d67735f	PASS
r04-q04989-4u-t39	4	4	tpl-8d2ed1c6017b4901af66d7b0	0	201	0.080137	PASS	none	a202cc3b2d7a40b1b15c0f25e3dd1d36	PASS
r04-q04998-4u-t48	4	4	tpl-8d2ed1c6017b4901af66d7b0	0	201	0.081007	PASS	none	7fd1f5b11cb04013add11aaad4e94333	PASS
r04-q04993-4u-t43	4	4	tpl-8d2ed1c6017b4901af66d7b0	0	201	0.085341	PASS	none	462a410c81a64a8395ee1d70b694cd39	PASS
r04-q04988-4u-t38	4	4	tpl-8d2ed1c6017b4901af66d7b0	0	201	0.079503	PASS	none	62df3fa1d338499cbb58ad52f5b98e95	PASS
r05-q05020-4u-t20	5	4	tpl-8d2ed1c6017b4901af66d7b0	0	201	0.113052	PASS	none	975320675808495d8159935323d97b66	PASS
r05-q05008-4u-t8	5	4	tpl-8d2ed1c6017b4901af66d7b0	0	201	0.110588	PASS	none	2fb401bd6496463da14243a5a4489b19	PASS
r05-q05016-4u-t16	5	4	tpl-8d2ed1c6017b4901af66d7b0	0	201	0.105707	PASS	none	d770547b8e924034959772568a258c88	PASS
r05-q05015-4u-t15	5	4	tpl-8d2ed1c6017b4901af66d7b0	0	201	0.104506	PASS	none	513473a9c5e241ada6f7949086790656	PASS
r05-q05028-4u-t28	5	4	tpl-8d2ed1c6017b4901af66d7b0	0	201	0.126927	PASS	none	2bc64b40defe474c831ffdd73622a33d	PASS
r05-q05006-4u-t6	5	4	tpl-8d2ed1c6017b4901af66d7b0	0	201	0.135927	PASS	none	a43cc409fb394657aa422934bced9080	PASS
r05-q05013-4u-t13	5	4	tpl-8d2ed1c6017b4901af66d7b0	0	201	0.106747	PASS	none	dbb4c036a26b48dc8ec1b2e6b8238681	PASS
r05-q05009-4u-t9	5	4	tpl-8d2ed1c6017b4901af66d7b0	0	201	0.101155	PASS	none	d294779dd9ed41efbc6c6e1216758b01	PASS
r05-q05007-4u-t7	5	4	tpl-8d2ed1c6017b4901af66d7b0	0	201	0.134401	PASS	none	3a059e1cae8b4ecb9392aea979c91336	PASS
r05-q05001-4u-t1	5	4	tpl-8d2ed1c6017b4901af66d7b0	0	201	0.128004	PASS	none	8121e76be769459f83f61f4012b3058f	PASS
r05-q05002-4u-t2	5	4	tpl-8d2ed1c6017b4901af66d7b0	0	201	0.123799	PASS	none	ee84b8d692e24937884bc26ec82615d6	PASS
r05-q05021-4u-t21	5	4	tpl-8d2ed1c6017b4901af66d7b0	0	201	0.108569	PASS	none	208bdd2e5f07479ca13e88ba75be5085	PASS
r05-q05023-4u-t23	5	4	tpl-8d2ed1c6017b4901af66d7b0	0	201	0.086122	PASS	none	a1984dbe89c544fc806f62bebd2834ad	PASS
r05-q05018-4u-t18	5	4	tpl-8d2ed1c6017b4901af66d7b0	0	201	0.095571	PASS	none	34ccd20c7edc4ce3a75c06a3500724be	PASS
r05-q05024-4u-t24	5	4	tpl-8d2ed1c6017b4901af66d7b0	0	201	0.116589	PASS	none	7c3209ff1fde4649884b92f5c2506422	PASS
r05-q05005-4u-t5	5	4	tpl-8d2ed1c6017b4901af66d7b0	0	201	0.127557	PASS	none	d2dd66b1059a420c8ff3ff66ea1ce46a	PASS
r05-q05027-4u-t27	5	4	tpl-8d2ed1c6017b4901af66d7b0	0	201	0.129071	PASS	none	feb8f83e6e2b40faa37177c0a580f19a	PASS
r05-q05010-4u-t10	5	4	tpl-8d2ed1c6017b4901af66d7b0	0	201	0.088792	PASS	none	0b4e70e54e9349a388d4f3fa5fe3379e	PASS
r05-q05019-4u-t19	5	4	tpl-8d2ed1c6017b4901af66d7b0	0	201	0.113116	PASS	none	ed431700ebe3420e994d705ebd84d44c	PASS
r05-q05011-4u-t11	5	4	tpl-8d2ed1c6017b4901af66d7b0	0	201	0.136588	PASS	none	f382de0e0d7e42d28b8cdd305157b452	PASS
r05-q05003-4u-t3	5	4	tpl-8d2ed1c6017b4901af66d7b0	0	201	0.117798	PASS	none	7953ef6ac4974fa388c6f57c1bd50014	PASS
r05-q05030-4u-t30	5	4	tpl-8d2ed1c6017b4901af66d7b0	0	201	0.105326	PASS	none	16e4d9e7eab9411c8afa7a536ce6c961	PASS
r05-q05012-4u-t12	5	4	tpl-8d2ed1c6017b4901af66d7b0	0	201	0.095594	PASS	none	abfc54259cbd427a9e0890a8bf238747	PASS
r05-q05032-4u-t32	5	4	tpl-8d2ed1c6017b4901af66d7b0	0	201	0.131183	PASS	none	edf60402c5cf47e9987fbb1dd45a79ef	PASS
r05-q05022-4u-t22	5	4	tpl-8d2ed1c6017b4901af66d7b0	0	201	0.109305	PASS	none	974df86812b344d486101a44cc9c3dcb	PASS
r05-q05044-4u-t44	5	4	tpl-8d2ed1c6017b4901af66d7b0	0	201	0.116537	PASS	none	cef7560622914277a06de0c03974879f	PASS
r05-q05037-4u-t37	5	4	tpl-8d2ed1c6017b4901af66d7b0	0	201	0.125748	PASS	none	4209796653a34150b74dc0b1a2fa14ae	PASS
r05-q05025-4u-t25	5	4	tpl-8d2ed1c6017b4901af66d7b0	0	201	0.123313	PASS	none	de99e04c8ca649a696f3cd608461ebb9	PASS
r05-q05014-4u-t14	5	4	tpl-8d2ed1c6017b4901af66d7b0	0	201	0.114193	PASS	none	04ff26e17a024452a731d35bd92be98f	PASS
r05-q05040-4u-t40	5	4	tpl-8d2ed1c6017b4901af66d7b0	0	201	0.120314	PASS	none	1805b1a4e5b449428e5172e20930bdca	PASS
r05-q05043-4u-t43	5	4	tpl-8d2ed1c6017b4901af66d7b0	0	201	0.102339	PASS	none	71a97a6bc82145a4bda5d9a72e26c7d6	PASS
r05-q05045-4u-t45	5	4	tpl-8d2ed1c6017b4901af66d7b0	0	201	0.120108	PASS	none	1037eab511df48a98a7ae7a43e76302a	PASS
r05-q05026-4u-t26	5	4	tpl-8d2ed1c6017b4901af66d7b0	0	201	0.101232	PASS	none	e9b91a5bdd17489d84df38ce938c7f02	PASS
r05-q05041-4u-t41	5	4	tpl-8d2ed1c6017b4901af66d7b0	0	201	0.116336	PASS	none	160dc334914d4e04bc1a381eaf541570	PASS
r05-q05031-4u-t31	5	4	tpl-8d2ed1c6017b4901af66d7b0	0	201	0.114179	PASS	none	f0d88686c22d41bdac9f2f6064e38d9c	PASS
r05-q05039-4u-t39	5	4	tpl-8d2ed1c6017b4901af66d7b0	0	201	0.115619	PASS	none	bb782a9aeaf240b1a07811a016b0f039	PASS
r05-q05017-4u-t17	5	4	tpl-8d2ed1c6017b4901af66d7b0	0	201	0.084082	PASS	none	1ebfb61836034c4f944620c8ce575b33	PASS
r05-q05004-4u-t4	5	4	tpl-8d2ed1c6017b4901af66d7b0	0	201	0.111555	PASS	none	73dceb50d8da4dcb8e09a0040012c704	PASS
r05-q05034-4u-t34	5	4	tpl-8d2ed1c6017b4901af66d7b0	0	201	0.134450	PASS	none	57d24255049b4dd1a11f767e7a99450d	PASS
r05-q05033-4u-t33	5	4	tpl-8d2ed1c6017b4901af66d7b0	0	201	0.137269	PASS	none	2e46c7dac1a84c4fb9704f959b251967	PASS
r05-q05029-4u-t29	5	4	tpl-8d2ed1c6017b4901af66d7b0	0	201	0.105957	PASS	none	862e526bf5af4236b1bbf54912a07802	PASS
r05-q05046-4u-t46	5	4	tpl-8d2ed1c6017b4901af66d7b0	0	201	0.118640	PASS	none	5d30e7c14de14d84949567414511df38	PASS
r05-q05049-4u-t49	5	4	tpl-8d2ed1c6017b4901af66d7b0	0	201	0.112116	PASS	none	d69bb4bffd204c32bda582663e9b295a	PASS
r05-q05042-4u-t42	5	4	tpl-8d2ed1c6017b4901af66d7b0	0	201	0.105235	PASS	none	07507957003d42a5bd07600d144ca378	PASS
r05-q05035-4u-t35	5	4	tpl-8d2ed1c6017b4901af66d7b0	0	201	0.115599	PASS	none	b32f8be0e96442e0ad595be0d32ae268	PASS
r05-q05047-4u-t47	5	4	tpl-8d2ed1c6017b4901af66d7b0	0	201	0.121220	PASS	none	0d77d32ff1c8493681bce10b5c3a87bb	PASS
r05-q05036-4u-t36	5	4	tpl-8d2ed1c6017b4901af66d7b0	0	201	0.127291	PASS	none	225bdb70f8e3429eb6cfe582835f55d4	PASS
r05-q05048-4u-t48	5	4	tpl-8d2ed1c6017b4901af66d7b0	0	201	0.115030	PASS	none	4d7391e1ad3e4bbbb42d0929c947f419	PASS
r05-q05050-4u-t50	5	4	tpl-8d2ed1c6017b4901af66d7b0	0	201	0.097243	PASS	none	3b1e4ccee5c84d6594beb3d897d9154f	PASS
r05-q05038-4u-t38	5	4	tpl-8d2ed1c6017b4901af66d7b0	0	201	0.108393	PASS	none	b074a185dbd540cea06d731f3206595c	PASS
r06-q05059-4u-t9	6	4	tpl-8d2ed1c6017b4901af66d7b0	0	201	0.065825	PASS	none	a3e4898e7f79489ab255513beb31e70f	PASS
r06-q05054-4u-t4	6	4	tpl-8d2ed1c6017b4901af66d7b0	0	201	0.058908	PASS	none	14e25fd759754cfdbc01f52b2515d270	PASS
r06-q05060-4u-t10	6	4	tpl-8d2ed1c6017b4901af66d7b0	0	201	0.087393	PASS	none	d823a5c2a5014d4c8f1b6392b277ccfa	PASS
r06-q05053-4u-t3	6	4	tpl-8d2ed1c6017b4901af66d7b0	0	201	0.071615	PASS	none	dba91119f8b74bf99854700a3e7ff9c0	PASS
r06-q05058-4u-t8	6	4	tpl-8d2ed1c6017b4901af66d7b0	0	201	0.066732	PASS	none	98e6367b728a4f6b80683c05f2b430db	PASS
r06-q05062-4u-t12	6	4	tpl-8d2ed1c6017b4901af66d7b0	0	201	0.071046	PASS	none	6af2ee5f4f874682803f10959388538a	PASS
r06-q05063-4u-t13	6	4	tpl-8d2ed1c6017b4901af66d7b0	0	201	0.089268	PASS	none	c5493a89e4464e119da3a507e9263e18	PASS
r06-q05057-4u-t7	6	4	tpl-8d2ed1c6017b4901af66d7b0	0	201	0.060509	PASS	none	086f316320cd41359cd1009362e0fd4e	PASS
r06-q05052-4u-t2	6	4	tpl-8d2ed1c6017b4901af66d7b0	0	201	0.056482	PASS	none	3636971e991d462ba8a71f49cf713244	PASS
r06-q05051-4u-t1	6	4	tpl-8d2ed1c6017b4901af66d7b0	0	201	0.081009	PASS	none	5ce8a8ea341a468d8274814d7270284e	PASS
r06-q05056-4u-t6	6	4	tpl-8d2ed1c6017b4901af66d7b0	0	201	0.066298	PASS	none	bb85e1c35a8b49d4a5065441639c6e63	PASS
r06-q05069-4u-t19	6	4	tpl-8d2ed1c6017b4901af66d7b0	0	201	0.071168	PASS	none	e0478637ba834a8eb3491cab5d4dd2ed	PASS
r06-q05064-4u-t14	6	4	tpl-8d2ed1c6017b4901af66d7b0	0	201	0.073420	PASS	none	e66caaeb7b1b4f2e9bd7bcab983f724d	PASS
r06-q05068-4u-t18	6	4	tpl-8d2ed1c6017b4901af66d7b0	0	201	0.085517	PASS	none	53afe58c22b742ccb3e4b5b2e3a44e88	PASS
r06-q05055-4u-t5	6	4	tpl-8d2ed1c6017b4901af66d7b0	0	201	0.055643	PASS	none	67aebf88d31b4aa890839a2f1790625b	PASS
r06-q05061-4u-t11	6	4	tpl-8d2ed1c6017b4901af66d7b0	0	201	0.076759	PASS	none	ed95b3547f044f25be8f589f8e4b8b6c	PASS
r06-q05071-4u-t21	6	4	tpl-8d2ed1c6017b4901af66d7b0	0	201	0.087805	PASS	none	d55029dfdbd0498596c2a5f2f1d6049f	PASS
r06-q05070-4u-t20	6	4	tpl-8d2ed1c6017b4901af66d7b0	0	201	0.070163	PASS	none	552be0f22dcd4bbaaf90ad9d0653244d	PASS
r06-q05072-4u-t22	6	4	tpl-8d2ed1c6017b4901af66d7b0	0	201	0.082899	PASS	none	39ace752a9ba4d20bed05e01e5c510d0	PASS
r06-q05067-4u-t17	6	4	tpl-8d2ed1c6017b4901af66d7b0	0	201	0.067228	PASS	none	fb7a12248fbb410ebc4f7405d8321f2c	PASS
r06-q05065-4u-t15	6	4	tpl-8d2ed1c6017b4901af66d7b0	0	201	0.081439	PASS	none	7ed91e77ee964953ab74d5a0c055a554	PASS
r06-q05074-4u-t24	6	4	tpl-8d2ed1c6017b4901af66d7b0	0	201	0.072550	PASS	none	91f1be6986cd44c49bf47f692cf3959d	PASS
r06-q05075-4u-t25	6	4	tpl-8d2ed1c6017b4901af66d7b0	0	201	0.076427	PASS	none	af11f8b04190482584286ee1539de565	PASS
r06-q05076-4u-t26	6	4	tpl-8d2ed1c6017b4901af66d7b0	0	201	0.075166	PASS	none	eadc7e4eeb4e4c81bd2afdf65d2e0239	PASS
r06-q05066-4u-t16	6	4	tpl-8d2ed1c6017b4901af66d7b0	0	201	0.072313	PASS	none	16eb2658cbc94f719e86a85adb897375	PASS
r06-q05081-4u-t31	6	4	tpl-8d2ed1c6017b4901af66d7b0	0	201	0.075276	PASS	none	1830102956744d86a83f44f8b60b2525	PASS
r06-q05082-4u-t32	6	4	tpl-8d2ed1c6017b4901af66d7b0	0	201	0.091141	PASS	none	08728623f0d34cd69dd5bb5d03b3e56a	PASS
r06-q05080-4u-t30	6	4	tpl-8d2ed1c6017b4901af66d7b0	0	201	0.079592	PASS	none	509f1cfa71ad4f19800a31cf8a6708e7	PASS
r06-q05079-4u-t29	6	4	tpl-8d2ed1c6017b4901af66d7b0	0	201	0.089608	PASS	none	30afa0340f1340ec892655ba6f645427	PASS
r06-q05073-4u-t23	6	4	tpl-8d2ed1c6017b4901af66d7b0	0	201	0.074270	PASS	none	284e618cb666496685a018334ff01fb3	PASS
r06-q05088-4u-t38	6	4	tpl-8d2ed1c6017b4901af66d7b0	0	201	0.083509	PASS	none	3d5085b5f6054a46be7817e1cb75bb67	PASS
r06-q05083-4u-t33	6	4	tpl-8d2ed1c6017b4901af66d7b0	0	201	0.078028	PASS	none	ce19fed088aa4fdea46da9e8a4d790cd	PASS
r06-q05077-4u-t27	6	4	tpl-8d2ed1c6017b4901af66d7b0	0	201	0.076342	PASS	none	609c05edd325468f8eb4bd28f19e57ee	PASS
r06-q05078-4u-t28	6	4	tpl-8d2ed1c6017b4901af66d7b0	0	201	0.083788	PASS	none	14804f9c824d41f1b8c0676b5349d2ab	PASS
r06-q05090-4u-t40	6	4	tpl-8d2ed1c6017b4901af66d7b0	0	201	0.080321	PASS	none	47997d0462da40bbab550bad65b87a84	PASS
r06-q05087-4u-t37	6	4	tpl-8d2ed1c6017b4901af66d7b0	0	201	0.087532	PASS	none	32b188dda73e44ff82bebccdab5b80c6	PASS
r06-q05084-4u-t34	6	4	tpl-8d2ed1c6017b4901af66d7b0	0	201	0.082183	PASS	none	34f3ab8c47804c2b999283e9d24f69f1	PASS
r06-q05086-4u-t36	6	4	tpl-8d2ed1c6017b4901af66d7b0	0	201	0.078013	PASS	none	bad8b99a48bd455da3e719c8c7c40921	PASS
r06-q05085-4u-t35	6	4	tpl-8d2ed1c6017b4901af66d7b0	0	201	0.087668	PASS	none	574fe82606bc4143b42a07aa497dedcf	PASS
r06-q05091-4u-t41	6	4	tpl-8d2ed1c6017b4901af66d7b0	0	201	0.093029	PASS	none	405c4a8b53bc436bbbd656e214f40b7b	PASS
r06-q05100-4u-t50	6	4	tpl-8d2ed1c6017b4901af66d7b0	0	201	0.076224	PASS	none	66a5bbccb822424b922effcc494c7b4f	PASS
r06-q05089-4u-t39	6	4	tpl-8d2ed1c6017b4901af66d7b0	0	201	0.080909	PASS	none	299ed09c79824da4b082a0a3162be247	PASS
r06-q05094-4u-t44	6	4	tpl-8d2ed1c6017b4901af66d7b0	0	201	0.095408	PASS	none	4a9caa0326754436b0e6a63cf53183bd	PASS
r06-q05099-4u-t49	6	4	tpl-8d2ed1c6017b4901af66d7b0	0	201	0.076723	PASS	none	a31355e0fb2647aba195b142603f6d25	PASS
r06-q05092-4u-t42	6	4	tpl-8d2ed1c6017b4901af66d7b0	0	201	0.095967	PASS	none	1ccd5c3078324797b32da21061de3cc3	PASS
r06-q05093-4u-t43	6	4	tpl-8d2ed1c6017b4901af66d7b0	0	201	0.083258	PASS	none	e1ad255ee38c409ba1f3fecbb3a7a6b8	PASS
r06-q05097-4u-t47	6	4	tpl-8d2ed1c6017b4901af66d7b0	0	201	0.082463	PASS	none	82a8836087b44e22a7a18f750e05ea02	PASS
r06-q05098-4u-t48	6	4	tpl-8d2ed1c6017b4901af66d7b0	0	201	0.083291	PASS	none	fda338341cc54dc4bd48e04483b25eb7	PASS
r06-q05096-4u-t46	6	4	tpl-8d2ed1c6017b4901af66d7b0	0	201	0.083984	PASS	none	b459e7d752a4495391ff7b3ba4f9c5f1	PASS
r06-q05095-4u-t45	6	4	tpl-8d2ed1c6017b4901af66d7b0	0	201	0.089479	PASS	none	1aea4a916b35492aafb8332f6b24e766	PASS
r01-q05101-4u-t1	1	4	tpl-90522c835ea844c6a46ce9fa	0	201	0.059852	PASS	none	db05a88bd5ad4c53a13365e3b47cd5c8	PASS
r01-q05104-4u-t4	1	4	tpl-90522c835ea844c6a46ce9fa	0	201	0.053775	PASS	none	b8e90ad02ce6461da8bfc3716cbe1155	PASS
r01-q05105-4u-t5	1	4	tpl-90522c835ea844c6a46ce9fa	0	201	0.049203	PASS	none	5846a76474a3421e98058dbfa2daf39f	PASS
r01-q05106-4u-t6	1	4	tpl-90522c835ea844c6a46ce9fa	0	201	0.046163	PASS	none	eb7466f3d2ee4dc7b5333db2cb832814	PASS
r01-q05102-4u-t2	1	4	tpl-90522c835ea844c6a46ce9fa	0	201	0.074195	PASS	none	f818484287864b549b0b856d69862447	PASS
r01-q05117-4u-t17	1	4	tpl-90522c835ea844c6a46ce9fa	0	201	0.060372	PASS	none	f4803874bd9e475e8725f5d086b5da7a	PASS
r01-q05115-4u-t15	1	4	tpl-90522c835ea844c6a46ce9fa	0	201	0.065221	PASS	none	fbc3a33f1138419b98666d3904c5dd91	PASS
r01-q05112-4u-t12	1	4	tpl-90522c835ea844c6a46ce9fa	0	201	0.057192	PASS	none	e918ce3aa3354abf92c10bfaae10f1fd	PASS
r01-q05118-4u-t18	1	4	tpl-90522c835ea844c6a46ce9fa	0	201	0.060260	PASS	none	35cbe9c93ba24ea488f1c58f569f1662	PASS
r01-q05108-4u-t8	1	4	tpl-90522c835ea844c6a46ce9fa	0	201	0.050798	PASS	none	31cd8264813e465e90fc6c31fb2edbd7	PASS
r01-q05114-4u-t14	1	4	tpl-90522c835ea844c6a46ce9fa	0	201	0.064808	PASS	none	81d1247632034626bbc7a0422bd7bef4	PASS
r01-q05107-4u-t7	1	4	tpl-90522c835ea844c6a46ce9fa	0	201	0.059158	PASS	none	877097b78d4741e187fa6b9c9f589144	PASS
r01-q05109-4u-t9	1	4	tpl-90522c835ea844c6a46ce9fa	0	201	0.051773	PASS	none	091034ae863545a0a5a27d29ed8ed356	PASS
r01-q05111-4u-t11	1	4	tpl-90522c835ea844c6a46ce9fa	0	201	0.062109	PASS	none	e0db8cf36fa44601bf8b0998c6ef8a40	PASS
r01-q05124-4u-t24	1	4	tpl-90522c835ea844c6a46ce9fa	0	201	0.064266	PASS	none	11b28af6c487425081a343496d2e9190	PASS
r01-q05116-4u-t16	1	4	tpl-90522c835ea844c6a46ce9fa	0	201	0.076682	PASS	none	3135b43f605a450c94d71ca0f4b9ffa7	PASS
r01-q05103-4u-t3	1	4	tpl-90522c835ea844c6a46ce9fa	0	201	0.052930	PASS	none	b790957f4be9466b8a785fb885e6abeb	PASS
r01-q05120-4u-t20	1	4	tpl-90522c835ea844c6a46ce9fa	0	201	0.076760	PASS	none	0780ca26969e4011ab01666d02ed5346	PASS
r01-q05110-4u-t10	1	4	tpl-90522c835ea844c6a46ce9fa	0	201	0.061069	PASS	none	ba42e83b3152418aaedb507b18fd0061	PASS
r01-q05121-4u-t21	1	4	tpl-90522c835ea844c6a46ce9fa	0	201	0.069818	PASS	none	b39f97d739aa49a4b29b3a9c0bc48270	PASS
r01-q05123-4u-t23	1	4	tpl-90522c835ea844c6a46ce9fa	0	201	0.072522	PASS	none	82caa9d98c0d454f97c6c8c3b1f4bc9d	PASS
r01-q05119-4u-t19	1	4	tpl-90522c835ea844c6a46ce9fa	0	201	0.068034	PASS	none	0143ce7b94de464aacf7b212857aa21f	PASS
r01-q05113-4u-t13	1	4	tpl-90522c835ea844c6a46ce9fa	0	201	0.067770	PASS	none	011c8d74343d4ff29ff57d84ff50e452	PASS
r01-q05125-4u-t25	1	4	tpl-90522c835ea844c6a46ce9fa	0	201	0.075656	PASS	none	27d545b38563454381d9afc84dd17980	PASS
r01-q05122-4u-t22	1	4	tpl-90522c835ea844c6a46ce9fa	0	201	0.062187	PASS	none	d4bb732701c447aab516da449b92a145	PASS
r01-q05126-4u-t26	1	4	tpl-90522c835ea844c6a46ce9fa	0	201	0.066518	PASS	none	b33cac68b27d42faa4c137ba517c10f5	PASS
r01-q05131-4u-t31	1	4	tpl-90522c835ea844c6a46ce9fa	0	201	0.068069	PASS	none	9d8be5bf11694998b4d3230596ee9a6f	PASS
r01-q05129-4u-t29	1	4	tpl-90522c835ea844c6a46ce9fa	0	201	0.065330	PASS	none	a7a7e735cf0742428538471fa72efd4b	PASS
r01-q05133-4u-t33	1	4	tpl-90522c835ea844c6a46ce9fa	0	201	0.073376	PASS	none	4ed45756545645919c604c114f1bec9d	PASS
r01-q05137-4u-t37	1	4	tpl-90522c835ea844c6a46ce9fa	0	201	0.071380	PASS	none	9b46e70c03ab4db0bef5845f9a0504a7	PASS
r01-q05135-4u-t35	1	4	tpl-90522c835ea844c6a46ce9fa	0	201	0.074831	PASS	none	e4ee10bd39a642a2a9bbef7e0251c1f9	PASS
r01-q05134-4u-t34	1	4	tpl-90522c835ea844c6a46ce9fa	0	201	0.073535	PASS	none	17f729f9d02e4112912cfdc6c5edaf7d	PASS
r01-q05127-4u-t27	1	4	tpl-90522c835ea844c6a46ce9fa	0	201	0.073885	PASS	none	433728a4588842ceb97ac81d2a2a3997	PASS
r01-q05130-4u-t30	1	4	tpl-90522c835ea844c6a46ce9fa	0	201	0.066871	PASS	none	09c753c5823146f39d2cc18e4c0c9307	PASS
r01-q05128-4u-t28	1	4	tpl-90522c835ea844c6a46ce9fa	0	201	0.076803	PASS	none	49a4d88611a4462ab7b922fd07192d31	PASS
r01-q05136-4u-t36	1	4	tpl-90522c835ea844c6a46ce9fa	0	201	0.076555	PASS	none	ec48b14e87aa4934a540fe0b19edd789	PASS
r01-q05138-4u-t38	1	4	tpl-90522c835ea844c6a46ce9fa	0	201	0.077144	PASS	none	1b3a6aa7d33548d68e54f933460d24cc	PASS
r01-q05139-4u-t39	1	4	tpl-90522c835ea844c6a46ce9fa	0	201	0.077170	PASS	none	4a454d5e1fc341798aee5c40cb7a0437	PASS
r01-q05132-4u-t32	1	4	tpl-90522c835ea844c6a46ce9fa	0	201	0.071929	PASS	none	23c44b75e7a044b98f1de0e80e9fed04	PASS
r01-q05146-4u-t46	1	4	tpl-90522c835ea844c6a46ce9fa	0	201	0.074679	PASS	none	41aff0f19bed43419d9a38e26f4bf0b4	PASS
r01-q05143-4u-t43	1	4	tpl-90522c835ea844c6a46ce9fa	0	201	0.086636	PASS	none	e50c1e084e4c4c4ea657496efab892cf	PASS
r01-q05149-4u-t49	1	4	tpl-90522c835ea844c6a46ce9fa	0	201	0.070768	PASS	none	ba893fce537840d7888071bd8d51da12	PASS
r01-q05147-4u-t47	1	4	tpl-90522c835ea844c6a46ce9fa	0	201	0.079363	PASS	none	32d523807346488aaa39c2ae1c36765c	PASS
r01-q05141-4u-t41	1	4	tpl-90522c835ea844c6a46ce9fa	0	201	0.076230	PASS	none	b5bf783e7a034b54b08e6f7287ed3c08	PASS
r01-q05148-4u-t48	1	4	tpl-90522c835ea844c6a46ce9fa	0	201	0.082345	PASS	none	22602403227647f886506d071368e1c9	PASS
r01-q05144-4u-t44	1	4	tpl-90522c835ea844c6a46ce9fa	0	201	0.083466	PASS	none	3b0e1891da8240abb35a833a6df5e5d1	PASS
r01-q05142-4u-t42	1	4	tpl-90522c835ea844c6a46ce9fa	0	201	0.098268	PASS	none	0e35d08bc69f42f286e101ec5a76838d	PASS
r01-q05140-4u-t40	1	4	tpl-90522c835ea844c6a46ce9fa	0	201	0.082502	PASS	none	ccc817eeb15b435c9de604eb355232e3	PASS
r01-q05150-4u-t50	1	4	tpl-90522c835ea844c6a46ce9fa	0	201	0.075332	PASS	none	5f03c3c59e4c4518ae5a567af7a925c3	PASS
r01-q05145-4u-t45	1	4	tpl-90522c835ea844c6a46ce9fa	0	201	0.075269	PASS	none	2362c3d240be40088b91f9b56658f5d7	PASS
r02-q05166-4u-t16	2	4	tpl-90522c835ea844c6a46ce9fa	0	201	0.064712	PASS	none	f4504f5b22264ac2a01c1984d840d3d4	PASS
r02-q05152-4u-t2	2	4	tpl-90522c835ea844c6a46ce9fa	0	201	0.070379	PASS	none	f9533b01626a48aa8b5bc680e3e1e75c	PASS
r02-q05158-4u-t8	2	4	tpl-90522c835ea844c6a46ce9fa	0	201	0.067676	PASS	none	56bc9a3567a64a26a3d7cc5bb83e4a04	PASS
r02-q05172-4u-t22	2	4	tpl-90522c835ea844c6a46ce9fa	0	201	0.068742	PASS	none	696e544973e3424b9c302acfa138c4fd	PASS
r02-q05160-4u-t10	2	4	tpl-90522c835ea844c6a46ce9fa	0	201	0.077249	PASS	none	81931790119842e7b88cb18f6da87765	PASS
r02-q05155-4u-t5	2	4	tpl-90522c835ea844c6a46ce9fa	0	201	0.052476	PASS	none	6e7190bf4de64bc6991fe95289d9cb3c	PASS
r02-q05174-4u-t24	2	4	tpl-90522c835ea844c6a46ce9fa	0	201	0.064211	PASS	none	f6b76300884b4c30b266a85947e369ed	PASS
r02-q05161-4u-t11	2	4	tpl-90522c835ea844c6a46ce9fa	0	201	0.059758	PASS	none	bcc42c7ac6264e9f976ef3d784023b70	PASS
r02-q05159-4u-t9	2	4	tpl-90522c835ea844c6a46ce9fa	0	201	0.083820	PASS	none	5c1fe60151894730ad9fb27a304dc240	PASS
r02-q05156-4u-t6	2	4	tpl-90522c835ea844c6a46ce9fa	0	201	0.056064	PASS	none	1e6c1fc8af0942838bcc3b9084eb464b	PASS
r02-q05168-4u-t18	2	4	tpl-90522c835ea844c6a46ce9fa	0	201	0.070231	PASS	none	fe906e1796434cbc8cfbeeb2ddfc56b4	PASS
r02-q05176-4u-t26	2	4	tpl-90522c835ea844c6a46ce9fa	0	201	0.077502	PASS	none	bb70b29462b2432a982a414fe8c528fa	PASS
r02-q05170-4u-t20	2	4	tpl-90522c835ea844c6a46ce9fa	0	201	0.085766	PASS	none	86eb4843aa554ddda2deb54e63022984	PASS
r02-q05153-4u-t3	2	4	tpl-90522c835ea844c6a46ce9fa	0	201	0.071089	PASS	none	afc7407bb6c041e6a234f849b1bded17	PASS
r02-q05178-4u-t28	2	4	tpl-90522c835ea844c6a46ce9fa	0	201	0.066044	PASS	none	a2fe94c8eb1e484c840907017904f31f	PASS
r02-q05162-4u-t12	2	4	tpl-90522c835ea844c6a46ce9fa	0	201	0.066243	PASS	none	6f5cc13799774571be2cc56c088d2e56	PASS
r02-q05157-4u-t7	2	4	tpl-90522c835ea844c6a46ce9fa	0	201	0.049132	PASS	none	ac187ce1a338468a9fb506721ba60dec	PASS
r02-q05154-4u-t4	2	4	tpl-90522c835ea844c6a46ce9fa	0	201	0.057958	PASS	none	a62425c053bc4fd38cec107edf148323	PASS
r02-q05163-4u-t13	2	4	tpl-90522c835ea844c6a46ce9fa	0	201	0.070775	PASS	none	45eae35f0fd24777925e48a31f346e78	PASS
r02-q05167-4u-t17	2	4	tpl-90522c835ea844c6a46ce9fa	0	201	0.060198	PASS	none	f90d67b607554bf392a0346809b85727	PASS
r02-q05173-4u-t23	2	4	tpl-90522c835ea844c6a46ce9fa	0	201	0.080875	PASS	none	940f8e33865949c191c719ee3be0a0fd	PASS
r02-q05165-4u-t15	2	4	tpl-90522c835ea844c6a46ce9fa	0	201	0.069781	PASS	none	5d941e398d9340b2a082265f4981f27e	PASS
r02-q05164-4u-t14	2	4	tpl-90522c835ea844c6a46ce9fa	0	201	0.081263	PASS	none	0042ec184c4e4bb2bab2144d2ee024dc	PASS
r02-q05151-4u-t1	2	4	tpl-90522c835ea844c6a46ce9fa	0	201	0.051281	PASS	none	c822c6f1a5704228981a145c7cc55a50	PASS
r02-q05169-4u-t19	2	4	tpl-90522c835ea844c6a46ce9fa	0	201	0.073665	PASS	none	ae16191f73ac4cc89f99b3e558a07788	PASS
r02-q05171-4u-t21	2	4	tpl-90522c835ea844c6a46ce9fa	0	201	0.070575	PASS	none	6575d5b74250422ba18cb71d942bae73	PASS
r02-q05177-4u-t27	2	4	tpl-90522c835ea844c6a46ce9fa	0	201	0.070863	PASS	none	c64d8bcc976c417190a11cd7502196e4	PASS
r02-q05181-4u-t31	2	4	tpl-90522c835ea844c6a46ce9fa	0	201	0.073278	PASS	none	a07dbdad1bd146298a2bb86b66214803	PASS
r02-q05180-4u-t30	2	4	tpl-90522c835ea844c6a46ce9fa	0	201	0.071337	PASS	none	e700d0219b7f4d668c449be5bec5d673	PASS
r02-q05175-4u-t25	2	4	tpl-90522c835ea844c6a46ce9fa	0	201	0.074987	PASS	none	36c1b568928a4836b6f26177714ff54a	PASS
r02-q05194-4u-t44	2	4	tpl-90522c835ea844c6a46ce9fa	0	201	0.078253	PASS	none	e69a2590ff5b4b59a30b107a52630b0b	PASS
r02-q05196-4u-t46	2	4	tpl-90522c835ea844c6a46ce9fa	0	201	0.078763	PASS	none	109906aecd814c5881ce8ee27ee77e07	PASS
r02-q05200-4u-t50	2	4	tpl-90522c835ea844c6a46ce9fa	0	201	0.068813	PASS	none	1cf2447d1334498f80311f87ca96511c	PASS
r02-q05199-4u-t49	2	4	tpl-90522c835ea844c6a46ce9fa	0	201	0.076895	PASS	none	bfe3ca9dda864586b1bf5ac9a2666eb5	PASS
r02-q05185-4u-t35	2	4	tpl-90522c835ea844c6a46ce9fa	0	201	0.075626	PASS	none	90642690074a489faf36b05d0d00f22b	PASS
r02-q05186-4u-t36	2	4	tpl-90522c835ea844c6a46ce9fa	0	201	0.083453	PASS	none	efcbc301c24d47b085d95e8ef859b6a6	PASS
r02-q05182-4u-t32	2	4	tpl-90522c835ea844c6a46ce9fa	0	201	0.080878	PASS	none	351d57a9807f4776a453cca3ea9c74a6	PASS
r02-q05195-4u-t45	2	4	tpl-90522c835ea844c6a46ce9fa	0	201	0.075174	PASS	none	2b25dff42f6848d0932b23c69b609622	PASS
r02-q05190-4u-t40	2	4	tpl-90522c835ea844c6a46ce9fa	0	201	0.086699	PASS	none	cefa4e95a7974ede8ae0a10d0e9ae2b0	PASS
r02-q05189-4u-t39	2	4	tpl-90522c835ea844c6a46ce9fa	0	201	0.083341	PASS	none	9af3dc928f8745e99468251417d0bbf1	PASS
r02-q05183-4u-t33	2	4	tpl-90522c835ea844c6a46ce9fa	0	201	0.078162	PASS	none	748ad1e56ec441c68faebcba5e338ff1	PASS
r02-q05197-4u-t47	2	4	tpl-90522c835ea844c6a46ce9fa	0	201	0.080064	PASS	none	1ec5f057ae0a4c6eb2e4c050c19a87b6	PASS
r02-q05184-4u-t34	2	4	tpl-90522c835ea844c6a46ce9fa	0	201	0.081600	PASS	none	8202297bc3384f3fb1fd639713fa937a	PASS
r02-q05188-4u-t38	2	4	tpl-90522c835ea844c6a46ce9fa	0	201	0.084970	PASS	none	9dbb8615d3584691b47dd14c3a228b8a	PASS
r02-q05191-4u-t41	2	4	tpl-90522c835ea844c6a46ce9fa	0	201	0.086763	PASS	none	31b86e5dfd144d9087117b85902b06fb	PASS
r02-q05192-4u-t42	2	4	tpl-90522c835ea844c6a46ce9fa	0	201	0.084436	PASS	none	066e86cd5c814989a72883719e61fc6e	PASS
r02-q05179-4u-t29	2	4	tpl-90522c835ea844c6a46ce9fa	0	201	0.076030	PASS	none	03748c82fb5d4b878c73b4a36f6ae38c	PASS
r02-q05198-4u-t48	2	4	tpl-90522c835ea844c6a46ce9fa	0	201	0.073665	PASS	none	424e56f4be4d44e8931aad1262f61276	PASS
r02-q05187-4u-t37	2	4	tpl-90522c835ea844c6a46ce9fa	0	201	0.093640	PASS	none	3bd93f38b1c64585b08d284d0e2af4c2	PASS
r02-q05193-4u-t43	2	4	tpl-90522c835ea844c6a46ce9fa	0	201	0.087611	PASS	none	696529d46c1b44ab8619b9f7f15afb19	PASS
r03-q05201-4u-t1	3	4	tpl-90522c835ea844c6a46ce9fa	0	201	0.078020	PASS	none	d9a2d27706534bc68086d15338faeed2	PASS
r03-q05204-4u-t4	3	4	tpl-90522c835ea844c6a46ce9fa	0	201	0.063451	PASS	none	3f209676d41a4bbdbdf9f40b5534b55f	PASS
r03-q05203-4u-t3	3	4	tpl-90522c835ea844c6a46ce9fa	0	201	0.072520	PASS	none	c55daf03dfd744c58fe67cdd196a81da	PASS
r03-q05207-4u-t7	3	4	tpl-90522c835ea844c6a46ce9fa	0	201	0.053555	PASS	none	a6b14f0b6d9044a89de975d16a4574f1	PASS
r03-q05206-4u-t6	3	4	tpl-90522c835ea844c6a46ce9fa	0	201	0.059005	PASS	none	a372ee2f9a794f4eba155fbc6780120d	PASS
r03-q05213-4u-t13	3	4	tpl-90522c835ea844c6a46ce9fa	0	201	0.064266	PASS	none	f491538c601b48f4aa05ac2092bde294	PASS
r03-q05205-4u-t5	3	4	tpl-90522c835ea844c6a46ce9fa	0	201	0.053039	PASS	none	4412a17944f0444584521ce3a99de3eb	PASS
r03-q05209-4u-t9	3	4	tpl-90522c835ea844c6a46ce9fa	0	201	0.057224	PASS	none	672b9527f730436b9f1a9bf1a64d259f	PASS
r03-q05216-4u-t16	3	4	tpl-90522c835ea844c6a46ce9fa	0	201	0.076687	PASS	none	309e5232574046058ef02d109c6bb402	PASS
r03-q05218-4u-t18	3	4	tpl-90522c835ea844c6a46ce9fa	0	201	0.075119	PASS	none	4775da5fdcdf4cebb15de37f234bfe4f	PASS
r03-q05214-4u-t14	3	4	tpl-90522c835ea844c6a46ce9fa	0	201	0.078967	PASS	none	d1fb2ba48ccb43d1a1a640f218d1bd45	PASS
r03-q05202-4u-t2	3	4	tpl-90522c835ea844c6a46ce9fa	0	201	0.073529	PASS	none	9685f99eb1e74cd78b46baecb593e470	PASS
r03-q05230-4u-t30	3	4	tpl-90522c835ea844c6a46ce9fa	0	201	0.070805	PASS	none	f789f0c0eb764ded8be892692dbf0e07	PASS
r03-q05223-4u-t23	3	4	tpl-90522c835ea844c6a46ce9fa	0	201	0.070724	PASS	none	76109cf3474d4f9c8c7dab2bab9d4366	PASS
r03-q05215-4u-t15	3	4	tpl-90522c835ea844c6a46ce9fa	0	201	0.072460	PASS	none	30c494ffc1db424c93e6f69e8aab56ac	PASS
r03-q05217-4u-t17	3	4	tpl-90522c835ea844c6a46ce9fa	0	201	0.082729	PASS	none	3868ac04e3584ed6b499c1bffb1c9fd0	PASS
r03-q05210-4u-t10	3	4	tpl-90522c835ea844c6a46ce9fa	0	201	0.053518	PASS	none	20487e9048ca4af49c361ae50e4e1558	PASS
r03-q05212-4u-t12	3	4	tpl-90522c835ea844c6a46ce9fa	0	201	0.059197	PASS	none	5c722ca29ea34fbe8cfe9d8a05a35089	PASS
r03-q05227-4u-t27	3	4	tpl-90522c835ea844c6a46ce9fa	0	201	0.076620	PASS	none	ea0138640497416586ced29195badcba	PASS
r03-q05219-4u-t19	3	4	tpl-90522c835ea844c6a46ce9fa	0	201	0.077705	PASS	none	15be0898f1194607805d488059e92c1f	PASS
r03-q05222-4u-t22	3	4	tpl-90522c835ea844c6a46ce9fa	0	201	0.078796	PASS	none	a4fc4aa1d6814034afcce71c536143c2	PASS
r03-q05226-4u-t26	3	4	tpl-90522c835ea844c6a46ce9fa	0	201	0.074071	PASS	none	fde6ae80ffa64a25919f2bfd6b7e6494	PASS
r03-q05233-4u-t33	3	4	tpl-90522c835ea844c6a46ce9fa	0	201	0.076060	PASS	none	0042a9d50b134594aca476735a36bbf1	PASS
r03-q05229-4u-t29	3	4	tpl-90522c835ea844c6a46ce9fa	0	201	0.081600	PASS	none	85fb3e26db5e458a946ad51cc3aa1ec0	PASS
r03-q05225-4u-t25	3	4	tpl-90522c835ea844c6a46ce9fa	0	201	0.082620	PASS	none	8d03701df73740689c5cad301a572e57	PASS
r03-q05221-4u-t21	3	4	tpl-90522c835ea844c6a46ce9fa	0	201	0.066937	PASS	none	193ff8a92dab4272b68f8b08bc3cffb2	PASS
r03-q05211-4u-t11	3	4	tpl-90522c835ea844c6a46ce9fa	0	201	0.064302	PASS	none	bb14b08d25a141809c7166b6ed36509d	PASS
r03-q05208-4u-t8	3	4	tpl-90522c835ea844c6a46ce9fa	0	201	0.057047	PASS	none	8d115f3ba731456785438cff59c728c5	PASS
r03-q05224-4u-t24	3	4	tpl-90522c835ea844c6a46ce9fa	0	201	0.079673	PASS	none	1a37051152fc4755b6f4d61322c82dd8	PASS
r03-q05220-4u-t20	3	4	tpl-90522c835ea844c6a46ce9fa	0	201	0.068087	PASS	none	b4214754d8db46a2a96aa0c7bcf423f5	PASS
r03-q05235-4u-t35	3	4	tpl-90522c835ea844c6a46ce9fa	0	201	0.075820	PASS	none	382412cc204a4df3b182691d936276a3	PASS
r03-q05232-4u-t32	3	4	tpl-90522c835ea844c6a46ce9fa	0	201	0.075562	PASS	none	004fb92f78384b68a8f2f7dcf08e1c0e	PASS
r03-q05237-4u-t37	3	4	tpl-90522c835ea844c6a46ce9fa	0	201	0.076392	PASS	none	26e5f2ea57d845edaf77103fd58d5099	PASS
r03-q05241-4u-t41	3	4	tpl-90522c835ea844c6a46ce9fa	0	201	0.102656	PASS	none	a0d942a4f0834bf09bcc59e4a8a636c9	PASS
r03-q05231-4u-t31	3	4	tpl-90522c835ea844c6a46ce9fa	0	201	0.081319	PASS	none	27beb4cd1eb14398b897eb1985aee6a3	PASS
r03-q05234-4u-t34	3	4	tpl-90522c835ea844c6a46ce9fa	0	201	0.078811	PASS	none	e205e5ce6e824db4b722b398d3169e1d	PASS
r03-q05228-4u-t28	3	4	tpl-90522c835ea844c6a46ce9fa	0	201	0.077733	PASS	none	07a9b31725c04015a7774a73a9500580	PASS
r03-q05239-4u-t39	3	4	tpl-90522c835ea844c6a46ce9fa	0	201	0.074373	PASS	none	75da0e0aca3c4a22926f458f2445b174	PASS
r03-q05240-4u-t40	3	4	tpl-90522c835ea844c6a46ce9fa	0	201	0.079567	PASS	none	6dca811ea99b46aeafc0b24c098857f6	PASS
r03-q05242-4u-t42	3	4	tpl-90522c835ea844c6a46ce9fa	0	201	0.105077	PASS	none	1d9ba2abf98349f482610d66f882ceba	PASS
r03-q05250-4u-t50	3	4	tpl-90522c835ea844c6a46ce9fa	0	201	0.089122	PASS	none	a138a188e8b64081a2b062e1da99343a	PASS
r03-q05243-4u-t43	3	4	tpl-90522c835ea844c6a46ce9fa	0	201	0.098649	PASS	none	0d3187368f754477acb506bb921af3c8	PASS
r03-q05247-4u-t47	3	4	tpl-90522c835ea844c6a46ce9fa	0	201	0.088580	PASS	none	a2013885409c4356bc6f9083e36de71a	PASS
r03-q05248-4u-t48	3	4	tpl-90522c835ea844c6a46ce9fa	0	201	0.098389	PASS	none	935f5b82f14c4ec099617068e0e1aa92	PASS
r03-q05238-4u-t38	3	4	tpl-90522c835ea844c6a46ce9fa	0	201	0.073155	PASS	none	dfe303be02954b66bc43908f99238aff	PASS
r03-q05236-4u-t36	3	4	tpl-90522c835ea844c6a46ce9fa	0	201	0.075924	PASS	none	2ef4c77702774610a0965d385297322b	PASS
r03-q05249-4u-t49	3	4	tpl-90522c835ea844c6a46ce9fa	0	201	0.089429	PASS	none	dcc1c9829a97409b958a068fd3ea6f7d	PASS
r03-q05246-4u-t46	3	4	tpl-90522c835ea844c6a46ce9fa	0	201	0.096817	PASS	none	a5cbd4be52504e05804c2fcfad37552e	PASS
r03-q05245-4u-t45	3	4	tpl-90522c835ea844c6a46ce9fa	0	201	0.097946	PASS	none	b656a84fd75b49a48d8706e7306e6090	PASS
r03-q05244-4u-t44	3	4	tpl-90522c835ea844c6a46ce9fa	0	201	0.103618	PASS	none	e1b52604b39547eea1abae1b8cafbdfe	PASS
r04-q05253-4u-t3	4	4	tpl-90522c835ea844c6a46ce9fa	0	201	0.051890	PASS	none	220d2184d0f84828a8d288eadfde64bb	PASS
r04-q05251-4u-t1	4	4	tpl-90522c835ea844c6a46ce9fa	0	201	0.060970	PASS	none	f85d5024b1a84475b0db9a8f6fd2f76e	PASS
r04-q05256-4u-t6	4	4	tpl-90522c835ea844c6a46ce9fa	0	201	0.050686	PASS	none	153dfa29134742cea2dd2ff87ec2db54	PASS
r04-q05254-4u-t4	4	4	tpl-90522c835ea844c6a46ce9fa	0	201	0.057915	PASS	none	70c74812fdc54ba38596cccf298ddb10	PASS
r04-q05255-4u-t5	4	4	tpl-90522c835ea844c6a46ce9fa	0	201	0.051874	PASS	none	6ab271ba871b4572bfba0dac35fa46ab	PASS
r04-q05258-4u-t8	4	4	tpl-90522c835ea844c6a46ce9fa	0	201	0.059726	PASS	none	e276864dfc9e4222886b0129c98d6af3	PASS
r04-q05252-4u-t2	4	4	tpl-90522c835ea844c6a46ce9fa	0	201	0.057457	PASS	none	19abc55e0ccf4bb8807f635d86c3b4c3	PASS
r04-q05257-4u-t7	4	4	tpl-90522c835ea844c6a46ce9fa	0	201	0.058747	PASS	none	72270e90b5534807b0803260b46652bd	PASS
r04-q05259-4u-t9	4	4	tpl-90522c835ea844c6a46ce9fa	0	201	0.064506	PASS	none	6a470c40f41b462e84cdb0b22a7100f4	PASS
r04-q05269-4u-t19	4	4	tpl-90522c835ea844c6a46ce9fa	0	201	0.062705	PASS	none	cb551969579b46169226d7aed87e01ae	PASS
r04-q05266-4u-t16	4	4	tpl-90522c835ea844c6a46ce9fa	0	201	0.061556	PASS	none	61a62ccc05e34193bbbee83a4be54b1c	PASS
r04-q05262-4u-t12	4	4	tpl-90522c835ea844c6a46ce9fa	0	201	0.065224	PASS	none	83da9230ed734dc1ad84f9932bef56ea	PASS
r04-q05267-4u-t17	4	4	tpl-90522c835ea844c6a46ce9fa	0	201	0.075510	PASS	none	1ebd557e529648a6ba895885ddf06412	PASS
r04-q05265-4u-t15	4	4	tpl-90522c835ea844c6a46ce9fa	0	201	0.064025	PASS	none	59bda226732a4f8eb19e6b74b006b140	PASS
r04-q05263-4u-t13	4	4	tpl-90522c835ea844c6a46ce9fa	0	201	0.065182	PASS	none	67afd3caa28a490abea0f3f85210a806	PASS
r04-q05261-4u-t11	4	4	tpl-90522c835ea844c6a46ce9fa	0	201	0.081438	PASS	none	a7003c0565b84984b14eb455be287c00	PASS
r04-q05264-4u-t14	4	4	tpl-90522c835ea844c6a46ce9fa	0	201	0.066719	PASS	none	631be2ff5e544b2e9d591e0a2c5b8434	PASS
r04-q05270-4u-t20	4	4	tpl-90522c835ea844c6a46ce9fa	0	201	0.068365	PASS	none	8cbfaa0119b34a05a7566eb8a1d57de1	PASS
r04-q05271-4u-t21	4	4	tpl-90522c835ea844c6a46ce9fa	0	201	0.064182	PASS	none	062150e95c4648bb836661bf6f8c1252	PASS
r04-q05260-4u-t10	4	4	tpl-90522c835ea844c6a46ce9fa	0	201	0.076798	PASS	none	707a3ceb65c54df7b9f9c8d3f1ef6668	PASS
r04-q05268-4u-t18	4	4	tpl-90522c835ea844c6a46ce9fa	0	201	0.065624	PASS	none	b103f449e7db421cb9663d54c3e7c1c3	PASS
r04-q05273-4u-t23	4	4	tpl-90522c835ea844c6a46ce9fa	0	201	0.072579	PASS	none	306dc42ba55c4a1087c334412eac229f	PASS
r04-q05272-4u-t22	4	4	tpl-90522c835ea844c6a46ce9fa	0	201	0.083028	PASS	none	17498973a9644900913e52436edaca8e	PASS
r04-q05277-4u-t27	4	4	tpl-90522c835ea844c6a46ce9fa	0	201	0.073193	PASS	none	91c40156f5ec43bbb7d6a0a71fd34032	PASS
r04-q05275-4u-t25	4	4	tpl-90522c835ea844c6a46ce9fa	0	201	0.079212	PASS	none	be2423829d344a3bae319117bffea25c	PASS
r04-q05279-4u-t29	4	4	tpl-90522c835ea844c6a46ce9fa	0	201	0.079448	PASS	none	bf6a4a2642924c61a53116a26e7c1c3f	PASS
r04-q05281-4u-t31	4	4	tpl-90522c835ea844c6a46ce9fa	0	201	0.076899	PASS	none	5ee250b4bf644b05807474cfaf990ed7	PASS
r04-q05278-4u-t28	4	4	tpl-90522c835ea844c6a46ce9fa	0	201	0.077549	PASS	none	2887f78b6c1741b1bcca99d0ac511781	PASS
r04-q05280-4u-t30	4	4	tpl-90522c835ea844c6a46ce9fa	0	201	0.071938	PASS	none	f52de6603a484fc6b5db7d3a12ac6f8b	PASS
r04-q05274-4u-t24	4	4	tpl-90522c835ea844c6a46ce9fa	0	201	0.083769	PASS	none	92f7db71126c4e6b89536bbe8c810aa4	PASS
r04-q05276-4u-t26	4	4	tpl-90522c835ea844c6a46ce9fa	0	201	0.077314	PASS	none	68cb9395008945c28b709de4576c8ad5	PASS
r04-q05288-4u-t38	4	4	tpl-90522c835ea844c6a46ce9fa	0	201	0.078575	PASS	none	6c0d447a15c24eb09c614a1fa441180d	PASS
r04-q05285-4u-t35	4	4	tpl-90522c835ea844c6a46ce9fa	0	201	0.083850	PASS	none	ffba67a2f8ee4fa298544d48d5f127de	PASS
r04-q05291-4u-t41	4	4	tpl-90522c835ea844c6a46ce9fa	0	201	0.078649	PASS	none	4173f2e953da42ef8e4bf8587f2d6c9f	PASS
r04-q05284-4u-t34	4	4	tpl-90522c835ea844c6a46ce9fa	0	201	0.069792	PASS	none	50306fb8f3d3458f844cd3e99d022e4f	PASS
r04-q05286-4u-t36	4	4	tpl-90522c835ea844c6a46ce9fa	0	201	0.077623	PASS	none	a8b5a3cdbdc84f55916e614808b1dc77	PASS
r04-q05289-4u-t39	4	4	tpl-90522c835ea844c6a46ce9fa	0	201	0.086847	PASS	none	48d6c9620fce4f1ab91f2d33d955ce98	PASS
r04-q05282-4u-t32	4	4	tpl-90522c835ea844c6a46ce9fa	0	201	0.080809	PASS	none	0faa7a9e75f243da8de619280db38cd1	PASS
r04-q05287-4u-t37	4	4	tpl-90522c835ea844c6a46ce9fa	0	201	0.075135	PASS	none	45ead1214340475b90dcca4b658f473c	PASS
r04-q05293-4u-t43	4	4	tpl-90522c835ea844c6a46ce9fa	0	201	0.086679	PASS	none	31547369c5954d1c8e6030f41ef06655	PASS
r04-q05292-4u-t42	4	4	tpl-90522c835ea844c6a46ce9fa	0	201	0.078479	PASS	none	35d6f76bde7f440982c2b315e93d1b32	PASS
r04-q05283-4u-t33	4	4	tpl-90522c835ea844c6a46ce9fa	0	201	0.078309	PASS	none	e05eb40199be4a44ba2a8ab51dce5e85	PASS
r04-q05294-4u-t44	4	4	tpl-90522c835ea844c6a46ce9fa	0	201	0.078188	PASS	none	02b6d20be21a415fbcea0ed66c2382ca	PASS
r04-q05295-4u-t45	4	4	tpl-90522c835ea844c6a46ce9fa	0	201	0.078036	PASS	none	077d0bc827ff4e8283e8b5a3b4a9c9cf	PASS
r04-q05300-4u-t50	4	4	tpl-90522c835ea844c6a46ce9fa	0	201	0.074086	PASS	none	00ba9be9423f4c08b8b580805be83366	PASS
r04-q05297-4u-t47	4	4	tpl-90522c835ea844c6a46ce9fa	0	201	0.086173	PASS	none	c6a99ed657e24dea8a293f81e3c963ef	PASS
r04-q05296-4u-t46	4	4	tpl-90522c835ea844c6a46ce9fa	0	201	0.077086	PASS	none	1779fc4336d54a4aba0abe7cf4c390cc	PASS
r04-q05290-4u-t40	4	4	tpl-90522c835ea844c6a46ce9fa	0	201	0.084862	PASS	none	77ab2e9ec82949618ea281b86deb3f07	PASS
r04-q05299-4u-t49	4	4	tpl-90522c835ea844c6a46ce9fa	0	201	0.084161	PASS	none	249b702d84df4493a538d6dc2ed1005e	PASS
r04-q05298-4u-t48	4	4	tpl-90522c835ea844c6a46ce9fa	0	201	0.084507	PASS	none	dea90f8d356848fe928678577035eff8	PASS
r05-q05303-4u-t3	5	4	tpl-90522c835ea844c6a46ce9fa	0	201	0.042795	PASS	none	a8cc96a8e16a420bace695238252d28b	PASS
r05-q05304-4u-t4	5	4	tpl-90522c835ea844c6a46ce9fa	0	201	0.054357	PASS	none	7670cee8cd824644920fc472576e9090	PASS
r05-q05302-4u-t2	5	4	tpl-90522c835ea844c6a46ce9fa	0	201	0.048123	PASS	none	5271a545e3664e07b644caebb6d66a2c	PASS
r05-q05308-4u-t8	5	4	tpl-90522c835ea844c6a46ce9fa	0	201	0.070710	PASS	none	97664135f12b42f1882c6b014ad87c16	PASS
r05-q05311-4u-t11	5	4	tpl-90522c835ea844c6a46ce9fa	0	201	0.055059	PASS	none	f1ef67e73acc4079be9a0813d434e5e3	PASS
r05-q05305-4u-t5	5	4	tpl-90522c835ea844c6a46ce9fa	0	201	0.049518	PASS	none	228e3ccd472c4fdfa46f48ab0ade7e3d	PASS
r05-q05307-4u-t7	5	4	tpl-90522c835ea844c6a46ce9fa	0	201	0.068579	PASS	none	45ed46a97b9a4cb49596dce3322fa531	PASS
r05-q05301-4u-t1	5	4	tpl-90522c835ea844c6a46ce9fa	0	201	0.053264	PASS	none	f103e11951f040cea1a6af06ef335f53	PASS
r05-q05309-4u-t9	5	4	tpl-90522c835ea844c6a46ce9fa	0	201	0.055960	PASS	none	962ef7fcebf94759addbe8957ef0897c	PASS
r05-q05321-4u-t21	5	4	tpl-90522c835ea844c6a46ce9fa	0	201	0.075822	PASS	none	d658a8a7893345829a2914b25ad8167c	PASS
r05-q05314-4u-t14	5	4	tpl-90522c835ea844c6a46ce9fa	0	201	0.058255	PASS	none	3abaf90d17da4bdda762c242d0a11df1	PASS
r05-q05313-4u-t13	5	4	tpl-90522c835ea844c6a46ce9fa	0	201	0.060871	PASS	none	9f1d82cdc4774f9093e201c0fba54a50	PASS
r05-q05315-4u-t15	5	4	tpl-90522c835ea844c6a46ce9fa	0	201	0.056575	PASS	none	717cd4151f66452b9ee16b620522db69	PASS
r05-q05318-4u-t18	5	4	tpl-90522c835ea844c6a46ce9fa	0	201	0.061431	PASS	none	e7270e291155494d99677ea28916b4c6	PASS
r05-q05325-4u-t25	5	4	tpl-90522c835ea844c6a46ce9fa	0	201	0.063108	PASS	none	7bd18e9115ce47a583d4989a92e8bdf0	PASS
r05-q05306-4u-t6	5	4	tpl-90522c835ea844c6a46ce9fa	0	201	0.064186	PASS	none	ec4d8d8bde364f04995a441e7bfab12a	PASS
r05-q05312-4u-t12	5	4	tpl-90522c835ea844c6a46ce9fa	0	201	0.071369	PASS	none	25249fa556e643bab7b8f83f587287c9	PASS
r05-q05320-4u-t20	5	4	tpl-90522c835ea844c6a46ce9fa	0	201	0.071678	PASS	none	7ec4ca2702424ee2a0f0bed451a99a18	PASS
r05-q05317-4u-t17	5	4	tpl-90522c835ea844c6a46ce9fa	0	201	0.071103	PASS	none	561a793fc68c466c87ef4168b1795330	PASS
r05-q05310-4u-t10	5	4	tpl-90522c835ea844c6a46ce9fa	0	201	0.071962	PASS	none	ca396fb9f05b4ad7917978bdac85a9be	PASS
r05-q05322-4u-t22	5	4	tpl-90522c835ea844c6a46ce9fa	0	201	0.068616	PASS	none	d60a98a3c67846e5b7abb22e80dd152b	PASS
r05-q05316-4u-t16	5	4	tpl-90522c835ea844c6a46ce9fa	0	201	0.060516	PASS	none	debd4c360c854d8b908317a549ef75f6	PASS
r05-q05327-4u-t27	5	4	tpl-90522c835ea844c6a46ce9fa	0	201	0.077834	PASS	none	6ae3e391172f4eff81e9076eb15d7471	PASS
r05-q05332-4u-t32	5	4	tpl-90522c835ea844c6a46ce9fa	0	201	0.073739	PASS	none	7c01618074df48cabcc50f2bc9a0cbb8	PASS
r05-q05328-4u-t28	5	4	tpl-90522c835ea844c6a46ce9fa	0	201	0.064031	PASS	none	c35f5bbd51e947fb9f560fe2372c4608	PASS
r05-q05330-4u-t30	5	4	tpl-90522c835ea844c6a46ce9fa	0	201	0.067036	PASS	none	782478353ea44b1d9df72998c05f1b44	PASS
r05-q05335-4u-t35	5	4	tpl-90522c835ea844c6a46ce9fa	0	201	0.079464	PASS	none	bc0cd26827fa4e01a2a2d7f28d3a6e73	PASS
r05-q05339-4u-t39	5	4	tpl-90522c835ea844c6a46ce9fa	0	201	0.077057	PASS	none	56c838422b7247cc82e2e8c91c21bf31	PASS
r05-q05334-4u-t34	5	4	tpl-90522c835ea844c6a46ce9fa	0	201	0.077948	PASS	none	278559204e544e678a64d738952d0cef	PASS
r05-q05326-4u-t26	5	4	tpl-90522c835ea844c6a46ce9fa	0	201	0.066688	PASS	none	c0e75e1d8f314e9baccc63ad4986ebf1	PASS
r05-q05324-4u-t24	5	4	tpl-90522c835ea844c6a46ce9fa	0	201	0.069966	PASS	none	46271c846af141d990a49ac17aac4e1f	PASS
r05-q05329-4u-t29	5	4	tpl-90522c835ea844c6a46ce9fa	0	201	0.070663	PASS	none	b07871d3104846948a9aa9e48364dad8	PASS
r05-q05333-4u-t33	5	4	tpl-90522c835ea844c6a46ce9fa	0	201	0.076170	PASS	none	7311df3aaa504975b416f69ff09a13c9	PASS
r05-q05336-4u-t36	5	4	tpl-90522c835ea844c6a46ce9fa	0	201	0.072997	PASS	none	24f71223822e424a9a911daa44ce3780	PASS
r05-q05319-4u-t19	5	4	tpl-90522c835ea844c6a46ce9fa	0	201	0.074595	PASS	none	61c6bc887a694381a1f91bad8a92c424	PASS
r05-q05331-4u-t31	5	4	tpl-90522c835ea844c6a46ce9fa	0	201	0.068589	PASS	none	41524fa79c094db781781620f8165448	PASS
r05-q05341-4u-t41	5	4	tpl-90522c835ea844c6a46ce9fa	0	201	0.068200	PASS	none	5902e8c5130e46bfa53810e4dad46720	PASS
r05-q05338-4u-t38	5	4	tpl-90522c835ea844c6a46ce9fa	0	201	0.072629	PASS	none	9549c2d4243a4f36b2ab0254567ec7fe	PASS
r05-q05342-4u-t42	5	4	tpl-90522c835ea844c6a46ce9fa	0	201	0.077474	PASS	none	5cc67f54e3a6416ea831dcb4653c871c	PASS
r05-q05346-4u-t46	5	4	tpl-90522c835ea844c6a46ce9fa	0	201	0.075960	PASS	none	38b76daf7c4c4a57b64c9752669d03f6	PASS
r05-q05340-4u-t40	5	4	tpl-90522c835ea844c6a46ce9fa	0	201	0.071946	PASS	none	5ff42bc11fd84c5d9c69f3c16afd9769	PASS
r05-q05323-4u-t23	5	4	tpl-90522c835ea844c6a46ce9fa	0	201	0.067611	PASS	none	4508bfbc0f79404f91c66efe7e1525b2	PASS
r05-q05345-4u-t45	5	4	tpl-90522c835ea844c6a46ce9fa	0	201	0.072797	PASS	none	8a400380645849e68997bd78f1d0f685	PASS
r05-q05350-4u-t50	5	4	tpl-90522c835ea844c6a46ce9fa	0	201	0.075166	PASS	none	9c622b249a3041999b71ae120b07ef87	PASS
r05-q05343-4u-t43	5	4	tpl-90522c835ea844c6a46ce9fa	0	201	0.077964	PASS	none	15966e33ed2d4f699d1323f222d1b047	PASS
r05-q05337-4u-t37	5	4	tpl-90522c835ea844c6a46ce9fa	0	201	0.072902	PASS	none	af5885b06b6d481bb5d9dc1e9d55b550	PASS
r05-q05349-4u-t49	5	4	tpl-90522c835ea844c6a46ce9fa	0	201	0.077417	PASS	none	feedde8cac574ee5885ca3c607232a46	PASS
r05-q05347-4u-t47	5	4	tpl-90522c835ea844c6a46ce9fa	0	201	0.077957	PASS	none	a8a6322048a54e92a1a20acda0d6b108	PASS
r05-q05348-4u-t48	5	4	tpl-90522c835ea844c6a46ce9fa	0	201	0.075787	PASS	none	935eabb8622a445daadda49be3100b5b	PASS
r05-q05344-4u-t44	5	4	tpl-90522c835ea844c6a46ce9fa	0	201	0.075662	PASS	none	9ce20e442d8a4e16a8a96869eb78c0d5	PASS
r06-q05353-4u-t3	6	4	tpl-90522c835ea844c6a46ce9fa	0	201	0.057964	PASS	none	29c9ee179fe347c9995d54688ea8fbbf	PASS
r06-q05356-4u-t6	6	4	tpl-90522c835ea844c6a46ce9fa	0	201	0.062643	PASS	none	1ed4738ce89e4a008d0057b3fa50ef66	PASS
r06-q05352-4u-t2	6	4	tpl-90522c835ea844c6a46ce9fa	0	201	0.053034	PASS	none	9436ac7dd1e74d52ab18d75bc7dd5542	PASS
r06-q05358-4u-t8	6	4	tpl-90522c835ea844c6a46ce9fa	0	201	0.056872	PASS	none	ee2d02068ade4e7abca181039f885937	PASS
r06-q05354-4u-t4	6	4	tpl-90522c835ea844c6a46ce9fa	0	201	0.061768	PASS	none	5bc958333bb74804aeb76ea09f4ea110	PASS
r06-q05351-4u-t1	6	4	tpl-90522c835ea844c6a46ce9fa	0	201	0.058459	PASS	none	048e567173734755b1c6b2eb9c80f1af	PASS
r06-q05363-4u-t13	6	4	tpl-90522c835ea844c6a46ce9fa	0	201	0.057568	PASS	none	c02fe90ddd68435c945933bafb065a44	PASS
r06-q05362-4u-t12	6	4	tpl-90522c835ea844c6a46ce9fa	0	201	0.063605	PASS	none	0008240dd6ec4403a8ae0752972d5e18	PASS
r06-q05372-4u-t22	6	4	tpl-90522c835ea844c6a46ce9fa	0	201	0.086822	PASS	none	4eeab7d09517460684a25ff223774296	PASS
r06-q05360-4u-t10	6	4	tpl-90522c835ea844c6a46ce9fa	0	201	0.057960	PASS	none	ef6e43d77f494f7bbfd1bc172e004ef6	PASS
r06-q05361-4u-t11	6	4	tpl-90522c835ea844c6a46ce9fa	0	201	0.053972	PASS	none	02b13a6331cb4dde915f80aaaa00ef32	PASS
r06-q05364-4u-t14	6	4	tpl-90522c835ea844c6a46ce9fa	0	201	0.075211	PASS	none	1ed06b84f70442e1bcc9cf90aacb7af2	PASS
r06-q05359-4u-t9	6	4	tpl-90522c835ea844c6a46ce9fa	0	201	0.051435	PASS	none	7335583f1ff04f64bb69a8e31ff999d0	PASS
r06-q05355-4u-t5	6	4	tpl-90522c835ea844c6a46ce9fa	0	201	0.091043	PASS	none	2f9ee2b596c644a49c9793021b66e02a	PASS
r06-q05366-4u-t16	6	4	tpl-90522c835ea844c6a46ce9fa	0	201	0.060126	PASS	none	f8c18395930c4be582ed166652a92198	PASS
r06-q05368-4u-t18	6	4	tpl-90522c835ea844c6a46ce9fa	0	201	0.078671	PASS	none	1e004bc8b0db4b02b16e109ab0201bdc	PASS
r06-q05357-4u-t7	6	4	tpl-90522c835ea844c6a46ce9fa	0	201	0.059644	PASS	none	df8f7ba5c02849e38559fe80079a1b94	PASS
r06-q05373-4u-t23	6	4	tpl-90522c835ea844c6a46ce9fa	0	201	0.086404	PASS	none	213cb918d0354b2382c0ead62865df17	PASS
r06-q05370-4u-t20	6	4	tpl-90522c835ea844c6a46ce9fa	0	201	0.064388	PASS	none	5d4aef6944a34e19aa11b270bb049da1	PASS
r06-q05365-4u-t15	6	4	tpl-90522c835ea844c6a46ce9fa	0	201	0.064709	PASS	none	25e3c6c8c5b34ade8bb83d1b0f96f636	PASS
r06-q05371-4u-t21	6	4	tpl-90522c835ea844c6a46ce9fa	0	201	0.076252	PASS	none	b167421d621640e38e2091319437be55	PASS
r06-q05369-4u-t19	6	4	tpl-90522c835ea844c6a46ce9fa	0	201	0.072471	PASS	none	deeabc72eaaf41069e4f0951e250f6e9	PASS
r06-q05367-4u-t17	6	4	tpl-90522c835ea844c6a46ce9fa	0	201	0.066984	PASS	none	335e01f8ffd943e784af2c217c3dc3ad	PASS
r06-q05376-4u-t26	6	4	tpl-90522c835ea844c6a46ce9fa	0	201	0.078389	PASS	none	92640b48e8244c5fb2ae290e72a5a017	PASS
r06-q05382-4u-t32	6	4	tpl-90522c835ea844c6a46ce9fa	0	201	0.070569	PASS	none	c3c995f14d774f8f8f05729154c0e2df	PASS
r06-q05374-4u-t24	6	4	tpl-90522c835ea844c6a46ce9fa	0	201	0.076039	PASS	none	f93805e37ae54a69a9e61412439be70b	PASS
r06-q05377-4u-t27	6	4	tpl-90522c835ea844c6a46ce9fa	0	201	0.083758	PASS	none	2c01a62af27841419a774a0f60b40a9a	PASS
r06-q05378-4u-t28	6	4	tpl-90522c835ea844c6a46ce9fa	0	201	0.081426	PASS	none	a680fc40de0b4aec9ef0defdc1fb352d	PASS
r06-q05375-4u-t25	6	4	tpl-90522c835ea844c6a46ce9fa	0	201	0.075498	PASS	none	c40f9a83de704737b09a7afa0e05ef06	PASS
r06-q05380-4u-t30	6	4	tpl-90522c835ea844c6a46ce9fa	0	201	0.077922	PASS	none	10509e57e3e84cfabacc81d4fa906589	PASS
r06-q05381-4u-t31	6	4	tpl-90522c835ea844c6a46ce9fa	0	201	0.073508	PASS	none	7b98461c32cc499988ad929cb6f60397	PASS
r06-q05379-4u-t29	6	4	tpl-90522c835ea844c6a46ce9fa	0	201	0.072091	PASS	none	2b3eaaee798c4a179ffe343b5ec19596	PASS
r06-q05386-4u-t36	6	4	tpl-90522c835ea844c6a46ce9fa	0	201	0.079147	PASS	none	2933521b26234de9b1874de10e96b723	PASS
r06-q05384-4u-t34	6	4	tpl-90522c835ea844c6a46ce9fa	0	201	0.076301	PASS	none	c29d2917ce45437bb30ff3f03360063f	PASS
r06-q05387-4u-t37	6	4	tpl-90522c835ea844c6a46ce9fa	0	201	0.072354	PASS	none	8ccc633e816b4781ae42fd9e0baa6fe3	PASS
r06-q05383-4u-t33	6	4	tpl-90522c835ea844c6a46ce9fa	0	201	0.078088	PASS	none	876282adc0bb40a8ac1cd55c8f82a18a	PASS
r06-q05391-4u-t41	6	4	tpl-90522c835ea844c6a46ce9fa	0	201	0.073953	PASS	none	30bd8c0ff41d47debc8bffe05e0c5e84	PASS
r06-q05394-4u-t44	6	4	tpl-90522c835ea844c6a46ce9fa	0	201	0.082231	PASS	none	c3a5f1de499c462c9025f032a707f841	PASS
r06-q05389-4u-t39	6	4	tpl-90522c835ea844c6a46ce9fa	0	201	0.078652	PASS	none	a0ad95c4b0044001a5d771071c01b0c4	PASS
r06-q05390-4u-t40	6	4	tpl-90522c835ea844c6a46ce9fa	0	201	0.074345	PASS	none	46c9c72bcf4e48938c98e89dfb8613c3	PASS
r06-q05396-4u-t46	6	4	tpl-90522c835ea844c6a46ce9fa	0	201	0.076907	PASS	none	211d99389b27479e93716e1363a41554	PASS
r06-q05388-4u-t38	6	4	tpl-90522c835ea844c6a46ce9fa	0	201	0.078395	PASS	none	6009de55209d41ba859b8740f374a033	PASS
r06-q05393-4u-t43	6	4	tpl-90522c835ea844c6a46ce9fa	0	201	0.081186	PASS	none	f867449de87b4abb8bf12ea08eb001c4	PASS
r06-q05398-4u-t48	6	4	tpl-90522c835ea844c6a46ce9fa	0	201	0.079102	PASS	none	ecc0bb15b0554c7ba5d278fbbe449ed5	PASS
r06-q05385-4u-t35	6	4	tpl-90522c835ea844c6a46ce9fa	0	201	0.077200	PASS	none	59bd0ebff03f4b9dab637c83fdb395e4	PASS
r06-q05392-4u-t42	6	4	tpl-90522c835ea844c6a46ce9fa	0	201	0.077521	PASS	none	46e72f5ee9f1409cacb2138c3fb14221	PASS
r06-q05399-4u-t49	6	4	tpl-90522c835ea844c6a46ce9fa	0	201	0.072134	PASS	none	f977a5a176be421ea5310316abe00c50	PASS
r06-q05395-4u-t45	6	4	tpl-90522c835ea844c6a46ce9fa	0	201	0.081564	PASS	none	2e25f76c05224800a8a15f69a77cc68c	PASS
r06-q05397-4u-t47	6	4	tpl-90522c835ea844c6a46ce9fa	0	201	0.086654	PASS	none	86ed37ce6c564a68ad8f0f79e52829a9	PASS
r06-q05400-4u-t50	6	4	tpl-90522c835ea844c6a46ce9fa	0	201	0.070932	PASS	none	3b313ad1758d4edeba3bbb731a0a3198	PASS
r01-q05401-4u-t1	1	4	tpl-cfd915a64e2d49808f0ef4b9	0	201	0.060645	PASS	none	9b442d008c9a4d7d8e29a47fea5b5cd1	PASS
r01-q05402-4u-t2	1	4	tpl-cfd915a64e2d49808f0ef4b9	0	201	0.065974	PASS	none	0372e773086c4a20adc72488a314aaf8	PASS
r01-q05404-4u-t4	1	4	tpl-cfd915a64e2d49808f0ef4b9	0	201	0.070128	PASS	none	58ebfd7a87464dd89a572e49963b0dad	PASS
r01-q05408-4u-t8	1	4	tpl-cfd915a64e2d49808f0ef4b9	0	201	0.062901	PASS	none	4d4aabb6244b45039f4cb6cb9d57c862	PASS
r01-q05414-4u-t14	1	4	tpl-cfd915a64e2d49808f0ef4b9	0	201	0.072103	PASS	none	0dec8fada1504a7ea4467bf8d0fc6642	PASS
r01-q05412-4u-t12	1	4	tpl-cfd915a64e2d49808f0ef4b9	0	201	0.075503	PASS	none	d2b81c61a39b4373b781c315a287462c	PASS
r01-q05409-4u-t9	1	4	tpl-cfd915a64e2d49808f0ef4b9	0	201	0.087846	PASS	none	151728b3404d46ffbaf46eda9983d694	PASS
r01-q05419-4u-t19	1	4	tpl-cfd915a64e2d49808f0ef4b9	0	201	0.089240	PASS	none	1190241b2bd649a68cb5a71be2e78c7b	PASS
r01-q05413-4u-t13	1	4	tpl-cfd915a64e2d49808f0ef4b9	0	201	0.080769	PASS	none	29d4084a7b1e46c5b044a95d6eeb9828	PASS
r01-q05410-4u-t10	1	4	tpl-cfd915a64e2d49808f0ef4b9	0	201	0.065324	PASS	none	e94fa569128349f5be46b42174bc73b9	PASS
r01-q05411-4u-t11	1	4	tpl-cfd915a64e2d49808f0ef4b9	0	201	0.074168	PASS	none	ba971557c9e44d38a755f4152c739cc6	PASS
r01-q05405-4u-t5	1	4	tpl-cfd915a64e2d49808f0ef4b9	0	201	0.060954	PASS	none	9b075a34774947dfb11b7b0726f30b5f	PASS
r01-q05403-4u-t3	1	4	tpl-cfd915a64e2d49808f0ef4b9	0	201	0.080618	PASS	none	bac46f35f17a43b9b928a6c7445344c7	PASS
r01-q05415-4u-t15	1	4	tpl-cfd915a64e2d49808f0ef4b9	0	201	0.080288	PASS	none	07109ed43b5b4a72a251b7225ff23e0f	PASS
r01-q05426-4u-t26	1	4	tpl-cfd915a64e2d49808f0ef4b9	0	201	0.079089	PASS	none	87c6b4180f294bc391dbb04225fe9dc6	PASS
r01-q05416-4u-t16	1	4	tpl-cfd915a64e2d49808f0ef4b9	0	201	0.072810	PASS	none	9beb3e40cd134ec99eecdbb8a4b5c650	PASS
r01-q05417-4u-t17	1	4	tpl-cfd915a64e2d49808f0ef4b9	0	201	0.086721	PASS	none	3ba673040afc4c61aea3a82653ca1379	PASS
r01-q05425-4u-t25	1	4	tpl-cfd915a64e2d49808f0ef4b9	0	201	0.077469	PASS	none	c7ea1ee533a54982ac69bd537101cce0	PASS
r01-q05427-4u-t27	1	4	tpl-cfd915a64e2d49808f0ef4b9	0	201	0.078682	PASS	none	bf361a669528486c900f9f9109ca2be1	PASS
r01-q05424-4u-t24	1	4	tpl-cfd915a64e2d49808f0ef4b9	0	201	0.080934	PASS	none	b5d1258145994733aa9d391311745adf	PASS
r01-q05407-4u-t7	1	4	tpl-cfd915a64e2d49808f0ef4b9	0	201	0.059970	PASS	none	516e430815af4ec4958521d104293b12	PASS
r01-q05421-4u-t21	1	4	tpl-cfd915a64e2d49808f0ef4b9	0	201	0.083816	PASS	none	5dd01858a0ff492080194e8c69855672	PASS
r01-q05442-4u-t42	1	4	tpl-cfd915a64e2d49808f0ef4b9	0	201	0.084667	PASS	none	8347a3d90de44ef981ac290f677a58d3	PASS
r01-q05423-4u-t23	1	4	tpl-cfd915a64e2d49808f0ef4b9	0	201	0.089149	PASS	none	c40a6257dae3446eb44b3b6ff3aa9969	PASS
r01-q05432-4u-t32	1	4	tpl-cfd915a64e2d49808f0ef4b9	0	201	0.096229	PASS	none	c699013cd14841548ae2ce20eca94cd6	PASS
r01-q05435-4u-t35	1	4	tpl-cfd915a64e2d49808f0ef4b9	0	201	0.088047	PASS	none	a61c2ebab1d44355a9a268ef5934cadd	PASS
r01-q05418-4u-t18	1	4	tpl-cfd915a64e2d49808f0ef4b9	0	201	0.083447	PASS	none	695acb25e811472fb83731f49b55b865	PASS
r01-q05436-4u-t36	1	4	tpl-cfd915a64e2d49808f0ef4b9	0	201	0.090820	PASS	none	8d241664cc6b4a36912b26c18fb475c1	PASS
r01-q05420-4u-t20	1	4	tpl-cfd915a64e2d49808f0ef4b9	0	201	0.092356	PASS	none	3628b2bce8e246d1b975543e54e83ea1	PASS
r01-q05406-4u-t6	1	4	tpl-cfd915a64e2d49808f0ef4b9	0	201	0.082395	PASS	none	a7cf2a2c6eaa4fa881f0eed84a40b7f4	PASS
r01-q05434-4u-t34	1	4	tpl-cfd915a64e2d49808f0ef4b9	0	201	0.096162	PASS	none	a8fd7dce47864ad296fc4be2e8d5d0a3	PASS
r01-q05422-4u-t22	1	4	tpl-cfd915a64e2d49808f0ef4b9	0	201	0.083682	PASS	none	df3292101176480694f213f1ab137a7c	PASS
r01-q05441-4u-t41	1	4	tpl-cfd915a64e2d49808f0ef4b9	0	201	0.091726	PASS	none	21f71974d1664551b6e1b50547835767	PASS
r01-q05437-4u-t37	1	4	tpl-cfd915a64e2d49808f0ef4b9	0	201	0.087420	PASS	none	3298406d619945e1ac6a51f966867e55	PASS
r01-q05429-4u-t29	1	4	tpl-cfd915a64e2d49808f0ef4b9	0	201	0.099911	PASS	none	05ad0586e265478191f30684b55154a6	PASS
r01-q05439-4u-t39	1	4	tpl-cfd915a64e2d49808f0ef4b9	0	201	0.085704	PASS	none	4b15bd390e704f21b4907a103d1f61fc	PASS
r01-q05431-4u-t31	1	4	tpl-cfd915a64e2d49808f0ef4b9	0	201	0.099601	PASS	none	d347fec1807046429a433d01954c89f4	PASS
r01-q05447-4u-t47	1	4	tpl-cfd915a64e2d49808f0ef4b9	0	201	0.085398	PASS	none	9ff0d4e53db648968373b85403060d43	PASS
r01-q05438-4u-t38	1	4	tpl-cfd915a64e2d49808f0ef4b9	0	201	0.078434	PASS	none	45b31a6aae1e4179bb94af9016bc8813	PASS
r01-q05440-4u-t40	1	4	tpl-cfd915a64e2d49808f0ef4b9	0	201	0.090713	PASS	none	a5c2725b3011483ca643723bfcbf38dd	PASS
r01-q05433-4u-t33	1	4	tpl-cfd915a64e2d49808f0ef4b9	0	201	0.104530	PASS	none	d6b47475f2a04528a4a9621331824f77	PASS
r01-q05446-4u-t46	1	4	tpl-cfd915a64e2d49808f0ef4b9	0	201	0.087757	PASS	none	cf24fcd54d44448091eb9329f7db556a	PASS
r01-q05428-4u-t28	1	4	tpl-cfd915a64e2d49808f0ef4b9	0	201	0.082487	PASS	none	90404d9795fc4309843b0878f5f05c20	PASS
r01-q05443-4u-t43	1	4	tpl-cfd915a64e2d49808f0ef4b9	0	201	0.090640	PASS	none	edbff6ea0bfd461d965ef7b6d743e432	PASS
r01-q05448-4u-t48	1	4	tpl-cfd915a64e2d49808f0ef4b9	0	201	0.082793	PASS	none	59209f6df6fc45d7b085c4bcfa00ab22	PASS
r01-q05444-4u-t44	1	4	tpl-cfd915a64e2d49808f0ef4b9	0	201	0.085641	PASS	none	b8d8782c38a2420db696dd122756d45e	PASS
r01-q05449-4u-t49	1	4	tpl-cfd915a64e2d49808f0ef4b9	0	201	0.083373	PASS	none	5e63ababb77d418e83c9ad3fbbb4414b	PASS
r01-q05445-4u-t45	1	4	tpl-cfd915a64e2d49808f0ef4b9	0	201	0.086224	PASS	none	48e0509815cf4566a1cf5cb864d63dba	PASS
r01-q05450-4u-t50	1	4	tpl-cfd915a64e2d49808f0ef4b9	0	201	0.084170	PASS	none	53a5142728fb44449439b92b1e3460f5	PASS
r01-q05430-4u-t30	1	4	tpl-cfd915a64e2d49808f0ef4b9	0	201	0.098244	PASS	none	6a3c7b04ce1848c593cdedd1224ac447	PASS
r02-q05451-4u-t1	2	4	tpl-cfd915a64e2d49808f0ef4b9	0	201	0.060392	PASS	none	9fefb0aa899044b1988a40a7ea1c4e53	PASS
r02-q05452-4u-t2	2	4	tpl-cfd915a64e2d49808f0ef4b9	0	201	0.057903	PASS	none	8a83cf712b434d13a4aa46932a977499	PASS
r02-q05454-4u-t4	2	4	tpl-cfd915a64e2d49808f0ef4b9	0	201	0.061013	PASS	none	367dd3a4cbd442f8897b48c20c10f72b	PASS
r02-q05453-4u-t3	2	4	tpl-cfd915a64e2d49808f0ef4b9	0	201	0.056808	PASS	none	038f55a21ea443bca425df8a4adc1bef	PASS
r02-q05459-4u-t9	2	4	tpl-cfd915a64e2d49808f0ef4b9	0	201	0.069632	PASS	none	540cafb5a89343cdb13e4eed8b4c1ade	PASS
r02-q05461-4u-t11	2	4	tpl-cfd915a64e2d49808f0ef4b9	0	201	0.071153	PASS	none	baeb0e6a300b41efac56fde8f0115055	PASS
r02-q05462-4u-t12	2	4	tpl-cfd915a64e2d49808f0ef4b9	0	201	0.076697	PASS	none	02e07fae9beb425284b4a9ab9f730754	PASS
r02-q05455-4u-t5	2	4	tpl-cfd915a64e2d49808f0ef4b9	0	201	0.074256	PASS	none	b222792446bf46f3b1d865944820f5d0	PASS
r02-q05466-4u-t16	2	4	tpl-cfd915a64e2d49808f0ef4b9	0	201	0.066378	PASS	none	4fae68906ebe4aeb802ce324299762b6	PASS
r02-q05463-4u-t13	2	4	tpl-cfd915a64e2d49808f0ef4b9	0	201	0.084854	PASS	none	c9918eda32a84360ab7151b91fb936a8	PASS
r02-q05456-4u-t6	2	4	tpl-cfd915a64e2d49808f0ef4b9	0	201	0.080440	PASS	none	1a8a6c26ece34f8f9099fe297110fcd8	PASS
r02-q05468-4u-t18	2	4	tpl-cfd915a64e2d49808f0ef4b9	0	201	0.086197	PASS	none	62ee4650213d44719e04ba731bade546	PASS
r02-q05460-4u-t10	2	4	tpl-cfd915a64e2d49808f0ef4b9	0	201	0.063094	PASS	none	a343072accbf412e953f79f8e7158701	PASS
r02-q05478-4u-t28	2	4	tpl-cfd915a64e2d49808f0ef4b9	0	201	0.085676	PASS	none	7e0d9878ed064189a30504ba675aa7ed	PASS
r02-q05464-4u-t14	2	4	tpl-cfd915a64e2d49808f0ef4b9	0	201	0.080766	PASS	none	3e6c412ae31741d0a2b01e3ba2bcc28a	PASS
r02-q05485-4u-t35	2	4	tpl-cfd915a64e2d49808f0ef4b9	0	201	0.086618	PASS	none	3bcddc1bb15744fa8a62c5f52f73693b	PASS
r02-q05458-4u-t8	2	4	tpl-cfd915a64e2d49808f0ef4b9	0	201	0.081195	PASS	none	6ad870a342474a4e9909cb9c0fce6dcb	PASS
r02-q05457-4u-t7	2	4	tpl-cfd915a64e2d49808f0ef4b9	0	201	0.066770	PASS	none	758698c8033841fdbc839aee0b42913f	PASS
r02-q05467-4u-t17	2	4	tpl-cfd915a64e2d49808f0ef4b9	0	201	0.081513	PASS	none	3f17ea1608f44a8db1c71150478f045f	PASS
r02-q05482-4u-t32	2	4	tpl-cfd915a64e2d49808f0ef4b9	0	201	0.079661	PASS	none	abf487cedd634ca8bdc0c9b72546d985	PASS
r02-q05472-4u-t22	2	4	tpl-cfd915a64e2d49808f0ef4b9	0	201	0.070652	PASS	none	90c0fc0474a64c67830e6cbde6b20b88	PASS
r02-q05465-4u-t15	2	4	tpl-cfd915a64e2d49808f0ef4b9	0	201	0.070610	PASS	none	a878109be6ac4d46862c0518a2b75afd	PASS
r02-q05480-4u-t30	2	4	tpl-cfd915a64e2d49808f0ef4b9	0	201	0.078248	PASS	none	a6111e5e59b342d6bc91646f02d6ae00	PASS
r02-q05470-4u-t20	2	4	tpl-cfd915a64e2d49808f0ef4b9	0	201	0.071898	PASS	none	095c1c1f159545b0b61ac0c002cac677	PASS
r02-q05477-4u-t27	2	4	tpl-cfd915a64e2d49808f0ef4b9	0	201	0.082176	PASS	none	7054bd728a624c38b2e9108c4029e406	PASS
r02-q05474-4u-t24	2	4	tpl-cfd915a64e2d49808f0ef4b9	0	201	0.086102	PASS	none	728fb4591e29452a857afa68d232ec00	PASS
r02-q05469-4u-t19	2	4	tpl-cfd915a64e2d49808f0ef4b9	0	201	0.083054	PASS	none	e74a126cda8a41a396c8bb3f8965ba93	PASS
r02-q05483-4u-t33	2	4	tpl-cfd915a64e2d49808f0ef4b9	0	201	0.089214	PASS	none	c9ea2efa79a948af86ebc55af0e3b132	PASS
r02-q05481-4u-t31	2	4	tpl-cfd915a64e2d49808f0ef4b9	0	201	0.075143	PASS	none	7993c12328f24e11ae6a775896c89a61	PASS
r02-q05471-4u-t21	2	4	tpl-cfd915a64e2d49808f0ef4b9	0	201	0.067531	PASS	none	da3432d70c1e40ed8c6d919dc88a9cf0	PASS
r02-q05490-4u-t40	2	4	tpl-cfd915a64e2d49808f0ef4b9	0	201	0.087038	PASS	none	2cc0e1e01a924ea4914c76b0c9ec6988	PASS
r02-q05492-4u-t42	2	4	tpl-cfd915a64e2d49808f0ef4b9	0	201	0.082782	PASS	none	cf98ed94b7ea4b12b11526096dfe580a	PASS
r02-q05476-4u-t26	2	4	tpl-cfd915a64e2d49808f0ef4b9	0	201	0.079779	PASS	none	ee3b7e4d5ce1428c96a3337bb375df75	PASS
r02-q05486-4u-t36	2	4	tpl-cfd915a64e2d49808f0ef4b9	0	201	0.088397	PASS	none	f84496e2761d40ab89819cff24fdece8	PASS
r02-q05479-4u-t29	2	4	tpl-cfd915a64e2d49808f0ef4b9	0	201	0.090610	PASS	none	a5d6299f236644f8b3fa78940310052f	PASS
r02-q05484-4u-t34	2	4	tpl-cfd915a64e2d49808f0ef4b9	0	201	0.078447	PASS	none	e04dd4dfd14846e78282a4fa11c11a36	PASS
r02-q05487-4u-t37	2	4	tpl-cfd915a64e2d49808f0ef4b9	0	201	0.089715	PASS	none	c169cb40b88740fa99add00e6d92c262	PASS
r02-q05475-4u-t25	2	4	tpl-cfd915a64e2d49808f0ef4b9	0	201	0.086980	PASS	none	a6c8d956fb4049c5bf076107e7769b0f	PASS
r02-q05473-4u-t23	2	4	tpl-cfd915a64e2d49808f0ef4b9	0	201	0.080359	PASS	none	c0ed78554c9c4f0cbcefe2f57b74a5a2	PASS
r02-q05494-4u-t44	2	4	tpl-cfd915a64e2d49808f0ef4b9	0	201	0.081116	PASS	none	3a9da461b0914fddb712bb35123a4015	PASS
r02-q05495-4u-t45	2	4	tpl-cfd915a64e2d49808f0ef4b9	0	201	0.083743	PASS	none	44609b9876f346f09727012e2fac8105	PASS
r02-q05498-4u-t48	2	4	tpl-cfd915a64e2d49808f0ef4b9	0	201	0.082800	PASS	none	8c5adbf121c74b22a0f5efda27055218	PASS
r02-q05489-4u-t39	2	4	tpl-cfd915a64e2d49808f0ef4b9	0	201	0.088711	PASS	none	10441db5b1c04200b8f929045968cb91	PASS
r02-q05491-4u-t41	2	4	tpl-cfd915a64e2d49808f0ef4b9	0	201	0.083967	PASS	none	ffdc77101936485786253020a89e50ff	PASS
r02-q05493-4u-t43	2	4	tpl-cfd915a64e2d49808f0ef4b9	0	201	0.087912	PASS	none	f0a35996e00c4bceb3023480616ed840	PASS
r02-q05500-4u-t50	2	4	tpl-cfd915a64e2d49808f0ef4b9	0	201	0.085767	PASS	none	a0b5614f813544fd9dc20f631777eff0	PASS
r02-q05499-4u-t49	2	4	tpl-cfd915a64e2d49808f0ef4b9	0	201	0.078428	PASS	none	4f8c8cea837745d19bb8ee222514692c	PASS
r02-q05497-4u-t47	2	4	tpl-cfd915a64e2d49808f0ef4b9	0	201	0.088667	PASS	none	1c338c0cb7c44f8cad25be9401e0158a	PASS
r02-q05488-4u-t38	2	4	tpl-cfd915a64e2d49808f0ef4b9	0	201	0.087826	PASS	none	52dc8a8083104e19af53dd5fbc72d178	PASS
r02-q05496-4u-t46	2	4	tpl-cfd915a64e2d49808f0ef4b9	0	201	0.084847	PASS	none	d0ee34c0a94a415c905fc129bc16c976	PASS
r03-q05501-4u-t1	3	4	tpl-cfd915a64e2d49808f0ef4b9	0	201	0.075697	PASS	none	94b4b2f20ab244348a3bde92b241acbc	PASS
r03-q05503-4u-t3	3	4	tpl-cfd915a64e2d49808f0ef4b9	0	201	0.068099	PASS	none	8b798100f128428fb0f830ea7f375a21	PASS
r03-q05506-4u-t6	3	4	tpl-cfd915a64e2d49808f0ef4b9	0	201	0.070737	PASS	none	c7db3f64a9bc49d393043ad32d907e65	PASS
r03-q05514-4u-t14	3	4	tpl-cfd915a64e2d49808f0ef4b9	0	201	0.086068	PASS	none	02cc9ba70d2c432995df406f6cc72e38	PASS
r03-q05509-4u-t9	3	4	tpl-cfd915a64e2d49808f0ef4b9	0	201	0.059986	PASS	none	cbaf18d04064484180f920a5dc04994a	PASS
r03-q05505-4u-t5	3	4	tpl-cfd915a64e2d49808f0ef4b9	0	201	0.069127	PASS	none	bb00dd883c474e6d9f146311577d3abc	PASS
r03-q05502-4u-t2	3	4	tpl-cfd915a64e2d49808f0ef4b9	0	201	0.071172	PASS	none	c02ffeeda4e74c49b8296c815e78e3b8	PASS
r03-q05504-4u-t4	3	4	tpl-cfd915a64e2d49808f0ef4b9	0	201	0.066521	PASS	none	0b1ab64c772c4595be4f22208909ac0a	PASS
r03-q05511-4u-t11	3	4	tpl-cfd915a64e2d49808f0ef4b9	0	201	0.070850	PASS	none	dd21d713f385468981806516d70a3346	PASS
r03-q05507-4u-t7	3	4	tpl-cfd915a64e2d49808f0ef4b9	0	201	0.084907	PASS	none	0bdf949cd07f4eacbed6c4dac82999db	PASS
r03-q05512-4u-t12	3	4	tpl-cfd915a64e2d49808f0ef4b9	0	201	0.070296	PASS	none	b4da7c03f23844efbb35e589a535473e	PASS
r03-q05513-4u-t13	3	4	tpl-cfd915a64e2d49808f0ef4b9	0	201	0.071547	PASS	none	582d62a0f9844540836ee0fdd5e4f09e	PASS
r03-q05508-4u-t8	3	4	tpl-cfd915a64e2d49808f0ef4b9	0	201	0.060312	PASS	none	014faef456ab4949a545b23169af796d	PASS
r03-q05510-4u-t10	3	4	tpl-cfd915a64e2d49808f0ef4b9	0	201	0.069035	PASS	none	70d328e8f6bd4fc7a1f4b5a62c382712	PASS
r03-q05517-4u-t17	3	4	tpl-cfd915a64e2d49808f0ef4b9	0	201	0.077604	PASS	none	1e1d3eb9c98e40df874fb34129923ef4	PASS
r03-q05521-4u-t21	3	4	tpl-cfd915a64e2d49808f0ef4b9	0	201	0.076671	PASS	none	77138c3c66c54de785083f3e4f6a11a6	PASS
r03-q05522-4u-t22	3	4	tpl-cfd915a64e2d49808f0ef4b9	0	201	0.087302	PASS	none	c4cd583d0e7d48e0a2e3bc26b3ae6851	PASS
r03-q05516-4u-t16	3	4	tpl-cfd915a64e2d49808f0ef4b9	0	201	0.105591	PASS	none	e6a5353d134345c584667f62149c16b4	PASS
r03-q05518-4u-t18	3	4	tpl-cfd915a64e2d49808f0ef4b9	0	201	0.088799	PASS	none	8a82233a17a34f71a59df1244c5c62c7	PASS
r03-q05520-4u-t20	3	4	tpl-cfd915a64e2d49808f0ef4b9	0	201	0.083817	PASS	none	e92fcebf745c44c8936886ee3f2405f2	PASS
r03-q05524-4u-t24	3	4	tpl-cfd915a64e2d49808f0ef4b9	0	201	0.080917	PASS	none	7b823c215a0d48d19026296499360572	PASS
r03-q05533-4u-t33	3	4	tpl-cfd915a64e2d49808f0ef4b9	0	201	0.089026	PASS	none	95ce8aa9e6dd46deb7869e2e498fb435	PASS
r03-q05515-4u-t15	3	4	tpl-cfd915a64e2d49808f0ef4b9	0	201	0.087949	PASS	none	98218bd4d22e4b30afc83a9ff3d1b321	PASS
r03-q05526-4u-t26	3	4	tpl-cfd915a64e2d49808f0ef4b9	0	201	0.085538	PASS	none	816ff34ecaae45bd845368fd277818f6	PASS
r03-q05519-4u-t19	3	4	tpl-cfd915a64e2d49808f0ef4b9	0	201	0.083629	PASS	none	aa68f17dd2aa4fb0aa223b3334e424b9	PASS
r03-q05529-4u-t29	3	4	tpl-cfd915a64e2d49808f0ef4b9	0	201	0.089896	PASS	none	4872bb79c7d84113abd9ac7c6427ac2f	PASS
r03-q05523-4u-t23	3	4	tpl-cfd915a64e2d49808f0ef4b9	0	201	0.074187	PASS	none	f128903f4ee242dda5239e6ea54cc7e2	PASS
r03-q05525-4u-t25	3	4	tpl-cfd915a64e2d49808f0ef4b9	0	201	0.076357	PASS	none	66a2a62088164b28839dab06381a105c	PASS
r03-q05531-4u-t31	3	4	tpl-cfd915a64e2d49808f0ef4b9	0	201	0.094572	PASS	none	7edb84ba91e44747947cf9d24f5a9187	PASS
r03-q05532-4u-t32	3	4	tpl-cfd915a64e2d49808f0ef4b9	0	201	0.096675	PASS	none	a9fd7d2291cc461fbafb2ae05aef81b7	PASS
r03-q05537-4u-t37	3	4	tpl-cfd915a64e2d49808f0ef4b9	0	201	0.088431	PASS	none	2f3e0dac8d5641118bdcff0da7fb1c63	PASS
r03-q05542-4u-t42	3	4	tpl-cfd915a64e2d49808f0ef4b9	0	201	0.097118	PASS	none	073d145e5268474394b8f24969108f28	PASS
r03-q05544-4u-t44	3	4	tpl-cfd915a64e2d49808f0ef4b9	0	201	0.089720	PASS	none	2ec2b7656076465487de44db6401af9c	PASS
r03-q05534-4u-t34	3	4	tpl-cfd915a64e2d49808f0ef4b9	0	201	0.085716	PASS	none	f79f74fc0be44a7dafd89ac809dbb129	PASS
r03-q05527-4u-t27	3	4	tpl-cfd915a64e2d49808f0ef4b9	0	201	0.108388	PASS	none	acae5821b89148c4b8260e687a0cb602	PASS
r03-q05528-4u-t28	3	4	tpl-cfd915a64e2d49808f0ef4b9	0	201	0.089065	PASS	none	3a0f3fcc0b2a4788a215e8ddb2470455	PASS
r03-q05538-4u-t38	3	4	tpl-cfd915a64e2d49808f0ef4b9	0	201	0.102524	PASS	none	c478cb332f0b4d7089111ef806536c64	PASS
r03-q05539-4u-t39	3	4	tpl-cfd915a64e2d49808f0ef4b9	0	201	0.078691	PASS	none	bd6de44428824cb98bc8b6d15d98020b	PASS
r03-q05543-4u-t43	3	4	tpl-cfd915a64e2d49808f0ef4b9	0	201	0.097296	PASS	none	a0b7894040634062b96b75de396bef10	PASS
r03-q05536-4u-t36	3	4	tpl-cfd915a64e2d49808f0ef4b9	0	201	0.083992	PASS	none	a3531100dbc94428aa4cfa0459139ce5	PASS
r03-q05547-4u-t47	3	4	tpl-cfd915a64e2d49808f0ef4b9	0	201	0.082934	PASS	none	ec000183fcbb45ae8b600beb6a36c9cb	PASS
r03-q05535-4u-t35	3	4	tpl-cfd915a64e2d49808f0ef4b9	0	201	0.087220	PASS	none	d5cb133ec23240be9a999fe9bc1130a1	PASS
r03-q05530-4u-t30	3	4	tpl-cfd915a64e2d49808f0ef4b9	0	201	0.089378	PASS	none	a8161548c32c4394ab9905a62c692f82	PASS
r03-q05546-4u-t46	3	4	tpl-cfd915a64e2d49808f0ef4b9	0	201	0.093336	PASS	none	22938dae92a94666b6a12e1110f9687f	PASS
r03-q05545-4u-t45	3	4	tpl-cfd915a64e2d49808f0ef4b9	0	201	0.096668	PASS	none	218ee7cb237b48a89ab43677deb38eff	PASS
r03-q05549-4u-t49	3	4	tpl-cfd915a64e2d49808f0ef4b9	0	201	0.087925	PASS	none	837e425c3cdc4b0aaf984a3b64bfce6b	PASS
r03-q05541-4u-t41	3	4	tpl-cfd915a64e2d49808f0ef4b9	0	201	0.088525	PASS	none	28e9ee04c75140de840e1a12d842ea55	PASS
r03-q05540-4u-t40	3	4	tpl-cfd915a64e2d49808f0ef4b9	0	201	0.090408	PASS	none	68cbad9537414f939581114288e46c6c	PASS
r03-q05550-4u-t50	3	4	tpl-cfd915a64e2d49808f0ef4b9	0	201	0.090590	PASS	none	605d3f7797c14a0bb24aace41169b532	PASS
r03-q05548-4u-t48	3	4	tpl-cfd915a64e2d49808f0ef4b9	0	201	0.091705	PASS	none	3d5de97e61b745f699fae150805c7e12	PASS
r04-q05552-4u-t2	4	4	tpl-cfd915a64e2d49808f0ef4b9	0	201	0.060425	PASS	none	0b7321d43d23447cb6d29fe8c593d56f	PASS
r04-q05558-4u-t8	4	4	tpl-cfd915a64e2d49808f0ef4b9	0	201	0.076570	PASS	none	9a53413091a04efda3a5ef160fbf82a7	PASS
r04-q05566-4u-t16	4	4	tpl-cfd915a64e2d49808f0ef4b9	0	201	0.075662	PASS	none	c046d17b621440c4910593a9a3612e19	PASS
r04-q05556-4u-t6	4	4	tpl-cfd915a64e2d49808f0ef4b9	0	201	0.076162	PASS	none	9b3d28b8dcab4518abf70ac2538acc39	PASS
r04-q05571-4u-t21	4	4	tpl-cfd915a64e2d49808f0ef4b9	0	201	0.091441	PASS	none	28974ba4bd0549d39a9fca5a633f78cb	PASS
r04-q05559-4u-t9	4	4	tpl-cfd915a64e2d49808f0ef4b9	0	201	0.074976	PASS	none	5a8c3d9898934258901dc8816d159baa	PASS
r04-q05570-4u-t20	4	4	tpl-cfd915a64e2d49808f0ef4b9	0	201	0.081431	PASS	none	a4b20b1a989c4e909db84ebcaa1fec97	PASS
r04-q05572-4u-t22	4	4	tpl-cfd915a64e2d49808f0ef4b9	0	201	0.087244	PASS	none	8b58247b84524e368e659176ff382b44	PASS
r04-q05553-4u-t3	4	4	tpl-cfd915a64e2d49808f0ef4b9	0	201	0.060413	PASS	none	a8f516d90fed4eda8f7ffa745971b114	PASS
r04-q05568-4u-t18	4	4	tpl-cfd915a64e2d49808f0ef4b9	0	201	0.082177	PASS	none	6526e7a6af0b432393c4796664548cdb	PASS
r04-q05560-4u-t10	4	4	tpl-cfd915a64e2d49808f0ef4b9	0	201	0.072509	PASS	none	f9aa6a46f7b14765ae6b80b249697fa1	PASS
r04-q05551-4u-t1	4	4	tpl-cfd915a64e2d49808f0ef4b9	0	201	0.084198	PASS	none	d180bf2dbc1743d7b34aabc65b43a852	PASS
r04-q05554-4u-t4	4	4	tpl-cfd915a64e2d49808f0ef4b9	0	201	0.060928	PASS	none	0ad15666e6474c30967e99b4a5918445	PASS
r04-q05561-4u-t11	4	4	tpl-cfd915a64e2d49808f0ef4b9	0	201	0.071028	PASS	none	216fab27ca0a4e4eb8a57828f21213d6	PASS
r04-q05555-4u-t5	4	4	tpl-cfd915a64e2d49808f0ef4b9	0	201	0.072746	PASS	none	ad77855f543443e49eea5d2c2fed75ef	PASS
r04-q05581-4u-t31	4	4	tpl-cfd915a64e2d49808f0ef4b9	0	201	0.094260	PASS	none	292519b56b52487284fcf1e9744db33d	PASS
r04-q05588-4u-t38	4	4	tpl-cfd915a64e2d49808f0ef4b9	0	201	0.093446	PASS	none	78f4ef912ff64e06b86dfd54886b9ebd	PASS
r04-q05562-4u-t12	4	4	tpl-cfd915a64e2d49808f0ef4b9	0	201	0.070487	PASS	none	ff197e8b15484a0a97daf3a589bd4e6a	PASS
r04-q05569-4u-t19	4	4	tpl-cfd915a64e2d49808f0ef4b9	0	201	0.082898	PASS	none	315da1c65f994c7a9e1d16781025a194	PASS
r04-q05584-4u-t34	4	4	tpl-cfd915a64e2d49808f0ef4b9	0	201	0.099257	PASS	none	7f0b45d5f69440f1a95991b4a2641d57	PASS
r04-q05557-4u-t7	4	4	tpl-cfd915a64e2d49808f0ef4b9	0	201	0.053986	PASS	none	d8c3ec660e394a46b4bf95a0d9e37014	PASS
r04-q05573-4u-t23	4	4	tpl-cfd915a64e2d49808f0ef4b9	0	201	0.081639	PASS	none	2b118327b0304557bf01800c50593f95	PASS
r04-q05565-4u-t15	4	4	tpl-cfd915a64e2d49808f0ef4b9	0	201	0.092549	PASS	none	a4f1284a30ca4a2da37a3d18c50f8186	PASS
r04-q05589-4u-t39	4	4	tpl-cfd915a64e2d49808f0ef4b9	0	201	0.098500	PASS	none	de6cf79ccd2547fb973b0db07e811441	PASS
r04-q05591-4u-t41	4	4	tpl-cfd915a64e2d49808f0ef4b9	0	201	0.097566	PASS	none	5978d396aae54adb88010c958871065d	PASS
r04-q05587-4u-t37	4	4	tpl-cfd915a64e2d49808f0ef4b9	0	201	0.094168	PASS	none	aa053df09ca84ff89fe9d5fcbb15d334	PASS
r04-q05576-4u-t26	4	4	tpl-cfd915a64e2d49808f0ef4b9	0	201	0.082308	PASS	none	3048f0e01e6640c8850a096572ad8b2a	PASS
r04-q05563-4u-t13	4	4	tpl-cfd915a64e2d49808f0ef4b9	0	201	0.069113	PASS	none	f2433609a880487b895c6abac517e134	PASS
r04-q05574-4u-t24	4	4	tpl-cfd915a64e2d49808f0ef4b9	0	201	0.093875	PASS	none	9b36d03a8f384dd6823c415b0135b469	PASS
r04-q05580-4u-t30	4	4	tpl-cfd915a64e2d49808f0ef4b9	0	201	0.096437	PASS	none	4dc13d970e7f4b5887eb0d0b53c64634	PASS
r04-q05592-4u-t42	4	4	tpl-cfd915a64e2d49808f0ef4b9	0	201	0.092041	PASS	none	edbc17567e34403bbaf85326d76739c9	PASS
r04-q05567-4u-t17	4	4	tpl-cfd915a64e2d49808f0ef4b9	0	201	0.084195	PASS	none	26c608f109394bc68b76e85207a28a7f	PASS
r04-q05579-4u-t29	4	4	tpl-cfd915a64e2d49808f0ef4b9	0	201	0.102975	PASS	none	140d39581fb6456b9b0cca915e89e5d5	PASS
r04-q05575-4u-t25	4	4	tpl-cfd915a64e2d49808f0ef4b9	0	201	0.088321	PASS	none	3a5ca58bd6624b73a1c9d98a559c964a	PASS
r04-q05586-4u-t36	4	4	tpl-cfd915a64e2d49808f0ef4b9	0	201	0.101261	PASS	none	258de7dfd98842ffb4ad5792f5d2be61	PASS
r04-q05590-4u-t40	4	4	tpl-cfd915a64e2d49808f0ef4b9	0	201	0.099419	PASS	none	325fd4d85b62430a862683a614e4aa94	PASS
r04-q05593-4u-t43	4	4	tpl-cfd915a64e2d49808f0ef4b9	0	201	0.096670	PASS	none	6f5d99ca257346f9993c7b8b7c7999f9	PASS
r04-q05598-4u-t48	4	4	tpl-cfd915a64e2d49808f0ef4b9	0	201	0.089546	PASS	none	6927f361874a45deadeb086f0975ceef	PASS
r04-q05585-4u-t35	4	4	tpl-cfd915a64e2d49808f0ef4b9	0	201	0.093990	PASS	none	a8cf9f34f96e4348a15f0cae29da8680	PASS
r04-q05578-4u-t28	4	4	tpl-cfd915a64e2d49808f0ef4b9	0	201	0.088160	PASS	none	0eea95c6aa31490f8dbaa86d19e84c46	PASS
r04-q05564-4u-t14	4	4	tpl-cfd915a64e2d49808f0ef4b9	0	201	0.070317	PASS	none	1b96145cdfbc47cc848392debc5fcd1e	PASS
r04-q05577-4u-t27	4	4	tpl-cfd915a64e2d49808f0ef4b9	0	201	0.093361	PASS	none	bb11e8805bde47ac9837f3f131eb6b7e	PASS
r04-q05600-4u-t50	4	4	tpl-cfd915a64e2d49808f0ef4b9	0	201	0.083494	PASS	none	d794222357ce42f89bda068fd20056bb	PASS
r04-q05594-4u-t44	4	4	tpl-cfd915a64e2d49808f0ef4b9	0	201	0.097286	PASS	none	7ca7600e1ad548f09fafdf0ca6c3086f	PASS
r04-q05582-4u-t32	4	4	tpl-cfd915a64e2d49808f0ef4b9	0	201	0.097535	PASS	none	a0eb925fc314460981e887bddf0a50e2	PASS
r04-q05595-4u-t45	4	4	tpl-cfd915a64e2d49808f0ef4b9	0	201	0.091139	PASS	none	56150bb02b3446e88c0bee800169b2e9	PASS
r04-q05596-4u-t46	4	4	tpl-cfd915a64e2d49808f0ef4b9	0	201	0.092874	PASS	none	6f90a0d15718464981fd052b5ebba17e	PASS
r04-q05583-4u-t33	4	4	tpl-cfd915a64e2d49808f0ef4b9	0	201	0.092427	PASS	none	20d62daffb424793b46297327555a67b	PASS
r04-q05597-4u-t47	4	4	tpl-cfd915a64e2d49808f0ef4b9	0	201	0.092873	PASS	none	93671d620b7a467a955b0702d81c46df	PASS
r04-q05599-4u-t49	4	4	tpl-cfd915a64e2d49808f0ef4b9	0	201	0.088472	PASS	none	91ef6424f9f845db82169e80db5e0cb5	PASS
r05-q05603-4u-t3	5	4	tpl-cfd915a64e2d49808f0ef4b9	0	201	0.056903	PASS	none	6e3b3e7679cb46a4a05f6b24d37844a8	PASS
r05-q05607-4u-t7	5	4	tpl-cfd915a64e2d49808f0ef4b9	0	201	0.076090	PASS	none	8a2d7c93fa9b44ddb0fcf1c7e8ad9c68	PASS
r05-q05604-4u-t4	5	4	tpl-cfd915a64e2d49808f0ef4b9	0	201	0.063988	PASS	none	346c0c9138014b319fd8c15efa0184bd	PASS
r05-q05601-4u-t1	5	4	tpl-cfd915a64e2d49808f0ef4b9	0	201	0.059300	PASS	none	7b2be2bc1fb042feb4b36c33e3d08184	PASS
r05-q05602-4u-t2	5	4	tpl-cfd915a64e2d49808f0ef4b9	0	201	0.061633	PASS	none	35d606e7483c4b85b94929cffe0e91ff	PASS
r05-q05606-4u-t6	5	4	tpl-cfd915a64e2d49808f0ef4b9	0	201	0.085132	PASS	none	85262a7721084c2d83a00c99ef90ddf1	PASS
r05-q05610-4u-t10	5	4	tpl-cfd915a64e2d49808f0ef4b9	0	201	0.083212	PASS	none	6e5e72507e14491f9b5db8be64a7c9d2	PASS
r05-q05613-4u-t13	5	4	tpl-cfd915a64e2d49808f0ef4b9	0	201	0.073661	PASS	none	b8cbcd83c8ab4c5f83cee4981a40d3f1	PASS
r05-q05609-4u-t9	5	4	tpl-cfd915a64e2d49808f0ef4b9	0	201	0.072117	PASS	none	4fd7e9cec39f4df7b590d5ee4e7a94f7	PASS
r05-q05605-4u-t5	5	4	tpl-cfd915a64e2d49808f0ef4b9	0	201	0.083379	PASS	none	4e443bc522874ce2a6d7ffa963a62291	PASS
r05-q05615-4u-t15	5	4	tpl-cfd915a64e2d49808f0ef4b9	0	201	0.088278	PASS	none	6b4c8170ba6f410f9bd140f2673023a8	PASS
r05-q05614-4u-t14	5	4	tpl-cfd915a64e2d49808f0ef4b9	0	201	0.077084	PASS	none	18922adf62ce4b2f9522575906378c56	PASS
r05-q05618-4u-t18	5	4	tpl-cfd915a64e2d49808f0ef4b9	0	201	0.096389	PASS	none	791b8e710a2d45bba3c1fc3cc1331519	PASS
r05-q05611-4u-t11	5	4	tpl-cfd915a64e2d49808f0ef4b9	0	201	0.076069	PASS	none	c7046dcf94cd40abafdbf1feb0378e84	PASS
r05-q05608-4u-t8	5	4	tpl-cfd915a64e2d49808f0ef4b9	0	201	0.074448	PASS	none	84ff63784008447b8498c48cbff99f79	PASS
r05-q05621-4u-t21	5	4	tpl-cfd915a64e2d49808f0ef4b9	0	201	0.101509	PASS	none	e00e2c8e20c14b0e910926b484ce0a6d	PASS
r05-q05612-4u-t12	5	4	tpl-cfd915a64e2d49808f0ef4b9	0	201	0.084425	PASS	none	d26eba66eb9349caaf5bf28325437423	PASS
r05-q05616-4u-t16	5	4	tpl-cfd915a64e2d49808f0ef4b9	0	201	0.085962	PASS	none	c71e9de259374fb8be8e878eda6c9a62	PASS
r05-q05617-4u-t17	5	4	tpl-cfd915a64e2d49808f0ef4b9	0	201	0.080817	PASS	none	702d1d2abe8d4dcab46cd4aaa4d4b168	PASS
r05-q05619-4u-t19	5	4	tpl-cfd915a64e2d49808f0ef4b9	0	201	0.088395	PASS	none	5a8e3f4f86164b7b82f75bf4d6dbbdcc	PASS
r05-q05622-4u-t22	5	4	tpl-cfd915a64e2d49808f0ef4b9	0	201	0.090178	PASS	none	fb9b866a8f4344f283b2aa6e5a6a9770	PASS
r05-q05624-4u-t24	5	4	tpl-cfd915a64e2d49808f0ef4b9	0	201	0.094425	PASS	none	cef2c43e11e842718adefcda56f4838c	PASS
r05-q05628-4u-t28	5	4	tpl-cfd915a64e2d49808f0ef4b9	0	201	0.093017	PASS	none	13ca3589dcc64c95a59df736ae0ee9c6	PASS
r05-q05634-4u-t34	5	4	tpl-cfd915a64e2d49808f0ef4b9	0	201	0.093720	PASS	none	0cc31814e9d244568c8344464824e08b	PASS
r05-q05626-4u-t26	5	4	tpl-cfd915a64e2d49808f0ef4b9	0	201	0.087019	PASS	none	777e04a4294e48769c892407898e9311	PASS
r05-q05620-4u-t20	5	4	tpl-cfd915a64e2d49808f0ef4b9	0	201	0.089334	PASS	none	34082a00e6684f128c8e4c84f74eed6c	PASS
r05-q05631-4u-t31	5	4	tpl-cfd915a64e2d49808f0ef4b9	0	201	0.093501	PASS	none	804f9743239046cc82ab6b68896c0b9d	PASS
r05-q05627-4u-t27	5	4	tpl-cfd915a64e2d49808f0ef4b9	0	201	0.089660	PASS	none	e56153609b984d22ac6c6d1b563ff738	PASS
r05-q05623-4u-t23	5	4	tpl-cfd915a64e2d49808f0ef4b9	0	201	0.098029	PASS	none	6c761cd65b8b46e1b61bc51fb254fbf3	PASS
r05-q05625-4u-t25	5	4	tpl-cfd915a64e2d49808f0ef4b9	0	201	0.095281	PASS	none	62fa36f7a841421187a35c87cb491d6f	PASS
r05-q05632-4u-t32	5	4	tpl-cfd915a64e2d49808f0ef4b9	0	201	0.101463	PASS	none	22a6af38af5a4bf1bcd9073ca0371afb	PASS
r05-q05630-4u-t30	5	4	tpl-cfd915a64e2d49808f0ef4b9	0	201	0.088763	PASS	none	94214d7e16954b93a2722429164590de	PASS
r05-q05633-4u-t33	5	4	tpl-cfd915a64e2d49808f0ef4b9	0	201	0.099815	PASS	none	70d8883b21e2406d8a2f4b9e5f4efd39	PASS
r05-q05629-4u-t29	5	4	tpl-cfd915a64e2d49808f0ef4b9	0	201	0.098492	PASS	none	0f9fd0663aa84db7a2d2fe534b568e6d	PASS
r05-q05635-4u-t35	5	4	tpl-cfd915a64e2d49808f0ef4b9	0	201	0.093154	PASS	none	ce77bc2823b6449baf1aefc603f10956	PASS
r05-q05640-4u-t40	5	4	tpl-cfd915a64e2d49808f0ef4b9	0	201	0.087720	PASS	none	a0379d74eb2849fcb9f99782355cf2dc	PASS
r05-q05637-4u-t37	5	4	tpl-cfd915a64e2d49808f0ef4b9	0	201	0.096629	PASS	none	73ca7ce180014875b98270efc25e3178	PASS
r05-q05641-4u-t41	5	4	tpl-cfd915a64e2d49808f0ef4b9	0	201	0.094629	PASS	none	a88220210c514a7faa4eb33c620c1538	PASS
r05-q05639-4u-t39	5	4	tpl-cfd915a64e2d49808f0ef4b9	0	201	0.098151	PASS	none	9819b51a84a7453fb1e04db283e98e44	PASS
r05-q05644-4u-t44	5	4	tpl-cfd915a64e2d49808f0ef4b9	0	201	0.107952	PASS	none	6aaa301a4fa54ce898490ce289198c69	PASS
r05-q05647-4u-t47	5	4	tpl-cfd915a64e2d49808f0ef4b9	0	201	0.093800	PASS	none	0aa5d3e8733f4181a20a0036082de949	PASS
r05-q05636-4u-t36	5	4	tpl-cfd915a64e2d49808f0ef4b9	0	201	0.089803	PASS	none	6a172d75690f4c4e8a02b827af41772b	PASS
r05-q05638-4u-t38	5	4	tpl-cfd915a64e2d49808f0ef4b9	0	201	0.091459	PASS	none	8df0188445ff426d80d604de2de7e494	PASS
r05-q05648-4u-t48	5	4	tpl-cfd915a64e2d49808f0ef4b9	0	201	0.102290	PASS	none	39a2239be792418b94363e8e2194ae5e	PASS
r05-q05646-4u-t46	5	4	tpl-cfd915a64e2d49808f0ef4b9	0	201	0.099692	PASS	none	14286eabb107427e97e58d235a7d126c	PASS
r05-q05645-4u-t45	5	4	tpl-cfd915a64e2d49808f0ef4b9	0	201	0.099225	PASS	none	f302b1e010f9406e9b5a0e0138cc4aa8	PASS
r05-q05643-4u-t43	5	4	tpl-cfd915a64e2d49808f0ef4b9	0	201	0.112942	PASS	none	7b6a2f5577754d519261d1d24982a67a	PASS
r05-q05642-4u-t42	5	4	tpl-cfd915a64e2d49808f0ef4b9	0	201	0.113860	PASS	none	c8673466f75b4979875d0e9c63d0fc21	PASS
r05-q05649-4u-t49	5	4	tpl-cfd915a64e2d49808f0ef4b9	0	201	0.096802	PASS	none	9dd60cd156844d1383c75bb7b193b758	PASS
r05-q05650-4u-t50	5	4	tpl-cfd915a64e2d49808f0ef4b9	0	201	0.090347	PASS	none	b9a2d51c22f64ce18500dc6946a8c87e	PASS
r06-q05653-4u-t3	6	4	tpl-cfd915a64e2d49808f0ef4b9	0	201	0.077455	PASS	none	1ebbccd3cdfc4fd3a0185a42297530a1	PASS
r06-q05655-4u-t5	6	4	tpl-cfd915a64e2d49808f0ef4b9	0	201	0.061335	PASS	none	dc21f2e7c5d64270b037b7d0c5478470	PASS
r06-q05652-4u-t2	6	4	tpl-cfd915a64e2d49808f0ef4b9	0	201	0.064147	PASS	none	02889226c0af494e9bd689bfac38af27	PASS
r06-q05658-4u-t8	6	4	tpl-cfd915a64e2d49808f0ef4b9	0	201	0.063611	PASS	none	173e597d9cdc4cacb9dfb476bf475adc	PASS
r06-q05660-4u-t10	6	4	tpl-cfd915a64e2d49808f0ef4b9	0	201	0.061963	PASS	none	280cb794a30c41b883d3817d5538ca96	PASS
r06-q05656-4u-t6	6	4	tpl-cfd915a64e2d49808f0ef4b9	0	201	0.081962	PASS	none	7a9de3850e304824b6113cb34e1a6582	PASS
r06-q05661-4u-t11	6	4	tpl-cfd915a64e2d49808f0ef4b9	0	201	0.088153	PASS	none	1bf2f205e931406394fddf107d478910	PASS
r06-q05675-4u-t25	6	4	tpl-cfd915a64e2d49808f0ef4b9	0	201	0.077654	PASS	none	b0de370f5d3d49a5ade563eff95d1225	PASS
r06-q05659-4u-t9	6	4	tpl-cfd915a64e2d49808f0ef4b9	0	201	0.066919	PASS	none	0d6c05d0d5fc49849dd0f26b87d203c5	PASS
r06-q05668-4u-t18	6	4	tpl-cfd915a64e2d49808f0ef4b9	0	201	0.078489	PASS	none	a93796e10e87469fa80de35fe9ed2f14	PASS
r06-q05672-4u-t22	6	4	tpl-cfd915a64e2d49808f0ef4b9	0	201	0.090600	PASS	none	72e5749855114b959ca970549ed24f75	PASS
r06-q05664-4u-t14	6	4	tpl-cfd915a64e2d49808f0ef4b9	0	201	0.070138	PASS	none	cff0db5322654bc59d0cd9b4d33a5251	PASS
r06-q05662-4u-t12	6	4	tpl-cfd915a64e2d49808f0ef4b9	0	201	0.064150	PASS	none	05d095e8a2b2415d91d2eae6803b373d	PASS
r06-q05669-4u-t19	6	4	tpl-cfd915a64e2d49808f0ef4b9	0	201	0.096252	PASS	none	205f540ff4f04afd94752773b7889f42	PASS
r06-q05654-4u-t4	6	4	tpl-cfd915a64e2d49808f0ef4b9	0	201	0.059508	PASS	none	7a51bb35595f471a805b079a630133ca	PASS
r06-q05663-4u-t13	6	4	tpl-cfd915a64e2d49808f0ef4b9	0	201	0.062457	PASS	none	846c9735e890499ebeb734e9c7e7ac3b	PASS
r06-q05684-4u-t34	6	4	tpl-cfd915a64e2d49808f0ef4b9	0	201	0.105847	PASS	none	c248e5200ce148df935bc897b81ffdce	PASS
r06-q05667-4u-t17	6	4	tpl-cfd915a64e2d49808f0ef4b9	0	201	0.102901	PASS	none	4a0e4aecfd37473d81db805f55d181e9	PASS
r06-q05657-4u-t7	6	4	tpl-cfd915a64e2d49808f0ef4b9	0	201	0.065004	PASS	none	ed759622eb0e4fbaac329cf2c6d5cedb	PASS
r06-q05685-4u-t35	6	4	tpl-cfd915a64e2d49808f0ef4b9	0	201	0.103208	PASS	none	2ed35a6f7ba24c5bba35b3b1ee4c1a76	PASS
r06-q05670-4u-t20	6	4	tpl-cfd915a64e2d49808f0ef4b9	0	201	0.086805	PASS	none	2fc3b762c8bb4235a0aee1c7e330a293	PASS
r06-q05671-4u-t21	6	4	tpl-cfd915a64e2d49808f0ef4b9	0	201	0.099863	PASS	none	95a7dd2a360d43d9b62cef1fcf24f560	PASS
r06-q05665-4u-t15	6	4	tpl-cfd915a64e2d49808f0ef4b9	0	201	0.083478	PASS	none	0a6e99e7f1e943c5b9acd1f3159610f0	PASS
r06-q05651-4u-t1	6	4	tpl-cfd915a64e2d49808f0ef4b9	0	201	0.085832	PASS	none	597685244b8f47d1abc3418cee07788d	PASS
r06-q05696-4u-t46	6	4	tpl-cfd915a64e2d49808f0ef4b9	0	201	0.090508	PASS	none	7d28b0566b6744499e6b1f761c0f18de	PASS
r06-q05690-4u-t40	6	4	tpl-cfd915a64e2d49808f0ef4b9	0	201	0.101099	PASS	none	98bdb7c9dfc842b08457a6deed6393f1	PASS
r06-q05677-4u-t27	6	4	tpl-cfd915a64e2d49808f0ef4b9	0	201	0.081963	PASS	none	ac9429f752ee473e9c72b77221de38b4	PASS
r06-q05687-4u-t37	6	4	tpl-cfd915a64e2d49808f0ef4b9	0	201	0.098655	PASS	none	9d574758cbde48adb547981526f06bca	PASS
r06-q05682-4u-t32	6	4	tpl-cfd915a64e2d49808f0ef4b9	0	201	0.098528	PASS	none	889dcdaa1dee4924b78c395089a95794	PASS
r06-q05698-4u-t48	6	4	tpl-cfd915a64e2d49808f0ef4b9	0	201	0.096298	PASS	none	098075b7760147248bad14cd57ac0658	PASS
r06-q05666-4u-t16	6	4	tpl-cfd915a64e2d49808f0ef4b9	0	201	0.088461	PASS	none	79e57970073b44f7b04c53ab221c1efa	PASS
r06-q05688-4u-t38	6	4	tpl-cfd915a64e2d49808f0ef4b9	0	201	0.110009	PASS	none	1971276dc190464c9f4a091300680b6f	PASS
r06-q05683-4u-t33	6	4	tpl-cfd915a64e2d49808f0ef4b9	0	201	0.106395	PASS	none	eebea2ec5205450d87d80a424b95a12e	PASS
r06-q05686-4u-t36	6	4	tpl-cfd915a64e2d49808f0ef4b9	0	201	0.100529	PASS	none	e5a3cb8f08e747c996753bc97d53f562	PASS
r06-q05679-4u-t29	6	4	tpl-cfd915a64e2d49808f0ef4b9	0	201	0.091410	PASS	none	b6faabaf5b224541ab6c7b26383ad567	PASS
r06-q05681-4u-t31	6	4	tpl-cfd915a64e2d49808f0ef4b9	0	201	0.106966	PASS	none	6f25c8ca05b0465ebd49381467cbd17b	PASS
r06-q05697-4u-t47	6	4	tpl-cfd915a64e2d49808f0ef4b9	0	201	0.093982	PASS	none	7c428ea115714568a682390ca18bdc45	PASS
r06-q05680-4u-t30	6	4	tpl-cfd915a64e2d49808f0ef4b9	0	201	0.087449	PASS	none	4ce3dba4295c4dbca1053fc423ff8873	PASS
r06-q05673-4u-t23	6	4	tpl-cfd915a64e2d49808f0ef4b9	0	201	0.091478	PASS	none	891773414c6d474a90b30e730ab63a5c	PASS
r06-q05676-4u-t26	6	4	tpl-cfd915a64e2d49808f0ef4b9	0	201	0.085520	PASS	none	7182a5c9e755460093578dd141cca3e0	PASS
r06-q05693-4u-t43	6	4	tpl-cfd915a64e2d49808f0ef4b9	0	201	0.089653	PASS	none	e35078a7518b4183a70a90af3994199b	PASS
r06-q05678-4u-t28	6	4	tpl-cfd915a64e2d49808f0ef4b9	0	201	0.080143	PASS	none	db399a64dfed4aad82f311d2fd13cfe7	PASS
r06-q05695-4u-t45	6	4	tpl-cfd915a64e2d49808f0ef4b9	0	201	0.084955	PASS	none	7c044b9a36c1472993a823f033bea6ee	PASS
r06-q05699-4u-t49	6	4	tpl-cfd915a64e2d49808f0ef4b9	0	201	0.094407	PASS	none	e366c11b9e564c02a4b68e6361f3b902	PASS
r06-q05700-4u-t50	6	4	tpl-cfd915a64e2d49808f0ef4b9	0	201	0.082764	PASS	none	fd20ced57b9c4fc391487790a4c70622	PASS
r06-q05674-4u-t24	6	4	tpl-cfd915a64e2d49808f0ef4b9	0	201	0.078915	PASS	none	b4c8281781db4d89b580fbbf840079af	PASS
r06-q05691-4u-t41	6	4	tpl-cfd915a64e2d49808f0ef4b9	0	201	0.093527	PASS	none	8532d648a1a94c919f89b7ac5af89787	PASS
r06-q05689-4u-t39	6	4	tpl-cfd915a64e2d49808f0ef4b9	0	201	0.090577	PASS	none	d48c98294e33419e8437c451d78d2534	PASS
r06-q05694-4u-t44	6	4	tpl-cfd915a64e2d49808f0ef4b9	0	201	0.092584	PASS	none	5953274172c14551a5624336cc78bc10	PASS
r06-q05692-4u-t42	6	4	tpl-cfd915a64e2d49808f0ef4b9	0	201	0.102771	PASS	none	f14a17399bd4489d8c8e3a67cb73a7f0	PASS
r01-q05708-4u-t8	1	4	tpl-1aff9e6994f7410f829c8fb0	0	201	0.053535	PASS	none	c454fd37440f42b7b02dc784d460df6b	PASS
r01-q05701-4u-t1	1	4	tpl-1aff9e6994f7410f829c8fb0	0	201	0.057413	PASS	none	3da4456d14ea49209843f8db1f474329	PASS
r01-q05710-4u-t10	1	4	tpl-1aff9e6994f7410f829c8fb0	0	201	0.057160	PASS	none	dac28c0bf4884de2b890faa89c06079d	PASS
r01-q05703-4u-t3	1	4	tpl-1aff9e6994f7410f829c8fb0	0	201	0.052702	PASS	none	016dfa209f804c80ad81a0dcc9f961b1	PASS
r01-q05712-4u-t12	1	4	tpl-1aff9e6994f7410f829c8fb0	0	201	0.061266	PASS	none	ade8f1cfe57541deb6ab92a664dbae98	PASS
r01-q05706-4u-t6	1	4	tpl-1aff9e6994f7410f829c8fb0	0	201	0.049322	PASS	none	bfabb393f116464fb36a8b0a85944979	PASS
r01-q05702-4u-t2	1	4	tpl-1aff9e6994f7410f829c8fb0	0	201	0.048713	PASS	none	d7b3bc19e97f4e8089456aeca1cdddbd	PASS
r01-q05711-4u-t11	1	4	tpl-1aff9e6994f7410f829c8fb0	0	201	0.076337	PASS	none	ff69ee5e773b49f3b08dc30c433d6190	PASS
r01-q05707-4u-t7	1	4	tpl-1aff9e6994f7410f829c8fb0	0	201	0.073328	PASS	none	0078ebc1a7774f1080760cb6f7aa0b29	PASS
r01-q05704-4u-t4	1	4	tpl-1aff9e6994f7410f829c8fb0	0	201	0.068548	PASS	none	3f1ce4c7af634faba2bf039848ea7aa3	PASS
r01-q05713-4u-t13	1	4	tpl-1aff9e6994f7410f829c8fb0	0	201	0.078819	PASS	none	bddb88257b414464a5070a316e853c25	PASS
r01-q05722-4u-t22	1	4	tpl-1aff9e6994f7410f829c8fb0	0	201	0.070230	PASS	none	f332eb4fd4094c3796d602c53778fe87	PASS
r01-q05705-4u-t5	1	4	tpl-1aff9e6994f7410f829c8fb0	0	201	0.066614	PASS	none	37f90a612a634cc4a5854c397527b5ef	PASS
r01-q05721-4u-t21	1	4	tpl-1aff9e6994f7410f829c8fb0	0	201	0.063137	PASS	none	879a8680d9a0454bb4be5474ef1ce845	PASS
r01-q05723-4u-t23	1	4	tpl-1aff9e6994f7410f829c8fb0	0	201	0.068967	PASS	none	8269b7d1e99c418db167972adadc7a07	PASS
r01-q05709-4u-t9	1	4	tpl-1aff9e6994f7410f829c8fb0	0	201	0.056132	PASS	none	3fca9440241642f2844accfe85f60955	PASS
r01-q05719-4u-t19	1	4	tpl-1aff9e6994f7410f829c8fb0	0	201	0.072805	PASS	none	f65e24addf474e69afad67d5835ed4a1	PASS
r01-q05717-4u-t17	1	4	tpl-1aff9e6994f7410f829c8fb0	0	201	0.063791	PASS	none	e067ad33b46a4d9c8bc4c2c75a750b0f	PASS
r01-q05725-4u-t25	1	4	tpl-1aff9e6994f7410f829c8fb0	0	201	0.059542	PASS	none	390df38c4d0e44408887c488f303b8d0	PASS
r01-q05714-4u-t14	1	4	tpl-1aff9e6994f7410f829c8fb0	0	201	0.053193	PASS	none	2e3c8d48822e4e429c29202aaa015ce7	PASS
r01-q05730-4u-t30	1	4	tpl-1aff9e6994f7410f829c8fb0	0	201	0.072172	PASS	none	42b22880fec54720a2ff36066f9f070d	PASS
r01-q05718-4u-t18	1	4	tpl-1aff9e6994f7410f829c8fb0	0	201	0.081708	PASS	none	913675355e74464a83487841f7c02284	PASS
r01-q05715-4u-t15	1	4	tpl-1aff9e6994f7410f829c8fb0	0	201	0.063779	PASS	none	fced28d34aa940f8b307314d6cc7a2ee	PASS
r01-q05720-4u-t20	1	4	tpl-1aff9e6994f7410f829c8fb0	0	201	0.080414	PASS	none	64036020caaa483f800778bfef3bf86d	PASS
r01-q05731-4u-t31	1	4	tpl-1aff9e6994f7410f829c8fb0	0	201	0.082663	PASS	none	68b72bf4f5ba4ec0909b4ac0d5b3c164	PASS
r01-q05716-4u-t16	1	4	tpl-1aff9e6994f7410f829c8fb0	0	201	0.068642	PASS	none	438b780ede8b49a7867a8c605aa1a12d	PASS
r01-q05726-4u-t26	1	4	tpl-1aff9e6994f7410f829c8fb0	0	201	0.060924	PASS	none	9044070d41894c4dbd9863ef65274b4a	PASS
r01-q05727-4u-t27	1	4	tpl-1aff9e6994f7410f829c8fb0	0	201	0.065590	PASS	none	6f58ef695cc548e8872ee0d87182ed85	PASS
r01-q05728-4u-t28	1	4	tpl-1aff9e6994f7410f829c8fb0	0	201	0.073534	PASS	none	6610e33d614f4950a05d0512fe2fa712	PASS
r01-q05734-4u-t34	1	4	tpl-1aff9e6994f7410f829c8fb0	0	201	0.080947	PASS	none	9df238276e4a4487bba3253c0d6b8eea	PASS
r01-q05732-4u-t32	1	4	tpl-1aff9e6994f7410f829c8fb0	0	201	0.071472	PASS	none	4cad3413e78b4251a506feab6a468642	PASS
r01-q05724-4u-t24	1	4	tpl-1aff9e6994f7410f829c8fb0	0	201	0.075770	PASS	none	08db8fc00daa4b3b80c983f83bade759	PASS
r01-q05738-4u-t38	1	4	tpl-1aff9e6994f7410f829c8fb0	0	201	0.073676	PASS	none	83f87729f27f41359d5da89b682f8d21	PASS
r01-q05729-4u-t29	1	4	tpl-1aff9e6994f7410f829c8fb0	0	201	0.074233	PASS	none	50b5b9f88d28492ebbb82a629546ccfb	PASS
r01-q05737-4u-t37	1	4	tpl-1aff9e6994f7410f829c8fb0	0	201	0.072922	PASS	none	aed54972b1384695b781fcd8e6830b23	PASS
r01-q05733-4u-t33	1	4	tpl-1aff9e6994f7410f829c8fb0	0	201	0.080234	PASS	none	a5c2de06752e495d873cbb2bde72395b	PASS
r01-q05736-4u-t36	1	4	tpl-1aff9e6994f7410f829c8fb0	0	201	0.082412	PASS	none	cd8221bba7c94d709c71ed6bff012629	PASS
r01-q05735-4u-t35	1	4	tpl-1aff9e6994f7410f829c8fb0	0	201	0.075695	PASS	none	b6a90d6106fb4ac186e4162b1ceb383f	PASS
r01-q05745-4u-t45	1	4	tpl-1aff9e6994f7410f829c8fb0	0	201	0.082561	PASS	none	9721046fa4184accbe7406fe825cab75	PASS
r01-q05741-4u-t41	1	4	tpl-1aff9e6994f7410f829c8fb0	0	201	0.084296	PASS	none	dde0dd1956c6493e815ed310a764dfb7	PASS
r01-q05742-4u-t42	1	4	tpl-1aff9e6994f7410f829c8fb0	0	201	0.084926	PASS	none	54b62f25349641daa155706e18f3cd38	PASS
r01-q05739-4u-t39	1	4	tpl-1aff9e6994f7410f829c8fb0	0	201	0.077575	PASS	none	fcb082c48e0f4670b9e7b4b8bc785588	PASS
r01-q05743-4u-t43	1	4	tpl-1aff9e6994f7410f829c8fb0	0	201	0.083268	PASS	none	deeb896879bc41d484659af1998db950	PASS
r01-q05740-4u-t40	1	4	tpl-1aff9e6994f7410f829c8fb0	0	201	0.076525	PASS	none	990b9f98452746d489a60ad005385446	PASS
r01-q05744-4u-t44	1	4	tpl-1aff9e6994f7410f829c8fb0	0	201	0.079547	PASS	none	f2b0837dbfa74e769bd6757ca757086c	PASS
r01-q05748-4u-t48	1	4	tpl-1aff9e6994f7410f829c8fb0	0	201	0.082511	PASS	none	487ecb0c6f69473db386cc58049bb5ec	PASS
r01-q05749-4u-t49	1	4	tpl-1aff9e6994f7410f829c8fb0	0	201	0.079878	PASS	none	f7cda6ad5e754de89b4a034d96f4593d	PASS
r01-q05747-4u-t47	1	4	tpl-1aff9e6994f7410f829c8fb0	0	201	0.078564	PASS	none	fe55236cbd8f4cab89237a61084aa1ad	PASS
r01-q05746-4u-t46	1	4	tpl-1aff9e6994f7410f829c8fb0	0	201	0.077256	PASS	none	d9f99e0e6d8a402498ed5d94101c243b	PASS
r01-q05750-4u-t50	1	4	tpl-1aff9e6994f7410f829c8fb0	0	201	0.075574	PASS	none	d382e3e1807a41e892c428400b7f65fa	PASS
r02-q05756-4u-t6	2	4	tpl-1aff9e6994f7410f829c8fb0	0	201	0.054010	PASS	none	ddd6252b5fe7436ba2e65f7d0728d8ea	PASS
r02-q05751-4u-t1	2	4	tpl-1aff9e6994f7410f829c8fb0	0	201	0.072072	PASS	none	9780a623c127401197783887f544f693	PASS
r02-q05754-4u-t4	2	4	tpl-1aff9e6994f7410f829c8fb0	0	201	0.055758	PASS	none	768eb8fcd996466288ebe78574c8c63b	PASS
r02-q05762-4u-t12	2	4	tpl-1aff9e6994f7410f829c8fb0	0	201	0.063503	PASS	none	1f61c4227f014a9eb30bf3f82906e75c	PASS
r02-q05752-4u-t2	2	4	tpl-1aff9e6994f7410f829c8fb0	0	201	0.075347	PASS	none	c5f8a14b02a94dfca77d91db9fe0f75e	PASS
r02-q05758-4u-t8	2	4	tpl-1aff9e6994f7410f829c8fb0	0	201	0.059617	PASS	none	268ce22fbd5242eea9a08190ba119d50	PASS
r02-q05761-4u-t11	2	4	tpl-1aff9e6994f7410f829c8fb0	0	201	0.054373	PASS	none	1cc316be1f2b444a85eac458f36f6126	PASS
r02-q05755-4u-t5	2	4	tpl-1aff9e6994f7410f829c8fb0	0	201	0.059796	PASS	none	8267835ee68e407683a04850a6408958	PASS
r02-q05760-4u-t10	2	4	tpl-1aff9e6994f7410f829c8fb0	0	201	0.057024	PASS	none	2a03891d7abb4e6abce0848790799254	PASS
r02-q05759-4u-t9	2	4	tpl-1aff9e6994f7410f829c8fb0	0	201	0.069920	PASS	none	974040f03c0b411185217f053130c30a	PASS
r02-q05757-4u-t7	2	4	tpl-1aff9e6994f7410f829c8fb0	0	201	0.052908	PASS	none	64584e6566a44795bd2833523c9a3277	PASS
r02-q05753-4u-t3	2	4	tpl-1aff9e6994f7410f829c8fb0	0	201	0.053633	PASS	none	6013706f2025490dad0ce772b7dbf2c3	PASS
r02-q05766-4u-t16	2	4	tpl-1aff9e6994f7410f829c8fb0	0	201	0.063692	PASS	none	6f9636964172414397f329bae616fd25	PASS
r02-q05769-4u-t19	2	4	tpl-1aff9e6994f7410f829c8fb0	0	201	0.069743	PASS	none	e4ca0ffa89d1483e9d64337a98c7ff40	PASS
r02-q05763-4u-t13	2	4	tpl-1aff9e6994f7410f829c8fb0	0	201	0.069642	PASS	none	760547cdab8d465bb24560ac15ef24c7	PASS
r02-q05764-4u-t14	2	4	tpl-1aff9e6994f7410f829c8fb0	0	201	0.071886	PASS	none	581b7b048dc84a89a8179d145e15e487	PASS
r02-q05765-4u-t15	2	4	tpl-1aff9e6994f7410f829c8fb0	0	201	0.081673	PASS	none	141342cb298047a4aa061daaddd438fc	PASS
r02-q05768-4u-t18	2	4	tpl-1aff9e6994f7410f829c8fb0	0	201	0.065428	PASS	none	bbc89d68c2d14d04b08327140ee9cd69	PASS
r02-q05773-4u-t23	2	4	tpl-1aff9e6994f7410f829c8fb0	0	201	0.060821	PASS	none	be526fc33e0c4678a59a83f4dbb41cb1	PASS
r02-q05771-4u-t21	2	4	tpl-1aff9e6994f7410f829c8fb0	0	201	0.059420	PASS	none	dc1fc4ad8dc44449b33998afc5e8a0eb	PASS
r02-q05767-4u-t17	2	4	tpl-1aff9e6994f7410f829c8fb0	0	201	0.072006	PASS	none	06061f8cae6340aab7cc7ff20eef4276	PASS
r02-q05776-4u-t26	2	4	tpl-1aff9e6994f7410f829c8fb0	0	201	0.075482	PASS	none	4d2c8957816e4d7f85cff3051e51cfd2	PASS
r02-q05775-4u-t25	2	4	tpl-1aff9e6994f7410f829c8fb0	0	201	0.074118	PASS	none	245451d4929248e4a532ecb43ec4b65c	PASS
r02-q05777-4u-t27	2	4	tpl-1aff9e6994f7410f829c8fb0	0	201	0.068312	PASS	none	2d5e8490fe924d058b264685c14943ef	PASS
r02-q05772-4u-t22	2	4	tpl-1aff9e6994f7410f829c8fb0	0	201	0.063526	PASS	none	914f5ff4fc7e44dd8d27dfd14123ceac	PASS
r02-q05774-4u-t24	2	4	tpl-1aff9e6994f7410f829c8fb0	0	201	0.070587	PASS	none	af716bb96322470cb9a79b5bbe934c59	PASS
r02-q05778-4u-t28	2	4	tpl-1aff9e6994f7410f829c8fb0	0	201	0.081432	PASS	none	c0cbb71504a84025a72dbadbd4009353	PASS
r02-q05779-4u-t29	2	4	tpl-1aff9e6994f7410f829c8fb0	0	201	0.069396	PASS	none	f3293d63f0dc4515a8b83e68ae768a39	PASS
r02-q05782-4u-t32	2	4	tpl-1aff9e6994f7410f829c8fb0	0	201	0.081403	PASS	none	d5e7f95f43794ec4b1cd4029848c53af	PASS
r02-q05780-4u-t30	2	4	tpl-1aff9e6994f7410f829c8fb0	0	201	0.066723	PASS	none	e3e8821ced084328b592d89ff4965fa6	PASS
r02-q05770-4u-t20	2	4	tpl-1aff9e6994f7410f829c8fb0	0	201	0.066429	PASS	none	67f8894010a64336a7a406d7ab494db6	PASS
r02-q05781-4u-t31	2	4	tpl-1aff9e6994f7410f829c8fb0	0	201	0.075795	PASS	none	a3979a70af9c4e0cafc159a3306df45f	PASS
r02-q05783-4u-t33	2	4	tpl-1aff9e6994f7410f829c8fb0	0	201	0.088569	PASS	none	9f782f0957ad4f8fb1df91d672023acd	PASS
r02-q05788-4u-t38	2	4	tpl-1aff9e6994f7410f829c8fb0	0	201	0.083009	PASS	none	93d9a223c6a649a2b3ddc9dddf5017bc	PASS
r02-q05784-4u-t34	2	4	tpl-1aff9e6994f7410f829c8fb0	0	201	0.080670	PASS	none	021153c326ee471a9a43c9f99aa0aeba	PASS
r02-q05792-4u-t42	2	4	tpl-1aff9e6994f7410f829c8fb0	0	201	0.084539	PASS	none	4dd1494e9fe5408f8526ea5feabc3b98	PASS
r02-q05793-4u-t43	2	4	tpl-1aff9e6994f7410f829c8fb0	0	201	0.089594	PASS	none	456c8bb2293b40e2b850883a5071c464	PASS
r02-q05790-4u-t40	2	4	tpl-1aff9e6994f7410f829c8fb0	0	201	0.085114	PASS	none	0363516eacd34231879a6c34e0522d3a	PASS
r02-q05787-4u-t37	2	4	tpl-1aff9e6994f7410f829c8fb0	0	201	0.082014	PASS	none	407e705ce1a14bb8b621269235fd7aa7	PASS
r02-q05786-4u-t36	2	4	tpl-1aff9e6994f7410f829c8fb0	0	201	0.075966	PASS	none	bfff8205cdaf40f8920ba5e764e11d47	PASS
r02-q05795-4u-t45	2	4	tpl-1aff9e6994f7410f829c8fb0	0	201	0.087531	PASS	none	b41dc84855e144cda53619460dd12e60	PASS
r02-q05785-4u-t35	2	4	tpl-1aff9e6994f7410f829c8fb0	0	201	0.084268	PASS	none	dda6435ed86245aca295a3eae52d287c	PASS
r02-q05789-4u-t39	2	4	tpl-1aff9e6994f7410f829c8fb0	0	201	0.087743	PASS	none	2afce50e2947405a9d41cc766cb920ab	PASS
r02-q05794-4u-t44	2	4	tpl-1aff9e6994f7410f829c8fb0	0	201	0.085898	PASS	none	7470369ff5234b78a0294b1662a273df	PASS
r02-q05796-4u-t46	2	4	tpl-1aff9e6994f7410f829c8fb0	0	201	0.089136	PASS	none	e31157a3086d48619211f9cf7eb79692	PASS
r02-q05791-4u-t41	2	4	tpl-1aff9e6994f7410f829c8fb0	0	201	0.079619	PASS	none	1b500822d7f14051b1acb0fcf185f067	PASS
r02-q05799-4u-t49	2	4	tpl-1aff9e6994f7410f829c8fb0	0	201	0.083528	PASS	none	d04c254210304f2fbf9de8e276a444e0	PASS
r02-q05798-4u-t48	2	4	tpl-1aff9e6994f7410f829c8fb0	0	201	0.087058	PASS	none	8140088e6a274b2fa060b0841490705b	PASS
r02-q05800-4u-t50	2	4	tpl-1aff9e6994f7410f829c8fb0	0	201	0.078377	PASS	none	5d6a04d406d947bcbaafa457ea7b1154	PASS
r02-q05797-4u-t47	2	4	tpl-1aff9e6994f7410f829c8fb0	0	201	0.083200	PASS	none	180c9fb1115d499797c77fdbc3c1ae2e	PASS
r03-q05808-4u-t8	3	4	tpl-1aff9e6994f7410f829c8fb0	0	201	0.081269	PASS	none	a664c1f64e474cb498ee903c480c2ab6	PASS
r03-q05811-4u-t11	3	4	tpl-1aff9e6994f7410f829c8fb0	0	201	0.068293	PASS	none	41b44f1abec54b2c81f826b4560110e1	PASS
r03-q05816-4u-t16	3	4	tpl-1aff9e6994f7410f829c8fb0	0	201	0.061368	PASS	none	f5a3394ff4fe4606809b8f2df794b9cd	PASS
r03-q05807-4u-t7	3	4	tpl-1aff9e6994f7410f829c8fb0	0	201	0.052571	PASS	none	7e18b065b1334cd69e10d1b77aa1a0e0	PASS
r03-q05815-4u-t15	3	4	tpl-1aff9e6994f7410f829c8fb0	0	201	0.083405	PASS	none	6e8204954726476d8de48a85acbe1791	PASS
r03-q05812-4u-t12	3	4	tpl-1aff9e6994f7410f829c8fb0	0	201	0.071465	PASS	none	155358e4e5844ecc8cb848d24d7b0105	PASS
r03-q05805-4u-t5	3	4	tpl-1aff9e6994f7410f829c8fb0	0	201	0.051422	PASS	none	84decaa5360b4627bc65c487eee4f269	PASS
r03-q05814-4u-t14	3	4	tpl-1aff9e6994f7410f829c8fb0	0	201	0.068294	PASS	none	6efcd70f30634327970050a5abe5582c	PASS
r03-q05803-4u-t3	3	4	tpl-1aff9e6994f7410f829c8fb0	0	201	0.064562	PASS	none	c1dc50aa6b274280b555132e10acc248	PASS
r03-q05818-4u-t18	3	4	tpl-1aff9e6994f7410f829c8fb0	0	201	0.062528	PASS	none	6f99b0e293c14717bef77ded2df567ef	PASS
r03-q05801-4u-t1	3	4	tpl-1aff9e6994f7410f829c8fb0	0	201	0.054248	PASS	none	722710b226314f23a9cff15b77610c77	PASS
r03-q05806-4u-t6	3	4	tpl-1aff9e6994f7410f829c8fb0	0	201	0.053022	PASS	none	65be92a703af4b0685eee295963ba5cd	PASS
r03-q05820-4u-t20	3	4	tpl-1aff9e6994f7410f829c8fb0	0	201	0.070171	PASS	none	ed79be35e4824dc6bbddab24a9303966	PASS
r03-q05831-4u-t31	3	4	tpl-1aff9e6994f7410f829c8fb0	0	201	0.082351	PASS	none	8680b4cc0226407b8c06c8b9895164ab	PASS
r03-q05813-4u-t13	3	4	tpl-1aff9e6994f7410f829c8fb0	0	201	0.077393	PASS	none	3383c9702bb444aaac299572afe725c7	PASS
r03-q05802-4u-t2	3	4	tpl-1aff9e6994f7410f829c8fb0	0	201	0.053577	PASS	none	9c39cc8331a343f29e8fbe966c6d3495	PASS
r03-q05817-4u-t17	3	4	tpl-1aff9e6994f7410f829c8fb0	0	201	0.059283	PASS	none	14037101a9954693bf86f8ec4a414817	PASS
r03-q05804-4u-t4	3	4	tpl-1aff9e6994f7410f829c8fb0	0	201	0.057022	PASS	none	472d9db3b7dc468cb0aabf493f2c0ced	PASS
r03-q05809-4u-t9	3	4	tpl-1aff9e6994f7410f829c8fb0	0	201	0.061402	PASS	none	734fedf012d043029a4b556902f5dd44	PASS
r03-q05810-4u-t10	3	4	tpl-1aff9e6994f7410f829c8fb0	0	201	0.071834	PASS	none	48049a6d57744d019427580e0886771a	PASS
r03-q05823-4u-t23	3	4	tpl-1aff9e6994f7410f829c8fb0	0	201	0.081573	PASS	none	b35f15c641b7447bb9e0225474ed6822	PASS
r03-q05829-4u-t29	3	4	tpl-1aff9e6994f7410f829c8fb0	0	201	0.068896	PASS	none	a95ee064f86b441687957018ed63c3d0	PASS
r03-q05835-4u-t35	3	4	tpl-1aff9e6994f7410f829c8fb0	0	201	0.080463	PASS	none	53b8e9da65f742c88293faeceabe1237	PASS
r03-q05826-4u-t26	3	4	tpl-1aff9e6994f7410f829c8fb0	0	201	0.072387	PASS	none	56b37546bc3d43a59c711935e41f2500	PASS
r03-q05819-4u-t19	3	4	tpl-1aff9e6994f7410f829c8fb0	0	201	0.072780	PASS	none	27328ef0a4134d5d9545e889764ab043	PASS
r03-q05825-4u-t25	3	4	tpl-1aff9e6994f7410f829c8fb0	0	201	0.070965	PASS	none	0fd8d60dad514d29a2a3860f75d4f481	PASS
r03-q05821-4u-t21	3	4	tpl-1aff9e6994f7410f829c8fb0	0	201	0.071265	PASS	none	330d4f4258cf4adc928701f61d93948c	PASS
r03-q05834-4u-t34	3	4	tpl-1aff9e6994f7410f829c8fb0	0	201	0.071709	PASS	none	330df232caee4d35bbb5397e2a611c3f	PASS
r03-q05824-4u-t24	3	4	tpl-1aff9e6994f7410f829c8fb0	0	201	0.073176	PASS	none	7005e56694ee4643bdb627c3de3c6626	PASS
r03-q05828-4u-t28	3	4	tpl-1aff9e6994f7410f829c8fb0	0	201	0.079647	PASS	none	63a54f677e0841ee96ae0b8f2276a9ed	PASS
r03-q05830-4u-t30	3	4	tpl-1aff9e6994f7410f829c8fb0	0	201	0.070391	PASS	none	ce8fc0f60d0a4013bd291c1e7de30788	PASS
r03-q05833-4u-t33	3	4	tpl-1aff9e6994f7410f829c8fb0	0	201	0.074621	PASS	none	c221f70b046a4257aa1f530787eba3d8	PASS
r03-q05822-4u-t22	3	4	tpl-1aff9e6994f7410f829c8fb0	0	201	0.068303	PASS	none	e5a8a5227618422ebdf8134265360bbb	PASS
r03-q05837-4u-t37	3	4	tpl-1aff9e6994f7410f829c8fb0	0	201	0.081628	PASS	none	063f0e65111446cb8e200b70f37be5f8	PASS
r03-q05827-4u-t27	3	4	tpl-1aff9e6994f7410f829c8fb0	0	201	0.068197	PASS	none	f634034e68cd4575b37d66ac497d7636	PASS
r03-q05844-4u-t44	3	4	tpl-1aff9e6994f7410f829c8fb0	0	201	0.089489	PASS	none	ca0ad059012d4598ae8dea0429db016a	PASS
r03-q05840-4u-t40	3	4	tpl-1aff9e6994f7410f829c8fb0	0	201	0.080457	PASS	none	c8ba4bc047ab4537b39662342190029a	PASS
r03-q05843-4u-t43	3	4	tpl-1aff9e6994f7410f829c8fb0	0	201	0.082288	PASS	none	a12a04e5d1e3406e82c172b6392905f8	PASS
r03-q05850-4u-t50	3	4	tpl-1aff9e6994f7410f829c8fb0	0	201	0.085782	PASS	none	60cd35ed844b41bf89ef6f7ffeeaf8f9	PASS
r03-q05847-4u-t47	3	4	tpl-1aff9e6994f7410f829c8fb0	0	201	0.084860	PASS	none	1a2022996d554a8da5422779c29c18b9	PASS
r03-q05846-4u-t46	3	4	tpl-1aff9e6994f7410f829c8fb0	0	201	0.083992	PASS	none	3db27b96c25e4e18aae2b7e4043defb0	PASS
r03-q05848-4u-t48	3	4	tpl-1aff9e6994f7410f829c8fb0	0	201	0.085399	PASS	none	1ea492ebb83c474d8d27b795913fe72f	PASS
r03-q05849-4u-t49	3	4	tpl-1aff9e6994f7410f829c8fb0	0	201	0.080983	PASS	none	98454579f64e4fb599524f6353662c59	PASS
r03-q05832-4u-t32	3	4	tpl-1aff9e6994f7410f829c8fb0	0	201	0.068096	PASS	none	446b8815d1c34da6bea9904fcf08af97	PASS
r03-q05838-4u-t38	3	4	tpl-1aff9e6994f7410f829c8fb0	0	201	0.077856	PASS	none	8020e405d93c4c1f8a6eef2776234e2a	PASS
r03-q05836-4u-t36	3	4	tpl-1aff9e6994f7410f829c8fb0	0	201	0.078373	PASS	none	e76ed7aded0b40cfa087529fc97e3a0e	PASS
r03-q05841-4u-t41	3	4	tpl-1aff9e6994f7410f829c8fb0	0	201	0.081757	PASS	none	b101032f226b4be09fc6b34fcdba570a	PASS
r03-q05839-4u-t39	3	4	tpl-1aff9e6994f7410f829c8fb0	0	201	0.080332	PASS	none	8da3c7a0a1f44955a9891e7cc438f255	PASS
r03-q05845-4u-t45	3	4	tpl-1aff9e6994f7410f829c8fb0	0	201	0.081661	PASS	none	b92b010c8d0346a99b3afd647cc3d5d0	PASS
r03-q05842-4u-t42	3	4	tpl-1aff9e6994f7410f829c8fb0	0	201	0.083196	PASS	none	20f12d421b1c4f7091b270995bc75123	PASS
r04-q05856-4u-t6	4	4	tpl-1aff9e6994f7410f829c8fb0	0	201	0.065758	PASS	none	cfeb57607d0f4bbb927024dfa35cfe37	PASS
r04-q05853-4u-t3	4	4	tpl-1aff9e6994f7410f829c8fb0	0	201	0.059090	PASS	none	082f0915b3e64ce39d9b0cb9ee5659f3	PASS
r04-q05852-4u-t2	4	4	tpl-1aff9e6994f7410f829c8fb0	0	201	0.078768	PASS	none	c54d50d7a1e84f3ea73b16d349a02515	PASS
r04-q05857-4u-t7	4	4	tpl-1aff9e6994f7410f829c8fb0	0	201	0.059152	PASS	none	5de6eeb04af44ff0b652474a10342876	PASS
r04-q05851-4u-t1	4	4	tpl-1aff9e6994f7410f829c8fb0	0	201	0.050133	PASS	none	e3ff363ec64148799dc50bb43a89348a	PASS
r04-q05855-4u-t5	4	4	tpl-1aff9e6994f7410f829c8fb0	0	201	0.057577	PASS	none	8485cc72da444e7d97d4df59e3babed9	PASS
r04-q05862-4u-t12	4	4	tpl-1aff9e6994f7410f829c8fb0	0	201	0.079314	PASS	none	b624eef4eebe413595e7114c8732e337	PASS
r04-q05860-4u-t10	4	4	tpl-1aff9e6994f7410f829c8fb0	0	201	0.053155	PASS	none	a9bb25e5624f4d37b6284732b9f92935	PASS
r04-q05861-4u-t11	4	4	tpl-1aff9e6994f7410f829c8fb0	0	201	0.052292	PASS	none	8d8dff9180484f71b883bf02ed4d1347	PASS
r04-q05867-4u-t17	4	4	tpl-1aff9e6994f7410f829c8fb0	0	201	0.072869	PASS	none	b454e5c9844449b582c60d547ce99035	PASS
r04-q05866-4u-t16	4	4	tpl-1aff9e6994f7410f829c8fb0	0	201	0.076181	PASS	none	e512d89bc62e45f9866420d234dcb990	PASS
r04-q05869-4u-t19	4	4	tpl-1aff9e6994f7410f829c8fb0	0	201	0.070162	PASS	none	cc6104fb79c64abdb02ece4ab20a2f51	PASS
r04-q05863-4u-t13	4	4	tpl-1aff9e6994f7410f829c8fb0	0	201	0.058988	PASS	none	ef95e9b93ca94cb79fa3d450008b0737	PASS
r04-q05868-4u-t18	4	4	tpl-1aff9e6994f7410f829c8fb0	0	201	0.072348	PASS	none	8bbfe4dae10b43a48fbbb961bf0e2b4d	PASS
r04-q05858-4u-t8	4	4	tpl-1aff9e6994f7410f829c8fb0	0	201	0.049239	PASS	none	2065997730104b0da6dd9ea7915bdbf1	PASS
r04-q05859-4u-t9	4	4	tpl-1aff9e6994f7410f829c8fb0	0	201	0.054061	PASS	none	185b56d2a8cb4b7a9618c7da9e8bccb7	PASS
r04-q05871-4u-t21	4	4	tpl-1aff9e6994f7410f829c8fb0	0	201	0.074169	PASS	none	9c490edd4bd3424fb72d884a2c9dadee	PASS
r04-q05865-4u-t15	4	4	tpl-1aff9e6994f7410f829c8fb0	0	201	0.079920	PASS	none	83273be6eb294512aaaf7f46a81806a9	PASS
r04-q05864-4u-t14	4	4	tpl-1aff9e6994f7410f829c8fb0	0	201	0.091695	PASS	none	9be68c65cc884232b2eea4e2e50c27dc	PASS
r04-q05854-4u-t4	4	4	tpl-1aff9e6994f7410f829c8fb0	0	201	0.052799	PASS	none	26feec344db04bffa4e7ca79ca0d2a6e	PASS
r04-q05874-4u-t24	4	4	tpl-1aff9e6994f7410f829c8fb0	0	201	0.073441	PASS	none	173ba06b3b924d5d8766d2af41ac8b3a	PASS
r04-q05877-4u-t27	4	4	tpl-1aff9e6994f7410f829c8fb0	0	201	0.072756	PASS	none	284956c5ba17483495f3b3e94d2e7bbf	PASS
r04-q05872-4u-t22	4	4	tpl-1aff9e6994f7410f829c8fb0	0	201	0.064597	PASS	none	6864931096ba4c7094a4e4d4a8d2e086	PASS
r04-q05878-4u-t28	4	4	tpl-1aff9e6994f7410f829c8fb0	0	201	0.081677	PASS	none	92b696cda1a64d2f9d0622f80ff830d4	PASS
r04-q05876-4u-t26	4	4	tpl-1aff9e6994f7410f829c8fb0	0	201	0.076151	PASS	none	97c21f6f87dc48759d419cf7b84bb979	PASS
r04-q05873-4u-t23	4	4	tpl-1aff9e6994f7410f829c8fb0	0	201	0.067802	PASS	none	d0d0dd0ba1254f5b82ac8bd95be460b9	PASS
r04-q05875-4u-t25	4	4	tpl-1aff9e6994f7410f829c8fb0	0	201	0.069935	PASS	none	aff36ff0dc8f47a380dd1a1d0f91da47	PASS
r04-q05881-4u-t31	4	4	tpl-1aff9e6994f7410f829c8fb0	0	201	0.078343	PASS	none	10742217dd5b420e97fc86aaddbbe008	PASS
r04-q05884-4u-t34	4	4	tpl-1aff9e6994f7410f829c8fb0	0	201	0.087240	PASS	none	b062601f42a347d892126aba277f4d4b	PASS
r04-q05870-4u-t20	4	4	tpl-1aff9e6994f7410f829c8fb0	0	201	0.076083	PASS	none	8ea3e504caaa4919aaa4fca6bae61d88	PASS
r04-q05879-4u-t29	4	4	tpl-1aff9e6994f7410f829c8fb0	0	201	0.071048	PASS	none	33a548edbec04291a232c6d8799c52c5	PASS
r04-q05882-4u-t32	4	4	tpl-1aff9e6994f7410f829c8fb0	0	201	0.077383	PASS	none	364d84c014174371ac49a3908d0bb7a8	PASS
r04-q05880-4u-t30	4	4	tpl-1aff9e6994f7410f829c8fb0	0	201	0.075806	PASS	none	9bbebe65dc4f4ae59d231f96d8e0211d	PASS
r04-q05883-4u-t33	4	4	tpl-1aff9e6994f7410f829c8fb0	0	201	0.086468	PASS	none	b0cb81b8a00c484fbc085637ea61ad8d	PASS
r04-q05894-4u-t44	4	4	tpl-1aff9e6994f7410f829c8fb0	0	201	0.084419	PASS	none	077a0fea47e1489dab7dde83738cfbb0	PASS
r04-q05886-4u-t36	4	4	tpl-1aff9e6994f7410f829c8fb0	0	201	0.087818	PASS	none	84a472e50d5b4e16a1136bed6881d77e	PASS
r04-q05896-4u-t46	4	4	tpl-1aff9e6994f7410f829c8fb0	0	201	0.083578	PASS	none	6680bf1e226641c68264d601b5717bdc	PASS
r04-q05887-4u-t37	4	4	tpl-1aff9e6994f7410f829c8fb0	0	201	0.081552	PASS	none	8f1290471b554331ade80cd16bc99c31	PASS
r04-q05890-4u-t40	4	4	tpl-1aff9e6994f7410f829c8fb0	0	201	0.084865	PASS	none	dcc44ba5be9d4b81a49452791c18433b	PASS
r04-q05892-4u-t42	4	4	tpl-1aff9e6994f7410f829c8fb0	0	201	0.090210	PASS	none	2b5b6013034c4e35a2cec8ffff155156	PASS
r04-q05888-4u-t38	4	4	tpl-1aff9e6994f7410f829c8fb0	0	201	0.080710	PASS	none	55abf5f197d442408fa7215de5df3dee	PASS
r04-q05891-4u-t41	4	4	tpl-1aff9e6994f7410f829c8fb0	0	201	0.087125	PASS	none	240e273fe9e846f4ad0d4f556237fbbe	PASS
r04-q05900-4u-t50	4	4	tpl-1aff9e6994f7410f829c8fb0	0	201	0.073442	PASS	none	d7f8456cce3e4c7ab44b130ed2e57db5	PASS
r04-q05885-4u-t35	4	4	tpl-1aff9e6994f7410f829c8fb0	0	201	0.080242	PASS	none	1c75391bda6b4b14b182de63c85c7e76	PASS
r04-q05898-4u-t48	4	4	tpl-1aff9e6994f7410f829c8fb0	0	201	0.077152	PASS	none	11e9ecaf04ce4ca8a2ea782aae8e7ecc	PASS
r04-q05897-4u-t47	4	4	tpl-1aff9e6994f7410f829c8fb0	0	201	0.074265	PASS	none	5c909f477ffa43c48fa080dff265ffcb	PASS
r04-q05893-4u-t43	4	4	tpl-1aff9e6994f7410f829c8fb0	0	201	0.081663	PASS	none	1c9987d2159c426fb7991fe7bac01e0b	PASS
r04-q05889-4u-t39	4	4	tpl-1aff9e6994f7410f829c8fb0	0	201	0.081437	PASS	none	2b948eca503e4a8097abeed076cc05ad	PASS
r04-q05899-4u-t49	4	4	tpl-1aff9e6994f7410f829c8fb0	0	201	0.080318	PASS	none	2639869b21a9420eae978685555f960a	PASS
r04-q05895-4u-t45	4	4	tpl-1aff9e6994f7410f829c8fb0	0	201	0.085166	PASS	none	ea14b164ebca4a26be5ce549dcc2afd7	PASS
r05-q05907-4u-t7	5	4	tpl-1aff9e6994f7410f829c8fb0	0	201	0.053520	PASS	none	cb28ddcd922b4088b11954736b6bf8ca	PASS
r05-q05904-4u-t4	5	4	tpl-1aff9e6994f7410f829c8fb0	0	201	0.076391	PASS	none	32a3fb2ef4f548628787a7e20ca1ba13	PASS
r05-q05903-4u-t3	5	4	tpl-1aff9e6994f7410f829c8fb0	0	201	0.053631	PASS	none	3ffdb2a3d1ca4837bad45a2b3e08fcbd	PASS
r05-q05915-4u-t15	5	4	tpl-1aff9e6994f7410f829c8fb0	0	201	0.068678	PASS	none	721d9cc0a9af461d961070ca809487c5	PASS
r05-q05914-4u-t14	5	4	tpl-1aff9e6994f7410f829c8fb0	0	201	0.055128	PASS	none	e751fa7565214eb9b9006ab0c3dc00f3	PASS
r05-q05910-4u-t10	5	4	tpl-1aff9e6994f7410f829c8fb0	0	201	0.054409	PASS	none	a078fc5c9e5b460fac019544c3f5c3a9	PASS
r05-q05901-4u-t1	5	4	tpl-1aff9e6994f7410f829c8fb0	0	201	0.053128	PASS	none	105c964115d84610810a6145380c3097	PASS
r05-q05905-4u-t5	5	4	tpl-1aff9e6994f7410f829c8fb0	0	201	0.064358	PASS	none	e8775e5438144302ad60cc79a8fb2fe5	PASS
r05-q05909-4u-t9	5	4	tpl-1aff9e6994f7410f829c8fb0	0	201	0.062261	PASS	none	d0e0a3a5778e4ae1a6bb50d550a687c1	PASS
r05-q05917-4u-t17	5	4	tpl-1aff9e6994f7410f829c8fb0	0	201	0.059726	PASS	none	6ef6b15f27f848b58a1b05bc59ca03a9	PASS
r05-q05902-4u-t2	5	4	tpl-1aff9e6994f7410f829c8fb0	0	201	0.049133	PASS	none	f8b4e07817614dee88e5d5cdf766812e	PASS
r05-q05911-4u-t11	5	4	tpl-1aff9e6994f7410f829c8fb0	0	201	0.059369	PASS	none	771ae0c842d646c5bb55a31dd9013989	PASS
r05-q05913-4u-t13	5	4	tpl-1aff9e6994f7410f829c8fb0	0	201	0.056793	PASS	none	9195311d23244a5aa3017cc9277dc817	PASS
r05-q05912-4u-t12	5	4	tpl-1aff9e6994f7410f829c8fb0	0	201	0.050823	PASS	none	696117e6b07644d49628fda80c9351e0	PASS
r05-q05921-4u-t21	5	4	tpl-1aff9e6994f7410f829c8fb0	0	201	0.060890	PASS	none	c2ac339ad18d4ad3a73ee529d5d494a9	PASS
r05-q05918-4u-t18	5	4	tpl-1aff9e6994f7410f829c8fb0	0	201	0.057335	PASS	none	a5f89cee188742a1a6b4113eb7350778	PASS
r05-q05916-4u-t16	5	4	tpl-1aff9e6994f7410f829c8fb0	0	201	0.062078	PASS	none	e606e850c3f5462fa8502ccb279de689	PASS
r05-q05919-4u-t19	5	4	tpl-1aff9e6994f7410f829c8fb0	0	201	0.069411	PASS	none	3837db9e308a4ff4b1a3cad7b9dacff1	PASS
r05-q05906-4u-t6	5	4	tpl-1aff9e6994f7410f829c8fb0	0	201	0.066696	PASS	none	f2b9c82b6bc844d59275a7ce9c129ed7	PASS
r05-q05923-4u-t23	5	4	tpl-1aff9e6994f7410f829c8fb0	0	201	0.060180	PASS	none	807fbcfc7df9436caca135e9a5bf35cc	PASS
r05-q05920-4u-t20	5	4	tpl-1aff9e6994f7410f829c8fb0	0	201	0.065336	PASS	none	67d8025a34da454789f8e538114aac2b	PASS
r05-q05922-4u-t22	5	4	tpl-1aff9e6994f7410f829c8fb0	0	201	0.074275	PASS	none	8058ddf0871246038bacf67bad211e3b	PASS
r05-q05908-4u-t8	5	4	tpl-1aff9e6994f7410f829c8fb0	0	201	0.080686	PASS	none	fe4ed38cc9f447d6a206beaf3dac4899	PASS
r05-q05924-4u-t24	5	4	tpl-1aff9e6994f7410f829c8fb0	0	201	0.063336	PASS	none	9f4b091e346e44d3a4eeb2c6aa648e3e	PASS
r05-q05929-4u-t29	5	4	tpl-1aff9e6994f7410f829c8fb0	0	201	0.078523	PASS	none	45b553854b544e5981ddc6c72b0a3a3b	PASS
r05-q05927-4u-t27	5	4	tpl-1aff9e6994f7410f829c8fb0	0	201	0.075034	PASS	none	b1ad94526b654548b56a6917fbb165b8	PASS
r05-q05928-4u-t28	5	4	tpl-1aff9e6994f7410f829c8fb0	0	201	0.068387	PASS	none	218af8a54d8b4f3292d1b155e7b53ec4	PASS
r05-q05925-4u-t25	5	4	tpl-1aff9e6994f7410f829c8fb0	0	201	0.064924	PASS	none	3e7ff58037f74510848c26bb70543158	PASS
r05-q05936-4u-t36	5	4	tpl-1aff9e6994f7410f829c8fb0	0	201	0.079090	PASS	none	b0b3f0f636e14251a5f64c6b7c2c96ff	PASS
r05-q05930-4u-t30	5	4	tpl-1aff9e6994f7410f829c8fb0	0	201	0.071242	PASS	none	6143db20841e41dbb651097c75311a97	PASS
r05-q05931-4u-t31	5	4	tpl-1aff9e6994f7410f829c8fb0	0	201	0.073604	PASS	none	a6a95a0e66034c67b4aaba63ed77c625	PASS
r05-q05926-4u-t26	5	4	tpl-1aff9e6994f7410f829c8fb0	0	201	0.075444	PASS	none	7930374237134df3929599837007988d	PASS
r05-q05933-4u-t33	5	4	tpl-1aff9e6994f7410f829c8fb0	0	201	0.083247	PASS	none	9bae9e54011240d68bad9f32a90952ff	PASS
r05-q05932-4u-t32	5	4	tpl-1aff9e6994f7410f829c8fb0	0	201	0.080005	PASS	none	c6ab492e51f845879344aaffd7cf4fb7	PASS
r05-q05935-4u-t35	5	4	tpl-1aff9e6994f7410f829c8fb0	0	201	0.073803	PASS	none	d8910ab53d524d26b5b61125faa7c5fe	PASS
r05-q05941-4u-t41	5	4	tpl-1aff9e6994f7410f829c8fb0	0	201	0.086455	PASS	none	090b7d61ae98436f89c95ca352d762d7	PASS
r05-q05938-4u-t38	5	4	tpl-1aff9e6994f7410f829c8fb0	0	201	0.082274	PASS	none	93310767aedf422cb9a0d832605f8b25	PASS
r05-q05934-4u-t34	5	4	tpl-1aff9e6994f7410f829c8fb0	0	201	0.074161	PASS	none	06d3313bd2ca45739ec222381df957f2	PASS
r05-q05943-4u-t43	5	4	tpl-1aff9e6994f7410f829c8fb0	0	201	0.091295	PASS	none	965f5570887d43fda518451fbeacbe80	PASS
r05-q05937-4u-t37	5	4	tpl-1aff9e6994f7410f829c8fb0	0	201	0.078133	PASS	none	94df9cc6a83a47dfaf9b720e62e4b503	PASS
r05-q05940-4u-t40	5	4	tpl-1aff9e6994f7410f829c8fb0	0	201	0.088072	PASS	none	0ad4bcfa205d42b19587a6e08b4c0cfc	PASS
r05-q05947-4u-t47	5	4	tpl-1aff9e6994f7410f829c8fb0	0	201	0.080492	PASS	none	f121571292eb4eb48ffa7c4e998a53e0	PASS
r05-q05950-4u-t50	5	4	tpl-1aff9e6994f7410f829c8fb0	0	201	0.096621	PASS	none	0faa5c10c4eb43b6b2333cec5217ac1d	PASS
r05-q05939-4u-t39	5	4	tpl-1aff9e6994f7410f829c8fb0	0	201	0.078843	PASS	none	d420caa2a7fd47be8159b79e64e338e9	PASS
r05-q05949-4u-t49	5	4	tpl-1aff9e6994f7410f829c8fb0	0	201	0.090092	PASS	none	95b91f641a9e4f398c6d2bdfc958f145	PASS
r05-q05942-4u-t42	5	4	tpl-1aff9e6994f7410f829c8fb0	0	201	0.084001	PASS	none	67d12d42ed2b4f10ad96ce9125bcd918	PASS
r05-q05945-4u-t45	5	4	tpl-1aff9e6994f7410f829c8fb0	0	201	0.110732	PASS	none	0c8b7700dfaf4236879ae4c60ba21ba2	PASS
r05-q05946-4u-t46	5	4	tpl-1aff9e6994f7410f829c8fb0	0	201	0.103963	PASS	none	9c93743b92ae4f14a2168aa09a4b8399	PASS
r05-q05944-4u-t44	5	4	tpl-1aff9e6994f7410f829c8fb0	0	201	0.099598	PASS	none	e98c128839b54b26b3b880fcdfca9181	PASS
r05-q05948-4u-t48	5	4	tpl-1aff9e6994f7410f829c8fb0	0	201	0.089662	PASS	none	32cef39dba5a4ec78fd9ebf39716e788	PASS
r06-q05955-4u-t5	6	4	tpl-1aff9e6994f7410f829c8fb0	0	201	0.062445	PASS	none	c6fb4a9e82de477394351bacc39ed468	PASS
r06-q05951-4u-t1	6	4	tpl-1aff9e6994f7410f829c8fb0	0	201	0.066576	PASS	none	b6549be002b64d159955acb571fe81ba	PASS
r06-q05952-4u-t2	6	4	tpl-1aff9e6994f7410f829c8fb0	0	201	0.062893	PASS	none	b2c3ab3277774aaab4d9036e42d864db	PASS
r06-q05956-4u-t6	6	4	tpl-1aff9e6994f7410f829c8fb0	0	201	0.062893	PASS	none	5d3c5d1fdfbd43279526779262af0d02	PASS
r06-q05963-4u-t13	6	4	tpl-1aff9e6994f7410f829c8fb0	0	201	0.065001	PASS	none	6ff3263e7e504aa19630e1522e53bb3c	PASS
r06-q05954-4u-t4	6	4	tpl-1aff9e6994f7410f829c8fb0	0	201	0.077021	PASS	none	0e8f3391f8ee4fd599192acf151832ef	PASS
r06-q05957-4u-t7	6	4	tpl-1aff9e6994f7410f829c8fb0	0	201	0.067797	PASS	none	22234b117dcf4d8cb17ec4d2e8b98932	PASS
r06-q05953-4u-t3	6	4	tpl-1aff9e6994f7410f829c8fb0	0	201	0.063667	PASS	none	57949a2aa97d42a98fd9c873632d6c0e	PASS
r06-q05959-4u-t9	6	4	tpl-1aff9e6994f7410f829c8fb0	0	201	0.060933	PASS	none	3d211db1f5a14b0a8b5f1530a0cda39f	PASS
r06-q05960-4u-t10	6	4	tpl-1aff9e6994f7410f829c8fb0	0	201	0.059343	PASS	none	97b11b9d58794f6da98f8a62b3861a6d	PASS
r06-q05961-4u-t11	6	4	tpl-1aff9e6994f7410f829c8fb0	0	201	0.062433	PASS	none	6e67f50bc7bb45f6be4aef589ade9909	PASS
r06-q05964-4u-t14	6	4	tpl-1aff9e6994f7410f829c8fb0	0	201	0.076669	PASS	none	92b3abb1dca94a91916debec1a8e6ed6	PASS
r06-q05958-4u-t8	6	4	tpl-1aff9e6994f7410f829c8fb0	0	201	0.052368	PASS	none	fc9a476aff994386b1c52b47e6aeafb8	PASS
r06-q05962-4u-t12	6	4	tpl-1aff9e6994f7410f829c8fb0	0	201	0.071533	PASS	none	f822b5c54db84a7a910494a798dc7b25	PASS
r06-q05965-4u-t15	6	4	tpl-1aff9e6994f7410f829c8fb0	0	201	0.072413	PASS	none	fdef8795ca7a40a789705830a4776ffe	PASS
r06-q05969-4u-t19	6	4	tpl-1aff9e6994f7410f829c8fb0	0	201	0.072333	PASS	none	aa565bd00c454e4386d18b332724d821	PASS
r06-q05972-4u-t22	6	4	tpl-1aff9e6994f7410f829c8fb0	0	201	0.086391	PASS	none	2e6c79952a324590af1bc382e0718b92	PASS
r06-q05966-4u-t16	6	4	tpl-1aff9e6994f7410f829c8fb0	0	201	0.069126	PASS	none	34643513a9d2400da1ff7779d1e072f6	PASS
r06-q05968-4u-t18	6	4	tpl-1aff9e6994f7410f829c8fb0	0	201	0.076429	PASS	none	6020668d0e424018beb1229a54e44735	PASS
r06-q05970-4u-t20	6	4	tpl-1aff9e6994f7410f829c8fb0	0	201	0.083895	PASS	none	3e760df48832449d96994e48b571f029	PASS
r06-q05967-4u-t17	6	4	tpl-1aff9e6994f7410f829c8fb0	0	201	0.067130	PASS	none	780e920996494a64b9f4d6ed0e4e6680	PASS
r06-q05976-4u-t26	6	4	tpl-1aff9e6994f7410f829c8fb0	0	201	0.091203	PASS	none	19c89d240e5d4b0e85cc81a22fb7b5f4	PASS
r06-q05971-4u-t21	6	4	tpl-1aff9e6994f7410f829c8fb0	0	201	0.071533	PASS	none	80ca59a449e04a9f975028d3862d7dcd	PASS
r06-q05974-4u-t24	6	4	tpl-1aff9e6994f7410f829c8fb0	0	201	0.087488	PASS	none	feaaa78ae93448c7aa16eed7b30e602e	PASS
r06-q05977-4u-t27	6	4	tpl-1aff9e6994f7410f829c8fb0	0	201	0.086483	PASS	none	fd59f88b97714790808043d48a30f9b2	PASS
r06-q05973-4u-t23	6	4	tpl-1aff9e6994f7410f829c8fb0	0	201	0.091598	PASS	none	43866c0b552045bd97befd3e31bfdf0c	PASS
r06-q05979-4u-t29	6	4	tpl-1aff9e6994f7410f829c8fb0	0	201	0.081427	PASS	none	50829f13578a4d50af4c8a2a59925a32	PASS
r06-q05980-4u-t30	6	4	tpl-1aff9e6994f7410f829c8fb0	0	201	0.091181	PASS	none	a47eb2e9594448e38992a24482eb49a7	PASS
r06-q05978-4u-t28	6	4	tpl-1aff9e6994f7410f829c8fb0	0	201	0.079559	PASS	none	49bb77c40d3a4ce6871a22c63804f090	PASS
r06-q05982-4u-t32	6	4	tpl-1aff9e6994f7410f829c8fb0	0	201	0.073373	PASS	none	7645a455727d4b57ac0ccff85f1b3933	PASS
r06-q05985-4u-t35	6	4	tpl-1aff9e6994f7410f829c8fb0	0	201	0.080919	PASS	none	f38bea31c3194400b106cc3058b631cb	PASS
r06-q05990-4u-t40	6	4	tpl-1aff9e6994f7410f829c8fb0	0	201	0.077163	PASS	none	878862b5ac1c4d5281a3312e1b97dfc7	PASS
r06-q05975-4u-t25	6	4	tpl-1aff9e6994f7410f829c8fb0	0	201	0.097534	PASS	none	c7e2d214a9f24a77bebe1f1637bf5cf2	PASS
r06-q05984-4u-t34	6	4	tpl-1aff9e6994f7410f829c8fb0	0	201	0.077313	PASS	none	da06d6f8457e4a63bd6870978e2951ac	PASS
r06-q05981-4u-t31	6	4	tpl-1aff9e6994f7410f829c8fb0	0	201	0.090072	PASS	none	ed57774f85244a2aa1a6f4fcd9e91a9e	PASS
r06-q05989-4u-t39	6	4	tpl-1aff9e6994f7410f829c8fb0	0	201	0.077640	PASS	none	ba206789196e402e89e52db75ac8e241	PASS
r06-q05988-4u-t38	6	4	tpl-1aff9e6994f7410f829c8fb0	0	201	0.076350	PASS	none	4084e0a9752c43d3b2ba16b98e9a54cc	PASS
r06-q05996-4u-t46	6	4	tpl-1aff9e6994f7410f829c8fb0	0	201	0.074514	PASS	none	a6544f6a93c24f228f0dac0fabf43b33	PASS
r06-q05994-4u-t44	6	4	tpl-1aff9e6994f7410f829c8fb0	0	201	0.081183	PASS	none	383b3db67af3401988711af9aacffac5	PASS
r06-q05987-4u-t37	6	4	tpl-1aff9e6994f7410f829c8fb0	0	201	0.079589	PASS	none	08b8c9cf2af743e4a45ae581aeeb4dc0	PASS
r06-q05983-4u-t33	6	4	tpl-1aff9e6994f7410f829c8fb0	0	201	0.075863	PASS	none	3758ce3699db4c7eb96e5f41d688c312	PASS
r06-q05991-4u-t41	6	4	tpl-1aff9e6994f7410f829c8fb0	0	201	0.085935	PASS	none	8f80730e75e847f7932911c0849353b3	PASS
r06-q05993-4u-t43	6	4	tpl-1aff9e6994f7410f829c8fb0	0	201	0.083936	PASS	none	c0b350a037d841df9a85ea87d009c871	PASS
r06-q05995-4u-t45	6	4	tpl-1aff9e6994f7410f829c8fb0	0	201	0.081527	PASS	none	5dc4a12d55724163a4b13797c8554958	PASS
r06-q05998-4u-t48	6	4	tpl-1aff9e6994f7410f829c8fb0	0	201	0.084028	PASS	none	c5f9b4b8d98e4550a13144e7bf4cf093	PASS
r06-q05992-4u-t42	6	4	tpl-1aff9e6994f7410f829c8fb0	0	201	0.088844	PASS	none	eee262e806424b92a1fd6510cbd021b2	PASS
r06-q05997-4u-t47	6	4	tpl-1aff9e6994f7410f829c8fb0	0	201	0.085791	PASS	none	dd21ae8493c44fc0b2c0688cceab30d9	PASS
r06-q05999-4u-t49	6	4	tpl-1aff9e6994f7410f829c8fb0	0	201	0.076127	PASS	none	a78132b7216d4312b7df949382a4f068	PASS
r06-q06000-4u-t50	6	4	tpl-1aff9e6994f7410f829c8fb0	0	201	0.077150	PASS	none	f67760d37940483098ae3d1fbc7be000	PASS
r06-q05986-4u-t36	6	4	tpl-1aff9e6994f7410f829c8fb0	0	201	0.080328	PASS	none	de22ff14397d4331be0a9cdce94ffbab	PASS
r01-q06003-5u-t3	1	5	tpl-1883ff0a2e464b418f0e2846	0	201	0.052699	PASS	none	4d7ca883df9e4092ac5540621be0d28b	PASS
r01-q06009-5u-t9	1	5	tpl-1883ff0a2e464b418f0e2846	0	201	0.058395	PASS	none	2100f774a2474513b60c5a181fa91027	PASS
r01-q06002-5u-t2	1	5	tpl-1883ff0a2e464b418f0e2846	0	201	0.057448	PASS	none	0c3707af27a34665aa4276b476bfb7b7	PASS
r01-q06006-5u-t6	1	5	tpl-1883ff0a2e464b418f0e2846	0	201	0.050428	PASS	none	65c33d0a45664420a16902f759ac1132	PASS
r01-q06005-5u-t5	1	5	tpl-1883ff0a2e464b418f0e2846	0	201	0.052931	PASS	none	e976f2e3321f424dbce0c9c581143c2c	PASS
r01-q06010-5u-t10	1	5	tpl-1883ff0a2e464b418f0e2846	0	201	0.067741	PASS	none	c1d35bccc5064e18867ad88a79595862	PASS
r01-q06011-5u-t11	1	5	tpl-1883ff0a2e464b418f0e2846	0	201	0.062861	PASS	none	0c9ca829844a443d96e2cf9599cf04e4	PASS
r01-q06008-5u-t8	1	5	tpl-1883ff0a2e464b418f0e2846	0	201	0.051659	PASS	none	705b10e8f60948fb8be7784827bcd5c1	PASS
r01-q06013-5u-t13	1	5	tpl-1883ff0a2e464b418f0e2846	0	201	0.070053	PASS	none	6f458deb96624c879a6372208cbdadc1	PASS
r01-q06004-5u-t4	1	5	tpl-1883ff0a2e464b418f0e2846	0	201	0.053682	PASS	none	8c57a33e0b4640ab92ea6484c5d52caa	PASS
r01-q06014-5u-t14	1	5	tpl-1883ff0a2e464b418f0e2846	0	201	0.069789	PASS	none	5f861f2f137b45889da2452d63b5611c	PASS
r01-q06012-5u-t12	1	5	tpl-1883ff0a2e464b418f0e2846	0	201	0.074794	PASS	none	289313bb5e454aff95d139822c8b559c	PASS
r01-q06016-5u-t16	1	5	tpl-1883ff0a2e464b418f0e2846	0	201	0.099148	PASS	none	10b2edc670c842fe95c6277c5dc2f2f1	PASS
r01-q06001-5u-t1	1	5	tpl-1883ff0a2e464b418f0e2846	0	201	0.078786	PASS	none	136847fc4f2947baa968753b83c2c3c0	PASS
r01-q06023-5u-t23	1	5	tpl-1883ff0a2e464b418f0e2846	0	201	0.092444	PASS	none	c5476be69a1d48a38c1bb426e5f06d21	PASS
r01-q06017-5u-t17	1	5	tpl-1883ff0a2e464b418f0e2846	0	201	0.092485	PASS	none	fbd50ce8f35e43cda95311249e2c8dc2	PASS
r01-q06019-5u-t19	1	5	tpl-1883ff0a2e464b418f0e2846	0	201	0.096187	PASS	none	2222e4f9896d45fcbeff8ee0016b0cc0	PASS
r01-q06020-5u-t20	1	5	tpl-1883ff0a2e464b418f0e2846	0	201	0.082731	PASS	none	48605e67542b4b6f8cb6d5bb2295bbdd	PASS
r01-q06007-5u-t7	1	5	tpl-1883ff0a2e464b418f0e2846	0	201	0.053980	PASS	none	d1a35b3396204f368f54ea35fbd3cdf2	PASS
r01-q06018-5u-t18	1	5	tpl-1883ff0a2e464b418f0e2846	0	201	0.107342	PASS	none	c0868ab73c23498696a35f920f97b3a0	PASS
r01-q06029-5u-t29	1	5	tpl-1883ff0a2e464b418f0e2846	0	201	0.092778	PASS	none	3b2b1e295fa64376bce0568b9f67efaf	PASS
r01-q06021-5u-t21	1	5	tpl-1883ff0a2e464b418f0e2846	0	201	0.091003	PASS	none	5a4a9af1fe9f4a6d8f44c6c4e1be064b	PASS
r01-q06015-5u-t15	1	5	tpl-1883ff0a2e464b418f0e2846	0	201	0.099774	PASS	none	6486c5c5d19b41dea73c243545a477fc	PASS
r01-q06022-5u-t22	1	5	tpl-1883ff0a2e464b418f0e2846	0	201	0.086106	PASS	none	1d6b9f5af65141aaa94e5fa14c2297af	PASS
r01-q06035-5u-t35	1	5	tpl-1883ff0a2e464b418f0e2846	0	201	0.106457	PASS	none	2d19ddb5291f4966b92db59533e39aaf	PASS
r01-q06026-5u-t26	1	5	tpl-1883ff0a2e464b418f0e2846	0	201	0.089704	PASS	none	ac3b969b54d44feebfa7afe30ea33628	PASS
r01-q06031-5u-t31	1	5	tpl-1883ff0a2e464b418f0e2846	0	201	0.111531	PASS	none	85a652b846ab4b60bbd045ef290a2e89	PASS
r01-q06025-5u-t25	1	5	tpl-1883ff0a2e464b418f0e2846	0	201	0.082648	PASS	none	fbaf3addc201403493dcb9e03d98c001	PASS
r01-q06030-5u-t30	1	5	tpl-1883ff0a2e464b418f0e2846	0	201	0.103275	PASS	none	1f45a80fd894403fb1d213f55e6fc5f2	PASS
r01-q06027-5u-t27	1	5	tpl-1883ff0a2e464b418f0e2846	0	201	0.092741	PASS	none	95eda85c729442e983046b07883db81a	PASS
r01-q06024-5u-t24	1	5	tpl-1883ff0a2e464b418f0e2846	0	201	0.084882	PASS	none	7ad21f578e3d4482b0984aee838fa5da	PASS
r01-q06033-5u-t33	1	5	tpl-1883ff0a2e464b418f0e2846	0	201	0.118948	PASS	none	2346d152e77144d0a17940b022eb6275	PASS
r01-q06028-5u-t28	1	5	tpl-1883ff0a2e464b418f0e2846	0	201	0.092462	PASS	none	6e173aa47bbb4dc98f4d99603e3cc559	PASS
r01-q06042-5u-t42	1	5	tpl-1883ff0a2e464b418f0e2846	0	201	0.134453	PASS	none	459487ac0cc34ea2bc38c82cac34df90	PASS
r01-q06037-5u-t37	1	5	tpl-1883ff0a2e464b418f0e2846	0	201	0.120020	PASS	none	1bc0954677ba4f32a7f325e6870c3974	PASS
r01-q06038-5u-t38	1	5	tpl-1883ff0a2e464b418f0e2846	0	201	0.121223	PASS	none	0ae5753872f6493292cafa7fdb1326af	PASS
r01-q06043-5u-t43	1	5	tpl-1883ff0a2e464b418f0e2846	0	201	0.109939	PASS	none	f33c8471f4464e8bb02a1e57f8ff1769	PASS
r01-q06046-5u-t46	1	5	tpl-1883ff0a2e464b418f0e2846	0	201	0.122312	PASS	none	e11d2be26db04445a89ef53e60ea7c34	PASS
r01-q06041-5u-t41	1	5	tpl-1883ff0a2e464b418f0e2846	0	201	0.130829	PASS	none	368cf0b9bad64bdd9565b86218bb6165	PASS
r01-q06047-5u-t47	1	5	tpl-1883ff0a2e464b418f0e2846	0	201	0.123654	PASS	none	12e6bdde14644b8fa6cf2453e71db15a	PASS
r01-q06048-5u-t48	1	5	tpl-1883ff0a2e464b418f0e2846	0	201	0.119074	PASS	none	f048f1303b0a49b9af00472d86da10eb	PASS
r01-q06040-5u-t40	1	5	tpl-1883ff0a2e464b418f0e2846	0	201	0.123548	PASS	none	40297ab8009547f88874d6d0312335c1	PASS
r01-q06034-5u-t34	1	5	tpl-1883ff0a2e464b418f0e2846	0	201	0.113785	PASS	none	7df0a4f034d24e1da02dc63fba18724c	PASS
r01-q06049-5u-t49	1	5	tpl-1883ff0a2e464b418f0e2846	0	201	0.109856	PASS	none	bc01ea152faa42eea8e5648dc913764b	PASS
r01-q06032-5u-t32	1	5	tpl-1883ff0a2e464b418f0e2846	0	201	0.113029	PASS	none	9e1a3a67dd53440cb02430b6df997381	PASS
r01-q06036-5u-t36	1	5	tpl-1883ff0a2e464b418f0e2846	0	201	0.125417	PASS	none	50ec214cb17e434799496621f0f3fcfe	PASS
r01-q06050-5u-t50	1	5	tpl-1883ff0a2e464b418f0e2846	0	201	0.119294	PASS	none	c63594e8c24744cd8540125fad66b1c3	PASS
r01-q06044-5u-t44	1	5	tpl-1883ff0a2e464b418f0e2846	0	201	0.128319	PASS	none	a2820cff57a04b96854a52262aff1da3	PASS
r01-q06039-5u-t39	1	5	tpl-1883ff0a2e464b418f0e2846	0	201	0.119307	PASS	none	812f24ea7b0f493a8de13d6cc5d3dc8f	PASS
r01-q06045-5u-t45	1	5	tpl-1883ff0a2e464b418f0e2846	0	201	0.105674	PASS	none	26a6d26f042e428cb2ebe7466e307c45	PASS
r02-q06052-5u-t2	2	5	tpl-1883ff0a2e464b418f0e2846	0	201	0.045604	PASS	none	6589046db3d34bef9c4f6fd3eee8e75d	PASS
r02-q06054-5u-t4	2	5	tpl-1883ff0a2e464b418f0e2846	0	201	0.056539	PASS	none	6cbb7990411d4424a5ed813c084cf844	PASS
r02-q06055-5u-t5	2	5	tpl-1883ff0a2e464b418f0e2846	0	201	0.058268	PASS	none	6d4bc98c83c745edb4995813442d6916	PASS
r02-q06053-5u-t3	2	5	tpl-1883ff0a2e464b418f0e2846	0	201	0.044179	PASS	none	8c9396ebc89949ffb0ca4654fcfd7238	PASS
r02-q06059-5u-t9	2	5	tpl-1883ff0a2e464b418f0e2846	0	201	0.054473	PASS	none	3e3420c4ee1c4bc5927f87fb093f6d41	PASS
r02-q06063-5u-t13	2	5	tpl-1883ff0a2e464b418f0e2846	0	201	0.057819	PASS	none	38fe5fa7e27b4861bb46356e209016fe	PASS
r02-q06064-5u-t14	2	5	tpl-1883ff0a2e464b418f0e2846	0	201	0.085144	PASS	none	85094bea798f450a9472d8fa4fd31555	PASS
r02-q06060-5u-t10	2	5	tpl-1883ff0a2e464b418f0e2846	0	201	0.073825	PASS	none	778ee25a357c41b4aa6cd9138ecc21ed	PASS
r02-q06061-5u-t11	2	5	tpl-1883ff0a2e464b418f0e2846	0	201	0.067931	PASS	none	81c5805968da423b9a2486cc57cb35dc	PASS
r02-q06058-5u-t8	2	5	tpl-1883ff0a2e464b418f0e2846	0	201	0.052277	PASS	none	4601287163cf4c0f83d56e46c6f09c91	PASS
r02-q06057-5u-t7	2	5	tpl-1883ff0a2e464b418f0e2846	0	201	0.055357	PASS	none	790028e0f6d545c8baaf9f732e404fb1	PASS
r02-q06051-5u-t1	2	5	tpl-1883ff0a2e464b418f0e2846	0	201	0.050713	PASS	none	78275cef5c9e4cf7aab06ee50686cda0	PASS
r02-q06065-5u-t15	2	5	tpl-1883ff0a2e464b418f0e2846	0	201	0.087317	PASS	none	027873d59f2d444eb3d045eb795d64af	PASS
r02-q06056-5u-t6	2	5	tpl-1883ff0a2e464b418f0e2846	0	201	0.050853	PASS	none	06beccdd8eb246668311cc0480dd8ace	PASS
r02-q06062-5u-t12	2	5	tpl-1883ff0a2e464b418f0e2846	0	201	0.057351	PASS	none	d060ec769ee5412eb31d88954347ff5f	PASS
r02-q06067-5u-t17	2	5	tpl-1883ff0a2e464b418f0e2846	0	201	0.076912	PASS	none	673a80175cd44b988667982a2e580cc5	PASS
r02-q06090-5u-t40	2	5	tpl-1883ff0a2e464b418f0e2846	0	201	0.103042	PASS	none	0236e23ad89c4785b24514e6ac2d41a8	PASS
r02-q06073-5u-t23	2	5	tpl-1883ff0a2e464b418f0e2846	0	201	0.089707	PASS	none	b975292d2c364248a82d564291790d4e	PASS
r02-q06079-5u-t29	2	5	tpl-1883ff0a2e464b418f0e2846	0	201	0.092522	PASS	none	4c227e010cd94bd78e8b8c10a972899e	PASS
r02-q06080-5u-t30	2	5	tpl-1883ff0a2e464b418f0e2846	0	201	0.090142	PASS	none	d2ad44aed9584c02b3e754d86d70810d	PASS
r02-q06066-5u-t16	2	5	tpl-1883ff0a2e464b418f0e2846	0	201	0.081819	PASS	none	3ec89e3bbe9645b29ebbe88a1a75a928	PASS
r02-q06077-5u-t27	2	5	tpl-1883ff0a2e464b418f0e2846	0	201	0.083458	PASS	none	d3323df410c1434895316517f3cc547b	PASS
r02-q06072-5u-t22	2	5	tpl-1883ff0a2e464b418f0e2846	0	201	0.087811	PASS	none	ad40a622cbb24a1494b871cb731152bd	PASS
r02-q06068-5u-t18	2	5	tpl-1883ff0a2e464b418f0e2846	0	201	0.086716	PASS	none	c5493f06489742af957e57d888dc0665	PASS
r02-q06088-5u-t38	2	5	tpl-1883ff0a2e464b418f0e2846	0	201	0.099471	PASS	none	2bc3586b879646fdbd0decdaeb55b388	PASS
r02-q06085-5u-t35	2	5	tpl-1883ff0a2e464b418f0e2846	0	201	0.093051	PASS	none	beea58c9a32343889a7662db08da1e83	PASS
r02-q06091-5u-t41	2	5	tpl-1883ff0a2e464b418f0e2846	0	201	0.102244	PASS	none	91a965e05c204fc498b3258f68397947	PASS
r02-q06093-5u-t43	2	5	tpl-1883ff0a2e464b418f0e2846	0	201	0.096826	PASS	none	f6c7d5d777d94d4390048f16a1bb9044	PASS
r02-q06096-5u-t46	2	5	tpl-1883ff0a2e464b418f0e2846	0	201	0.088006	PASS	none	4301f289d08a4f5b82c5fd46e9d3e022	PASS
r02-q06095-5u-t45	2	5	tpl-1883ff0a2e464b418f0e2846	0	201	0.094441	PASS	none	96e1ae7cd26e4d968fc799aa31ec16c7	PASS
r02-q06074-5u-t24	2	5	tpl-1883ff0a2e464b418f0e2846	0	201	0.084411	PASS	none	226e187008ea46e8a5557568fce708d9	PASS
r02-q06094-5u-t44	2	5	tpl-1883ff0a2e464b418f0e2846	0	201	0.094542	PASS	none	4acf4709c70e400294048e0d57a44c1c	PASS
r02-q06086-5u-t36	2	5	tpl-1883ff0a2e464b418f0e2846	0	201	0.114099	PASS	none	238b259d1d824746ba75d2c572bf7d4f	PASS
r02-q06089-5u-t39	2	5	tpl-1883ff0a2e464b418f0e2846	0	201	0.106293	PASS	none	9e71b9a2660f43c68c3ee44b4054fd7f	PASS
r02-q06070-5u-t20	2	5	tpl-1883ff0a2e464b418f0e2846	0	201	0.093082	PASS	none	9d24d78eb4a14a3f8f815963ffbe4ff3	PASS
r02-q06076-5u-t26	2	5	tpl-1883ff0a2e464b418f0e2846	0	201	0.081583	PASS	none	082668de6742446db12af41c3796ce4e	PASS
r02-q06071-5u-t21	2	5	tpl-1883ff0a2e464b418f0e2846	0	201	0.084452	PASS	none	b535b64adc54463f93cd7bd101ad6f2e	PASS
r02-q06097-5u-t47	2	5	tpl-1883ff0a2e464b418f0e2846	0	201	0.096257	PASS	none	36208081a6244a21b6b4a55194e614ca	PASS
r02-q06084-5u-t34	2	5	tpl-1883ff0a2e464b418f0e2846	0	201	0.093020	PASS	none	682aff7f755942fa9f23358473a55642	PASS
r02-q06082-5u-t32	2	5	tpl-1883ff0a2e464b418f0e2846	0	201	0.090602	PASS	none	ae903e06778248429a4d6bf52eb84a89	PASS
r02-q06092-5u-t42	2	5	tpl-1883ff0a2e464b418f0e2846	0	201	0.097727	PASS	none	bdacd940d9b440e291371732d9769693	PASS
r02-q06083-5u-t33	2	5	tpl-1883ff0a2e464b418f0e2846	0	201	0.099472	PASS	none	2cd03e89c92f484e855e0089ef575a77	PASS
r02-q06075-5u-t25	2	5	tpl-1883ff0a2e464b418f0e2846	0	201	0.085735	PASS	none	d1321e75809c4c9f93cd75924a060b6a	PASS
r02-q06069-5u-t19	2	5	tpl-1883ff0a2e464b418f0e2846	0	201	0.081894	PASS	none	8afe4dffc3bf4dcd9fe3f115fa717182	PASS
r02-q06087-5u-t37	2	5	tpl-1883ff0a2e464b418f0e2846	0	201	0.105701	PASS	none	739c060a672049658b7d00ad3e4298f1	PASS
r02-q06098-5u-t48	2	5	tpl-1883ff0a2e464b418f0e2846	0	201	0.096481	PASS	none	a7fbf6a48b024aa8b98aaf40cc72ecdf	PASS
r02-q06078-5u-t28	2	5	tpl-1883ff0a2e464b418f0e2846	0	201	0.093570	PASS	none	36d2afe86c9740d08e9ba7983ce96a36	PASS
r02-q06081-5u-t31	2	5	tpl-1883ff0a2e464b418f0e2846	0	201	0.096299	PASS	none	a42a7c44016141db928693e0065b322d	PASS
r02-q06099-5u-t49	2	5	tpl-1883ff0a2e464b418f0e2846	0	201	0.096537	PASS	none	3831d94a92554d529cd17dad1b824eb9	PASS
r02-q06100-5u-t50	2	5	tpl-1883ff0a2e464b418f0e2846	0	201	0.096890	PASS	none	ef13710d348b4f7d8cb452a86c83492c	PASS
r03-q06102-5u-t2	3	5	tpl-1883ff0a2e464b418f0e2846	0	201	0.053327	PASS	none	dd2d3221cfe54807a0f9fa84d0a97c13	PASS
r03-q06103-5u-t3	3	5	tpl-1883ff0a2e464b418f0e2846	0	201	0.051065	PASS	none	5e396f0407124979988d4d41a58e4425	PASS
r03-q06104-5u-t4	3	5	tpl-1883ff0a2e464b418f0e2846	0	201	0.058920	PASS	none	816a0efcb7874e83941159e567d76281	PASS
r03-q06105-5u-t5	3	5	tpl-1883ff0a2e464b418f0e2846	0	201	0.053929	PASS	none	332065d8014c4ba18b324d693bf4c5e6	PASS
r03-q06101-5u-t1	3	5	tpl-1883ff0a2e464b418f0e2846	0	201	0.075296	PASS	none	dc5bfdebda674fea9076b954af415449	PASS
r03-q06107-5u-t7	3	5	tpl-1883ff0a2e464b418f0e2846	0	201	0.057850	PASS	none	68a2f2c070a04c04af99e5439f1305e0	PASS
r03-q06108-5u-t8	3	5	tpl-1883ff0a2e464b418f0e2846	0	201	0.051366	PASS	none	4eda6967c87440708686913c561f44a3	PASS
r03-q06106-5u-t6	3	5	tpl-1883ff0a2e464b418f0e2846	0	201	0.074456	PASS	none	c54eac0d3c4c4925ae9486d97afce5ca	PASS
r03-q06109-5u-t9	3	5	tpl-1883ff0a2e464b418f0e2846	0	201	0.051602	PASS	none	97fd9dbfe5414f99a108867bdeb1119c	PASS
r03-q06110-5u-t10	3	5	tpl-1883ff0a2e464b418f0e2846	0	201	0.082730	PASS	none	4d90cd937d824e118240500471b1b327	PASS
r03-q06111-5u-t11	3	5	tpl-1883ff0a2e464b418f0e2846	0	201	0.059054	PASS	none	c00acbac1db14ebdb6c1e184af644a29	PASS
r03-q06112-5u-t12	3	5	tpl-1883ff0a2e464b418f0e2846	0	201	0.090011	PASS	none	498379d3dd844f5b9fb886162cff0e3f	PASS
r03-q06114-5u-t14	3	5	tpl-1883ff0a2e464b418f0e2846	0	201	0.105572	PASS	none	bc030a1700dc4f6c94d7f1f47af9760e	PASS
r03-q06118-5u-t18	3	5	tpl-1883ff0a2e464b418f0e2846	0	201	0.096179	PASS	none	3093ee05ce684e8bb347994cf1c046b3	PASS
r03-q06120-5u-t20	3	5	tpl-1883ff0a2e464b418f0e2846	0	201	0.097524	PASS	none	215d39d607564b88a9ff04f780fb9703	PASS
r03-q06117-5u-t17	3	5	tpl-1883ff0a2e464b418f0e2846	0	201	0.096431	PASS	none	aa6e599eb8da486d90d5c1695cec43ee	PASS
r03-q06115-5u-t15	3	5	tpl-1883ff0a2e464b418f0e2846	0	201	0.079761	PASS	none	a191ff03bbc94f9e9b51deaeee80b5ad	PASS
r03-q06113-5u-t13	3	5	tpl-1883ff0a2e464b418f0e2846	0	201	0.059879	PASS	none	50d34e8e902845bdb37492e5942ef58b	PASS
r03-q06122-5u-t22	3	5	tpl-1883ff0a2e464b418f0e2846	0	201	0.086202	PASS	none	704d621ef0124aeaa6fc95579112c859	PASS
r03-q06124-5u-t24	3	5	tpl-1883ff0a2e464b418f0e2846	0	201	0.086569	PASS	none	8d3f4abac6a546fd818b3a8fb669a645	PASS
r03-q06119-5u-t19	3	5	tpl-1883ff0a2e464b418f0e2846	0	201	0.109496	PASS	none	4771e69789194adca27e699624c7ee8e	PASS
r03-q06131-5u-t31	3	5	tpl-1883ff0a2e464b418f0e2846	0	201	0.129251	PASS	none	c0797aff866c4ef9ab3b4a379e787977	PASS
r03-q06126-5u-t26	3	5	tpl-1883ff0a2e464b418f0e2846	0	201	0.121729	PASS	none	e47e75840dc34af3a66e1d613b933e2a	PASS
r03-q06127-5u-t27	3	5	tpl-1883ff0a2e464b418f0e2846	0	201	0.099151	PASS	none	e1d99332ed2c4212ae384f166675b38c	PASS
r03-q06123-5u-t23	3	5	tpl-1883ff0a2e464b418f0e2846	0	201	0.086358	PASS	none	bd789013ef554903bf7650246ec35751	PASS
r03-q06121-5u-t21	3	5	tpl-1883ff0a2e464b418f0e2846	0	201	0.090926	PASS	none	afde4e344cfc4e61a3c32fac50e24d05	PASS
r03-q06125-5u-t25	3	5	tpl-1883ff0a2e464b418f0e2846	0	201	0.099433	PASS	none	ecb2b53c54ef464b897d726f74b359cd	PASS
r03-q06133-5u-t33	3	5	tpl-1883ff0a2e464b418f0e2846	0	201	0.126892	PASS	none	fd26380b79e14fe4b339184cb92cdd1b	PASS
r03-q06130-5u-t30	3	5	tpl-1883ff0a2e464b418f0e2846	0	201	0.103559	PASS	none	cf8dd867bc3442c587dad6faf317270f	PASS
r03-q06116-5u-t16	3	5	tpl-1883ff0a2e464b418f0e2846	0	201	0.109737	PASS	none	33cc5f6063204dce93ecfb0577a7e689	PASS
r03-q06149-5u-t49	3	5	tpl-1883ff0a2e464b418f0e2846	0	201	0.106836	PASS	none	0a5d521ea95a434bb84ff95024b3b932	PASS
r03-q06129-5u-t29	3	5	tpl-1883ff0a2e464b418f0e2846	0	201	0.103441	PASS	none	584ec3d3cbc3403c9a31ab7b3cd1e46d	PASS
r03-q06134-5u-t34	3	5	tpl-1883ff0a2e464b418f0e2846	0	201	0.114852	PASS	none	3854aeac44e74ff6962360b6f8701a58	PASS
r03-q06135-5u-t35	3	5	tpl-1883ff0a2e464b418f0e2846	0	201	0.106956	PASS	none	47635f3093284b0b920a62e3c947c029	PASS
r03-q06128-5u-t28	3	5	tpl-1883ff0a2e464b418f0e2846	0	201	0.100465	PASS	none	dc20e65fff5e449d855e59b013a44709	PASS
r03-q06132-5u-t32	3	5	tpl-1883ff0a2e464b418f0e2846	0	201	0.118745	PASS	none	f9764d5bbe6545b8a47b63c5daefb845	PASS
r03-q06139-5u-t39	3	5	tpl-1883ff0a2e464b418f0e2846	0	201	0.105412	PASS	none	5b9149c5e6d64b1eaf4b27916ccc5575	PASS
r03-q06138-5u-t38	3	5	tpl-1883ff0a2e464b418f0e2846	0	201	0.122866	PASS	none	c28e25c3b4a84718bafd897ff6f97f87	PASS
r03-q06141-5u-t41	3	5	tpl-1883ff0a2e464b418f0e2846	0	201	0.125408	PASS	none	0ede1fc65fec44f291d47a16cfcb30a7	PASS
r03-q06137-5u-t37	3	5	tpl-1883ff0a2e464b418f0e2846	0	201	0.120078	PASS	none	2b76f9a8f4734412acfd300fcfde86ce	PASS
r03-q06147-5u-t47	3	5	tpl-1883ff0a2e464b418f0e2846	0	201	0.112611	PASS	none	dfbaddb3fb014d71bd39ff50776b041a	PASS
r03-q06148-5u-t48	3	5	tpl-1883ff0a2e464b418f0e2846	0	201	0.111587	PASS	none	74025354b8dc434fac022d80c85773c5	PASS
r03-q06144-5u-t44	3	5	tpl-1883ff0a2e464b418f0e2846	0	201	0.115892	PASS	none	97da9840d26047b19c83a610d09ca27e	PASS
r03-q06146-5u-t46	3	5	tpl-1883ff0a2e464b418f0e2846	0	201	0.120382	PASS	none	f0f10bad0b7043aabb18a37ec32c69d0	PASS
r03-q06142-5u-t42	3	5	tpl-1883ff0a2e464b418f0e2846	0	201	0.118670	PASS	none	a88d35dccfe440cab5aeb9d2cb12dd24	PASS
r03-q06145-5u-t45	3	5	tpl-1883ff0a2e464b418f0e2846	0	201	0.122354	PASS	none	f5551bcef63c4652bc87fecb5a199a0b	PASS
r03-q06140-5u-t40	3	5	tpl-1883ff0a2e464b418f0e2846	0	201	0.110912	PASS	none	ceecedd808ec4508bf4f9d706d973811	PASS
r03-q06136-5u-t36	3	5	tpl-1883ff0a2e464b418f0e2846	0	201	0.124659	PASS	none	88b0032e9b58406297bc53e19f410751	PASS
r03-q06150-5u-t50	3	5	tpl-1883ff0a2e464b418f0e2846	0	201	0.115729	PASS	none	dcdf3e33c56e4f368c9377b48db380db	PASS
r03-q06143-5u-t43	3	5	tpl-1883ff0a2e464b418f0e2846	0	201	0.126093	PASS	none	e6e0fb3af9414708891f3eed37c7c332	PASS
r04-q06155-5u-t5	4	5	tpl-1883ff0a2e464b418f0e2846	0	201	0.055078	PASS	none	88dcec1c93cb40518c64212a236d38dc	PASS
r04-q06154-5u-t4	4	5	tpl-1883ff0a2e464b418f0e2846	0	201	0.059569	PASS	none	ffadbd4fffdc483f8ab1b228a00fdaf8	PASS
r04-q06158-5u-t8	4	5	tpl-1883ff0a2e464b418f0e2846	0	201	0.059152	PASS	none	7564f86c65da4263af9d21e95001fc52	PASS
r04-q06159-5u-t9	4	5	tpl-1883ff0a2e464b418f0e2846	0	201	0.062326	PASS	none	8db6b560cba0449dafc6602faf5bda6f	PASS
r04-q06156-5u-t6	4	5	tpl-1883ff0a2e464b418f0e2846	0	201	0.055907	PASS	none	686f132cb5a744ee926f853cc8ebdc7f	PASS
r04-q06161-5u-t11	4	5	tpl-1883ff0a2e464b418f0e2846	0	201	0.067087	PASS	none	a55a64f5f4c4466db5b65bfc1f4ec3cc	PASS
r04-q06166-5u-t16	4	5	tpl-1883ff0a2e464b418f0e2846	0	201	0.096809	PASS	none	b7b4737ccd4b4776a09bec647c571140	PASS
r04-q06162-5u-t12	4	5	tpl-1883ff0a2e464b418f0e2846	0	201	0.084214	PASS	none	6d404834d79d46e0beaa082f5abddde0	PASS
r04-q06168-5u-t18	4	5	tpl-1883ff0a2e464b418f0e2846	0	201	0.097490	PASS	none	09960aec7a284ae6a89c6b1c33137078	PASS
r04-q06153-5u-t3	4	5	tpl-1883ff0a2e464b418f0e2846	0	201	0.060175	PASS	none	bdb166ee538e46b39ff4f50e3eb1b952	PASS
r04-q06151-5u-t1	4	5	tpl-1883ff0a2e464b418f0e2846	0	201	0.059949	PASS	none	2135ead23d6643ab9480853348337c80	PASS
r04-q06152-5u-t2	4	5	tpl-1883ff0a2e464b418f0e2846	0	201	0.082057	PASS	none	02146c92159e412791b571987e86bd6c	PASS
r04-q06157-5u-t7	4	5	tpl-1883ff0a2e464b418f0e2846	0	201	0.077873	PASS	none	b419e08e16af42108e51a2a609bd069e	PASS
r04-q06160-5u-t10	4	5	tpl-1883ff0a2e464b418f0e2846	0	201	0.105941	PASS	none	a16ec0ad426c4eed8f7b31d7c79c4dc0	PASS
r04-q06164-5u-t14	4	5	tpl-1883ff0a2e464b418f0e2846	0	201	0.104280	PASS	none	64e0ac2fa74942ec9f1c3b07cdfce133	PASS
r04-q06167-5u-t17	4	5	tpl-1883ff0a2e464b418f0e2846	0	201	0.112509	PASS	none	55de103559f54768bf86c161816a9f68	PASS
r04-q06173-5u-t23	4	5	tpl-1883ff0a2e464b418f0e2846	0	201	0.088840	PASS	none	5df819766cf14b9c911c3060dcac1739	PASS
r04-q06163-5u-t13	4	5	tpl-1883ff0a2e464b418f0e2846	0	201	0.112603	PASS	none	48537e25a9ba4639b2eceb6ee47cb47e	PASS
r04-q06165-5u-t15	4	5	tpl-1883ff0a2e464b418f0e2846	0	201	0.097993	PASS	none	4066b94bbf244ed682e986abbad48b9a	PASS
r04-q06170-5u-t20	4	5	tpl-1883ff0a2e464b418f0e2846	0	201	0.086269	PASS	none	d5eca9dd6afc480cbdfb1b1c16a15212	PASS
r04-q06174-5u-t24	4	5	tpl-1883ff0a2e464b418f0e2846	0	201	0.092646	PASS	none	6f458d088a36476caa242e5a5089604c	PASS
r04-q06172-5u-t22	4	5	tpl-1883ff0a2e464b418f0e2846	0	201	0.081427	PASS	none	9e454e22d7e842d08c83cea289843284	PASS
r04-q06171-5u-t21	4	5	tpl-1883ff0a2e464b418f0e2846	0	201	0.094307	PASS	none	2880f513d479476bb18bb99da5dd786f	PASS
r04-q06175-5u-t25	4	5	tpl-1883ff0a2e464b418f0e2846	0	201	0.098252	PASS	none	e428d831db8c44989891098ca8be68e6	PASS
r04-q06176-5u-t26	4	5	tpl-1883ff0a2e464b418f0e2846	0	201	0.099677	PASS	none	118968bf5dc14d9d93d45bcc3c63f145	PASS
r04-q06180-5u-t30	4	5	tpl-1883ff0a2e464b418f0e2846	0	201	0.110947	PASS	none	cf25c8d9d9b342bf9998730dbc5fd65b	PASS
r04-q06181-5u-t31	4	5	tpl-1883ff0a2e464b418f0e2846	0	201	0.102289	PASS	none	7f482e5e71554f59b1647259939ea042	PASS
r04-q06178-5u-t28	4	5	tpl-1883ff0a2e464b418f0e2846	0	201	0.121749	PASS	none	182fed1f73304888b1ddf7ce323461d1	PASS
r04-q06169-5u-t19	4	5	tpl-1883ff0a2e464b418f0e2846	0	201	0.109709	PASS	none	422844a80be44dd4a627e6dd186ab642	PASS
r04-q06177-5u-t27	4	5	tpl-1883ff0a2e464b418f0e2846	0	201	0.101733	PASS	none	f18b052eb26a42069a4d99270c714b11	PASS
r04-q06182-5u-t32	4	5	tpl-1883ff0a2e464b418f0e2846	0	201	0.116909	PASS	none	e39f1efb28574583afd36442e4cf4ae5	PASS
r04-q06183-5u-t33	4	5	tpl-1883ff0a2e464b418f0e2846	0	201	0.109933	PASS	none	5276afed1bef4d5387a8b9197a5ca13c	PASS
r04-q06179-5u-t29	4	5	tpl-1883ff0a2e464b418f0e2846	0	201	0.117882	PASS	none	fc5c8af3db974934905a90d5a56d51b6	PASS
r04-q06188-5u-t38	4	5	tpl-1883ff0a2e464b418f0e2846	0	201	0.112913	PASS	none	b482112aaa0948419e021a0a8460b43a	PASS
r04-q06187-5u-t37	4	5	tpl-1883ff0a2e464b418f0e2846	0	201	0.102158	PASS	none	5154b02f5f5745a683f86b4c81bcb93f	PASS
r04-q06186-5u-t36	4	5	tpl-1883ff0a2e464b418f0e2846	0	201	0.098835	PASS	none	7a4b7d5a7f62482bb7198580a25e01e2	PASS
r04-q06189-5u-t39	4	5	tpl-1883ff0a2e464b418f0e2846	0	201	0.112607	PASS	none	0062e8650a6740fdb3dd8efe075135a8	PASS
r04-q06191-5u-t41	4	5	tpl-1883ff0a2e464b418f0e2846	0	201	0.112908	PASS	none	d474a61ec00046058bb914d192146aa2	PASS
r04-q06185-5u-t35	4	5	tpl-1883ff0a2e464b418f0e2846	0	201	0.117885	PASS	none	28662164ae824c5daf6b5855a2dee00e	PASS
r04-q06184-5u-t34	4	5	tpl-1883ff0a2e464b418f0e2846	0	201	0.109640	PASS	none	dfc85741851c4ebc8decb5d57efb424d	PASS
r04-q06196-5u-t46	4	5	tpl-1883ff0a2e464b418f0e2846	0	201	0.121788	PASS	none	ed7bac5458a04e148d374240a62af3dc	PASS
r04-q06194-5u-t44	4	5	tpl-1883ff0a2e464b418f0e2846	0	201	0.112257	PASS	none	250ddc5eb7f742b78a54f04d107e78f0	PASS
r04-q06197-5u-t47	4	5	tpl-1883ff0a2e464b418f0e2846	0	201	0.125506	PASS	none	1ed63549e2094385b28d3bd78a3ca653	PASS
r04-q06193-5u-t43	4	5	tpl-1883ff0a2e464b418f0e2846	0	201	0.127052	PASS	none	8c546f5098634fd398839228c225dc97	PASS
r04-q06192-5u-t42	4	5	tpl-1883ff0a2e464b418f0e2846	0	201	0.124408	PASS	none	7cacf6b49ad949788ffd0689be8becab	PASS
r04-q06190-5u-t40	4	5	tpl-1883ff0a2e464b418f0e2846	0	201	0.116645	PASS	none	ee8d22dbb2984d41a8b6d780975a4bd5	PASS
r04-q06198-5u-t48	4	5	tpl-1883ff0a2e464b418f0e2846	0	201	0.121165	PASS	none	7886ad6447ee44ff81c2674c1cb8d9e0	PASS
r04-q06195-5u-t45	4	5	tpl-1883ff0a2e464b418f0e2846	0	201	0.125095	PASS	none	105763f9be224e85a0ff4bfce02d290a	PASS
r04-q06200-5u-t50	4	5	tpl-1883ff0a2e464b418f0e2846	0	201	0.119304	PASS	none	75932c2f7dc7452e908ac33752595986	PASS
r04-q06199-5u-t49	4	5	tpl-1883ff0a2e464b418f0e2846	0	201	0.126314	PASS	none	16897567e38f44d0bb716840eac66f1c	PASS
r05-q06210-5u-t10	5	5	tpl-1883ff0a2e464b418f0e2846	0	201	0.061949	PASS	none	4b77813758ba470e9d476fa62a4d7121	PASS
r05-q06203-5u-t3	5	5	tpl-1883ff0a2e464b418f0e2846	0	201	0.066562	PASS	none	c38894cc645f4281b344141b55387261	PASS
r05-q06202-5u-t2	5	5	tpl-1883ff0a2e464b418f0e2846	0	201	0.059361	PASS	none	54122b585e78403cb00c2f24d15bb9c6	PASS
r05-q06205-5u-t5	5	5	tpl-1883ff0a2e464b418f0e2846	0	201	0.059901	PASS	none	36317a43824b46e8bc0db6bcec05ee32	PASS
r05-q06213-5u-t13	5	5	tpl-1883ff0a2e464b418f0e2846	0	201	0.070044	PASS	none	31c1b01602d84a9da6c4b556c817917a	PASS
r05-q06207-5u-t7	5	5	tpl-1883ff0a2e464b418f0e2846	0	201	0.076612	PASS	none	0bc0536db3d648a2a9736bbb4af6ec2d	PASS
r05-q06204-5u-t4	5	5	tpl-1883ff0a2e464b418f0e2846	0	201	0.083680	PASS	none	c8440c15a4d7421aa0927b706128e3c2	PASS
r05-q06220-5u-t20	5	5	tpl-1883ff0a2e464b418f0e2846	0	201	0.074879	PASS	none	25692789106b43d6bf78cccfcd81d268	PASS
r05-q06209-5u-t9	5	5	tpl-1883ff0a2e464b418f0e2846	0	201	0.081450	PASS	none	6c9e939b10f44072abd864ebc2ea36c5	PASS
r05-q06215-5u-t15	5	5	tpl-1883ff0a2e464b418f0e2846	0	201	0.072315	PASS	none	cb0464f95c434b7db94732d0adf7dcb4	PASS
r05-q06201-5u-t1	5	5	tpl-1883ff0a2e464b418f0e2846	0	201	0.090255	PASS	none	089f3ab0f6934c6c953eed182c75116e	PASS
r05-q06219-5u-t19	5	5	tpl-1883ff0a2e464b418f0e2846	0	201	0.067425	PASS	none	af67ab019d474a889dffe1664750f7f1	PASS
r05-q06218-5u-t18	5	5	tpl-1883ff0a2e464b418f0e2846	0	201	0.075971	PASS	none	1271c060902f4d14b37090263392cbfa	PASS
r05-q06208-5u-t8	5	5	tpl-1883ff0a2e464b418f0e2846	0	201	0.059543	PASS	none	515051c9720b44c2bfb62309790da0a0	PASS
r05-q06216-5u-t16	5	5	tpl-1883ff0a2e464b418f0e2846	0	201	0.073833	PASS	none	ef1bbc9e056b43a9ac2cc9af25a80eab	PASS
r05-q06212-5u-t12	5	5	tpl-1883ff0a2e464b418f0e2846	0	201	0.084650	PASS	none	17eb5747cf9e4504ac1ce4657d592e4d	PASS
r05-q06211-5u-t11	5	5	tpl-1883ff0a2e464b418f0e2846	0	201	0.058543	PASS	none	85a15de22722482abb437863ca42fe30	PASS
r05-q06225-5u-t25	5	5	tpl-1883ff0a2e464b418f0e2846	0	201	0.080236	PASS	none	8e49fd257b2442e0894845d610015545	PASS
r05-q06222-5u-t22	5	5	tpl-1883ff0a2e464b418f0e2846	0	201	0.080349	PASS	none	2329e9157c9040fa946f22345a9ac61f	PASS
r05-q06223-5u-t23	5	5	tpl-1883ff0a2e464b418f0e2846	0	201	0.073753	PASS	none	841afd3aa2c14e3b8ff1507f967dab5d	PASS
r05-q06228-5u-t28	5	5	tpl-1883ff0a2e464b418f0e2846	0	201	0.084100	PASS	none	39620ca6166142369e0f99757d24aea3	PASS
r05-q06242-5u-t42	5	5	tpl-1883ff0a2e464b418f0e2846	0	201	0.103087	PASS	none	2277c4af178a4cb89646715698d7287f	PASS
r05-q06206-5u-t6	5	5	tpl-1883ff0a2e464b418f0e2846	0	201	0.063944	PASS	none	ae7bd4a3536a479ea1b92c5473087fc9	PASS
r05-q06226-5u-t26	5	5	tpl-1883ff0a2e464b418f0e2846	0	201	0.085038	PASS	none	a795b3bbc19a47aea3f50756b69a4872	PASS
r05-q06229-5u-t29	5	5	tpl-1883ff0a2e464b418f0e2846	0	201	0.080451	PASS	none	da15acb4a29b4f06bc1aadf39190625b	PASS
r05-q06236-5u-t36	5	5	tpl-1883ff0a2e464b418f0e2846	0	201	0.092711	PASS	none	1ab7671e9eb3493982436d2dff4fa6a3	PASS
r05-q06224-5u-t24	5	5	tpl-1883ff0a2e464b418f0e2846	0	201	0.070693	PASS	none	ab03b56ba92e436998e7157366eddb41	PASS
r05-q06217-5u-t17	5	5	tpl-1883ff0a2e464b418f0e2846	0	201	0.071558	PASS	none	d545e6061f784b0dac240e826d8695f8	PASS
r05-q06238-5u-t38	5	5	tpl-1883ff0a2e464b418f0e2846	0	201	0.095928	PASS	none	34cdfd53f4e74ebba8707c7df4d51475	PASS
r05-q06250-5u-t50	5	5	tpl-1883ff0a2e464b418f0e2846	0	201	0.090476	PASS	none	8b0b34c0942744419802bbd3aab91856	PASS
r05-q06234-5u-t34	5	5	tpl-1883ff0a2e464b418f0e2846	0	201	0.084854	PASS	none	1c661bf88b2c41c98d186ff22d65d56e	PASS
r05-q06239-5u-t39	5	5	tpl-1883ff0a2e464b418f0e2846	0	201	0.097925	PASS	none	e1fce9a2a78e4262867bf3d0265cee35	PASS
r05-q06245-5u-t45	5	5	tpl-1883ff0a2e464b418f0e2846	0	201	0.108937	PASS	none	6a189fd2d871467dac0d97f57ae95655	PASS
r05-q06232-5u-t32	5	5	tpl-1883ff0a2e464b418f0e2846	0	201	0.086444	PASS	none	be842975b80b42498467176455641779	PASS
r05-q06221-5u-t21	5	5	tpl-1883ff0a2e464b418f0e2846	0	201	0.077249	PASS	none	4e7ab8571ea74337b1b1f97f93ebf1ff	PASS
r05-q06241-5u-t41	5	5	tpl-1883ff0a2e464b418f0e2846	0	201	0.097135	PASS	none	6c4d72e890a74a68ade5974b1a23c390	PASS
r05-q06235-5u-t35	5	5	tpl-1883ff0a2e464b418f0e2846	0	201	0.086631	PASS	none	5bda2b1a935f4191b11381d954a9a695	PASS
r05-q06231-5u-t31	5	5	tpl-1883ff0a2e464b418f0e2846	0	201	0.090252	PASS	none	9df220e0a5024dbb8f33f58f4e546104	PASS
r05-q06233-5u-t33	5	5	tpl-1883ff0a2e464b418f0e2846	0	201	0.089334	PASS	none	e2e22143a2444fba99fdb099622e3490	PASS
r05-q06227-5u-t27	5	5	tpl-1883ff0a2e464b418f0e2846	0	201	0.082262	PASS	none	556061a1426b4bc89930003ee06c79b6	PASS
r05-q06230-5u-t30	5	5	tpl-1883ff0a2e464b418f0e2846	0	201	0.086601	PASS	none	f1821f6990054a4c9fb13e3bdbd232bd	PASS
r05-q06214-5u-t14	5	5	tpl-1883ff0a2e464b418f0e2846	0	201	0.074441	PASS	none	b03b2d4347b84b0c97fd35885f2cbd80	PASS
r05-q06244-5u-t44	5	5	tpl-1883ff0a2e464b418f0e2846	0	201	0.100098	PASS	none	6e709e3d354247019ec0a4c481845dd9	PASS
r05-q06246-5u-t46	5	5	tpl-1883ff0a2e464b418f0e2846	0	201	0.101828	PASS	none	e196a586e460490d86153e9b1b2d4a1a	PASS
r05-q06240-5u-t40	5	5	tpl-1883ff0a2e464b418f0e2846	0	201	0.107564	PASS	none	40a75220975545968d8038ecdbe746ea	PASS
r05-q06248-5u-t48	5	5	tpl-1883ff0a2e464b418f0e2846	0	201	0.099706	PASS	none	afabc870d4b040318bd08d1d83447d27	PASS
r05-q06243-5u-t43	5	5	tpl-1883ff0a2e464b418f0e2846	0	201	0.108569	PASS	none	a3d7a4645d0443d8b5e1a2f3a5a69d6e	PASS
r05-q06249-5u-t49	5	5	tpl-1883ff0a2e464b418f0e2846	0	201	0.097494	PASS	none	90efa0a32265427c894769eb9615d03f	PASS
r05-q06247-5u-t47	5	5	tpl-1883ff0a2e464b418f0e2846	0	201	0.101830	PASS	none	dff5f2b1cb254e5caab02ea60687cc03	PASS
r05-q06237-5u-t37	5	5	tpl-1883ff0a2e464b418f0e2846	0	201	0.095196	PASS	none	f1834735dc474156a49322f92ff01888	PASS
r06-q06252-5u-t2	6	5	tpl-1883ff0a2e464b418f0e2846	0	201	0.057066	PASS	none	13a494ea4ad342acbd46588c1ae1cf12	PASS
r06-q06251-5u-t1	6	5	tpl-1883ff0a2e464b418f0e2846	0	201	0.075134	PASS	none	113449db94d647e59cd6592d9a6baa15	PASS
r06-q06254-5u-t4	6	5	tpl-1883ff0a2e464b418f0e2846	0	201	0.050359	PASS	none	315301bee40f4e8b8e1d7ba2533d9284	PASS
r06-q06257-5u-t7	6	5	tpl-1883ff0a2e464b418f0e2846	0	201	0.054951	PASS	none	d8e4ef82c4504b1cb19eb8b9cc0577a8	PASS
r06-q06259-5u-t9	6	5	tpl-1883ff0a2e464b418f0e2846	0	201	0.082686	PASS	none	06ced3a136fa48a98c26f8b112ddb82e	PASS
r06-q06253-5u-t3	6	5	tpl-1883ff0a2e464b418f0e2846	0	201	0.053645	PASS	none	f4b9ed7673d34db4a71f119ff3bfe0bf	PASS
r06-q06256-5u-t6	6	5	tpl-1883ff0a2e464b418f0e2846	0	201	0.055068	PASS	none	5e439f56bea54bdb9503e068cefb10ca	PASS
r06-q06258-5u-t8	6	5	tpl-1883ff0a2e464b418f0e2846	0	201	0.057978	PASS	none	40eea7176ec846828296cdf6b08f5198	PASS
r06-q06265-5u-t15	6	5	tpl-1883ff0a2e464b418f0e2846	0	201	0.084798	PASS	none	53c8be83bcb849ebbf485402327c86d6	PASS
r06-q06274-5u-t24	6	5	tpl-1883ff0a2e464b418f0e2846	0	201	0.094724	PASS	none	3b0470326f6141ba806ae0df38814146	PASS
r06-q06264-5u-t14	6	5	tpl-1883ff0a2e464b418f0e2846	0	201	0.087521	PASS	none	602942d2f3a64990a6c1e6d67d8307de	PASS
r06-q06266-5u-t16	6	5	tpl-1883ff0a2e464b418f0e2846	0	201	0.092440	PASS	none	22b8b88d4e8745ae9cb8d99396cdfe5c	PASS
r06-q06260-5u-t10	6	5	tpl-1883ff0a2e464b418f0e2846	0	201	0.052547	PASS	none	0c22bf302ce2456db2062c7cfcfd851f	PASS
r06-q06286-5u-t36	6	5	tpl-1883ff0a2e464b418f0e2846	0	201	0.097966	PASS	none	7b87712302154159921181d1f7d7ba62	PASS
r06-q06271-5u-t21	6	5	tpl-1883ff0a2e464b418f0e2846	0	201	0.086206	PASS	none	5c9259db251b4715a5def49c0d237e7f	PASS
r06-q06255-5u-t5	6	5	tpl-1883ff0a2e464b418f0e2846	0	201	0.049882	PASS	none	c040c3e34f104e868d0ddd487ffbc092	PASS
r06-q06272-5u-t22	6	5	tpl-1883ff0a2e464b418f0e2846	0	201	0.080361	PASS	none	62ce08b9b5764c69b2c2ee62c3037984	PASS
r06-q06268-5u-t18	6	5	tpl-1883ff0a2e464b418f0e2846	0	201	0.076881	PASS	none	25e14b9632ff492ea2d1e1c434765169	PASS
r06-q06263-5u-t13	6	5	tpl-1883ff0a2e464b418f0e2846	0	201	0.083788	PASS	none	921b4d2449df4eb4b3de3d8ade699ed9	PASS
r06-q06277-5u-t27	6	5	tpl-1883ff0a2e464b418f0e2846	0	201	0.093233	PASS	none	ac0a8da45ecc43468ac738fdeb4ae1b7	PASS
r06-q06284-5u-t34	6	5	tpl-1883ff0a2e464b418f0e2846	0	201	0.105332	PASS	none	3e8025b226ce4d6f9ca9f0d81cbb3d6b	PASS
r06-q06262-5u-t12	6	5	tpl-1883ff0a2e464b418f0e2846	0	201	0.088465	PASS	none	fb50a65e73084d56840e5a7155defd2f	PASS
r06-q06281-5u-t31	6	5	tpl-1883ff0a2e464b418f0e2846	0	201	0.116963	PASS	none	4cf3dd06f2c54862bb16b133f7b12e48	PASS
r06-q06267-5u-t17	6	5	tpl-1883ff0a2e464b418f0e2846	0	201	0.094388	PASS	none	c7bef782ac5743f1853335f47f8c1814	PASS
r06-q06261-5u-t11	6	5	tpl-1883ff0a2e464b418f0e2846	0	201	0.088785	PASS	none	d5dc28b7e4b0459193a6bf620694a5f6	PASS
r06-q06280-5u-t30	6	5	tpl-1883ff0a2e464b418f0e2846	0	201	0.113455	PASS	none	390ba9cde09f41fb96097567d5cf2919	PASS
r06-q06283-5u-t33	6	5	tpl-1883ff0a2e464b418f0e2846	0	201	0.120560	PASS	none	ea62b87cf47142eeb55beb495cbb0f85	PASS
r06-q06270-5u-t20	6	5	tpl-1883ff0a2e464b418f0e2846	0	201	0.080242	PASS	none	a7352c4dbd6d472abb2383b9716a2be2	PASS
r06-q06285-5u-t35	6	5	tpl-1883ff0a2e464b418f0e2846	0	201	0.098035	PASS	none	91cb2d62ba034a51a6c2de54a2d9109c	PASS
r06-q06282-5u-t32	6	5	tpl-1883ff0a2e464b418f0e2846	0	201	0.115216	PASS	none	b73a7b210bbd4186be00cf6fb44d2f47	PASS
r06-q06275-5u-t25	6	5	tpl-1883ff0a2e464b418f0e2846	0	201	0.111634	PASS	none	b15bd0685d2d40009ca706cb8478631c	PASS
r06-q06279-5u-t29	6	5	tpl-1883ff0a2e464b418f0e2846	0	201	0.095227	PASS	none	9525fe2b9b7648239d9dc47a0191aa63	PASS
r06-q06273-5u-t23	6	5	tpl-1883ff0a2e464b418f0e2846	0	201	0.101389	PASS	none	cd9a5c84de7e496fac466ebd97444429	PASS
r06-q06293-5u-t43	6	5	tpl-1883ff0a2e464b418f0e2846	0	201	0.130259	PASS	none	cf27e46365df4699b1278583cfde8224	PASS
r06-q06278-5u-t28	6	5	tpl-1883ff0a2e464b418f0e2846	0	201	0.109212	PASS	none	66221e6873614e9e8f90f466175643a6	PASS
r06-q06269-5u-t19	6	5	tpl-1883ff0a2e464b418f0e2846	0	201	0.086186	PASS	none	d9b3036978b7429dbf4fa76882a9cd90	PASS
r06-q06287-5u-t37	6	5	tpl-1883ff0a2e464b418f0e2846	0	201	0.115507	PASS	none	5461cca899fe4dc0bcf0b8fbf4eb074f	PASS
r06-q06294-5u-t44	6	5	tpl-1883ff0a2e464b418f0e2846	0	201	0.132388	PASS	none	d6cc2e60e2ce47d8ae0a857337ee2c35	PASS
r06-q06292-5u-t42	6	5	tpl-1883ff0a2e464b418f0e2846	0	201	0.132973	PASS	none	1344a2678c2b469c867ba1db54750775	PASS
r06-q06290-5u-t40	6	5	tpl-1883ff0a2e464b418f0e2846	0	201	0.121839	PASS	none	330c64c7e8414b54ba6650758d617ff2	PASS
r06-q06297-5u-t47	6	5	tpl-1883ff0a2e464b418f0e2846	0	201	0.123899	PASS	none	8627b5bc7f1740a1ae178ce2c82a99f0	PASS
r06-q06296-5u-t46	6	5	tpl-1883ff0a2e464b418f0e2846	0	201	0.120704	PASS	none	b10299510b97479fa6f8b1f37fd689b6	PASS
r06-q06298-5u-t48	6	5	tpl-1883ff0a2e464b418f0e2846	0	201	0.123847	PASS	none	b89435e2ba584c40902c8eef1acf0de7	PASS
r06-q06288-5u-t38	6	5	tpl-1883ff0a2e464b418f0e2846	0	201	0.113516	PASS	none	83e18c2d02004dad86aa934f2934ea12	PASS
r06-q06295-5u-t45	6	5	tpl-1883ff0a2e464b418f0e2846	0	201	0.130872	PASS	none	b7612ceaaaa44730937fe361af7eb635	PASS
r06-q06300-5u-t50	6	5	tpl-1883ff0a2e464b418f0e2846	0	201	0.115116	PASS	none	49eb930589c34f96843ce4cfd93c0381	PASS
r06-q06289-5u-t39	6	5	tpl-1883ff0a2e464b418f0e2846	0	201	0.121192	PASS	none	5e9966a7c92a4d65a1e57aada5e50d34	PASS
r06-q06276-5u-t26	6	5	tpl-1883ff0a2e464b418f0e2846	0	201	0.108872	PASS	none	61155818cfda4a05bc6387a8fd4f5fe5	PASS
r06-q06299-5u-t49	6	5	tpl-1883ff0a2e464b418f0e2846	0	201	0.117499	PASS	none	4915c27097d3465ca2141c9f8f720731	PASS
r06-q06291-5u-t41	6	5	tpl-1883ff0a2e464b418f0e2846	0	201	0.128250	PASS	none	6d8c1ff14bef4c5db231c1deed3064c9	PASS
r01-q06305-5u-t5	1	5	tpl-ade04ca479b84695a469e0cc	0	201	0.068222	PASS	none	b25ebae545d6400bba61fd311e9175a2	PASS
r01-q06301-5u-t1	1	5	tpl-ade04ca479b84695a469e0cc	0	201	0.052257	PASS	none	4211a8dcee444d8084e6b4f199188bbc	PASS
r01-q06308-5u-t8	1	5	tpl-ade04ca479b84695a469e0cc	0	201	0.055467	PASS	none	af791a077f7f46faa622a4de2546fd0d	PASS
r01-q06303-5u-t3	1	5	tpl-ade04ca479b84695a469e0cc	0	201	0.070484	PASS	none	9afd707b3057411f8d2ae43bd70c7352	PASS
r01-q06304-5u-t4	1	5	tpl-ade04ca479b84695a469e0cc	0	201	0.050999	PASS	none	6c7453d542f04cb4895115776390adcd	PASS
r01-q06310-5u-t10	1	5	tpl-ade04ca479b84695a469e0cc	0	201	0.061729	PASS	none	8a8f7af61bf246398029729dea1d74b7	PASS
r01-q06306-5u-t6	1	5	tpl-ade04ca479b84695a469e0cc	0	201	0.052724	PASS	none	f15608181dfb491c85ba3d1ac4c1e7f0	PASS
r01-q06309-5u-t9	1	5	tpl-ade04ca479b84695a469e0cc	0	201	0.053580	PASS	none	2c2f430a95524ce89856b71585f7ee08	PASS
r01-q06314-5u-t14	1	5	tpl-ade04ca479b84695a469e0cc	0	201	0.068260	PASS	none	727183e85f084ebd8d57dcb1309dac4c	PASS
r01-q06302-5u-t2	1	5	tpl-ade04ca479b84695a469e0cc	0	201	0.052926	PASS	none	c78e694a597d4591bff5a82aa375a481	PASS
r01-q06312-5u-t12	1	5	tpl-ade04ca479b84695a469e0cc	0	201	0.062135	PASS	none	e36fa23842c04f0da05afe0432fd32f6	PASS
r01-q06322-5u-t22	1	5	tpl-ade04ca479b84695a469e0cc	0	201	0.064200	PASS	none	80959ec654384bc9b8f3d568a9f4c369	PASS
r01-q06315-5u-t15	1	5	tpl-ade04ca479b84695a469e0cc	0	201	0.065687	PASS	none	461e6b4a8db04ae18809e3f96de5ebd9	PASS
r01-q06307-5u-t7	1	5	tpl-ade04ca479b84695a469e0cc	0	201	0.055991	PASS	none	f2f7fcf600374c2092c94e6c2c13926e	PASS
r01-q06311-5u-t11	1	5	tpl-ade04ca479b84695a469e0cc	0	201	0.059274	PASS	none	dfbeac2619014005a791b37d084857a6	PASS
r01-q06316-5u-t16	1	5	tpl-ade04ca479b84695a469e0cc	0	201	0.079147	PASS	none	8a617ff00c104d638aa12b410228a493	PASS
r01-q06320-5u-t20	1	5	tpl-ade04ca479b84695a469e0cc	0	201	0.059882	PASS	none	fa6f44ba0bdc46538c7af90ca8725d2d	PASS
r01-q06325-5u-t25	1	5	tpl-ade04ca479b84695a469e0cc	0	201	0.076319	PASS	none	8ad0f892b705444fa629947d4c40c554	PASS
r01-q06319-5u-t19	1	5	tpl-ade04ca479b84695a469e0cc	0	201	0.068393	PASS	none	f8e6c33711a946e09e4484be7f2906a9	PASS
r01-q06321-5u-t21	1	5	tpl-ade04ca479b84695a469e0cc	0	201	0.070326	PASS	none	6e0601f48eba4570b85648f1ab709dcf	PASS
r01-q06318-5u-t18	1	5	tpl-ade04ca479b84695a469e0cc	0	201	0.073999	PASS	none	d126114e457545c990ccb0c1ed600295	PASS
r01-q06326-5u-t26	1	5	tpl-ade04ca479b84695a469e0cc	0	201	0.069869	PASS	none	fde944d3502d4a5cb857cc48613b4f8f	PASS
r01-q06313-5u-t13	1	5	tpl-ade04ca479b84695a469e0cc	0	201	0.065740	PASS	none	15fedb03794843858fc7566ca58b1202	PASS
r01-q06317-5u-t17	1	5	tpl-ade04ca479b84695a469e0cc	0	201	0.063387	PASS	none	882bcb73cf4b4a24af2f394d069b14e9	PASS
r01-q06333-5u-t33	1	5	tpl-ade04ca479b84695a469e0cc	0	201	0.076376	PASS	none	1353a9d98737459f8413552034d9fc22	PASS
r01-q06332-5u-t32	1	5	tpl-ade04ca479b84695a469e0cc	0	201	0.077195	PASS	none	4d123148b7b54562a36b973689983460	PASS
r01-q06328-5u-t28	1	5	tpl-ade04ca479b84695a469e0cc	0	201	0.069357	PASS	none	da9c69ae3a034107965a10b267708d7c	PASS
r01-q06334-5u-t34	1	5	tpl-ade04ca479b84695a469e0cc	0	201	0.082713	PASS	none	d6881da6229343de8748b9ebb1016cfd	PASS
r01-q06324-5u-t24	1	5	tpl-ade04ca479b84695a469e0cc	0	201	0.066497	PASS	none	72786b109dff4ef78cd81d8ec331d05f	PASS
r01-q06327-5u-t27	1	5	tpl-ade04ca479b84695a469e0cc	0	201	0.082903	PASS	none	a7914084b3034c389734c63ab9eabc9d	PASS
r01-q06323-5u-t23	1	5	tpl-ade04ca479b84695a469e0cc	0	201	0.072272	PASS	none	1a41836b8b514ad5b1fe8f0fae15f095	PASS
r01-q06336-5u-t36	1	5	tpl-ade04ca479b84695a469e0cc	0	201	0.079685	PASS	none	91324b64308243dca9c5750aee197703	PASS
r01-q06337-5u-t37	1	5	tpl-ade04ca479b84695a469e0cc	0	201	0.076353	PASS	none	8b4503d2181247dfb22be6956c276852	PASS
r01-q06331-5u-t31	1	5	tpl-ade04ca479b84695a469e0cc	0	201	0.080398	PASS	none	94c62078b856454f86241d6f1114b307	PASS
r01-q06341-5u-t41	1	5	tpl-ade04ca479b84695a469e0cc	0	201	0.087917	PASS	none	e6c7df45ff224ec597f6561c3c1d5f85	PASS
r01-q06338-5u-t38	1	5	tpl-ade04ca479b84695a469e0cc	0	201	0.096176	PASS	none	80a1ddf69a7c4a60becf161d855aa075	PASS
r01-q06330-5u-t30	1	5	tpl-ade04ca479b84695a469e0cc	0	201	0.078656	PASS	none	51ab3413510143f0b3f1ee435cad0d62	PASS
r01-q06340-5u-t40	1	5	tpl-ade04ca479b84695a469e0cc	0	201	0.086104	PASS	none	c2e92088117e465ba03c942c29a3b0f4	PASS
r01-q06329-5u-t29	1	5	tpl-ade04ca479b84695a469e0cc	0	201	0.079345	PASS	none	8a093c9dad054a8eb93c5f09242ccd61	PASS
r01-q06339-5u-t39	1	5	tpl-ade04ca479b84695a469e0cc	0	201	0.086261	PASS	none	71c92006c7274c9fb543f301a5d3fe1c	PASS
r01-q06335-5u-t35	1	5	tpl-ade04ca479b84695a469e0cc	0	201	0.077522	PASS	none	06c0b7ce3372468e94216458257601c7	PASS
r01-q06345-5u-t45	1	5	tpl-ade04ca479b84695a469e0cc	0	201	0.079247	PASS	none	974cc7873bca4468b4f663eb88ca042a	PASS
r01-q06346-5u-t46	1	5	tpl-ade04ca479b84695a469e0cc	0	201	0.098283	PASS	none	68c329d44a5749da9f93acefadd1c0ac	PASS
r01-q06349-5u-t49	1	5	tpl-ade04ca479b84695a469e0cc	0	201	0.074608	PASS	none	05181110f3a3476ab3f5fc2559002795	PASS
r01-q06350-5u-t50	1	5	tpl-ade04ca479b84695a469e0cc	0	201	0.077211	PASS	none	8abb6bf2a5c3492982e8c2cabe64a088	PASS
r01-q06343-5u-t43	1	5	tpl-ade04ca479b84695a469e0cc	0	201	0.076790	PASS	none	c4547b2299c7496eb5a30f60dd9fcbfa	PASS
r01-q06344-5u-t44	1	5	tpl-ade04ca479b84695a469e0cc	0	201	0.073980	PASS	none	530c1d457b604fababd0c102fcc33acb	PASS
r01-q06347-5u-t47	1	5	tpl-ade04ca479b84695a469e0cc	0	201	0.090953	PASS	none	2a1478adad604ef8a28e91fbcc8eb486	PASS
r01-q06342-5u-t42	1	5	tpl-ade04ca479b84695a469e0cc	0	201	0.088407	PASS	none	8f7219fe09244b158db1ac237792281e	PASS
r01-q06348-5u-t48	1	5	tpl-ade04ca479b84695a469e0cc	0	201	0.082836	PASS	none	b49c101b721d488d9e9a1b5781388193	PASS
r02-q06351-5u-t1	2	5	tpl-ade04ca479b84695a469e0cc	0	201	0.063988	PASS	none	b23480ce8c7245b4aa55e9928080d9d3	PASS
r02-q06353-5u-t3	2	5	tpl-ade04ca479b84695a469e0cc	0	201	0.052259	PASS	none	670bca18623a435a800fc7141a8f56d6	PASS
r02-q06355-5u-t5	2	5	tpl-ade04ca479b84695a469e0cc	0	201	0.048654	PASS	none	118cd2cb41b942418f301720b82df226	PASS
r02-q06352-5u-t2	2	5	tpl-ade04ca479b84695a469e0cc	0	201	0.055576	PASS	none	4c6c80ea93f849a1a559e538ae5b5889	PASS
r02-q06359-5u-t9	2	5	tpl-ade04ca479b84695a469e0cc	0	201	0.053155	PASS	none	0e83f1a177434d968414129dde6cb7d8	PASS
r02-q06357-5u-t7	2	5	tpl-ade04ca479b84695a469e0cc	0	201	0.052894	PASS	none	968869af86b24e0ea741a365fb37864f	PASS
r02-q06354-5u-t4	2	5	tpl-ade04ca479b84695a469e0cc	0	201	0.051168	PASS	none	1d72b92f59b64586b2c06f2abd7c7d32	PASS
r02-q06366-5u-t16	2	5	tpl-ade04ca479b84695a469e0cc	0	201	0.062258	PASS	none	21970df42ebf484b9bffb6125a094406	PASS
r02-q06362-5u-t12	2	5	tpl-ade04ca479b84695a469e0cc	0	201	0.064206	PASS	none	d3ccb0f7beed4485888b550d88f90c74	PASS
r02-q06375-5u-t25	2	5	tpl-ade04ca479b84695a469e0cc	0	201	0.073576	PASS	none	9a3e86949ecf4e53b3e1f915a7085f84	PASS
r02-q06369-5u-t19	2	5	tpl-ade04ca479b84695a469e0cc	0	201	0.081838	PASS	none	06ec8e8cda8c4899ba95d5894f82e032	PASS
r02-q06356-5u-t6	2	5	tpl-ade04ca479b84695a469e0cc	0	201	0.071172	PASS	none	e268d9e1c37846a5938b68eab9b5fe3b	PASS
r02-q06370-5u-t20	2	5	tpl-ade04ca479b84695a469e0cc	0	201	0.066720	PASS	none	30c1f048acbe4bce98932dbfe31945af	PASS
r02-q06360-5u-t10	2	5	tpl-ade04ca479b84695a469e0cc	0	201	0.055187	PASS	none	a77506de819247a393a8e0a904cb582b	PASS
r02-q06368-5u-t18	2	5	tpl-ade04ca479b84695a469e0cc	0	201	0.072688	PASS	none	29fd72f6f7c941fcaad073e3349431cb	PASS
r02-q06363-5u-t13	2	5	tpl-ade04ca479b84695a469e0cc	0	201	0.069692	PASS	none	36bf5c152e1845d1aff6076a529b727e	PASS
r02-q06358-5u-t8	2	5	tpl-ade04ca479b84695a469e0cc	0	201	0.063537	PASS	none	e5325c785a2c4d7aacfc53e8626aa9f4	PASS
r02-q06365-5u-t15	2	5	tpl-ade04ca479b84695a469e0cc	0	201	0.064575	PASS	none	f8b007eb85fd4b08a4cbbce9742d865d	PASS
r02-q06372-5u-t22	2	5	tpl-ade04ca479b84695a469e0cc	0	201	0.067936	PASS	none	e543fccfff67472fbe285e5b00113002	PASS
r02-q06373-5u-t23	2	5	tpl-ade04ca479b84695a469e0cc	0	201	0.070244	PASS	none	0485104131cf4077a89989cc8395fb05	PASS
r02-q06364-5u-t14	2	5	tpl-ade04ca479b84695a469e0cc	0	201	0.062885	PASS	none	a18c8ddf89224067947e27e63d6329be	PASS
r02-q06367-5u-t17	2	5	tpl-ade04ca479b84695a469e0cc	0	201	0.068810	PASS	none	02ded97e38e7422cbc7c3ca9e5e118d2	PASS
r02-q06377-5u-t27	2	5	tpl-ade04ca479b84695a469e0cc	0	201	0.066427	PASS	none	4f4c1a3d217e4690b7f99fea2a92e2fd	PASS
r02-q06374-5u-t24	2	5	tpl-ade04ca479b84695a469e0cc	0	201	0.079945	PASS	none	098abb3bfd1e46788a59efbdb3771c10	PASS
r02-q06361-5u-t11	2	5	tpl-ade04ca479b84695a469e0cc	0	201	0.072633	PASS	none	bee0eeab3b6c4c1587366d670a75f03b	PASS
r02-q06379-5u-t29	2	5	tpl-ade04ca479b84695a469e0cc	0	201	0.077505	PASS	none	2d0b8f63ff634be5a5edb8243afe5701	PASS
r02-q06371-5u-t21	2	5	tpl-ade04ca479b84695a469e0cc	0	201	0.068984	PASS	none	a1a1bb7d17ac4c3c9031cecf44024278	PASS
r02-q06380-5u-t30	2	5	tpl-ade04ca479b84695a469e0cc	0	201	0.078400	PASS	none	1eb7792866a44d2aa4868772c9c50bb4	PASS
r02-q06378-5u-t28	2	5	tpl-ade04ca479b84695a469e0cc	0	201	0.072763	PASS	none	3285543ea5414d9fbb352c3f899ff11b	PASS
r02-q06386-5u-t36	2	5	tpl-ade04ca479b84695a469e0cc	0	201	0.082113	PASS	none	d2c6fe12660447d884e3dd2efd8a25c3	PASS
r02-q06382-5u-t32	2	5	tpl-ade04ca479b84695a469e0cc	0	201	0.076768	PASS	none	ff92f4b1b18e4c5f9b0ac0a7c93cd3ab	PASS
r02-q06383-5u-t33	2	5	tpl-ade04ca479b84695a469e0cc	0	201	0.074218	PASS	none	074c0181286146ffb9f27fd02d5cc14b	PASS
r02-q06384-5u-t34	2	5	tpl-ade04ca479b84695a469e0cc	0	201	0.077736	PASS	none	164e634d4f45440a9dfae61479f882d1	PASS
r02-q06385-5u-t35	2	5	tpl-ade04ca479b84695a469e0cc	0	201	0.090086	PASS	none	0b199a0423ee4410a6a1fbec078bc591	PASS
r02-q06395-5u-t45	2	5	tpl-ade04ca479b84695a469e0cc	0	201	0.073840	PASS	none	b80239d81fa44a7d9cb9e7c8d2068b60	PASS
r02-q06376-5u-t26	2	5	tpl-ade04ca479b84695a469e0cc	0	201	0.070549	PASS	none	21689a4c01f245d498ac2a10adfacc60	PASS
r02-q06396-5u-t46	2	5	tpl-ade04ca479b84695a469e0cc	0	201	0.085599	PASS	none	21b257bca8174db9b1d1098bb97918a8	PASS
r02-q06381-5u-t31	2	5	tpl-ade04ca479b84695a469e0cc	0	201	0.083174	PASS	none	d7fe97ab7d554b6e9934b4f17e9491f2	PASS
r02-q06391-5u-t41	2	5	tpl-ade04ca479b84695a469e0cc	0	201	0.079885	PASS	none	062fb3d3f8434b47848400ce0875adab	PASS
r02-q06388-5u-t38	2	5	tpl-ade04ca479b84695a469e0cc	0	201	0.091520	PASS	none	7763248bce88469d9a732829fbcce697	PASS
r02-q06392-5u-t42	2	5	tpl-ade04ca479b84695a469e0cc	0	201	0.078978	PASS	none	12e643cd83d445f2b973cd9bb39396e4	PASS
r02-q06389-5u-t39	2	5	tpl-ade04ca479b84695a469e0cc	0	201	0.081977	PASS	none	86a8357a9b39454ba1d700869adfaefa	PASS
r02-q06397-5u-t47	2	5	tpl-ade04ca479b84695a469e0cc	0	201	0.075799	PASS	none	b655e923e68a4bdcb9fe6fd7a78ca0b7	PASS
r02-q06387-5u-t37	2	5	tpl-ade04ca479b84695a469e0cc	0	201	0.083752	PASS	none	9e528c394ff64b1897654401d5fd4291	PASS
r02-q06393-5u-t43	2	5	tpl-ade04ca479b84695a469e0cc	0	201	0.079736	PASS	none	483efc9d845a4fbea67850e2ad42f4d0	PASS
r02-q06390-5u-t40	2	5	tpl-ade04ca479b84695a469e0cc	0	201	0.081381	PASS	none	f80979440e1f4cecad75323007d10cd9	PASS
r02-q06394-5u-t44	2	5	tpl-ade04ca479b84695a469e0cc	0	201	0.077576	PASS	none	fa9b762123044f84ad45434c8c538f36	PASS
r02-q06398-5u-t48	2	5	tpl-ade04ca479b84695a469e0cc	0	201	0.078220	PASS	none	475c0eca89a749c1890ab6160e771261	PASS
r02-q06400-5u-t50	2	5	tpl-ade04ca479b84695a469e0cc	0	201	0.079063	PASS	none	981aeb798657472c8f09eacd1b5e25e1	PASS
r02-q06399-5u-t49	2	5	tpl-ade04ca479b84695a469e0cc	0	201	0.076264	PASS	none	1d5d5f33e79b47389f87452360d19900	PASS
r03-q06408-5u-t8	3	5	tpl-ade04ca479b84695a469e0cc	0	201	0.049051	PASS	none	c9d12445c73444d68095d9fedece9515	PASS
r03-q06404-5u-t4	3	5	tpl-ade04ca479b84695a469e0cc	0	201	0.055742	PASS	none	e93cb8faf11e4698930e3899c8cf634d	PASS
r03-q06401-5u-t1	3	5	tpl-ade04ca479b84695a469e0cc	0	201	0.051078	PASS	none	02ed78ba8100487691ee8c2fbd116776	PASS
r03-q06407-5u-t7	3	5	tpl-ade04ca479b84695a469e0cc	0	201	0.055313	PASS	none	714ea105132d468790cd4154cc1b0758	PASS
r03-q06416-5u-t16	3	5	tpl-ade04ca479b84695a469e0cc	0	201	0.072051	PASS	none	4441088209b34ea680b75be95dfe09e2	PASS
r03-q06417-5u-t17	3	5	tpl-ade04ca479b84695a469e0cc	0	201	0.071103	PASS	none	7b48a357de414ce386d7177ffd389bc3	PASS
r03-q06420-5u-t20	3	5	tpl-ade04ca479b84695a469e0cc	0	201	0.069135	PASS	none	e9df4d8851984e789d8d0fcdcb9cd93b	PASS
r03-q06403-5u-t3	3	5	tpl-ade04ca479b84695a469e0cc	0	201	0.046044	PASS	none	008b5be7c78d44228a3bcf4170f43354	PASS
r03-q06405-5u-t5	3	5	tpl-ade04ca479b84695a469e0cc	0	201	0.047271	PASS	none	381613fd999f4ede9ff15523656df103	PASS
r03-q06412-5u-t12	3	5	tpl-ade04ca479b84695a469e0cc	0	201	0.064681	PASS	none	c3a83e661b35464eabf04b8c89e540d7	PASS
r03-q06411-5u-t11	3	5	tpl-ade04ca479b84695a469e0cc	0	201	0.065067	PASS	none	b53d2f39f8e341c4ae9c8acfee3b3b32	PASS
r03-q06402-5u-t2	3	5	tpl-ade04ca479b84695a469e0cc	0	201	0.045691	PASS	none	a6ca2c39b0e74640a324d37703578a6e	PASS
r03-q06415-5u-t15	3	5	tpl-ade04ca479b84695a469e0cc	0	201	0.065969	PASS	none	1cd3b772e7a9446dbee0c37b0a102a73	PASS
r03-q06431-5u-t31	3	5	tpl-ade04ca479b84695a469e0cc	0	201	0.069911	PASS	none	4cd8e81f9ff04b0393d3555321272ab0	PASS
r03-q06409-5u-t9	3	5	tpl-ade04ca479b84695a469e0cc	0	201	0.053344	PASS	none	ceef92b5048b4aa09ed8fe0026fd08db	PASS
r03-q06406-5u-t6	3	5	tpl-ade04ca479b84695a469e0cc	0	201	0.048062	PASS	none	2457ecd93b60425489b057e2d4c3bd39	PASS
r03-q06414-5u-t14	3	5	tpl-ade04ca479b84695a469e0cc	0	201	0.067318	PASS	none	4c8d3d2a50a74259ae06f4010329fe08	PASS
r03-q06424-5u-t24	3	5	tpl-ade04ca479b84695a469e0cc	0	201	0.068812	PASS	none	1489d5a1fe24465fb897b04c4640aaf0	PASS
r03-q06435-5u-t35	3	5	tpl-ade04ca479b84695a469e0cc	0	201	0.074888	PASS	none	1553d3aa96114bb9a14f483e04a7a26a	PASS
r03-q06438-5u-t38	3	5	tpl-ade04ca479b84695a469e0cc	0	201	0.079177	PASS	none	b3db64ff0b14493e9269a4f0dd1862c0	PASS
r03-q06410-5u-t10	3	5	tpl-ade04ca479b84695a469e0cc	0	201	0.055973	PASS	none	796d13eb4310488290740a5024b35661	PASS
r03-q06418-5u-t18	3	5	tpl-ade04ca479b84695a469e0cc	0	201	0.064620	PASS	none	627b47dc821740d8a98c76e317e23aea	PASS
r03-q06436-5u-t36	3	5	tpl-ade04ca479b84695a469e0cc	0	201	0.071549	PASS	none	98c1853a24c64b40ad774aaa9d3c9a7c	PASS
r03-q06419-5u-t19	3	5	tpl-ade04ca479b84695a469e0cc	0	201	0.074566	PASS	none	7c5b585b39ab472c8f35d1f61b3b02dc	PASS
r03-q06423-5u-t23	3	5	tpl-ade04ca479b84695a469e0cc	0	201	0.059535	PASS	none	aaacb21c90884d4195b52589c80d1ddd	PASS
r03-q06422-5u-t22	3	5	tpl-ade04ca479b84695a469e0cc	0	201	0.065690	PASS	none	cbff787bfdcc4350b9ab007becba9830	PASS
r03-q06441-5u-t41	3	5	tpl-ade04ca479b84695a469e0cc	0	201	0.075624	PASS	none	9aabfb8ef47d4508b04e0b895d1ac9a2	PASS
r03-q06426-5u-t26	3	5	tpl-ade04ca479b84695a469e0cc	0	201	0.075387	PASS	none	b55d9cb14a9f41d6801adaafbbb42f7e	PASS
r03-q06428-5u-t28	3	5	tpl-ade04ca479b84695a469e0cc	0	201	0.068710	PASS	none	6f9026c0e68f470b9058f3cef911e69c	PASS
r03-q06413-5u-t13	3	5	tpl-ade04ca479b84695a469e0cc	0	201	0.074942	PASS	none	c63688ed0475418fb97d3504d005d942	PASS
r03-q06432-5u-t32	3	5	tpl-ade04ca479b84695a469e0cc	0	201	0.074408	PASS	none	66559d3b11754d06b9e0c348aaa7267d	PASS
r03-q06425-5u-t25	3	5	tpl-ade04ca479b84695a469e0cc	0	201	0.076340	PASS	none	f4e7101ef4f7474e873a20e9082b30a4	PASS
r03-q06421-5u-t21	3	5	tpl-ade04ca479b84695a469e0cc	0	201	0.082018	PASS	none	f683dced988e43068f70a651db16c402	PASS
r03-q06430-5u-t30	3	5	tpl-ade04ca479b84695a469e0cc	0	201	0.070113	PASS	none	86735566808b4ed1bb4f0073fdd0028c	PASS
r03-q06447-5u-t47	3	5	tpl-ade04ca479b84695a469e0cc	0	201	0.087330	PASS	none	61484fd10e0c4dc58d6c256c33eb2640	PASS
r03-q06445-5u-t45	3	5	tpl-ade04ca479b84695a469e0cc	0	201	0.076908	PASS	none	9ab041b8fff74ab284938ec35e6525d8	PASS
r03-q06440-5u-t40	3	5	tpl-ade04ca479b84695a469e0cc	0	201	0.076669	PASS	none	ded61e964cb84f96a52204ea4a1b5f42	PASS
r03-q06437-5u-t37	3	5	tpl-ade04ca479b84695a469e0cc	0	201	0.083039	PASS	none	d4e4bcb0af0144abab107c53de1b0f92	PASS
r03-q06434-5u-t34	3	5	tpl-ade04ca479b84695a469e0cc	0	201	0.075626	PASS	none	d054b627c7ed4b92ac6d6683d4f008f1	PASS
r03-q06439-5u-t39	3	5	tpl-ade04ca479b84695a469e0cc	0	201	0.082400	PASS	none	4c4e488683df4208ac4ea5e231ab49fe	PASS
r03-q06443-5u-t43	3	5	tpl-ade04ca479b84695a469e0cc	0	201	0.081695	PASS	none	b067774147934d54b3926188d77285f5	PASS
r03-q06450-5u-t50	3	5	tpl-ade04ca479b84695a469e0cc	0	201	0.075567	PASS	none	b3db99d6c8104339a4002396d3d49835	PASS
r03-q06433-5u-t33	3	5	tpl-ade04ca479b84695a469e0cc	0	201	0.075319	PASS	none	f336d7c3fde54dbfbeda8695139eb48e	PASS
r03-q06442-5u-t42	3	5	tpl-ade04ca479b84695a469e0cc	0	201	0.075273	PASS	none	d1585f97f7854492ab6895966c1df685	PASS
r03-q06449-5u-t49	3	5	tpl-ade04ca479b84695a469e0cc	0	201	0.079260	PASS	none	1fb74a241a3b484d858cc06bed785f0a	PASS
r03-q06446-5u-t46	3	5	tpl-ade04ca479b84695a469e0cc	0	201	0.074251	PASS	none	14e4ba920d494408b9034fd1f6a4f7d1	PASS
r03-q06429-5u-t29	3	5	tpl-ade04ca479b84695a469e0cc	0	201	0.069246	PASS	none	93eb89f76d294b3a88506ad149c015be	PASS
r03-q06427-5u-t27	3	5	tpl-ade04ca479b84695a469e0cc	0	201	0.072606	PASS	none	4152c75850574b048722ac01e6d71ba6	PASS
r03-q06444-5u-t44	3	5	tpl-ade04ca479b84695a469e0cc	0	201	0.075605	PASS	none	c64c8b89dc374ab8b7a32330168434d3	PASS
r03-q06448-5u-t48	3	5	tpl-ade04ca479b84695a469e0cc	0	201	0.076397	PASS	none	6627ecae42394f15b298b696347c2724	PASS
r04-q06451-5u-t1	4	5	tpl-ade04ca479b84695a469e0cc	0	201	0.049984	PASS	none	116a9b1fba4946c3ae74fb6026ee7853	PASS
r04-q06455-5u-t5	4	5	tpl-ade04ca479b84695a469e0cc	0	201	0.051686	PASS	none	40ba1d8c0bf04ae49da914a94f2f995c	PASS
r04-q06453-5u-t3	4	5	tpl-ade04ca479b84695a469e0cc	0	201	0.042338	PASS	none	b6667923a16a4ddd9088bb9bf7fdd48a	PASS
r04-q06460-5u-t10	4	5	tpl-ade04ca479b84695a469e0cc	0	201	0.053370	PASS	none	d6ed004810b542428c946bb39ceede56	PASS
r04-q06452-5u-t2	4	5	tpl-ade04ca479b84695a469e0cc	0	201	0.044956	PASS	none	13f060d739d7484c9fec13cdd6d4357a	PASS
r04-q06459-5u-t9	4	5	tpl-ade04ca479b84695a469e0cc	0	201	0.060598	PASS	none	065aba993ee247ed88ddb841e614ec3c	PASS
r04-q06457-5u-t7	4	5	tpl-ade04ca479b84695a469e0cc	0	201	0.057298	PASS	none	4cb7f916b40f4ebcab88d6b4e7e90fa8	PASS
r04-q06464-5u-t14	4	5	tpl-ade04ca479b84695a469e0cc	0	201	0.056040	PASS	none	69e40372b2cf46b9b180566bbacb183c	PASS
r04-q06456-5u-t6	4	5	tpl-ade04ca479b84695a469e0cc	0	201	0.075738	PASS	none	f6caf6c518c84b81bcbbbb87dba83f0d	PASS
r04-q06463-5u-t13	4	5	tpl-ade04ca479b84695a469e0cc	0	201	0.072683	PASS	none	40737a977b0f40099bd13d2f8ca1801b	PASS
r04-q06458-5u-t8	4	5	tpl-ade04ca479b84695a469e0cc	0	201	0.053114	PASS	none	b2499a7892cd4a5d9290440dac6a1e35	PASS
r04-q06465-5u-t15	4	5	tpl-ade04ca479b84695a469e0cc	0	201	0.063510	PASS	none	3c2df762a31245d1b114168625b0c542	PASS
r04-q06469-5u-t19	4	5	tpl-ade04ca479b84695a469e0cc	0	201	0.058808	PASS	none	beec2378cee84c43aacf0c335e5ae620	PASS
r04-q06461-5u-t11	4	5	tpl-ade04ca479b84695a469e0cc	0	201	0.072988	PASS	none	dd5ae0f320e24647b9bf660055791b4c	PASS
r04-q06467-5u-t17	4	5	tpl-ade04ca479b84695a469e0cc	0	201	0.059195	PASS	none	d8f3e565511240528d9ddda3cff38081	PASS
r04-q06454-5u-t4	4	5	tpl-ade04ca479b84695a469e0cc	0	201	0.065438	PASS	none	874640e6cb494760b0e814d2644f0d47	PASS
r04-q06468-5u-t18	4	5	tpl-ade04ca479b84695a469e0cc	0	201	0.078447	PASS	none	95b0157274d44a01ac7a4a688fdda9d2	PASS
r04-q06470-5u-t20	4	5	tpl-ade04ca479b84695a469e0cc	0	201	0.060334	PASS	none	cc75a56500274314aea95a0c7d708968	PASS
r04-q06474-5u-t24	4	5	tpl-ade04ca479b84695a469e0cc	0	201	0.073671	PASS	none	c932613a1a7d4cadb93ac08c6ba0ea1a	PASS
r04-q06472-5u-t22	4	5	tpl-ade04ca479b84695a469e0cc	0	201	0.065689	PASS	none	5e7b1046e8a64571854d57f7059e68a4	PASS
r04-q06473-5u-t23	4	5	tpl-ade04ca479b84695a469e0cc	0	201	0.070949	PASS	none	439d3478e7c6411a973d50214db5153c	PASS
r04-q06476-5u-t26	4	5	tpl-ade04ca479b84695a469e0cc	0	201	0.068436	PASS	none	bf1f85e56a9940278313cbbcc033a17e	PASS
r04-q06471-5u-t21	4	5	tpl-ade04ca479b84695a469e0cc	0	201	0.071481	PASS	none	37ba2dda7a1647efa283533e4437a11f	PASS
r04-q06466-5u-t16	4	5	tpl-ade04ca479b84695a469e0cc	0	201	0.061757	PASS	none	dd7d43a7cddf466bae4f5a8500833d22	PASS
r04-q06479-5u-t29	4	5	tpl-ade04ca479b84695a469e0cc	0	201	0.067920	PASS	none	876b44490174451da2ee046751698d52	PASS
r04-q06477-5u-t27	4	5	tpl-ade04ca479b84695a469e0cc	0	201	0.072147	PASS	none	c6679a2f8a48478988b7636d74e9b64a	PASS
r04-q06478-5u-t28	4	5	tpl-ade04ca479b84695a469e0cc	0	201	0.070872	PASS	none	c382d1a66ba94629a26288b82a4c2f9a	PASS
r04-q06462-5u-t12	4	5	tpl-ade04ca479b84695a469e0cc	0	201	0.081140	PASS	none	0e340d916620416eb8feebead8641f62	PASS
r04-q06484-5u-t34	4	5	tpl-ade04ca479b84695a469e0cc	0	201	0.076273	PASS	none	f05bbc62f6354b96b3a2de4f6142eaac	PASS
r04-q06475-5u-t25	4	5	tpl-ade04ca479b84695a469e0cc	0	201	0.069863	PASS	none	9b4d667a79244856b67d6b52c1275017	PASS
r04-q06483-5u-t33	4	5	tpl-ade04ca479b84695a469e0cc	0	201	0.079462	PASS	none	a0a095ad82ff48d69ca48f6f22c7f706	PASS
r04-q06480-5u-t30	4	5	tpl-ade04ca479b84695a469e0cc	0	201	0.066443	PASS	none	5ab501e368b34729a5bd452f73e342b6	PASS
r04-q06485-5u-t35	4	5	tpl-ade04ca479b84695a469e0cc	0	201	0.073847	PASS	none	4dc491c639424d14b201b51a2dca0a16	PASS
r04-q06489-5u-t39	4	5	tpl-ade04ca479b84695a469e0cc	0	201	0.077305	PASS	none	091b38a549f148b5bffde1b8f2a31f07	PASS
r04-q06490-5u-t40	4	5	tpl-ade04ca479b84695a469e0cc	0	201	0.079691	PASS	none	20646118a3394df4b29c79bb5e3f6a4e	PASS
r04-q06481-5u-t31	4	5	tpl-ade04ca479b84695a469e0cc	0	201	0.077420	PASS	none	8d3d2b418c404a08961f7df90c322a54	PASS
r04-q06487-5u-t37	4	5	tpl-ade04ca479b84695a469e0cc	0	201	0.073422	PASS	none	99d47aa7403a46129f31e04583156f8d	PASS
r04-q06482-5u-t32	4	5	tpl-ade04ca479b84695a469e0cc	0	201	0.080695	PASS	none	51be9ab579c1421e8ff34472ddce47e5	PASS
r04-q06494-5u-t44	4	5	tpl-ade04ca479b84695a469e0cc	0	201	0.080568	PASS	none	49116a4c16dd4e5aa48ffff78ce44d4b	PASS
r04-q06496-5u-t46	4	5	tpl-ade04ca479b84695a469e0cc	0	201	0.075467	PASS	none	40ada7ec79a54682979b1210400a441b	PASS
r04-q06492-5u-t42	4	5	tpl-ade04ca479b84695a469e0cc	0	201	0.081829	PASS	none	7ec6e82130314a79bdf0367b781d6357	PASS
r04-q06495-5u-t45	4	5	tpl-ade04ca479b84695a469e0cc	0	201	0.082454	PASS	none	e7a1a8dbf3be4cfcb6796d22935f4a49	PASS
r04-q06486-5u-t36	4	5	tpl-ade04ca479b84695a469e0cc	0	201	0.077276	PASS	none	1f3590a8aa7a43539cd2fa654493ae2c	PASS
r04-q06491-5u-t41	4	5	tpl-ade04ca479b84695a469e0cc	0	201	0.082991	PASS	none	6adfa64f676740f28984ac45d70a918b	PASS
r04-q06500-5u-t50	4	5	tpl-ade04ca479b84695a469e0cc	0	201	0.080091	PASS	none	c3a427bb45e449e29adf541c251f46ca	PASS
r04-q06493-5u-t43	4	5	tpl-ade04ca479b84695a469e0cc	0	201	0.080483	PASS	none	d41b8c0e3acf45acabd5a62cd94c4fd2	PASS
r04-q06498-5u-t48	4	5	tpl-ade04ca479b84695a469e0cc	0	201	0.073065	PASS	none	16b89e49e67144e1a18bd71c71782b02	PASS
r04-q06499-5u-t49	4	5	tpl-ade04ca479b84695a469e0cc	0	201	0.084846	PASS	none	3386f6cc1a3249489c0d5d82b6136a1c	PASS
r04-q06488-5u-t38	4	5	tpl-ade04ca479b84695a469e0cc	0	201	0.083643	PASS	none	b91a42744a7b404faccf03cf84785dc8	PASS
r04-q06497-5u-t47	4	5	tpl-ade04ca479b84695a469e0cc	0	201	0.083449	PASS	none	d0dca4c7ff3243faa4d4a8c23baeda6f	PASS
r05-q06507-5u-t7	5	5	tpl-ade04ca479b84695a469e0cc	0	201	0.050021	PASS	none	d558df7152ac4014a9a820edfdd844f2	PASS
r05-q06501-5u-t1	5	5	tpl-ade04ca479b84695a469e0cc	0	201	0.057960	PASS	none	172a8e85c80e4ed5b71db74d72ff3a8c	PASS
r05-q06506-5u-t6	5	5	tpl-ade04ca479b84695a469e0cc	0	201	0.058412	PASS	none	2b962c1847c140c689c6c2d5591c2ba6	PASS
r05-q06502-5u-t2	5	5	tpl-ade04ca479b84695a469e0cc	0	201	0.054677	PASS	none	104f3da1f78b47159194df07e84b0610	PASS
r05-q06505-5u-t5	5	5	tpl-ade04ca479b84695a469e0cc	0	201	0.046649	PASS	none	2766fc93685148f4a8349b07e7d06063	PASS
r05-q06513-5u-t13	5	5	tpl-ade04ca479b84695a469e0cc	0	201	0.080075	PASS	none	33525a5466ff459abfd7fcfd01a45360	PASS
r05-q06503-5u-t3	5	5	tpl-ade04ca479b84695a469e0cc	0	201	0.055054	PASS	none	5cded18ff5944d2ca7f71181a837b145	PASS
r05-q06510-5u-t10	5	5	tpl-ade04ca479b84695a469e0cc	0	201	0.059799	PASS	none	e5157d71f48a4169bcade3e0a1f0f07d	PASS
r05-q06512-5u-t12	5	5	tpl-ade04ca479b84695a469e0cc	0	201	0.066376	PASS	none	49c6bfa6d2f4400d8db4765a41cd4894	PASS
r05-q06508-5u-t8	5	5	tpl-ade04ca479b84695a469e0cc	0	201	0.057528	PASS	none	9f3571f023d24d1da2925f93d069f223	PASS
r05-q06511-5u-t11	5	5	tpl-ade04ca479b84695a469e0cc	0	201	0.072275	PASS	none	0d8a3fa974084dc288d36d8c1d14913c	PASS
r05-q06509-5u-t9	5	5	tpl-ade04ca479b84695a469e0cc	0	201	0.065844	PASS	none	b8a1d2e1745043cb8ab9ed3aa57e1e44	PASS
r05-q06519-5u-t19	5	5	tpl-ade04ca479b84695a469e0cc	0	201	0.071903	PASS	none	72028fee23b640ec995a4778460a8412	PASS
r05-q06521-5u-t21	5	5	tpl-ade04ca479b84695a469e0cc	0	201	0.060663	PASS	none	fe91abbcedaa490780b8589a2f62bc24	PASS
r05-q06504-5u-t4	5	5	tpl-ade04ca479b84695a469e0cc	0	201	0.054427	PASS	none	6238d80f7fc34eb2af2d5d1fd908cc48	PASS
r05-q06517-5u-t17	5	5	tpl-ade04ca479b84695a469e0cc	0	201	0.075884	PASS	none	5104b1662e4a49c29d88cd962b255deb	PASS
r05-q06515-5u-t15	5	5	tpl-ade04ca479b84695a469e0cc	0	201	0.076281	PASS	none	6e3c5b35fbe549f8bca0df2f7c7de4ea	PASS
r05-q06518-5u-t18	5	5	tpl-ade04ca479b84695a469e0cc	0	201	0.070888	PASS	none	abbc3b4b452b4d358da3fc18830a10dc	PASS
r05-q06516-5u-t16	5	5	tpl-ade04ca479b84695a469e0cc	0	201	0.070750	PASS	none	642d79e170704c93806b1b01cd2ac7c6	PASS
r05-q06523-5u-t23	5	5	tpl-ade04ca479b84695a469e0cc	0	201	0.086329	PASS	none	1dbac250661a41439c133b33e590206e	PASS
r05-q06524-5u-t24	5	5	tpl-ade04ca479b84695a469e0cc	0	201	0.074897	PASS	none	f26f6cfd46584743988c6057553cbee0	PASS
r05-q06520-5u-t20	5	5	tpl-ade04ca479b84695a469e0cc	0	201	0.071724	PASS	none	ab83ca03539d42e295e0237796e107db	PASS
r05-q06529-5u-t29	5	5	tpl-ade04ca479b84695a469e0cc	0	201	0.076132	PASS	none	c09f47ca5fa547d9bddbb4c193c57cc5	PASS
r05-q06514-5u-t14	5	5	tpl-ade04ca479b84695a469e0cc	0	201	0.072946	PASS	none	0fc78c610df34e0f80dba8f76493241c	PASS
r05-q06530-5u-t30	5	5	tpl-ade04ca479b84695a469e0cc	0	201	0.071750	PASS	none	edef590d054b45d1a50a13fe5341b705	PASS
r05-q06528-5u-t28	5	5	tpl-ade04ca479b84695a469e0cc	0	201	0.068852	PASS	none	e7d5ccd4897244e2ba78d78ce5f7f276	PASS
r05-q06527-5u-t27	5	5	tpl-ade04ca479b84695a469e0cc	0	201	0.074736	PASS	none	d18e04318c9c4e5b9c3380718e827808	PASS
r05-q06531-5u-t31	5	5	tpl-ade04ca479b84695a469e0cc	0	201	0.075921	PASS	none	bcfce443bdba48d88c46af148c30c40e	PASS
r05-q06526-5u-t26	5	5	tpl-ade04ca479b84695a469e0cc	0	201	0.077567	PASS	none	dcc9acd3f8fc4151ac8f65874f7eeba8	PASS
r05-q06522-5u-t22	5	5	tpl-ade04ca479b84695a469e0cc	0	201	0.085991	PASS	none	0cc11fd302cc4c419ddbdea95bab12f9	PASS
r05-q06532-5u-t32	5	5	tpl-ade04ca479b84695a469e0cc	0	201	0.072356	PASS	none	f612f949af164534a54aaee17c91af95	PASS
r05-q06533-5u-t33	5	5	tpl-ade04ca479b84695a469e0cc	0	201	0.077389	PASS	none	07396741437b421a8cfdb2597474cd8c	PASS
r05-q06534-5u-t34	5	5	tpl-ade04ca479b84695a469e0cc	0	201	0.083134	PASS	none	cc6c4fad179e4b35b62dc7ded68cc93b	PASS
r05-q06537-5u-t37	5	5	tpl-ade04ca479b84695a469e0cc	0	201	0.082758	PASS	none	7c5027334af94cf4abc016bce34ff9cc	PASS
r05-q06536-5u-t36	5	5	tpl-ade04ca479b84695a469e0cc	0	201	0.088284	PASS	none	a5f204b34fc947c3a0c111e529bb5cba	PASS
r05-q06525-5u-t25	5	5	tpl-ade04ca479b84695a469e0cc	0	201	0.069488	PASS	none	b8cb4b66c93641b4ba2ace3201335fd2	PASS
r05-q06538-5u-t38	5	5	tpl-ade04ca479b84695a469e0cc	0	201	0.078307	PASS	none	209a697f10ef4f37986806607b9b3a3a	PASS
r05-q06541-5u-t41	5	5	tpl-ade04ca479b84695a469e0cc	0	201	0.073245	PASS	none	d6fd67eee7ea4504a6c2e6a903f48cb3	PASS
r05-q06546-5u-t46	5	5	tpl-ade04ca479b84695a469e0cc	0	201	0.073612	PASS	none	5e898d71834f43d88101a3ed82e36092	PASS
r05-q06542-5u-t42	5	5	tpl-ade04ca479b84695a469e0cc	0	201	0.078510	PASS	none	8c623056072d499ea0e2c0849009c171	PASS
r05-q06539-5u-t39	5	5	tpl-ade04ca479b84695a469e0cc	0	201	0.080538	PASS	none	adc61dac13d84eddadbb68b2f83c2a20	PASS
r05-q06548-5u-t48	5	5	tpl-ade04ca479b84695a469e0cc	0	201	0.077539	PASS	none	203ed0c98b77432c849c7c5fc41d75dc	PASS
r05-q06535-5u-t35	5	5	tpl-ade04ca479b84695a469e0cc	0	201	0.081758	PASS	none	508453e7a5844439a476363285e5d944	PASS
r05-q06544-5u-t44	5	5	tpl-ade04ca479b84695a469e0cc	0	201	0.074486	PASS	none	b2057acd8ed94a00a989e600a0530a1b	PASS
r05-q06545-5u-t45	5	5	tpl-ade04ca479b84695a469e0cc	0	201	0.073810	PASS	none	a398e48ca7d74689aee1b3329187ec00	PASS
r05-q06550-5u-t50	5	5	tpl-ade04ca479b84695a469e0cc	0	201	0.074697	PASS	none	1be47a0c8acf4d3f855643f1369c033d	PASS
r05-q06547-5u-t47	5	5	tpl-ade04ca479b84695a469e0cc	0	201	0.078021	PASS	none	fcc03bc1aa434292aaa4482abb96194e	PASS
r05-q06540-5u-t40	5	5	tpl-ade04ca479b84695a469e0cc	0	201	0.081902	PASS	none	76859aedc80148dfb5e3747f79650138	PASS
r05-q06543-5u-t43	5	5	tpl-ade04ca479b84695a469e0cc	0	201	0.075020	PASS	none	4ceb6c9c57ec4ea5915feb5bef72ae3f	PASS
r05-q06549-5u-t49	5	5	tpl-ade04ca479b84695a469e0cc	0	201	0.074190	PASS	none	576f7cebe33a4bbe8ddeef30573a1f28	PASS
r06-q06553-5u-t3	6	5	tpl-ade04ca479b84695a469e0cc	0	201	0.045277	PASS	none	66dad4cf00ee41e792f11f8b742b3c28	PASS
r06-q06554-5u-t4	6	5	tpl-ade04ca479b84695a469e0cc	0	201	0.044342	PASS	none	3464af47254f4991a30829b80905d065	PASS
r06-q06558-5u-t8	6	5	tpl-ade04ca479b84695a469e0cc	0	201	0.057958	PASS	none	db5e40815e2e4bff95c85d96134db7b6	PASS
r06-q06561-5u-t11	6	5	tpl-ade04ca479b84695a469e0cc	0	201	0.070655	PASS	none	cbac4c28e56e4562911cd1d5473396df	PASS
r06-q06551-5u-t1	6	5	tpl-ade04ca479b84695a469e0cc	0	201	0.045596	PASS	none	b2b2be32715e4ef8b3e31c63f72b52c5	PASS
r06-q06552-5u-t2	6	5	tpl-ade04ca479b84695a469e0cc	0	201	0.051191	PASS	none	f407fb6415304491b7e379799b829803	PASS
r06-q06555-5u-t5	6	5	tpl-ade04ca479b84695a469e0cc	0	201	0.051654	PASS	none	decd99b8b8bf4e48ad80e14b54662312	PASS
r06-q06559-5u-t9	6	5	tpl-ade04ca479b84695a469e0cc	0	201	0.053087	PASS	none	6dacb406626f49c5a3f065f11832520b	PASS
r06-q06556-5u-t6	6	5	tpl-ade04ca479b84695a469e0cc	0	201	0.051174	PASS	none	f597478633334db094b18b800b4fba7f	PASS
r06-q06560-5u-t10	6	5	tpl-ade04ca479b84695a469e0cc	0	201	0.060441	PASS	none	e2f4e939f6674bb2bf98b07a0a70a6df	PASS
r06-q06564-5u-t14	6	5	tpl-ade04ca479b84695a469e0cc	0	201	0.062096	PASS	none	cc80827dea4e478592077a591baf64f4	PASS
r06-q06565-5u-t15	6	5	tpl-ade04ca479b84695a469e0cc	0	201	0.064892	PASS	none	b379a60242c84229ac472c7c8064714d	PASS
r06-q06567-5u-t17	6	5	tpl-ade04ca479b84695a469e0cc	0	201	0.061960	PASS	none	52373d072d534efeb3b5eb50b647bd83	PASS
r06-q06563-5u-t13	6	5	tpl-ade04ca479b84695a469e0cc	0	201	0.066861	PASS	none	b6c1c3ef7e2d4b2fa47398c87d85a71c	PASS
r06-q06557-5u-t7	6	5	tpl-ade04ca479b84695a469e0cc	0	201	0.068631	PASS	none	c7862b7b7a464a07bdf2131fe309194a	PASS
r06-q06569-5u-t19	6	5	tpl-ade04ca479b84695a469e0cc	0	201	0.063452	PASS	none	261e9cd5344e44f48795584767bbfdcb	PASS
r06-q06562-5u-t12	6	5	tpl-ade04ca479b84695a469e0cc	0	201	0.062888	PASS	none	3fda5a5b122248eaa15fff2c47dce0d2	PASS
r06-q06574-5u-t24	6	5	tpl-ade04ca479b84695a469e0cc	0	201	0.070446	PASS	none	739fa56fd5e442abb3de5fd7f8ef38af	PASS
r06-q06570-5u-t20	6	5	tpl-ade04ca479b84695a469e0cc	0	201	0.071589	PASS	none	25e79996e3e14f3fbba04ed8009bb7a1	PASS
r06-q06568-5u-t18	6	5	tpl-ade04ca479b84695a469e0cc	0	201	0.072501	PASS	none	a6dd48ea30754cdab3cd5122836a0dc8	PASS
r06-q06566-5u-t16	6	5	tpl-ade04ca479b84695a469e0cc	0	201	0.063181	PASS	none	540e6488806e4ee8a4fea4c86d2e7830	PASS
r06-q06575-5u-t25	6	5	tpl-ade04ca479b84695a469e0cc	0	201	0.072175	PASS	none	aec9a14538cf4824962c06986c3ff06d	PASS
r06-q06571-5u-t21	6	5	tpl-ade04ca479b84695a469e0cc	0	201	0.083711	PASS	none	0e70874b1f0148c7849e5a7a9b011852	PASS
r06-q06572-5u-t22	6	5	tpl-ade04ca479b84695a469e0cc	0	201	0.074521	PASS	none	1669bf9f29324ede873dd7f73a81a64c	PASS
r06-q06577-5u-t27	6	5	tpl-ade04ca479b84695a469e0cc	0	201	0.076576	PASS	none	ddd924381d704a3f8d67599cb2c40896	PASS
r06-q06573-5u-t23	6	5	tpl-ade04ca479b84695a469e0cc	0	201	0.070690	PASS	none	7ec97aabaa6d4d34a9e9c8c0d486073e	PASS
r06-q06578-5u-t28	6	5	tpl-ade04ca479b84695a469e0cc	0	201	0.077003	PASS	none	704fbf89c8f243d292d4af4a5afdb132	PASS
r06-q06576-5u-t26	6	5	tpl-ade04ca479b84695a469e0cc	0	201	0.071365	PASS	none	a7a0793a6c5f46739ea553d6a23d8d76	PASS
r06-q06581-5u-t31	6	5	tpl-ade04ca479b84695a469e0cc	0	201	0.074974	PASS	none	70e1f4841f1d4ff1b8b23e9c3b214ebf	PASS
r06-q06582-5u-t32	6	5	tpl-ade04ca479b84695a469e0cc	0	201	0.076760	PASS	none	57caec50500a4e59add0d18990e6414e	PASS
r06-q06579-5u-t29	6	5	tpl-ade04ca479b84695a469e0cc	0	201	0.074729	PASS	none	53af3f470e554c128cf64cf8509b74e2	PASS
r06-q06583-5u-t33	6	5	tpl-ade04ca479b84695a469e0cc	0	201	0.086263	PASS	none	160c35111a75452f8f7ae80fae482d32	PASS
r06-q06587-5u-t37	6	5	tpl-ade04ca479b84695a469e0cc	0	201	0.076612	PASS	none	146a23116b9c4d56ba088ff00a846b55	PASS
r06-q06585-5u-t35	6	5	tpl-ade04ca479b84695a469e0cc	0	201	0.079281	PASS	none	ffd6c0e216994bec8c2edc3fb953ea49	PASS
r06-q06580-5u-t30	6	5	tpl-ade04ca479b84695a469e0cc	0	201	0.075732	PASS	none	a5b36eeed51945eba7a527ffc4c84610	PASS
r06-q06590-5u-t40	6	5	tpl-ade04ca479b84695a469e0cc	0	201	0.079909	PASS	none	247c515bdc3a4a8496be8a18cf752b14	PASS
r06-q06584-5u-t34	6	5	tpl-ade04ca479b84695a469e0cc	0	201	0.080342	PASS	none	02ada8c9c827497c84cc52fd7d3163f3	PASS
r06-q06589-5u-t39	6	5	tpl-ade04ca479b84695a469e0cc	0	201	0.074237	PASS	none	f9430cb5e1914136b8126187064ab90c	PASS
r06-q06586-5u-t36	6	5	tpl-ade04ca479b84695a469e0cc	0	201	0.080052	PASS	none	da7c42ed4fd24030a5459a1f7ce325df	PASS
r06-q06593-5u-t43	6	5	tpl-ade04ca479b84695a469e0cc	0	201	0.075975	PASS	none	06f76c7d88694ab0910fc5a4b2c5300b	PASS
r06-q06594-5u-t44	6	5	tpl-ade04ca479b84695a469e0cc	0	201	0.073631	PASS	none	78ac7d7440604efa82185146cf7d7034	PASS
r06-q06591-5u-t41	6	5	tpl-ade04ca479b84695a469e0cc	0	201	0.077765	PASS	none	a12c5d78df904850bc61f9d5a85fe4ac	PASS
r06-q06588-5u-t38	6	5	tpl-ade04ca479b84695a469e0cc	0	201	0.080670	PASS	none	617939d67ab1402fbb946e635cc46fc3	PASS
r06-q06592-5u-t42	6	5	tpl-ade04ca479b84695a469e0cc	0	201	0.077728	PASS	none	6bda4310bd024bb3a58fdce054724e4a	PASS
r06-q06600-5u-t50	6	5	tpl-ade04ca479b84695a469e0cc	0	201	0.072378	PASS	none	1c044e7d66a346b296e02f62a1143f6b	PASS
r06-q06596-5u-t46	6	5	tpl-ade04ca479b84695a469e0cc	0	201	0.074018	PASS	none	9adaa460364e4d5e9732118688a9e99f	PASS
r06-q06599-5u-t49	6	5	tpl-ade04ca479b84695a469e0cc	0	201	0.073644	PASS	none	d7adfe9222864943852fa0f00b767a53	PASS
r06-q06597-5u-t47	6	5	tpl-ade04ca479b84695a469e0cc	0	201	0.071938	PASS	none	52753c0d2a4e40a8b7a48369903e00c9	PASS
r06-q06595-5u-t45	6	5	tpl-ade04ca479b84695a469e0cc	0	201	0.075882	PASS	none	dff4545b349b4b3597efee84dbbba03a	PASS
r06-q06598-5u-t48	6	5	tpl-ade04ca479b84695a469e0cc	0	201	0.073484	PASS	none	298d871b524a44a4b51205d9b723431a	PASS
r01-q06602-5u-t2	1	5	tpl-3317a8932e1149d38ab7cb28	0	201	0.058295	PASS	none	49c229851d384f1e8cc4cb8ca16dedaa	PASS
r01-q06601-5u-t1	1	5	tpl-3317a8932e1149d38ab7cb28	0	201	0.060075	PASS	none	a47e787633bc430a81a32dfa14c46270	PASS
r01-q06609-5u-t9	1	5	tpl-3317a8932e1149d38ab7cb28	0	201	0.051854	PASS	none	f2de1910c23d4379b9460ab142740d30	PASS
r01-q06611-5u-t11	1	5	tpl-3317a8932e1149d38ab7cb28	0	201	0.064950	PASS	none	28b0b74715dd4102a9e346ee49fe350d	PASS
r01-q06604-5u-t4	1	5	tpl-3317a8932e1149d38ab7cb28	0	201	0.056459	PASS	none	64c49260c1ab4b079e0d7566f7270118	PASS
r01-q06606-5u-t6	1	5	tpl-3317a8932e1149d38ab7cb28	0	201	0.052310	PASS	none	6db265a6286b4060bb6b80b980b93989	PASS
r01-q06607-5u-t7	1	5	tpl-3317a8932e1149d38ab7cb28	0	201	0.063680	PASS	none	4553196c7fd04bc69c066eae61faa2f3	PASS
r01-q06608-5u-t8	1	5	tpl-3317a8932e1149d38ab7cb28	0	201	0.051156	PASS	none	70a141ab1413438abfe57736c3ccd115	PASS
r01-q06610-5u-t10	1	5	tpl-3317a8932e1149d38ab7cb28	0	201	0.072998	PASS	none	603c1ec400b14c2d8c47965f880d092a	PASS
r01-q06605-5u-t5	1	5	tpl-3317a8932e1149d38ab7cb28	0	201	0.050832	PASS	none	adbea8cb0baf45a2bdd4c6ad929af414	PASS
r01-q06603-5u-t3	1	5	tpl-3317a8932e1149d38ab7cb28	0	201	0.053107	PASS	none	b0607544aead43c4b50b459cb20ee2bd	PASS
r01-q06614-5u-t14	1	5	tpl-3317a8932e1149d38ab7cb28	0	201	0.071079	PASS	none	51f63a4241cb4aef9022c86d8b25bdc8	PASS
r01-q06615-5u-t15	1	5	tpl-3317a8932e1149d38ab7cb28	0	201	0.079597	PASS	none	ab95a5fc85ce4b67acca4b957244dc77	PASS
r01-q06619-5u-t19	1	5	tpl-3317a8932e1149d38ab7cb28	0	201	0.072262	PASS	none	0042f47569194435b1f4b5df6e792584	PASS
r01-q06613-5u-t13	1	5	tpl-3317a8932e1149d38ab7cb28	0	201	0.077225	PASS	none	69a66cde96e14ae4af1766937eec8e88	PASS
r01-q06612-5u-t12	1	5	tpl-3317a8932e1149d38ab7cb28	0	201	0.090900	PASS	none	c5a5c94b9672475eb56f90888e0a78c0	PASS
r01-q06623-5u-t23	1	5	tpl-3317a8932e1149d38ab7cb28	0	201	0.088715	PASS	none	22173a5fa6f04c83b04e8db4d694878a	PASS
r01-q06624-5u-t24	1	5	tpl-3317a8932e1149d38ab7cb28	0	201	0.102844	PASS	none	3aa82c9e0ce24eb19151936b49405a73	PASS
r01-q06620-5u-t20	1	5	tpl-3317a8932e1149d38ab7cb28	0	201	0.091576	PASS	none	4fbc599076644abc895d08a68d226c3b	PASS
r01-q06617-5u-t17	1	5	tpl-3317a8932e1149d38ab7cb28	0	201	0.076266	PASS	none	c4fb1d3356614863b1b1fc1eadeddf73	PASS
r01-q06616-5u-t16	1	5	tpl-3317a8932e1149d38ab7cb28	0	201	0.099636	PASS	none	68794d4d50774920a9c75d33bfba2ef8	PASS
r01-q06621-5u-t21	1	5	tpl-3317a8932e1149d38ab7cb28	0	201	0.101429	PASS	none	e3dc6433c3e94d0da0ef5884f1b82a4c	PASS
r01-q06626-5u-t26	1	5	tpl-3317a8932e1149d38ab7cb28	0	201	0.109104	PASS	none	5919add551ef43769e3a80c9f731f071	PASS
r01-q06622-5u-t22	1	5	tpl-3317a8932e1149d38ab7cb28	0	201	0.112580	PASS	none	c947d0f89e454f70a1fc351170d8e758	PASS
r01-q06627-5u-t27	1	5	tpl-3317a8932e1149d38ab7cb28	0	201	0.107770	PASS	none	e68500ec68db4ab2a4fedf78b30bf62e	PASS
r01-q06630-5u-t30	1	5	tpl-3317a8932e1149d38ab7cb28	0	201	0.116622	PASS	none	ddfc94b7d7b34cd1a11fc5f211a3d603	PASS
r01-q06632-5u-t32	1	5	tpl-3317a8932e1149d38ab7cb28	0	201	0.107212	PASS	none	e2afda1bfc5547dba25f91c0d5add3e4	PASS
r01-q06625-5u-t25	1	5	tpl-3317a8932e1149d38ab7cb28	0	201	0.117732	PASS	none	bd63face22914c3fb7c3a6a154908875	PASS
r01-q06634-5u-t34	1	5	tpl-3317a8932e1149d38ab7cb28	0	201	0.119267	PASS	none	a13ece7f28104478bc361ddaca0ad899	PASS
r01-q06618-5u-t18	1	5	tpl-3317a8932e1149d38ab7cb28	0	201	0.096331	PASS	none	63936f99b6e8403ebad36f6cc66556c6	PASS
r01-q06631-5u-t31	1	5	tpl-3317a8932e1149d38ab7cb28	0	201	0.113859	PASS	none	11fc794a0b8b47c984157717a0135e15	PASS
r01-q06633-5u-t33	1	5	tpl-3317a8932e1149d38ab7cb28	0	201	0.122474	PASS	none	8333b1d6e5b1447c8035df705a77fb2a	PASS
r01-q06642-5u-t42	1	5	tpl-3317a8932e1149d38ab7cb28	0	201	0.124154	PASS	none	1c909de90da146f682ae0185ca5c942e	PASS
r01-q06635-5u-t35	1	5	tpl-3317a8932e1149d38ab7cb28	0	201	0.117966	PASS	none	b4ee841cf75e46e2bb146a0ca9a2f3d2	PASS
r01-q06643-5u-t43	1	5	tpl-3317a8932e1149d38ab7cb28	0	201	0.117361	PASS	none	58327de96df0483999c792ba901c77b8	PASS
r01-q06628-5u-t28	1	5	tpl-3317a8932e1149d38ab7cb28	0	201	0.118378	PASS	none	bbf3f49fc41a4ac289f467c263153175	PASS
r01-q06636-5u-t36	1	5	tpl-3317a8932e1149d38ab7cb28	0	201	0.132281	PASS	none	d6d1c91d09f54d17b9ee43b196b42718	PASS
r01-q06641-5u-t41	1	5	tpl-3317a8932e1149d38ab7cb28	0	201	0.114568	PASS	none	36b1beca12e84859af3adfc2891c3389	PASS
r01-q06629-5u-t29	1	5	tpl-3317a8932e1149d38ab7cb28	0	201	0.111719	PASS	none	e553baaddfd742d8ab8a2efb3e01f774	PASS
r01-q06638-5u-t38	1	5	tpl-3317a8932e1149d38ab7cb28	0	201	0.137056	PASS	none	5b972c889b894e0286464ed4cdfbe60a	PASS
r01-q06645-5u-t45	1	5	tpl-3317a8932e1149d38ab7cb28	0	201	0.113045	PASS	none	164137afa8424b8f9023a5a94b117f04	PASS
r01-q06644-5u-t44	1	5	tpl-3317a8932e1149d38ab7cb28	0	201	0.106421	PASS	none	f9ed8131269c4131bdf7fa6ba6767d42	PASS
r01-q06637-5u-t37	1	5	tpl-3317a8932e1149d38ab7cb28	0	201	0.113726	PASS	none	d74a0d3cf41f4c41b83ac6d5bb2571ea	PASS
r01-q06650-5u-t50	1	5	tpl-3317a8932e1149d38ab7cb28	0	201	0.096318	PASS	none	dfbf1d42f4524739b3187bb71670ba77	PASS
r01-q06647-5u-t47	1	5	tpl-3317a8932e1149d38ab7cb28	0	201	0.109177	PASS	none	15fa15e19f2e4845ab1eff6f752dea03	PASS
r01-q06639-5u-t39	1	5	tpl-3317a8932e1149d38ab7cb28	0	201	0.117125	PASS	none	b97de26f6398437982c14e5d8c6c8b27	PASS
r01-q06649-5u-t49	1	5	tpl-3317a8932e1149d38ab7cb28	0	201	0.116908	PASS	none	ffecdecf61144edcb9aa4842ff97de4d	PASS
r01-q06640-5u-t40	1	5	tpl-3317a8932e1149d38ab7cb28	0	201	0.126973	PASS	none	1088b9e11aea4d6381fb5f2f37160e45	PASS
r01-q06646-5u-t46	1	5	tpl-3317a8932e1149d38ab7cb28	0	201	0.109638	PASS	none	e8d48ce168d8453da6a4d90fcf8a51ac	PASS
r01-q06648-5u-t48	1	5	tpl-3317a8932e1149d38ab7cb28	0	201	0.119210	PASS	none	e2aa7726acb2432691770538f182ab3a	PASS
r02-q06652-5u-t2	2	5	tpl-3317a8932e1149d38ab7cb28	0	201	0.073456	PASS	none	9e2ecd4012354ca285cdaf785857e5a0	PASS
r02-q06653-5u-t3	2	5	tpl-3317a8932e1149d38ab7cb28	0	201	0.073281	PASS	none	cd630ecc14794b58bf1bfa99ebc6d8c4	PASS
r02-q06657-5u-t7	2	5	tpl-3317a8932e1149d38ab7cb28	0	201	0.062598	PASS	none	4f13f509d45f4ddea33ed1d02cc31a6f	PASS
r02-q06655-5u-t5	2	5	tpl-3317a8932e1149d38ab7cb28	0	201	0.069223	PASS	none	b4c8cce0fe5e4e7787d5f3ca877cbd1f	PASS
r02-q06651-5u-t1	2	5	tpl-3317a8932e1149d38ab7cb28	0	201	0.060103	PASS	none	4dcbe6b316ba4fafaa35f286fc66486f	PASS
r02-q06661-5u-t11	2	5	tpl-3317a8932e1149d38ab7cb28	0	201	0.071986	PASS	none	b44efb0de3904be8a487cfb7f9636b7c	PASS
r02-q06665-5u-t15	2	5	tpl-3317a8932e1149d38ab7cb28	0	201	0.079594	PASS	none	342e11ef361246d3b34d5e850cabf7a5	PASS
r02-q06654-5u-t4	2	5	tpl-3317a8932e1149d38ab7cb28	0	201	0.064470	PASS	none	c23e787990a74d249f0e999b6ee65dc6	PASS
r02-q06659-5u-t9	2	5	tpl-3317a8932e1149d38ab7cb28	0	201	0.069450	PASS	none	fc97b592c56d4b29a28ebf8647ace5d0	PASS
r02-q06662-5u-t12	2	5	tpl-3317a8932e1149d38ab7cb28	0	201	0.074185	PASS	none	d945a05f438940a1a78142c3d057740a	PASS
r02-q06658-5u-t8	2	5	tpl-3317a8932e1149d38ab7cb28	0	201	0.080910	PASS	none	dbb01a518fee45f6893a4ea9e3f5da5a	PASS
r02-q06666-5u-t16	2	5	tpl-3317a8932e1149d38ab7cb28	0	201	0.086144	PASS	none	58c9c9d99a8947948e5e1d505919e415	PASS
r02-q06656-5u-t6	2	5	tpl-3317a8932e1149d38ab7cb28	0	201	0.090098	PASS	none	93dacd21f3a240a0959a6d9a138b1d33	PASS
r02-q06672-5u-t22	2	5	tpl-3317a8932e1149d38ab7cb28	0	201	0.085151	PASS	none	779b54a93a9440cc992b8914b310df27	PASS
r02-q06669-5u-t19	2	5	tpl-3317a8932e1149d38ab7cb28	0	201	0.077527	PASS	none	168dbce23662472f89a0d0a157c98339	PASS
r02-q06660-5u-t10	2	5	tpl-3317a8932e1149d38ab7cb28	0	201	0.092326	PASS	none	c01d408bcec94871a05251351e707999	PASS
r02-q06664-5u-t14	2	5	tpl-3317a8932e1149d38ab7cb28	0	201	0.073812	PASS	none	2f5f9f05dae446ae849cbc31330e97c4	PASS
r02-q06668-5u-t18	2	5	tpl-3317a8932e1149d38ab7cb28	0	201	0.084275	PASS	none	35c48026834d448baf0655c802c8b1f1	PASS
r02-q06667-5u-t17	2	5	tpl-3317a8932e1149d38ab7cb28	0	201	0.090010	PASS	none	330c78d9b9d048268ad14ae0b6eba516	PASS
r02-q06663-5u-t13	2	5	tpl-3317a8932e1149d38ab7cb28	0	201	0.078280	PASS	none	1533cfc5ab424e448dabd906f03483ac	PASS
r02-q06670-5u-t20	2	5	tpl-3317a8932e1149d38ab7cb28	0	201	0.080584	PASS	none	fc6f86a2d11c408aa17d2f5306baaca3	PASS
r02-q06671-5u-t21	2	5	tpl-3317a8932e1149d38ab7cb28	0	201	0.082150	PASS	none	b40cfdb1d3af48cc854b91b5cd79739f	PASS
r02-q06680-5u-t30	2	5	tpl-3317a8932e1149d38ab7cb28	0	201	0.092019	PASS	none	9157fe20a2a640828bf7dc4e14c7f623	PASS
r02-q06673-5u-t23	2	5	tpl-3317a8932e1149d38ab7cb28	0	201	0.092618	PASS	none	55b0960349554f50b89d8c9245be2655	PASS
r02-q06674-5u-t24	2	5	tpl-3317a8932e1149d38ab7cb28	0	201	0.095299	PASS	none	2045a34307d343849deb9dfd84cfa6c0	PASS
r02-q06676-5u-t26	2	5	tpl-3317a8932e1149d38ab7cb28	0	201	0.091657	PASS	none	ebaa0c17419b4849b8bcacef506e868f	PASS
r02-q06677-5u-t27	2	5	tpl-3317a8932e1149d38ab7cb28	0	201	0.081507	PASS	none	761da824f9694876b278040b87a51f72	PASS
r02-q06675-5u-t25	2	5	tpl-3317a8932e1149d38ab7cb28	0	201	0.089810	PASS	none	1387a8a332ab408d80c4943e980ca557	PASS
r02-q06679-5u-t29	2	5	tpl-3317a8932e1149d38ab7cb28	0	201	0.094982	PASS	none	c576d70b785e4aae90f5c1bf0156e7a5	PASS
r02-q06678-5u-t28	2	5	tpl-3317a8932e1149d38ab7cb28	0	201	0.098167	PASS	none	a72e3f55fd4b4ad69a09122beeb9a14d	PASS
r02-q06682-5u-t32	2	5	tpl-3317a8932e1149d38ab7cb28	0	201	0.101507	PASS	none	b4c2aac0277346f4a41b57f400eae726	PASS
r02-q06683-5u-t33	2	5	tpl-3317a8932e1149d38ab7cb28	0	201	0.101144	PASS	none	dde8887ce85b4ab58b38b74deee33aa3	PASS
r02-q06686-5u-t36	2	5	tpl-3317a8932e1149d38ab7cb28	0	201	0.095003	PASS	none	70d5d9675b3e4dfcad223d37e488977c	PASS
r02-q06687-5u-t37	2	5	tpl-3317a8932e1149d38ab7cb28	0	201	0.097277	PASS	none	7da48606ba124e0a889e00831d670e92	PASS
r02-q06692-5u-t42	2	5	tpl-3317a8932e1149d38ab7cb28	0	201	0.096058	PASS	none	8326110310ae415cb4bda1433b24cec6	PASS
r02-q06685-5u-t35	2	5	tpl-3317a8932e1149d38ab7cb28	0	201	0.094284	PASS	none	42d754888da743dca55700dc0baa78dc	PASS
r02-q06681-5u-t31	2	5	tpl-3317a8932e1149d38ab7cb28	0	201	0.096101	PASS	none	8a18f2d3d4fe48729a2a659a0913c02b	PASS
r02-q06688-5u-t38	2	5	tpl-3317a8932e1149d38ab7cb28	0	201	0.116043	PASS	none	699c744353f8409aa9a218f9d03097ba	PASS
r02-q06700-5u-t50	2	5	tpl-3317a8932e1149d38ab7cb28	0	201	0.089156	PASS	none	8bee658517264f0e9e2d78e492aff019	PASS
r02-q06684-5u-t34	2	5	tpl-3317a8932e1149d38ab7cb28	0	201	0.095381	PASS	none	9e4a3cc0006c483da6751d6242bcbbc1	PASS
r02-q06693-5u-t43	2	5	tpl-3317a8932e1149d38ab7cb28	0	201	0.096189	PASS	none	e1303d1f999e4f829884c47b6cf306ed	PASS
r02-q06696-5u-t46	2	5	tpl-3317a8932e1149d38ab7cb28	0	201	0.093461	PASS	none	4f0ad374a1824393959339684a639605	PASS
r02-q06694-5u-t44	2	5	tpl-3317a8932e1149d38ab7cb28	0	201	0.100858	PASS	none	09061ed87e5d4da78ae31b6505df9bca	PASS
r02-q06698-5u-t48	2	5	tpl-3317a8932e1149d38ab7cb28	0	201	0.095362	PASS	none	13d1c4e79f3d45bf9eb6b42b3759ba28	PASS
r02-q06695-5u-t45	2	5	tpl-3317a8932e1149d38ab7cb28	0	201	0.101297	PASS	none	ca355b01ecff402bbe5624bc14d0874f	PASS
r02-q06689-5u-t39	2	5	tpl-3317a8932e1149d38ab7cb28	0	201	0.105818	PASS	none	4eaec326133045efbe257ec72ee07a2a	PASS
r02-q06690-5u-t40	2	5	tpl-3317a8932e1149d38ab7cb28	0	201	0.097472	PASS	none	56b2163e9d0d4933b756efc75f7cbf9a	PASS
r02-q06691-5u-t41	2	5	tpl-3317a8932e1149d38ab7cb28	0	201	0.105058	PASS	none	e2af61e43ef146f0a4fe7491b1ef3e4c	PASS
r02-q06699-5u-t49	2	5	tpl-3317a8932e1149d38ab7cb28	0	201	0.090011	PASS	none	5eb7b566809641469b2b208c1fedde98	PASS
r02-q06697-5u-t47	2	5	tpl-3317a8932e1149d38ab7cb28	0	201	0.101564	PASS	none	2975916f643942c888d59c174748f996	PASS
r03-q06703-5u-t3	3	5	tpl-3317a8932e1149d38ab7cb28	0	201	0.058879	PASS	none	c40e186cf4be4bd5bbd50860f68d89b5	PASS
r03-q06702-5u-t2	3	5	tpl-3317a8932e1149d38ab7cb28	0	201	0.064870	PASS	none	ffb0ee40fa1b446eacb34431c06cf2ba	PASS
r03-q06701-5u-t1	3	5	tpl-3317a8932e1149d38ab7cb28	0	201	0.057755	PASS	none	44bb001066c24b02a46de26b2739306e	PASS
r03-q06705-5u-t5	3	5	tpl-3317a8932e1149d38ab7cb28	0	201	0.083470	PASS	none	af3762528d084225b2497b6b2d41154d	PASS
r03-q06710-5u-t10	3	5	tpl-3317a8932e1149d38ab7cb28	0	201	0.083482	PASS	none	74fb786833aa4eaebec0652269ee033f	PASS
r03-q06704-5u-t4	3	5	tpl-3317a8932e1149d38ab7cb28	0	201	0.054414	PASS	none	927a0548df1144b99071707a8e56ae86	PASS
r03-q06716-5u-t16	3	5	tpl-3317a8932e1149d38ab7cb28	0	201	0.090992	PASS	none	e1f5f0aa0e734778a7c648d3a36e72c3	PASS
r03-q06712-5u-t12	3	5	tpl-3317a8932e1149d38ab7cb28	0	201	0.093163	PASS	none	b605ac58ef594717808e49b214d94568	PASS
r03-q06707-5u-t7	3	5	tpl-3317a8932e1149d38ab7cb28	0	201	0.082266	PASS	none	c4c89b02df074bc8a759bc4954836d40	PASS
r03-q06715-5u-t15	3	5	tpl-3317a8932e1149d38ab7cb28	0	201	0.071510	PASS	none	ffdd8b084cad42efb0481446b9506291	PASS
r03-q06714-5u-t14	3	5	tpl-3317a8932e1149d38ab7cb28	0	201	0.080610	PASS	none	be17a9e35cd541edbc43bcb7f43d3e76	PASS
r03-q06708-5u-t8	3	5	tpl-3317a8932e1149d38ab7cb28	0	201	0.093986	PASS	none	4e7c418e31b24ed5aedf1f7015ee0516	PASS
r03-q06711-5u-t11	3	5	tpl-3317a8932e1149d38ab7cb28	0	201	0.081032	PASS	none	05b9e5aa96764b56adde56437ad4afbd	PASS
r03-q06709-5u-t9	3	5	tpl-3317a8932e1149d38ab7cb28	0	201	0.096675	PASS	none	5a6f6f339d6d4bd095e6f50da06180d2	PASS
r03-q06719-5u-t19	3	5	tpl-3317a8932e1149d38ab7cb28	0	201	0.081396	PASS	none	f987e019964a424f90e70ac75b6226df	PASS
r03-q06706-5u-t6	3	5	tpl-3317a8932e1149d38ab7cb28	0	201	0.101957	PASS	none	821eee222847465ebff1f28790bd8b39	PASS
r03-q06717-5u-t17	3	5	tpl-3317a8932e1149d38ab7cb28	0	201	0.104130	PASS	none	5abf79923c224415bc9dd680caad4934	PASS
r03-q06722-5u-t22	3	5	tpl-3317a8932e1149d38ab7cb28	0	201	0.090916	PASS	none	e3ac4d7fad4b4114867bf888b6a94323	PASS
r03-q06720-5u-t20	3	5	tpl-3317a8932e1149d38ab7cb28	0	201	0.104743	PASS	none	4ade7ee9784542e5b0078e56dd1343a2	PASS
r03-q06724-5u-t24	3	5	tpl-3317a8932e1149d38ab7cb28	0	201	0.100409	PASS	none	187e8c2aa2c74148a47dafb440ab125e	PASS
r03-q06721-5u-t21	3	5	tpl-3317a8932e1149d38ab7cb28	0	201	0.108500	PASS	none	0ae3b7487fc949f8a80465f644537345	PASS
r03-q06729-5u-t29	3	5	tpl-3317a8932e1149d38ab7cb28	0	201	0.091566	PASS	none	12af01b8895447b19d337ac48320b985	PASS
r03-q06723-5u-t23	3	5	tpl-3317a8932e1149d38ab7cb28	0	201	0.107201	PASS	none	c11e9b32d42c4cf699490b0688ce33ff	PASS
r03-q06718-5u-t18	3	5	tpl-3317a8932e1149d38ab7cb28	0	201	0.103886	PASS	none	b66c3a84115a46d69ea24c65a66094e8	PASS
r03-q06713-5u-t13	3	5	tpl-3317a8932e1149d38ab7cb28	0	201	0.081994	PASS	none	54ba8bb157084a158448fe355efb13e7	PASS
r03-q06728-5u-t28	3	5	tpl-3317a8932e1149d38ab7cb28	0	201	0.121385	PASS	none	3b2e03ddff854203aded7d88d670e781	PASS
r03-q06732-5u-t32	3	5	tpl-3317a8932e1149d38ab7cb28	0	201	0.113569	PASS	none	50bbf6108622427fad89e74c66a00244	PASS
r03-q06726-5u-t26	3	5	tpl-3317a8932e1149d38ab7cb28	0	201	0.104387	PASS	none	f9de935e91594faaa102aaec9a0f067e	PASS
r03-q06731-5u-t31	3	5	tpl-3317a8932e1149d38ab7cb28	0	201	0.133000	PASS	none	140215ba45bb47e18ed6913a704a38c5	PASS
r03-q06730-5u-t30	3	5	tpl-3317a8932e1149d38ab7cb28	0	201	0.128970	PASS	none	a0538c84b5014c42b8f68f8e8b9c010a	PASS
r03-q06727-5u-t27	3	5	tpl-3317a8932e1149d38ab7cb28	0	201	0.118457	PASS	none	ab95abbaeef3471b9c2e5ac4dc253c19	PASS
r03-q06737-5u-t37	3	5	tpl-3317a8932e1149d38ab7cb28	0	201	0.148540	PASS	none	510d2e16229c40d0b771b4bbe827b5e5	PASS
r03-q06738-5u-t38	3	5	tpl-3317a8932e1149d38ab7cb28	0	201	0.113286	PASS	none	0377a90d981e41d8b1ede43893c8934d	PASS
r03-q06725-5u-t25	3	5	tpl-3317a8932e1149d38ab7cb28	0	201	0.116871	PASS	none	b1493e2b12854ef0bbda05c1511681e0	PASS
r03-q06740-5u-t40	3	5	tpl-3317a8932e1149d38ab7cb28	0	201	0.126813	PASS	none	e75155fb6c484e2bb359d729b2dc2c24	PASS
r03-q06748-5u-t48	3	5	tpl-3317a8932e1149d38ab7cb28	0	201	0.138764	PASS	none	134c4d2fa211473f8270b1f9df98765a	PASS
r03-q06742-5u-t42	3	5	tpl-3317a8932e1149d38ab7cb28	0	201	0.118449	PASS	none	714cd68f850548ef8b4462c0058e5e96	PASS
r03-q06749-5u-t49	3	5	tpl-3317a8932e1149d38ab7cb28	0	201	0.139601	PASS	none	c388d24028744903a34e3b8fc2da6df7	PASS
r03-q06733-5u-t33	3	5	tpl-3317a8932e1149d38ab7cb28	0	201	0.140749	PASS	none	d7725979229d497d901fcd687bb3d8fa	PASS
r03-q06736-5u-t36	3	5	tpl-3317a8932e1149d38ab7cb28	0	201	0.120146	PASS	none	fe657b2a637e4fec921ba8e7aff983e9	PASS
r03-q06735-5u-t35	3	5	tpl-3317a8932e1149d38ab7cb28	0	201	0.126450	PASS	none	f1c6d74fda90433e8dc1554f22b7f6a2	PASS
r03-q06734-5u-t34	3	5	tpl-3317a8932e1149d38ab7cb28	0	201	0.122534	PASS	none	66fc10bdde734c8ab4f0bfa4054a1719	PASS
r03-q06750-5u-t50	3	5	tpl-3317a8932e1149d38ab7cb28	0	201	0.134476	PASS	none	6605f370c06e4e5cbb690590b95928d0	PASS
r03-q06745-5u-t45	3	5	tpl-3317a8932e1149d38ab7cb28	0	201	0.118101	PASS	none	15ddb3cba4bf41bab35c4bf079005d05	PASS
r03-q06741-5u-t41	3	5	tpl-3317a8932e1149d38ab7cb28	0	201	0.146284	PASS	none	48f8d9aeb84f4f11a2b6f88f264d62d4	PASS
r03-q06743-5u-t43	3	5	tpl-3317a8932e1149d38ab7cb28	0	201	0.127501	PASS	none	49242a1c586e403d80a948cd9f835c05	PASS
r03-q06739-5u-t39	3	5	tpl-3317a8932e1149d38ab7cb28	0	201	0.127002	PASS	none	585f7f93cd304f6199507f77b4cbffbf	PASS
r03-q06747-5u-t47	3	5	tpl-3317a8932e1149d38ab7cb28	0	201	0.124757	PASS	none	bcb5d65660054babbae2f5ab0503a522	PASS
r03-q06744-5u-t44	3	5	tpl-3317a8932e1149d38ab7cb28	0	201	0.147895	PASS	none	dbbb6f28062f49d490aca2184eeee265	PASS
r03-q06746-5u-t46	3	5	tpl-3317a8932e1149d38ab7cb28	0	201	0.127449	PASS	none	f34396b51c2548d8be01e09a33adafc2	PASS
r04-q06751-5u-t1	4	5	tpl-3317a8932e1149d38ab7cb28	0	201	0.055945	PASS	none	94447848841947319bb2deb8490f78c0	PASS
r04-q06753-5u-t3	4	5	tpl-3317a8932e1149d38ab7cb28	0	201	0.072756	PASS	none	ee5a34b029bd4fbdb8dd70ef66c71f65	PASS
r04-q06757-5u-t7	4	5	tpl-3317a8932e1149d38ab7cb28	0	201	0.074124	PASS	none	845d3a2b898f476885b65a817640980a	PASS
r04-q06752-5u-t2	4	5	tpl-3317a8932e1149d38ab7cb28	0	201	0.092318	PASS	none	37474bcd54cf4c7eb5b1918a133719be	PASS
r04-q06756-5u-t6	4	5	tpl-3317a8932e1149d38ab7cb28	0	201	0.071062	PASS	none	5998d8774714446a88dc03ad3558da4c	PASS
r04-q06762-5u-t12	4	5	tpl-3317a8932e1149d38ab7cb28	0	201	0.084678	PASS	none	da445e95c7494f97b724562e2e42a714	PASS
r04-q06761-5u-t11	4	5	tpl-3317a8932e1149d38ab7cb28	0	201	0.068042	PASS	none	c686850ac71b428fafaf7c4f4c638f5c	PASS
r04-q06760-5u-t10	4	5	tpl-3317a8932e1149d38ab7cb28	0	201	0.076204	PASS	none	7f1f825519fd49e282908c6b03c3c5b1	PASS
r04-q06758-5u-t8	4	5	tpl-3317a8932e1149d38ab7cb28	0	201	0.073025	PASS	none	944bf6d303c1480cad789dd685907234	PASS
r04-q06764-5u-t14	4	5	tpl-3317a8932e1149d38ab7cb28	0	201	0.079483	PASS	none	d0ddde43fa5241d681593a5c98552f43	PASS
r04-q06754-5u-t4	4	5	tpl-3317a8932e1149d38ab7cb28	0	201	0.068402	PASS	none	b8bc14c445b44e37b9f637c783ccdf7b	PASS
r04-q06759-5u-t9	4	5	tpl-3317a8932e1149d38ab7cb28	0	201	0.078287	PASS	none	099cdb22c61d412f92fc7acdbf8f1ecd	PASS
r04-q06755-5u-t5	4	5	tpl-3317a8932e1149d38ab7cb28	0	201	0.093147	PASS	none	82042b5df3b947cabcc89d5894be67e4	PASS
r04-q06767-5u-t17	4	5	tpl-3317a8932e1149d38ab7cb28	0	201	0.096685	PASS	none	8606fbcda5604ed187caa92b4d874660	PASS
r04-q06765-5u-t15	4	5	tpl-3317a8932e1149d38ab7cb28	0	201	0.079697	PASS	none	1575a8d039d1431ca75b006a41f45e32	PASS
r04-q06770-5u-t20	4	5	tpl-3317a8932e1149d38ab7cb28	0	201	0.103052	PASS	none	c6b7952d6c664d8a94be0c2e11b2ef00	PASS
r04-q06766-5u-t16	4	5	tpl-3317a8932e1149d38ab7cb28	0	201	0.099952	PASS	none	12f3460ca74e4c398afcf7571e02497b	PASS
r04-q06768-5u-t18	4	5	tpl-3317a8932e1149d38ab7cb28	0	201	0.095110	PASS	none	d7f8c56b012e43dfba44be2851c2199d	PASS
r04-q06763-5u-t13	4	5	tpl-3317a8932e1149d38ab7cb28	0	201	0.110587	PASS	none	ccb0922271d54ebfb6d96ee988a7f14c	PASS
r04-q06772-5u-t22	4	5	tpl-3317a8932e1149d38ab7cb28	0	201	0.094121	PASS	none	56c14ad0b4a34bd198acc9a12141cad0	PASS
r04-q06771-5u-t21	4	5	tpl-3317a8932e1149d38ab7cb28	0	201	0.101295	PASS	none	b6ab05c7879f4019919eaf36f438117a	PASS
r04-q06773-5u-t23	4	5	tpl-3317a8932e1149d38ab7cb28	0	201	0.085433	PASS	none	2f2de8991f674e9cb7985c2956c848fb	PASS
r04-q06776-5u-t26	4	5	tpl-3317a8932e1149d38ab7cb28	0	201	0.102380	PASS	none	8f9db093c68440eca91c8576b7f08a82	PASS
r04-q06769-5u-t19	4	5	tpl-3317a8932e1149d38ab7cb28	0	201	0.111613	PASS	none	e04e69ec888440a4b95ceb41a6931903	PASS
r04-q06774-5u-t24	4	5	tpl-3317a8932e1149d38ab7cb28	0	201	0.105759	PASS	none	4179eb5589db4b5eb4552974164ed1ff	PASS
r04-q06775-5u-t25	4	5	tpl-3317a8932e1149d38ab7cb28	0	201	0.120479	PASS	none	23ce82d66ed449d88d8e702f208e2b79	PASS
r04-q06777-5u-t27	4	5	tpl-3317a8932e1149d38ab7cb28	0	201	0.104307	PASS	none	e11b7c61dc0c40ada7ff5196158b6a6a	PASS
r04-q06782-5u-t32	4	5	tpl-3317a8932e1149d38ab7cb28	0	201	0.117337	PASS	none	8e91ba02aecf4da8aa20c05797df78c0	PASS
r04-q06778-5u-t28	4	5	tpl-3317a8932e1149d38ab7cb28	0	201	0.101081	PASS	none	57d12c1fc8a842e585f5a20159d323fd	PASS
r04-q06781-5u-t31	4	5	tpl-3317a8932e1149d38ab7cb28	0	201	0.112053	PASS	none	ffe9da2cc8244c5ca4fbfc8c849bf978	PASS
r04-q06783-5u-t33	4	5	tpl-3317a8932e1149d38ab7cb28	0	201	0.124674	PASS	none	fb37c632eb0f4f0bac7bd12bbbc7b498	PASS
r04-q06790-5u-t40	4	5	tpl-3317a8932e1149d38ab7cb28	0	201	0.113812	PASS	none	6c6753a5d72e48bb9f4c9c6327dc84d3	PASS
r04-q06779-5u-t29	4	5	tpl-3317a8932e1149d38ab7cb28	0	201	0.091444	PASS	none	bc5dd82bcd6c4497886d8bfa66d6adce	PASS
r04-q06780-5u-t30	4	5	tpl-3317a8932e1149d38ab7cb28	0	201	0.117429	PASS	none	5471704fe89c4c5b8a710b74eb644ffc	PASS
r04-q06784-5u-t34	4	5	tpl-3317a8932e1149d38ab7cb28	0	201	0.131587	PASS	none	f695ce893ecc41feb87b197cbd8d3c9c	PASS
r04-q06785-5u-t35	4	5	tpl-3317a8932e1149d38ab7cb28	0	201	0.140385	PASS	none	69d0a3a682c04a84915bfc5cc3f8d261	PASS
r04-q06788-5u-t38	4	5	tpl-3317a8932e1149d38ab7cb28	0	201	0.149350	PASS	none	a7838917280340f99028bc3d6a91d64c	PASS
r04-q06786-5u-t36	4	5	tpl-3317a8932e1149d38ab7cb28	0	201	0.149398	PASS	none	8d8cf7be265c4c38a30f828856d8aab0	PASS
r04-q06792-5u-t42	4	5	tpl-3317a8932e1149d38ab7cb28	0	201	0.116089	PASS	none	89bbb5273ba641c0b5254db9fb7a4c88	PASS
r04-q06787-5u-t37	4	5	tpl-3317a8932e1149d38ab7cb28	0	201	0.140054	PASS	none	641202c1d30f42bd9b62f7a395990d6e	PASS
r04-q06793-5u-t43	4	5	tpl-3317a8932e1149d38ab7cb28	0	201	0.125609	PASS	none	e0af3df659324deb9e717f3d189fd803	PASS
r04-q06789-5u-t39	4	5	tpl-3317a8932e1149d38ab7cb28	0	201	0.129250	PASS	none	4bf2b8b479a54fb19b939c364eaaeee6	PASS
r04-q06799-5u-t49	4	5	tpl-3317a8932e1149d38ab7cb28	0	201	0.109469	PASS	none	1bf47379b582401ba07c6860916d7946	PASS
r04-q06791-5u-t41	4	5	tpl-3317a8932e1149d38ab7cb28	0	201	0.123116	PASS	none	cc72093daf794ee2b5ed4e48a032f8b2	PASS
r04-q06798-5u-t48	4	5	tpl-3317a8932e1149d38ab7cb28	0	201	0.092752	PASS	none	974205c8635b4d62b5dde21c75af6e9e	PASS
r04-q06797-5u-t47	4	5	tpl-3317a8932e1149d38ab7cb28	0	201	0.100707	PASS	none	f6f32770a7624ee7b38579b24cc292b2	PASS
r04-q06794-5u-t44	4	5	tpl-3317a8932e1149d38ab7cb28	0	201	0.116018	PASS	none	e292d415e01d4dc293660f70aba17fb6	PASS
r04-q06795-5u-t45	4	5	tpl-3317a8932e1149d38ab7cb28	0	201	0.114307	PASS	none	b453622a5b01485fbaa8b6e6761f3459	PASS
r04-q06796-5u-t46	4	5	tpl-3317a8932e1149d38ab7cb28	0	201	0.106797	PASS	none	dc4f76f303db4c83829d7cd4a420641a	PASS
r04-q06800-5u-t50	4	5	tpl-3317a8932e1149d38ab7cb28	0	201	0.114929	PASS	none	460ed248ee0f40cb8977c3924842cc2f	PASS
r05-q06802-5u-t2	5	5	tpl-3317a8932e1149d38ab7cb28	0	201	0.053112	PASS	none	fa84a8328625438eb618444c327ea3a5	PASS
r05-q06804-5u-t4	5	5	tpl-3317a8932e1149d38ab7cb28	0	201	0.066025	PASS	none	5692c55a0eae4fe8bbe742ce7b5426d7	PASS
r05-q06803-5u-t3	5	5	tpl-3317a8932e1149d38ab7cb28	0	201	0.059412	PASS	none	4d450b3819f047d9ab17f7260053c661	PASS
r05-q06801-5u-t1	5	5	tpl-3317a8932e1149d38ab7cb28	0	201	0.052502	PASS	none	d42920dc5f594696a153e05a217eec97	PASS
r05-q06809-5u-t9	5	5	tpl-3317a8932e1149d38ab7cb28	0	201	0.054752	PASS	none	b724ff610e6a46458f5dfeba43c9272f	PASS
r05-q06805-5u-t5	5	5	tpl-3317a8932e1149d38ab7cb28	0	201	0.061918	PASS	none	c989f63530664e9dbd325f0ea8e89403	PASS
r05-q06808-5u-t8	5	5	tpl-3317a8932e1149d38ab7cb28	0	201	0.055344	PASS	none	1a1c63d4b0a9411b8a09952775e5b2b3	PASS
r05-q06807-5u-t7	5	5	tpl-3317a8932e1149d38ab7cb28	0	201	0.052430	PASS	none	f75052b5e2a940fbba7b480841ffe5dd	PASS
r05-q06814-5u-t14	5	5	tpl-3317a8932e1149d38ab7cb28	0	201	0.076717	PASS	none	5a9b8ce3dd994c6cb386c916faec5375	PASS
r05-q06811-5u-t11	5	5	tpl-3317a8932e1149d38ab7cb28	0	201	0.090281	PASS	none	b53ecf3c566e465196db550d67876f09	PASS
r05-q06815-5u-t15	5	5	tpl-3317a8932e1149d38ab7cb28	0	201	0.084453	PASS	none	9dc77367ec1b476791034cc36f3ddd98	PASS
r05-q06806-5u-t6	5	5	tpl-3317a8932e1149d38ab7cb28	0	201	0.066320	PASS	none	de0929a74f504929a9ee2d1a9a5a3d4e	PASS
r05-q06813-5u-t13	5	5	tpl-3317a8932e1149d38ab7cb28	0	201	0.096293	PASS	none	c1371f2c41304afbbee27fd8f4f64641	PASS
r05-q06816-5u-t16	5	5	tpl-3317a8932e1149d38ab7cb28	0	201	0.091852	PASS	none	5bbbe65e0c744f34b68277427f698bcc	PASS
r05-q06818-5u-t18	5	5	tpl-3317a8932e1149d38ab7cb28	0	201	0.081761	PASS	none	86549874508d4b46ac164e42064ea5b8	PASS
r05-q06821-5u-t21	5	5	tpl-3317a8932e1149d38ab7cb28	0	201	0.087519	PASS	none	710c83dfeec14d9488f33f122f6ced2f	PASS
r05-q06810-5u-t10	5	5	tpl-3317a8932e1149d38ab7cb28	0	201	0.059938	PASS	none	c21b213df4b4448e95fe8169e68dd531	PASS
r05-q06820-5u-t20	5	5	tpl-3317a8932e1149d38ab7cb28	0	201	0.074511	PASS	none	59f5912048b04b41a4179e5c2d16444f	PASS
r05-q06823-5u-t23	5	5	tpl-3317a8932e1149d38ab7cb28	0	201	0.089461	PASS	none	b042bc1c7ee4460088051cbf149ca683	PASS
r05-q06822-5u-t22	5	5	tpl-3317a8932e1149d38ab7cb28	0	201	0.091847	PASS	none	25951092b4e34a39a00e06a796345cec	PASS
r05-q06819-5u-t19	5	5	tpl-3317a8932e1149d38ab7cb28	0	201	0.080409	PASS	none	f5ad8f77982b4a75a15ba7da2a4c1fa6	PASS
r05-q06812-5u-t12	5	5	tpl-3317a8932e1149d38ab7cb28	0	201	0.091026	PASS	none	bb0bc320cae64b15a2a692671fa1778a	PASS
r05-q06826-5u-t26	5	5	tpl-3317a8932e1149d38ab7cb28	0	201	0.101555	PASS	none	306e54cdd82d4c3782a3877613000bc2	PASS
r05-q06829-5u-t29	5	5	tpl-3317a8932e1149d38ab7cb28	0	201	0.100423	PASS	none	ed0e7fbe10c044889623231533fd1a91	PASS
r05-q06817-5u-t17	5	5	tpl-3317a8932e1149d38ab7cb28	0	201	0.085032	PASS	none	e5f78afbca174407af18fae9fed36c0d	PASS
r05-q06832-5u-t32	5	5	tpl-3317a8932e1149d38ab7cb28	0	201	0.097023	PASS	none	e39c44bb48f8460a9702c0e4cbc6abf1	PASS
r05-q06833-5u-t33	5	5	tpl-3317a8932e1149d38ab7cb28	0	201	0.108500	PASS	none	a45358cc712145b29cb0e36fb8a7dd51	PASS
r05-q06831-5u-t31	5	5	tpl-3317a8932e1149d38ab7cb28	0	201	0.089191	PASS	none	97645fcdb33e4374abbbf01de21abe79	PASS
r05-q06825-5u-t25	5	5	tpl-3317a8932e1149d38ab7cb28	0	201	0.096305	PASS	none	5656f2ab22c449c9b91c22a1091b8502	PASS
r05-q06824-5u-t24	5	5	tpl-3317a8932e1149d38ab7cb28	0	201	0.085145	PASS	none	6ab52897072e4d60b1ad1e9433cd406e	PASS
r05-q06834-5u-t34	5	5	tpl-3317a8932e1149d38ab7cb28	0	201	0.088926	PASS	none	cd6c3e4f6937429ea1ed9e4dd1a4d69d	PASS
r05-q06835-5u-t35	5	5	tpl-3317a8932e1149d38ab7cb28	0	201	0.114011	PASS	none	ee242cc164024cb28889627b2e470722	PASS
r05-q06827-5u-t27	5	5	tpl-3317a8932e1149d38ab7cb28	0	201	0.103021	PASS	none	9ae5cff2c13b4d9381c301ee0c3691a4	PASS
r05-q06830-5u-t30	5	5	tpl-3317a8932e1149d38ab7cb28	0	201	0.100965	PASS	none	d8d4a50193c245b3afb5882718d38311	PASS
r05-q06838-5u-t38	5	5	tpl-3317a8932e1149d38ab7cb28	0	201	0.117708	PASS	none	20a155609d464225812c94972ed1ab35	PASS
r05-q06828-5u-t28	5	5	tpl-3317a8932e1149d38ab7cb28	0	201	0.094426	PASS	none	6da88a3d3c624c7dab83076f0329ed17	PASS
r05-q06837-5u-t37	5	5	tpl-3317a8932e1149d38ab7cb28	0	201	0.108235	PASS	none	2bb15ac139df4480904164aec9f36a2e	PASS
r05-q06840-5u-t40	5	5	tpl-3317a8932e1149d38ab7cb28	0	201	0.124509	PASS	none	688c5bd555934d2ebbc7c8292939ae9e	PASS
r05-q06836-5u-t36	5	5	tpl-3317a8932e1149d38ab7cb28	0	201	0.115362	PASS	none	5532b144ba5645d7b7b56a940c5c6d2a	PASS
r05-q06850-5u-t50	5	5	tpl-3317a8932e1149d38ab7cb28	0	201	0.107891	PASS	none	7dec8d31aab24a3797c480d813ee3c47	PASS
r05-q06843-5u-t43	5	5	tpl-3317a8932e1149d38ab7cb28	0	201	0.113334	PASS	none	6042e39325ba4f6b800a30f9791ca343	PASS
r05-q06846-5u-t46	5	5	tpl-3317a8932e1149d38ab7cb28	0	201	0.104028	PASS	none	22582d91532c4422b30eb50fc67c8e90	PASS
r05-q06841-5u-t41	5	5	tpl-3317a8932e1149d38ab7cb28	0	201	0.122388	PASS	none	993c3eddf5454e548e2b8e2df4c176e9	PASS
r05-q06844-5u-t44	5	5	tpl-3317a8932e1149d38ab7cb28	0	201	0.127364	PASS	none	09933e2c9abd47a58244f72d2b3d2424	PASS
r05-q06845-5u-t45	5	5	tpl-3317a8932e1149d38ab7cb28	0	201	0.099303	PASS	none	e0d8eac6a6db420ba679c5644c29b010	PASS
r05-q06849-5u-t49	5	5	tpl-3317a8932e1149d38ab7cb28	0	201	0.108691	PASS	none	b51d574b8ab6439283ad249c1f9b245e	PASS
r05-q06839-5u-t39	5	5	tpl-3317a8932e1149d38ab7cb28	0	201	0.103324	PASS	none	b2b718e4aa3b46419ebda7ad76fffaf5	PASS
r05-q06848-5u-t48	5	5	tpl-3317a8932e1149d38ab7cb28	0	201	0.111644	PASS	none	a7e3137212c443639336b9df5c48c755	PASS
r05-q06842-5u-t42	5	5	tpl-3317a8932e1149d38ab7cb28	0	201	0.116486	PASS	none	aaf20df496aa45a5817e52d91242d481	PASS
r05-q06847-5u-t47	5	5	tpl-3317a8932e1149d38ab7cb28	0	201	0.111689	PASS	none	b441ea9213894269b3476bf404897a68	PASS
r06-q06853-5u-t3	6	5	tpl-3317a8932e1149d38ab7cb28	0	201	0.057307	PASS	none	8ca8476233ca400f8a8b0cd4c7338c2e	PASS
r06-q06855-5u-t5	6	5	tpl-3317a8932e1149d38ab7cb28	0	201	0.063479	PASS	none	09bca8ceabcd41fcb8dff1ee0023e6a2	PASS
r06-q06851-5u-t1	6	5	tpl-3317a8932e1149d38ab7cb28	0	201	0.059381	PASS	none	d50c7c73007642359d1a087f410fa6ae	PASS
r06-q06860-5u-t10	6	5	tpl-3317a8932e1149d38ab7cb28	0	201	0.068318	PASS	none	b0e61f1d12e747739267ae6bea5af1d7	PASS
r06-q06864-5u-t14	6	5	tpl-3317a8932e1149d38ab7cb28	0	201	0.085367	PASS	none	1cd5d68ed47743629ff79ab00d8c6d2a	PASS
r06-q06854-5u-t4	6	5	tpl-3317a8932e1149d38ab7cb28	0	201	0.071058	PASS	none	8ca4be3e9ecf409b8d464ec6162c1462	PASS
r06-q06858-5u-t8	6	5	tpl-3317a8932e1149d38ab7cb28	0	201	0.068050	PASS	none	a8ddc33aeb5249cc8c68614448405a38	PASS
r06-q06861-5u-t11	6	5	tpl-3317a8932e1149d38ab7cb28	0	201	0.084223	PASS	none	364aa1ffe96d432792958f8120cfe048	PASS
r06-q06862-5u-t12	6	5	tpl-3317a8932e1149d38ab7cb28	0	201	0.062922	PASS	none	eb6d59f928824a1db696767eff8308d0	PASS
r06-q06865-5u-t15	6	5	tpl-3317a8932e1149d38ab7cb28	0	201	0.084839	PASS	none	864e6ef458b7410aa0e61ac0891e76ce	PASS
r06-q06852-5u-t2	6	5	tpl-3317a8932e1149d38ab7cb28	0	201	0.083278	PASS	none	dd97e1eed3f14f73994722b293bef3e0	PASS
r06-q06857-5u-t7	6	5	tpl-3317a8932e1149d38ab7cb28	0	201	0.066394	PASS	none	ec1548a24c99476597147eb3fc111eef	PASS
r06-q06866-5u-t16	6	5	tpl-3317a8932e1149d38ab7cb28	0	201	0.084291	PASS	none	9126251fc9dd43e59448e0da68dcd1b4	PASS
r06-q06856-5u-t6	6	5	tpl-3317a8932e1149d38ab7cb28	0	201	0.066609	PASS	none	17ec10f4f1524fa987594175fb1f5d3b	PASS
r06-q06859-5u-t9	6	5	tpl-3317a8932e1149d38ab7cb28	0	201	0.083797	PASS	none	e1fa3d274554474fb44ea86798c090ce	PASS
r06-q06867-5u-t17	6	5	tpl-3317a8932e1149d38ab7cb28	0	201	0.100417	PASS	none	d29729a5de0f4310946f68af60020b4a	PASS
r06-q06869-5u-t19	6	5	tpl-3317a8932e1149d38ab7cb28	0	201	0.091158	PASS	none	0ee6df4ad97646aea11a28b65baa503b	PASS
r06-q06863-5u-t13	6	5	tpl-3317a8932e1149d38ab7cb28	0	201	0.093145	PASS	none	35c0808b5aba498492372ddd30a5574f	PASS
r06-q06875-5u-t25	6	5	tpl-3317a8932e1149d38ab7cb28	0	201	0.107111	PASS	none	fa7371f553cd49168e34c728fa7bc5db	PASS
r06-q06874-5u-t24	6	5	tpl-3317a8932e1149d38ab7cb28	0	201	0.105703	PASS	none	badd145a922d48658994fd3bf5b50824	PASS
r06-q06868-5u-t18	6	5	tpl-3317a8932e1149d38ab7cb28	0	201	0.102518	PASS	none	a6920562269f42218c87907f08651b45	PASS
r06-q06870-5u-t20	6	5	tpl-3317a8932e1149d38ab7cb28	0	201	0.089521	PASS	none	f69fd7df7baa4547b5b56f331fd341ad	PASS
r06-q06872-5u-t22	6	5	tpl-3317a8932e1149d38ab7cb28	0	201	0.095054	PASS	none	4acb63daf91c42448e9dd3b6869cc3cb	PASS
r06-q06871-5u-t21	6	5	tpl-3317a8932e1149d38ab7cb28	0	201	0.120431	PASS	none	c3a3f4e1af854313a09d1dcfc14a4487	PASS
r06-q06878-5u-t28	6	5	tpl-3317a8932e1149d38ab7cb28	0	201	0.116448	PASS	none	c7ec73e218274273a7be8e27a3d6e2c5	PASS
r06-q06873-5u-t23	6	5	tpl-3317a8932e1149d38ab7cb28	0	201	0.112906	PASS	none	45ec616f9f81478a86d1e9a0a58cc50a	PASS
r06-q06880-5u-t30	6	5	tpl-3317a8932e1149d38ab7cb28	0	201	0.105216	PASS	none	175ed01e9a65465da69051e70babbb59	PASS
r06-q06876-5u-t26	6	5	tpl-3317a8932e1149d38ab7cb28	0	201	0.125051	PASS	none	d246ca6a8d9c43ad82b4a60685bbb6f6	PASS
r06-q06877-5u-t27	6	5	tpl-3317a8932e1149d38ab7cb28	0	201	0.122983	PASS	none	535a4425cecd4d9a86382872a1428fd1	PASS
r06-q06882-5u-t32	6	5	tpl-3317a8932e1149d38ab7cb28	0	201	0.113534	PASS	none	8239b683ff034d7bb2ade9a3c83d3d02	PASS
r06-q06879-5u-t29	6	5	tpl-3317a8932e1149d38ab7cb28	0	201	0.124659	PASS	none	8d238705c4de473780770d996362729c	PASS
r06-q06883-5u-t33	6	5	tpl-3317a8932e1149d38ab7cb28	0	201	0.100432	PASS	none	441650c96a0b4f6d868549c01a89d382	PASS
r06-q06884-5u-t34	6	5	tpl-3317a8932e1149d38ab7cb28	0	201	0.119924	PASS	none	5e9f68c1f5874b18b617c29afe2268d3	PASS
r06-q06887-5u-t37	6	5	tpl-3317a8932e1149d38ab7cb28	0	201	0.107789	PASS	none	53e6ead31e294aa683c31f4aa04e96b2	PASS
r06-q06890-5u-t40	6	5	tpl-3317a8932e1149d38ab7cb28	0	201	0.100500	PASS	none	e15baec245c04161b916542362520773	PASS
r06-q06885-5u-t35	6	5	tpl-3317a8932e1149d38ab7cb28	0	201	0.113699	PASS	none	a5518bfd414b4c01b9dc15d92a7f714e	PASS
r06-q06886-5u-t36	6	5	tpl-3317a8932e1149d38ab7cb28	0	201	0.119837	PASS	none	958dc89e15174486b95cecd10c65a176	PASS
r06-q06888-5u-t38	6	5	tpl-3317a8932e1149d38ab7cb28	0	201	0.106064	PASS	none	e0540d25d63b4fb2a35dee096e0d08c7	PASS
r06-q06889-5u-t39	6	5	tpl-3317a8932e1149d38ab7cb28	0	201	0.107949	PASS	none	81aa805ef26b483bbb13220fbc6c2989	PASS
r06-q06898-5u-t48	6	5	tpl-3317a8932e1149d38ab7cb28	0	201	0.126455	PASS	none	c207b3502341495c9cc78d9a540dfc08	PASS
r06-q06900-5u-t50	6	5	tpl-3317a8932e1149d38ab7cb28	0	201	0.110844	PASS	none	ee5e4e11405c41978d06db04e4d47d81	PASS
r06-q06892-5u-t42	6	5	tpl-3317a8932e1149d38ab7cb28	0	201	0.150963	PASS	none	25de38fa9f9a448c9b97f5cb06a35fb7	PASS
r06-q06881-5u-t31	6	5	tpl-3317a8932e1149d38ab7cb28	0	201	0.109929	PASS	none	b3d8a82c57c54ea599cbae76ad2cce6c	PASS
r06-q06895-5u-t45	6	5	tpl-3317a8932e1149d38ab7cb28	0	201	0.147186	PASS	none	118d63bf69e3405ba569d28a0067e8cd	PASS
r06-q06893-5u-t43	6	5	tpl-3317a8932e1149d38ab7cb28	0	201	0.138383	PASS	none	6d06b70c10024ab4bd00e1dca1a33e6d	PASS
r06-q06897-5u-t47	6	5	tpl-3317a8932e1149d38ab7cb28	0	201	0.125615	PASS	none	0f835303f4fa42c3b0ac34012cfb58d0	PASS
r06-q06894-5u-t44	6	5	tpl-3317a8932e1149d38ab7cb28	0	201	0.129468	PASS	none	c0c67be8f1a848eaa6f1cba4b2fdae23	PASS
r06-q06899-5u-t49	6	5	tpl-3317a8932e1149d38ab7cb28	0	201	0.121600	PASS	none	0738ea1e62504b40beb814c019298e3f	PASS
r06-q06896-5u-t46	6	5	tpl-3317a8932e1149d38ab7cb28	0	201	0.139127	PASS	none	31e0c7459aa1401c9f0e4a81fe4b2776	PASS
r06-q06891-5u-t41	6	5	tpl-3317a8932e1149d38ab7cb28	0	201	0.152077	PASS	none	39f654c4a49f4277b82fc3035e3bdeab	PASS
r01-q06904-5u-t4	1	5	tpl-708865c050514494ba15cb11	0	201	0.063617	PASS	none	b8d831eab9dd446bbc8643ed9699af49	PASS
r01-q06901-5u-t1	1	5	tpl-708865c050514494ba15cb11	0	201	0.065770	PASS	none	684b8176f6ae44f49d3e3ab18bda58dd	PASS
r01-q06903-5u-t3	1	5	tpl-708865c050514494ba15cb11	0	201	0.066600	PASS	none	152b3e62d14c4cffb5c859ca96722a82	PASS
r01-q06905-5u-t5	1	5	tpl-708865c050514494ba15cb11	0	201	0.057151	PASS	none	5a0288c4b64b4086afd11aba7bb8021c	PASS
r01-q06908-5u-t8	1	5	tpl-708865c050514494ba15cb11	0	201	0.060463	PASS	none	be7316cd9fb84ffdb5b14f367192b00b	PASS
r01-q06911-5u-t11	1	5	tpl-708865c050514494ba15cb11	0	201	0.077217	PASS	none	81f092f723994e23981253e4077ce7b7	PASS
r01-q06902-5u-t2	1	5	tpl-708865c050514494ba15cb11	0	201	0.063074	PASS	none	8a6f9e84e1f74d648806c27aa68983d1	PASS
r01-q06913-5u-t13	1	5	tpl-708865c050514494ba15cb11	0	201	0.081511	PASS	none	850740014a5046b18a4ff193869bc3e7	PASS
r01-q06907-5u-t7	1	5	tpl-708865c050514494ba15cb11	0	201	0.052966	PASS	none	32b04ba9935e42a49f7e4b1ea4304863	PASS
r01-q06906-5u-t6	1	5	tpl-708865c050514494ba15cb11	0	201	0.056002	PASS	none	88046199721a4dbda6ed557ef1be5e8d	PASS
r01-q06909-5u-t9	1	5	tpl-708865c050514494ba15cb11	0	201	0.091344	PASS	none	03ac80d322824bd0a984e07797117278	PASS
r01-q06916-5u-t16	1	5	tpl-708865c050514494ba15cb11	0	201	0.081384	PASS	none	ea39aef865a1469da888409a64db8840	PASS
r01-q06912-5u-t12	1	5	tpl-708865c050514494ba15cb11	0	201	0.078071	PASS	none	c22a235b84954fed9cbd3de84eb5c37c	PASS
r01-q06919-5u-t19	1	5	tpl-708865c050514494ba15cb11	0	201	0.084569	PASS	none	bfb2af29b25042daaf5410386bbbd5e7	PASS
r01-q06918-5u-t18	1	5	tpl-708865c050514494ba15cb11	0	201	0.074280	PASS	none	ece516516eb24c65808f2bae6b298880	PASS
r01-q06922-5u-t22	1	5	tpl-708865c050514494ba15cb11	0	201	0.084025	PASS	none	01d56bbd208745dab77bb5c27446e6ee	PASS
r01-q06917-5u-t17	1	5	tpl-708865c050514494ba15cb11	0	201	0.082073	PASS	none	ec6ac918a1dd48768ec17ec293b71a8b	PASS
r01-q06928-5u-t28	1	5	tpl-708865c050514494ba15cb11	0	201	0.099182	PASS	none	d02f56330a6c4eb5af7ee58be95bfcaa	PASS
r01-q06924-5u-t24	1	5	tpl-708865c050514494ba15cb11	0	201	0.089110	PASS	none	4d4aae80707d4be6b01bb1a7a8a3a8f9	PASS
r01-q06910-5u-t10	1	5	tpl-708865c050514494ba15cb11	0	201	0.074247	PASS	none	69077723d2b94cd6944b1bb2eedd7975	PASS
r01-q06926-5u-t26	1	5	tpl-708865c050514494ba15cb11	0	201	0.088896	PASS	none	8eeb35039c7640d286ab362e8fd63b92	PASS
r01-q06925-5u-t25	1	5	tpl-708865c050514494ba15cb11	0	201	0.103762	PASS	none	9767d80118974ceea3e418bdb9a8f93f	PASS
r01-q06929-5u-t29	1	5	tpl-708865c050514494ba15cb11	0	201	0.094255	PASS	none	77e93429d0c54db1a0dc2cdecf232e20	PASS
r01-q06933-5u-t33	1	5	tpl-708865c050514494ba15cb11	0	201	0.088371	PASS	none	891e0fbbbad34888984e3fcf2569c39f	PASS
r01-q06915-5u-t15	1	5	tpl-708865c050514494ba15cb11	0	201	0.075076	PASS	none	e611bdc94fec4fcd8e4733c2a650579c	PASS
r01-q06923-5u-t23	1	5	tpl-708865c050514494ba15cb11	0	201	0.084358	PASS	none	82b5f4642fa342fabe14f0b1ea7dc01f	PASS
r01-q06921-5u-t21	1	5	tpl-708865c050514494ba15cb11	0	201	0.094825	PASS	none	bef0c291a1494d8abdbac6ae29e739ad	PASS
r01-q06927-5u-t27	1	5	tpl-708865c050514494ba15cb11	0	201	0.086693	PASS	none	f14f7e841a154b9f8054ab65cdd3d0bf	PASS
r01-q06936-5u-t36	1	5	tpl-708865c050514494ba15cb11	0	201	0.103829	PASS	none	a69a1d906bdf4b46a214441268fa961f	PASS
r01-q06930-5u-t30	1	5	tpl-708865c050514494ba15cb11	0	201	0.097355	PASS	none	759dcc2b97bc4b46bc6aa5ed6ceae633	PASS
r01-q06920-5u-t20	1	5	tpl-708865c050514494ba15cb11	0	201	0.087552	PASS	none	66b65d7fca424eebbb31b482111458ee	PASS
r01-q06934-5u-t34	1	5	tpl-708865c050514494ba15cb11	0	201	0.096489	PASS	none	fcc8ac21dff4494c9a73da9396b91f7c	PASS
r01-q06945-5u-t45	1	5	tpl-708865c050514494ba15cb11	0	201	0.101768	PASS	none	9c559a25a3054c3bb3e970ce0194e792	PASS
r01-q06932-5u-t32	1	5	tpl-708865c050514494ba15cb11	0	201	0.095541	PASS	none	82b469accd634feda75c5ef6ffefb0bd	PASS
r01-q06914-5u-t14	1	5	tpl-708865c050514494ba15cb11	0	201	0.089497	PASS	none	e4658c9977f04366a4605cda1a12ec98	PASS
r01-q06931-5u-t31	1	5	tpl-708865c050514494ba15cb11	0	201	0.094896	PASS	none	532dabc285924e10b13c24e7f234142b	PASS
r01-q06939-5u-t39	1	5	tpl-708865c050514494ba15cb11	0	201	0.091701	PASS	none	d46ed11bc3cd41f7be0e6f672272212f	PASS
r01-q06938-5u-t38	1	5	tpl-708865c050514494ba15cb11	0	201	0.100107	PASS	none	d7813006a9984ae8a9a913ac35c2a7e7	PASS
r01-q06944-5u-t44	1	5	tpl-708865c050514494ba15cb11	0	201	0.091214	PASS	none	8ab5f60d66a44d8aa261e6edcb56d831	PASS
r01-q06949-5u-t49	1	5	tpl-708865c050514494ba15cb11	0	201	0.095990	PASS	none	a87f8f2dfa5640f3b385f8b69c6baffa	PASS
r01-q06941-5u-t41	1	5	tpl-708865c050514494ba15cb11	0	201	0.109138	PASS	none	4e20a9e7fbce4362b23332cc41b944d1	PASS
r01-q06935-5u-t35	1	5	tpl-708865c050514494ba15cb11	0	201	0.101294	PASS	none	5e654dc560bd421a8205ea0e5982436b	PASS
r01-q06937-5u-t37	1	5	tpl-708865c050514494ba15cb11	0	201	0.108975	PASS	none	52987549ef4c4e5c9a677ef97462d161	PASS
r01-q06943-5u-t43	1	5	tpl-708865c050514494ba15cb11	0	201	0.094137	PASS	none	90bb240f5215490e90d5e7eda2f0a86d	PASS
r01-q06940-5u-t40	1	5	tpl-708865c050514494ba15cb11	0	201	0.099662	PASS	none	4cbaddaf1b4f45218afab985e79a42a2	PASS
r01-q06948-5u-t48	1	5	tpl-708865c050514494ba15cb11	0	201	0.085462	PASS	none	a326114455c1446d9f64b7f0a9c6bbe6	PASS
r01-q06946-5u-t46	1	5	tpl-708865c050514494ba15cb11	0	201	0.097955	PASS	none	e331abcd1e9245a88f2f14487937b507	PASS
r01-q06950-5u-t50	1	5	tpl-708865c050514494ba15cb11	0	201	0.087636	PASS	none	2019d4c04a2e4487aa98eb2ced01bde4	PASS
r01-q06947-5u-t47	1	5	tpl-708865c050514494ba15cb11	0	201	0.103178	PASS	none	4f1bf51cff4c43ec8cbdcb681cc6fe6f	PASS
r01-q06942-5u-t42	1	5	tpl-708865c050514494ba15cb11	0	201	0.100320	PASS	none	9e62d19dda2c456fbe3f8c84e4df26af	PASS
r02-q06951-5u-t1	2	5	tpl-708865c050514494ba15cb11	0	201	0.058833	PASS	none	29d40c54a2854b12be2343e27b200f32	PASS
r02-q06957-5u-t7	2	5	tpl-708865c050514494ba15cb11	0	201	0.061646	PASS	none	fe102c41ce574216b353dc35f5661f02	PASS
r02-q06956-5u-t6	2	5	tpl-708865c050514494ba15cb11	0	201	0.058224	PASS	none	3992f2c0553c4a3d881d35548fd0285c	PASS
r02-q06952-5u-t2	2	5	tpl-708865c050514494ba15cb11	0	201	0.050516	PASS	none	4a8cd9ab5601452982b23124138dcdf5	PASS
r02-q06958-5u-t8	2	5	tpl-708865c050514494ba15cb11	0	201	0.075410	PASS	none	8afec1ec3c39411ab3e0736050dd16e2	PASS
r02-q06954-5u-t4	2	5	tpl-708865c050514494ba15cb11	0	201	0.058860	PASS	none	75d61f188245482baf8cfc4a3e84d118	PASS
r02-q06962-5u-t12	2	5	tpl-708865c050514494ba15cb11	0	201	0.075287	PASS	none	a5750ae60ed844488c72d62551a8d9a9	PASS
r02-q06953-5u-t3	2	5	tpl-708865c050514494ba15cb11	0	201	0.065942	PASS	none	11909437827f4579b24b0724f24fc9f3	PASS
r02-q06959-5u-t9	2	5	tpl-708865c050514494ba15cb11	0	201	0.065548	PASS	none	dd3a1a562cb4468eb80b8321574f5ed1	PASS
r02-q06960-5u-t10	2	5	tpl-708865c050514494ba15cb11	0	201	0.062616	PASS	none	9088f9a2d6324852a0cefd6a106439bd	PASS
r02-q06955-5u-t5	2	5	tpl-708865c050514494ba15cb11	0	201	0.072563	PASS	none	a91fbf539e0740d38043b6d78c1ee1ce	PASS
r02-q06967-5u-t17	2	5	tpl-708865c050514494ba15cb11	0	201	0.072755	PASS	none	6ed57f14b7ab4b41bfa5053984e9facb	PASS
r02-q06961-5u-t11	2	5	tpl-708865c050514494ba15cb11	0	201	0.072214	PASS	none	721f41ec73224fbda8c2c59372695776	PASS
r02-q06964-5u-t14	2	5	tpl-708865c050514494ba15cb11	0	201	0.074726	PASS	none	2673de921ac14a959ec5995c7f5ac813	PASS
r02-q06963-5u-t13	2	5	tpl-708865c050514494ba15cb11	0	201	0.071357	PASS	none	3388cbc4bc444077b4cf01c15f265a15	PASS
r02-q06972-5u-t22	2	5	tpl-708865c050514494ba15cb11	0	201	0.081994	PASS	none	ffc2734b715b4bdb898e57cc6cfc38d6	PASS
r02-q06969-5u-t19	2	5	tpl-708865c050514494ba15cb11	0	201	0.081041	PASS	none	b9ab951b87f14170a1ab0d2e58a3f576	PASS
r02-q06966-5u-t16	2	5	tpl-708865c050514494ba15cb11	0	201	0.071818	PASS	none	177ced26094e4911b042a0914363d30a	PASS
r02-q06973-5u-t23	2	5	tpl-708865c050514494ba15cb11	0	201	0.075606	PASS	none	56e2d5a4cea94444a2ed0ac5c089f4d0	PASS
r02-q06965-5u-t15	2	5	tpl-708865c050514494ba15cb11	0	201	0.076400	PASS	none	2a479ec4143e46f38e5fb48bb17ab096	PASS
r02-q06971-5u-t21	2	5	tpl-708865c050514494ba15cb11	0	201	0.087966	PASS	none	40b0168d60a64ea79db1cd024a4ca550	PASS
r02-q06968-5u-t18	2	5	tpl-708865c050514494ba15cb11	0	201	0.077256	PASS	none	67443f637f1e433aa8729f6c6179bc7a	PASS
r02-q06980-5u-t30	2	5	tpl-708865c050514494ba15cb11	0	201	0.079917	PASS	none	2d75ba7b76994331a17cbdce7465d678	PASS
r02-q06981-5u-t31	2	5	tpl-708865c050514494ba15cb11	0	201	0.086501	PASS	none	a72879f56d204504ba3ffce9fa9f9b5d	PASS
r02-q06970-5u-t20	2	5	tpl-708865c050514494ba15cb11	0	201	0.068041	PASS	none	9c7722d4da374df7add19deb656c3478	PASS
r02-q06982-5u-t32	2	5	tpl-708865c050514494ba15cb11	0	201	0.085648	PASS	none	e932e2c7d2c046ec9477c1d80ddf1cc5	PASS
r02-q06984-5u-t34	2	5	tpl-708865c050514494ba15cb11	0	201	0.086236	PASS	none	18be6b579092457dba7d4486adf4f567	PASS
r02-q06974-5u-t24	2	5	tpl-708865c050514494ba15cb11	0	201	0.098395	PASS	none	d4a1caa4ec56458c976a30a40f4c5e42	PASS
r02-q06977-5u-t27	2	5	tpl-708865c050514494ba15cb11	0	201	0.085269	PASS	none	fec7000f13c94c34bee60b5fd70d7c43	PASS
r02-q06978-5u-t28	2	5	tpl-708865c050514494ba15cb11	0	201	0.090342	PASS	none	bcb1a4c219f34233862c657eb0b6d080	PASS
r02-q06979-5u-t29	2	5	tpl-708865c050514494ba15cb11	0	201	0.091274	PASS	none	ceac16bc6c3145258ce19cb7be2a0c87	PASS
r02-q06988-5u-t38	2	5	tpl-708865c050514494ba15cb11	0	201	0.091726	PASS	none	1c42244dcfeb48a990c40ead448f58f8	PASS
r02-q06985-5u-t35	2	5	tpl-708865c050514494ba15cb11	0	201	0.083154	PASS	none	d1deb196b3de40e4b60265280da08a76	PASS
r02-q06986-5u-t36	2	5	tpl-708865c050514494ba15cb11	0	201	0.087062	PASS	none	3db6eb1b32954a5a9eaf34ca897d2701	PASS
r02-q06975-5u-t25	2	5	tpl-708865c050514494ba15cb11	0	201	0.092560	PASS	none	bda8cce731034a62a6cd66e8eae644dd	PASS
r02-q06992-5u-t42	2	5	tpl-708865c050514494ba15cb11	0	201	0.087613	PASS	none	f4000dddb6204199b9af18ba19cc03bc	PASS
r02-q06983-5u-t33	2	5	tpl-708865c050514494ba15cb11	0	201	0.083170	PASS	none	f9fe0a694e384064b746784919d1a373	PASS
r02-q06990-5u-t40	2	5	tpl-708865c050514494ba15cb11	0	201	0.098350	PASS	none	f02d4e7e3d4f4a468893e996c0c766ed	PASS
r02-q06991-5u-t41	2	5	tpl-708865c050514494ba15cb11	0	201	0.090463	PASS	none	097db88c48ee4a78b43a1f884eba4cc5	PASS
r02-q06997-5u-t47	2	5	tpl-708865c050514494ba15cb11	0	201	0.092577	PASS	none	408a864075c64ed3b4178d85b5d01650	PASS
r02-q06993-5u-t43	2	5	tpl-708865c050514494ba15cb11	0	201	0.094355	PASS	none	c6b52e244b5440c1957abb8a971c2eb7	PASS
r02-q06976-5u-t26	2	5	tpl-708865c050514494ba15cb11	0	201	0.089623	PASS	none	bfc4872f15874c5a872bca8169dbe68c	PASS
r02-q06994-5u-t44	2	5	tpl-708865c050514494ba15cb11	0	201	0.090827	PASS	none	231b429eb2004fcbb10a129371e52ef5	PASS
r02-q06996-5u-t46	2	5	tpl-708865c050514494ba15cb11	0	201	0.086369	PASS	none	4e429eb3b22b486597f601e32158cf67	PASS
r02-q06987-5u-t37	2	5	tpl-708865c050514494ba15cb11	0	201	0.097153	PASS	none	c85fc35f1cbd4d988882c358a375e95a	PASS
r02-q06989-5u-t39	2	5	tpl-708865c050514494ba15cb11	0	201	0.103861	PASS	none	ce4b81a6b76d4681a6e5ac672d7d1347	PASS
r02-q06999-5u-t49	2	5	tpl-708865c050514494ba15cb11	0	201	0.094604	PASS	none	8d2ea9a8e018418d8882a3b467ba5fb1	PASS
r02-q06998-5u-t48	2	5	tpl-708865c050514494ba15cb11	0	201	0.104904	PASS	none	d51dced923dc4d259c5273a6c942d350	PASS
r02-q07000-5u-t50	2	5	tpl-708865c050514494ba15cb11	0	201	0.089760	PASS	none	c2d6ddc568554bbb8b85d865b35d86f9	PASS
r02-q06995-5u-t45	2	5	tpl-708865c050514494ba15cb11	0	201	0.086195	PASS	none	4e58c1a06f9e4265abdece2157eed64b	PASS
r03-q07004-5u-t4	3	5	tpl-708865c050514494ba15cb11	0	201	0.052428	PASS	none	065eb5e54cc04dc88b436e68412a3099	PASS
r03-q07005-5u-t5	3	5	tpl-708865c050514494ba15cb11	0	201	0.059491	PASS	none	6846d430415d4c5b884ac2b2470c1545	PASS
r03-q07002-5u-t2	3	5	tpl-708865c050514494ba15cb11	0	201	0.053477	PASS	none	7f96bc72c9814309833728d13f266a45	PASS
r03-q07003-5u-t3	3	5	tpl-708865c050514494ba15cb11	0	201	0.052829	PASS	none	cf87f1ec67c348d786a7ab56c05e87b5	PASS
r03-q07007-5u-t7	3	5	tpl-708865c050514494ba15cb11	0	201	0.056737	PASS	none	38dd8aa086934033a3d244e60b855699	PASS
r03-q07009-5u-t9	3	5	tpl-708865c050514494ba15cb11	0	201	0.063822	PASS	none	9bd0e757c292450abf1be3157efc7768	PASS
r03-q07008-5u-t8	3	5	tpl-708865c050514494ba15cb11	0	201	0.072667	PASS	none	6a6fc5d94ed44b19bbb2b52655cc19b3	PASS
r03-q07001-5u-t1	3	5	tpl-708865c050514494ba15cb11	0	201	0.054169	PASS	none	d750096b7eaa4af6ade4e70fa6bddf6f	PASS
r03-q07011-5u-t11	3	5	tpl-708865c050514494ba15cb11	0	201	0.058850	PASS	none	0bba9ddd8c9b4496990f5a160778c948	PASS
r03-q07010-5u-t10	3	5	tpl-708865c050514494ba15cb11	0	201	0.074435	PASS	none	489cf76fcdfe4ad9a1781cc5f5488454	PASS
r03-q07006-5u-t6	3	5	tpl-708865c050514494ba15cb11	0	201	0.055299	PASS	none	e8040fc82530486dbd9b91006c0163cf	PASS
r03-q07013-5u-t13	3	5	tpl-708865c050514494ba15cb11	0	201	0.072074	PASS	none	a649e9a6e9914a57a097b550b8772f89	PASS
r03-q07016-5u-t16	3	5	tpl-708865c050514494ba15cb11	0	201	0.070295	PASS	none	f8618a0900bc40afbe5d061bc893e61c	PASS
r03-q07017-5u-t17	3	5	tpl-708865c050514494ba15cb11	0	201	0.072957	PASS	none	c56a9d3488144ac49c6e29985cfda0be	PASS
r03-q07014-5u-t14	3	5	tpl-708865c050514494ba15cb11	0	201	0.068660	PASS	none	28acd1b0b92247d9b48aaa953a0cd34b	PASS
r03-q07018-5u-t18	3	5	tpl-708865c050514494ba15cb11	0	201	0.086794	PASS	none	32676db49d7942abb05548bc61c1da43	PASS
r03-q07019-5u-t19	3	5	tpl-708865c050514494ba15cb11	0	201	0.079347	PASS	none	0c1e80fc7ffc4b9089b6e672aca80c23	PASS
r03-q07022-5u-t22	3	5	tpl-708865c050514494ba15cb11	0	201	0.087899	PASS	none	7519d57e39e14d6bbbb3a1cc87e7dd93	PASS
r03-q07015-5u-t15	3	5	tpl-708865c050514494ba15cb11	0	201	0.064546	PASS	none	d99ddffbf9af4c5986f8c94c6dc13eed	PASS
r03-q07012-5u-t12	3	5	tpl-708865c050514494ba15cb11	0	201	0.055986	PASS	none	1e5291bb2a40476ea99fe4b822db3dc3	PASS
r03-q07024-5u-t24	3	5	tpl-708865c050514494ba15cb11	0	201	0.085981	PASS	none	ec7662a0ee1c46858a02bca9252caa7f	PASS
r03-q07021-5u-t21	3	5	tpl-708865c050514494ba15cb11	0	201	0.073147	PASS	none	73209b5490034b4c9a99cef1731044a7	PASS
r03-q07027-5u-t27	3	5	tpl-708865c050514494ba15cb11	0	201	0.100401	PASS	none	b86ec499792345d7adbc05d46a1c470f	PASS
r03-q07026-5u-t26	3	5	tpl-708865c050514494ba15cb11	0	201	0.086278	PASS	none	08e88224374e410087d9a137f75d8a4b	PASS
r03-q07023-5u-t23	3	5	tpl-708865c050514494ba15cb11	0	201	0.076821	PASS	none	36610d10ba2e4754ae38fbd5ebd5dfa7	PASS
r03-q07020-5u-t20	3	5	tpl-708865c050514494ba15cb11	0	201	0.077736	PASS	none	76e0ee26cb0f4c74a9e2ead61a1e431c	PASS
r03-q07030-5u-t30	3	5	tpl-708865c050514494ba15cb11	0	201	0.091942	PASS	none	cd74c3fd8d78464cb53f6ba725847e38	PASS
r03-q07025-5u-t25	3	5	tpl-708865c050514494ba15cb11	0	201	0.089177	PASS	none	00fc6c7368d740a98109c6a5305e9146	PASS
r03-q07037-5u-t37	3	5	tpl-708865c050514494ba15cb11	0	201	0.098612	PASS	none	8716b634b62d469a887889a579904866	PASS
r03-q07028-5u-t28	3	5	tpl-708865c050514494ba15cb11	0	201	0.088368	PASS	none	e0fd98633e0a4c64b1d89f721ada8e02	PASS
r03-q07035-5u-t35	3	5	tpl-708865c050514494ba15cb11	0	201	0.100145	PASS	none	bedca0e5559045dbbcbc89570adb571a	PASS
r03-q07029-5u-t29	3	5	tpl-708865c050514494ba15cb11	0	201	0.087526	PASS	none	f66d7475d4b64148b494becc604b96d7	PASS
r03-q07034-5u-t34	3	5	tpl-708865c050514494ba15cb11	0	201	0.094660	PASS	none	04002fb1747d43b08c334f86ea0033b0	PASS
r03-q07041-5u-t41	3	5	tpl-708865c050514494ba15cb11	0	201	0.107485	PASS	none	235678be53d64b2cbb7642114d000fde	PASS
r03-q07040-5u-t40	3	5	tpl-708865c050514494ba15cb11	0	201	0.109703	PASS	none	c280c1d3ddae4670b064c9efa260a054	PASS
r03-q07036-5u-t36	3	5	tpl-708865c050514494ba15cb11	0	201	0.091075	PASS	none	ec813c9a5ee84dfc9bcc3bf073c9ae84	PASS
r03-q07038-5u-t38	3	5	tpl-708865c050514494ba15cb11	0	201	0.113334	PASS	none	8b7d8f511f944f6abc93af9a2ab88019	PASS
r03-q07031-5u-t31	3	5	tpl-708865c050514494ba15cb11	0	201	0.091279	PASS	none	db5f8bc715be4ee5a3c966ba3a3551fd	PASS
r03-q07032-5u-t32	3	5	tpl-708865c050514494ba15cb11	0	201	0.093570	PASS	none	0cd2b520dbb641cd9c5fe1259925196c	PASS
r03-q07046-5u-t46	3	5	tpl-708865c050514494ba15cb11	0	201	0.110546	PASS	none	835989fb723341cb87a70471aa5f004b	PASS
r03-q07033-5u-t33	3	5	tpl-708865c050514494ba15cb11	0	201	0.094769	PASS	none	5b0912b324d3489495138093dd23152e	PASS
r03-q07042-5u-t42	3	5	tpl-708865c050514494ba15cb11	0	201	0.125227	PASS	none	807ad590a66b4b5f86a1eac0d6f9b4e2	PASS
r03-q07050-5u-t50	3	5	tpl-708865c050514494ba15cb11	0	201	0.090470	PASS	none	a51de9645f4946098e706a79252ad4c5	PASS
r03-q07043-5u-t43	3	5	tpl-708865c050514494ba15cb11	0	201	0.118037	PASS	none	7e46bd7e5f2f4d5d8aa644ca638ccc9c	PASS
r03-q07045-5u-t45	3	5	tpl-708865c050514494ba15cb11	0	201	0.109102	PASS	none	bfb65453483f40b794e3e9b78a8c767b	PASS
r03-q07049-5u-t49	3	5	tpl-708865c050514494ba15cb11	0	201	0.098043	PASS	none	3b913c723624448585fb8a2ba69f46b9	PASS
r03-q07048-5u-t48	3	5	tpl-708865c050514494ba15cb11	0	201	0.102137	PASS	none	92c4c35fa3094e318176f859a48ffa7e	PASS
r03-q07047-5u-t47	3	5	tpl-708865c050514494ba15cb11	0	201	0.100595	PASS	none	d566589d9e4f40a498e6e130e20d7354	PASS
r03-q07039-5u-t39	3	5	tpl-708865c050514494ba15cb11	0	201	0.105842	PASS	none	a5373314d89049cda92f9c665e26f606	PASS
r03-q07044-5u-t44	3	5	tpl-708865c050514494ba15cb11	0	201	0.109925	PASS	none	a9ef39cc6e9047578aa60d6bcfd16b1d	PASS
r04-q07053-5u-t3	4	5	tpl-708865c050514494ba15cb11	0	201	0.058820	PASS	none	bfe457c66ff1459cbb669b7e4bbf6076	PASS
r04-q07054-5u-t4	4	5	tpl-708865c050514494ba15cb11	0	201	0.054388	PASS	none	74ae456aa0104b98a53fe258108e853f	PASS
r04-q07052-5u-t2	4	5	tpl-708865c050514494ba15cb11	0	201	0.064100	PASS	none	e48ae0ab9a14499bbdbeda0df422b0ce	PASS
r04-q07055-5u-t5	4	5	tpl-708865c050514494ba15cb11	0	201	0.053828	PASS	none	92cd6c80e6d3406cb1776d7a3820e692	PASS
r04-q07060-5u-t10	4	5	tpl-708865c050514494ba15cb11	0	201	0.086723	PASS	none	c730093bfae74d588289478de978f38f	PASS
r04-q07057-5u-t7	4	5	tpl-708865c050514494ba15cb11	0	201	0.083759	PASS	none	63c9b11e495a406f9d8579b9a3b52fe4	PASS
r04-q07071-5u-t21	4	5	tpl-708865c050514494ba15cb11	0	201	0.092031	PASS	none	8bfb526780c84fb3b159be70a8c716c1	PASS
r04-q07056-5u-t6	4	5	tpl-708865c050514494ba15cb11	0	201	0.059676	PASS	none	4162a19c1a4d4ae39d774a115d551352	PASS
r04-q07058-5u-t8	4	5	tpl-708865c050514494ba15cb11	0	201	0.076837	PASS	none	871e8aed99934a76a6c447234851b6fb	PASS
r04-q07072-5u-t22	4	5	tpl-708865c050514494ba15cb11	0	201	0.084743	PASS	none	eee35dd64f6441a3a74e88747a4094a6	PASS
r04-q07065-5u-t15	4	5	tpl-708865c050514494ba15cb11	0	201	0.089007	PASS	none	1ec2faecc0f94902ab224d8d9b4a55c3	PASS
r04-q07066-5u-t16	4	5	tpl-708865c050514494ba15cb11	0	201	0.090791	PASS	none	e3fa4a0f11e0493094588cbb20908916	PASS
r04-q07075-5u-t25	4	5	tpl-708865c050514494ba15cb11	0	201	0.108174	PASS	none	fe7507adfc734dedae2c70a27a81c595	PASS
r04-q07074-5u-t24	4	5	tpl-708865c050514494ba15cb11	0	201	0.105249	PASS	none	03d450894348477ab88c15a21d2b44ca	PASS
r04-q07067-5u-t17	4	5	tpl-708865c050514494ba15cb11	0	201	0.088852	PASS	none	f362fa17cc9541aaaebe77a646159409	PASS
r04-q07062-5u-t12	4	5	tpl-708865c050514494ba15cb11	0	201	0.089320	PASS	none	e73c21f51699472986dfbcd10220849a	PASS
r04-q07068-5u-t18	4	5	tpl-708865c050514494ba15cb11	0	201	0.094632	PASS	none	46d6ab0556f244d09bb985747fcdfa33	PASS
r04-q07059-5u-t9	4	5	tpl-708865c050514494ba15cb11	0	201	0.118882	PASS	none	f5f7e19a2269416bae766a15caa8b71e	PASS
r04-q07069-5u-t19	4	5	tpl-708865c050514494ba15cb11	0	201	0.078523	PASS	none	fc13ef51848740588a082e0056e5ce29	PASS
r04-q07070-5u-t20	4	5	tpl-708865c050514494ba15cb11	0	201	0.090755	PASS	none	288ec27d7c5547c590c73fdc98ed0a29	PASS
r04-q07051-5u-t1	4	5	tpl-708865c050514494ba15cb11	0	201	0.068864	PASS	none	26ecc853dc8c420e845633b8946f3da5	PASS
r04-q07073-5u-t23	4	5	tpl-708865c050514494ba15cb11	0	201	0.088910	PASS	none	5e30aa27aa3c438c9c035cdeb4fac49c	PASS
r04-q07088-5u-t38	4	5	tpl-708865c050514494ba15cb11	0	201	0.129266	PASS	none	b6dd9f44c16e4d1eb0e3989d4ab3dee9	PASS
r04-q07093-5u-t43	4	5	tpl-708865c050514494ba15cb11	0	201	0.099538	PASS	none	620c2bfe14cd45938b04cd0247b466f5	PASS
r04-q07091-5u-t41	4	5	tpl-708865c050514494ba15cb11	0	201	0.124833	PASS	none	ec599047b8ea4df594642ecd9934e65c	PASS
r04-q07084-5u-t34	4	5	tpl-708865c050514494ba15cb11	0	201	0.108490	PASS	none	7ec534f38a0c4560b339e088432e55be	PASS
r04-q07082-5u-t32	4	5	tpl-708865c050514494ba15cb11	0	201	0.122049	PASS	none	03417aefbc184d8a81ac183e451b4989	PASS
r04-q07090-5u-t40	4	5	tpl-708865c050514494ba15cb11	0	201	0.098962	PASS	none	08fe5aea0d194051bede63f1261e8a2b	PASS
r04-q07061-5u-t11	4	5	tpl-708865c050514494ba15cb11	0	201	0.106999	PASS	none	5d55364e3e0048c58dd9324150ecc398	PASS
r04-q07098-5u-t48	4	5	tpl-708865c050514494ba15cb11	0	201	0.117858	PASS	none	4d7b028e80064ef1a435d5171f05e04d	PASS
r04-q07096-5u-t46	4	5	tpl-708865c050514494ba15cb11	0	201	0.135991	PASS	none	0729bc7ae2c84262ab308ad11954f5ab	PASS
r04-q07063-5u-t13	4	5	tpl-708865c050514494ba15cb11	0	201	0.099563	PASS	none	72a54fd3220a4b9b8cc143776bf9f335	PASS
r04-q07097-5u-t47	4	5	tpl-708865c050514494ba15cb11	0	201	0.133517	PASS	none	2fb7afa1ae2447f5a8878a99dfc0521d	PASS
r04-q07080-5u-t30	4	5	tpl-708865c050514494ba15cb11	0	201	0.122832	PASS	none	3cc90280f9f7497cb2aed7d4adfb3bf2	PASS
r04-q07078-5u-t28	4	5	tpl-708865c050514494ba15cb11	0	201	0.116598	PASS	none	c691a11088844a568996166d93a5a1d4	PASS
r04-q07076-5u-t26	4	5	tpl-708865c050514494ba15cb11	0	201	0.111767	PASS	none	d781a0efbcab4c82b0ffd104ff5f522f	PASS
r04-q07077-5u-t27	4	5	tpl-708865c050514494ba15cb11	0	201	0.125087	PASS	none	e58499ab339a41f1ab4fe545563f2ddf	PASS
r04-q07083-5u-t33	4	5	tpl-708865c050514494ba15cb11	0	201	0.116684	PASS	none	2d821b95035743d2bcfe852a7e809264	PASS
r04-q07099-5u-t49	4	5	tpl-708865c050514494ba15cb11	0	201	0.120961	PASS	none	f85439fcf0364c7b9e742eb30b0d3986	PASS
r04-q07089-5u-t39	4	5	tpl-708865c050514494ba15cb11	0	201	0.130397	PASS	none	a29dfb601d434b5ba58209509a3934ca	PASS
r04-q07079-5u-t29	4	5	tpl-708865c050514494ba15cb11	0	201	0.114247	PASS	none	189edee695da4dba9a47b14122495cd9	PASS
r04-q07064-5u-t14	4	5	tpl-708865c050514494ba15cb11	0	201	0.089790	PASS	none	66fe74098df442689be4057ed7cc5d16	PASS
r04-q07100-5u-t50	4	5	tpl-708865c050514494ba15cb11	0	201	0.107709	PASS	none	ca264f5c63224c318ba5afaf3c9eeb9b	PASS
r04-q07095-5u-t45	4	5	tpl-708865c050514494ba15cb11	0	201	0.124212	PASS	none	f2a4782a35074f889164d8e235aead25	PASS
r04-q07094-5u-t44	4	5	tpl-708865c050514494ba15cb11	0	201	0.115318	PASS	none	e4aa90a94861480b9f6d4452144cc201	PASS
r04-q07085-5u-t35	4	5	tpl-708865c050514494ba15cb11	0	201	0.130682	PASS	none	38c8ac863c79480bbd3f7933fc62270a	PASS
r04-q07087-5u-t37	4	5	tpl-708865c050514494ba15cb11	0	201	0.119925	PASS	none	f60d470c45df4b3e88be8971b25c43a0	PASS
r04-q07081-5u-t31	4	5	tpl-708865c050514494ba15cb11	0	201	0.129425	PASS	none	9423f21550d34aa5b7bfbe5e15ef0101	PASS
r04-q07086-5u-t36	4	5	tpl-708865c050514494ba15cb11	0	201	0.098683	PASS	none	554a0c84111041ddb0057f063a9f103b	PASS
r04-q07092-5u-t42	4	5	tpl-708865c050514494ba15cb11	0	201	0.126045	PASS	none	45f090ed858746b8a0eb1d296fa3eb68	PASS
r05-q07103-5u-t3	5	5	tpl-708865c050514494ba15cb11	0	201	0.053404	PASS	none	2c6daa470ca0493bb3ac626457a65dc4	PASS
r05-q07107-5u-t7	5	5	tpl-708865c050514494ba15cb11	0	201	0.065315	PASS	none	05bebf21498040c39bc39c098dcf70f8	PASS
r05-q07104-5u-t4	5	5	tpl-708865c050514494ba15cb11	0	201	0.052739	PASS	none	4acab425b7d34658917d506b671bd4d9	PASS
r05-q07101-5u-t1	5	5	tpl-708865c050514494ba15cb11	0	201	0.058713	PASS	none	3a968724e66d4fd4916df2db57c464ca	PASS
r05-q07108-5u-t8	5	5	tpl-708865c050514494ba15cb11	0	201	0.056065	PASS	none	505b2331168846278459b82f5b80bc51	PASS
r05-q07114-5u-t14	5	5	tpl-708865c050514494ba15cb11	0	201	0.080577	PASS	none	e83596fcff7c4c03b4bbf40adb27df1f	PASS
r05-q07105-5u-t5	5	5	tpl-708865c050514494ba15cb11	0	201	0.091567	PASS	none	9d210e575bdf4622b680e00f3de3c55d	PASS
r05-q07106-5u-t6	5	5	tpl-708865c050514494ba15cb11	0	201	0.074174	PASS	none	1b2bc49b3f3e495f87e0a085d1fa88d8	PASS
r05-q07102-5u-t2	5	5	tpl-708865c050514494ba15cb11	0	201	0.056980	PASS	none	b109091700f64c598b7cec2564b5337c	PASS
r05-q07111-5u-t11	5	5	tpl-708865c050514494ba15cb11	0	201	0.077302	PASS	none	7d1ba16c614743bf82651d9e6c542c6f	PASS
r05-q07112-5u-t12	5	5	tpl-708865c050514494ba15cb11	0	201	0.073788	PASS	none	2c1aba0eab1346bdbd2f51ba501b8790	PASS
r05-q07115-5u-t15	5	5	tpl-708865c050514494ba15cb11	0	201	0.098377	PASS	none	e85341a33f274ab187518e70a7204247	PASS
r05-q07110-5u-t10	5	5	tpl-708865c050514494ba15cb11	0	201	0.090016	PASS	none	a2be3f0e24a145cc85ed81c8b9e0afea	PASS
r05-q07117-5u-t17	5	5	tpl-708865c050514494ba15cb11	0	201	0.085386	PASS	none	1be46d82309a4997b9b2a30cfd675d34	PASS
r05-q07119-5u-t19	5	5	tpl-708865c050514494ba15cb11	0	201	0.084613	PASS	none	8257c25a3648483081c53cef90630c15	PASS
r05-q07109-5u-t9	5	5	tpl-708865c050514494ba15cb11	0	201	0.070905	PASS	none	a3c19623f5ca4abb8a7167a8add1f7df	PASS
r05-q07120-5u-t20	5	5	tpl-708865c050514494ba15cb11	0	201	0.093014	PASS	none	32b71e5ab42d402da4ea92bda915918e	PASS
r05-q07118-5u-t18	5	5	tpl-708865c050514494ba15cb11	0	201	0.083398	PASS	none	801ba6abd3b641208395889ed363cfa3	PASS
r05-q07124-5u-t24	5	5	tpl-708865c050514494ba15cb11	0	201	0.091365	PASS	none	7b0e6527e1844472a66a19ccaccc4c58	PASS
r05-q07125-5u-t25	5	5	tpl-708865c050514494ba15cb11	0	201	0.089549	PASS	none	653ac2560e334ca4a8f417bc49e248d5	PASS
r05-q07113-5u-t13	5	5	tpl-708865c050514494ba15cb11	0	201	0.080136	PASS	none	a248901e2cae46bf975b75b3a5792aaa	PASS
r05-q07116-5u-t16	5	5	tpl-708865c050514494ba15cb11	0	201	0.087346	PASS	none	deac452ad3bb4b3e89684ca20d958a6c	PASS
r05-q07123-5u-t23	5	5	tpl-708865c050514494ba15cb11	0	201	0.089988	PASS	none	d14de59d30b1474ca929c321f60bfa53	PASS
r05-q07129-5u-t29	5	5	tpl-708865c050514494ba15cb11	0	201	0.116054	PASS	none	b578ee1da4ae4baa87db82f00d88bbfa	PASS
r05-q07121-5u-t21	5	5	tpl-708865c050514494ba15cb11	0	201	0.102404	PASS	none	c6682fc77bac4badb73119b2925acf72	PASS
r05-q07127-5u-t27	5	5	tpl-708865c050514494ba15cb11	0	201	0.092092	PASS	none	38be17fa2dba41a382af2802fb96a052	PASS
r05-q07128-5u-t28	5	5	tpl-708865c050514494ba15cb11	0	201	0.114745	PASS	none	521966936e2346abbb51f406321b6a31	PASS
r05-q07130-5u-t30	5	5	tpl-708865c050514494ba15cb11	0	201	0.094795	PASS	none	3efc49a9cdb14e72a53eb3877e770e1e	PASS
r05-q07126-5u-t26	5	5	tpl-708865c050514494ba15cb11	0	201	0.089347	PASS	none	dab149d12e074c53ae4aae57560f1d0c	PASS
r05-q07132-5u-t32	5	5	tpl-708865c050514494ba15cb11	0	201	0.123772	PASS	none	ee8b42495b0a4396bd815e9ce1af5a65	PASS
r05-q07122-5u-t22	5	5	tpl-708865c050514494ba15cb11	0	201	0.106382	PASS	none	a876815704b14945aa1b8e2257bd1d4f	PASS
r05-q07136-5u-t36	5	5	tpl-708865c050514494ba15cb11	0	201	0.105395	PASS	none	abc12892d8d7418182050596e6a78c35	PASS
r05-q07131-5u-t31	5	5	tpl-708865c050514494ba15cb11	0	201	0.115735	PASS	none	4cd9628f4f06467bab6ac162ad0ebdc7	PASS
r05-q07133-5u-t33	5	5	tpl-708865c050514494ba15cb11	0	201	0.126353	PASS	none	9120e7922726498ca78c09de37758311	PASS
r05-q07139-5u-t39	5	5	tpl-708865c050514494ba15cb11	0	201	0.105166	PASS	none	c351760edbe04cdbbbcfff73caf06d29	PASS
r05-q07138-5u-t38	5	5	tpl-708865c050514494ba15cb11	0	201	0.099062	PASS	none	f663b5b549184d069409f5ed10071cc3	PASS
r05-q07135-5u-t35	5	5	tpl-708865c050514494ba15cb11	0	201	0.106826	PASS	none	b717b2d9224c417f89d37ceef9e0404b	PASS
r05-q07141-5u-t41	5	5	tpl-708865c050514494ba15cb11	0	201	0.116335	PASS	none	3f4fde5a21ed48b2b12187207ff2c30e	PASS
r05-q07142-5u-t42	5	5	tpl-708865c050514494ba15cb11	0	201	0.131000	PASS	none	b3df3626c2f94a56b344f0ea51fe330a	PASS
r05-q07137-5u-t37	5	5	tpl-708865c050514494ba15cb11	0	201	0.128175	PASS	none	d25c316da4c74f25af222af39c11e467	PASS
r05-q07140-5u-t40	5	5	tpl-708865c050514494ba15cb11	0	201	0.100393	PASS	none	de1f1ab708fe476faf3d557e8c751ac1	PASS
r05-q07144-5u-t44	5	5	tpl-708865c050514494ba15cb11	0	201	0.124499	PASS	none	8e7f3a7c91e14e31b79016421fb6f4fd	PASS
r05-q07149-5u-t49	5	5	tpl-708865c050514494ba15cb11	0	201	0.119549	PASS	none	1c1064cbb2f84c0f915d2fc36a81ba00	PASS
r05-q07134-5u-t34	5	5	tpl-708865c050514494ba15cb11	0	201	0.123892	PASS	none	163f9c8a162b428791d110a75d73a50a	PASS
r05-q07148-5u-t48	5	5	tpl-708865c050514494ba15cb11	0	201	0.103071	PASS	none	04f6f1811bd44736b2bea9e3eb7880dc	PASS
r05-q07143-5u-t43	5	5	tpl-708865c050514494ba15cb11	0	201	0.120059	PASS	none	9eeff42524bc43989c9d9e61dd3a47e6	PASS
r05-q07146-5u-t46	5	5	tpl-708865c050514494ba15cb11	0	201	0.127539	PASS	none	6e5462bc1ecc4ff4b5042b1e31d0fbf0	PASS
r05-q07147-5u-t47	5	5	tpl-708865c050514494ba15cb11	0	201	0.101201	PASS	none	10901fbfe7a642b98299f0d7ac624cac	PASS
r05-q07150-5u-t50	5	5	tpl-708865c050514494ba15cb11	0	201	0.113157	PASS	none	9606b58023ed40f9adfb551f07902315	PASS
r05-q07145-5u-t45	5	5	tpl-708865c050514494ba15cb11	0	201	0.130243	PASS	none	6c809cc07ee048d592c2d2a4cc02ae34	PASS
r06-q07152-5u-t2	6	5	tpl-708865c050514494ba15cb11	0	201	0.060478	PASS	none	38bc1417b1234c5da4998608018e2bd8	PASS
r06-q07155-5u-t5	6	5	tpl-708865c050514494ba15cb11	0	201	0.058374	PASS	none	bf2345b46f934b5598abc4b7cef4a113	PASS
r06-q07151-5u-t1	6	5	tpl-708865c050514494ba15cb11	0	201	0.062404	PASS	none	2da4dd2fbc1349b88bbf36ba82a88928	PASS
r06-q07153-5u-t3	6	5	tpl-708865c050514494ba15cb11	0	201	0.056350	PASS	none	f197ea3f0b124b78a99d98deff924fab	PASS
r06-q07160-5u-t10	6	5	tpl-708865c050514494ba15cb11	0	201	0.062963	PASS	none	777cb61d11814436a2deed8ff1c7d462	PASS
r06-q07158-5u-t8	6	5	tpl-708865c050514494ba15cb11	0	201	0.073959	PASS	none	e6b8cebb434448949ddb9672dfe0c263	PASS
r06-q07154-5u-t4	6	5	tpl-708865c050514494ba15cb11	0	201	0.058425	PASS	none	bdbff40570644344a0b13e0f8708064a	PASS
r06-q07162-5u-t12	6	5	tpl-708865c050514494ba15cb11	0	201	0.063144	PASS	none	0668b83de275486e896cbc491ba614f1	PASS
r06-q07159-5u-t9	6	5	tpl-708865c050514494ba15cb11	0	201	0.083876	PASS	none	d5fbcb63364549a1a77b644144a4672f	PASS
r06-q07156-5u-t6	6	5	tpl-708865c050514494ba15cb11	0	201	0.069768	PASS	none	ef951643e21f41569b2de330d71d97b2	PASS
r06-q07166-5u-t16	6	5	tpl-708865c050514494ba15cb11	0	201	0.075035	PASS	none	699efed3db0643bc816b5e3faf15d043	PASS
r06-q07161-5u-t11	6	5	tpl-708865c050514494ba15cb11	0	201	0.064484	PASS	none	d2fceeac89d1449a9472b4edfa2b8ea2	PASS
r06-q07163-5u-t13	6	5	tpl-708865c050514494ba15cb11	0	201	0.070071	PASS	none	f0abb1b20b074df3a6535bde1fd5b573	PASS
r06-q07157-5u-t7	6	5	tpl-708865c050514494ba15cb11	0	201	0.076747	PASS	none	80ba791f3c8249a296ec7830d4efe763	PASS
r06-q07167-5u-t17	6	5	tpl-708865c050514494ba15cb11	0	201	0.077115	PASS	none	a375504fdd7e4207871bd74fe71b0c9e	PASS
r06-q07169-5u-t19	6	5	tpl-708865c050514494ba15cb11	0	201	0.089404	PASS	none	347b4fbfe2db40fdbb7c05ddde027519	PASS
r06-q07174-5u-t24	6	5	tpl-708865c050514494ba15cb11	0	201	0.086435	PASS	none	671e628ba7dd4530b37e3d5b23acb924	PASS
r06-q07164-5u-t14	6	5	tpl-708865c050514494ba15cb11	0	201	0.082149	PASS	none	3415601a5c694e779f43e3884c628ec2	PASS
r06-q07168-5u-t18	6	5	tpl-708865c050514494ba15cb11	0	201	0.092095	PASS	none	dca374b5829641c9992093476a722645	PASS
r06-q07172-5u-t22	6	5	tpl-708865c050514494ba15cb11	0	201	0.101069	PASS	none	af9203db2b8145bab680ba24f5ce9d8e	PASS
r06-q07170-5u-t20	6	5	tpl-708865c050514494ba15cb11	0	201	0.094843	PASS	none	eddb95e18f7a4fceb443c1c18b0baf9e	PASS
r06-q07176-5u-t26	6	5	tpl-708865c050514494ba15cb11	0	201	0.090368	PASS	none	fb179823e5234ff486105fc3552886f3	PASS
r06-q07171-5u-t21	6	5	tpl-708865c050514494ba15cb11	0	201	0.086333	PASS	none	681ce56fee464feda3aa8cef407ffd87	PASS
r06-q07165-5u-t15	6	5	tpl-708865c050514494ba15cb11	0	201	0.074837	PASS	none	0cd57a2065c144ea86bef3347c9693b5	PASS
r06-q07179-5u-t29	6	5	tpl-708865c050514494ba15cb11	0	201	0.089065	PASS	none	c2322d2a726a4e638a9c6596c662eaa0	PASS
r06-q07178-5u-t28	6	5	tpl-708865c050514494ba15cb11	0	201	0.089352	PASS	none	4bb89fa4ab07488dbb2b39ed169dda21	PASS
r06-q07177-5u-t27	6	5	tpl-708865c050514494ba15cb11	0	201	0.093617	PASS	none	e4212904b7194948bc31fe1e85a3fca5	PASS
r06-q07185-5u-t35	6	5	tpl-708865c050514494ba15cb11	0	201	0.095671	PASS	none	1d95a1c67b3e42e3bff9cc487709d5ef	PASS
r06-q07173-5u-t23	6	5	tpl-708865c050514494ba15cb11	0	201	0.092015	PASS	none	11082e1e3e6f4e98bd5ee5007877da38	PASS
r06-q07180-5u-t30	6	5	tpl-708865c050514494ba15cb11	0	201	0.088285	PASS	none	a46bc920e7684a7289c3032a58b6690c	PASS
r06-q07182-5u-t32	6	5	tpl-708865c050514494ba15cb11	0	201	0.089882	PASS	none	db932a9c71964c2cb17aca90dd57d1e4	PASS
r06-q07175-5u-t25	6	5	tpl-708865c050514494ba15cb11	0	201	0.099199	PASS	none	fb8e6a6eff4b455888806a5d02687d03	PASS
r06-q07190-5u-t40	6	5	tpl-708865c050514494ba15cb11	0	201	0.100035	PASS	none	71b14c7b8f3f47bcba69d617280ef575	PASS
r06-q07186-5u-t36	6	5	tpl-708865c050514494ba15cb11	0	201	0.105752	PASS	none	7c36182990ae48ee97f9ccda0a66fd85	PASS
r06-q07184-5u-t34	6	5	tpl-708865c050514494ba15cb11	0	201	0.100577	PASS	none	100226f3cd3e4f4bbad48337441851a4	PASS
r06-q07181-5u-t31	6	5	tpl-708865c050514494ba15cb11	0	201	0.087075	PASS	none	c69606b9f6e845b5aa7de92d81e9889f	PASS
r06-q07189-5u-t39	6	5	tpl-708865c050514494ba15cb11	0	201	0.108745	PASS	none	cb5d8c98d8944818b8cf73273e747814	PASS
r06-q07191-5u-t41	6	5	tpl-708865c050514494ba15cb11	0	201	0.106957	PASS	none	b36829059b6a477e993972ff767df5f7	PASS
r06-q07187-5u-t37	6	5	tpl-708865c050514494ba15cb11	0	201	0.099842	PASS	none	9ec88d1abbd346fa819361ddccaa473b	PASS
r06-q07193-5u-t43	6	5	tpl-708865c050514494ba15cb11	0	201	0.100093	PASS	none	a239400469ce44ac8d489753d932b937	PASS
r06-q07183-5u-t33	6	5	tpl-708865c050514494ba15cb11	0	201	0.100085	PASS	none	cb742428335e498ebdcc0f74229e39c9	PASS
r06-q07188-5u-t38	6	5	tpl-708865c050514494ba15cb11	0	201	0.108035	PASS	none	0a51af9cd4944f08a63f70b279aec167	PASS
r06-q07196-5u-t46	6	5	tpl-708865c050514494ba15cb11	0	201	0.097831	PASS	none	b61e5d729ae448a6bc32060b1e032929	PASS
r06-q07194-5u-t44	6	5	tpl-708865c050514494ba15cb11	0	201	0.095651	PASS	none	7f4dd9da78434973a5b0fed7dfa00bf5	PASS
r06-q07200-5u-t50	6	5	tpl-708865c050514494ba15cb11	0	201	0.091362	PASS	none	df422f54fb3c4024b0ff20dfcd9c1e11	PASS
r06-q07199-5u-t49	6	5	tpl-708865c050514494ba15cb11	0	201	0.092412	PASS	none	2de41d3bf0504fe99efc1ae732340f72	PASS
r06-q07192-5u-t42	6	5	tpl-708865c050514494ba15cb11	0	201	0.095225	PASS	none	808976570d144a289624a2ea6149f4df	PASS
r06-q07198-5u-t48	6	5	tpl-708865c050514494ba15cb11	0	201	0.098698	PASS	none	f7e47eaa35ac4cebbb9a008d7ed92d48	PASS
r06-q07197-5u-t47	6	5	tpl-708865c050514494ba15cb11	0	201	0.096122	PASS	none	192851177e7a4b0a8aedacae0542cb4b	PASS
r06-q07195-5u-t45	6	5	tpl-708865c050514494ba15cb11	0	201	0.107302	PASS	none	970423c2e41e4ed6b83aa0022a484c94	PASS
r01-q07202-5u-t2	1	5	tpl-a4ebde2bc0344f0a9d7a4f14	0	201	0.057950	PASS	none	e513bebdff824959a46b031391a1af9f	PASS
r01-q07212-5u-t12	1	5	tpl-a4ebde2bc0344f0a9d7a4f14	0	201	0.067026	PASS	none	0d1454b2641c41b58f9aface456573cd	PASS
r01-q07201-5u-t1	1	5	tpl-a4ebde2bc0344f0a9d7a4f14	0	201	0.059273	PASS	none	032b15b196634ca585b4638183d9d116	PASS
r01-q07206-5u-t6	1	5	tpl-a4ebde2bc0344f0a9d7a4f14	0	201	0.061183	PASS	none	2f3405d66f1942f19864df7c5a9696a1	PASS
r01-q07205-5u-t5	1	5	tpl-a4ebde2bc0344f0a9d7a4f14	0	201	0.052953	PASS	none	8354760a63004a4b8c4d67f8b1d865e8	PASS
r01-q07204-5u-t4	1	5	tpl-a4ebde2bc0344f0a9d7a4f14	0	201	0.055187	PASS	none	6334f5732b1740bb88b507d94b4f013b	PASS
r01-q07209-5u-t9	1	5	tpl-a4ebde2bc0344f0a9d7a4f14	0	201	0.057382	PASS	none	dcca312f0f104dda9f75968bac448f63	PASS
r01-q07207-5u-t7	1	5	tpl-a4ebde2bc0344f0a9d7a4f14	0	201	0.053985	PASS	none	30843c65b76840cc95b6b8ef0d317069	PASS
r01-q07203-5u-t3	1	5	tpl-a4ebde2bc0344f0a9d7a4f14	0	201	0.066303	PASS	none	c805aa26fcad4db3a03a55673291cc61	PASS
r01-q07210-5u-t10	1	5	tpl-a4ebde2bc0344f0a9d7a4f14	0	201	0.055738	PASS	none	894998c0bd144c68a79d5774a34efdf2	PASS
r01-q07216-5u-t16	1	5	tpl-a4ebde2bc0344f0a9d7a4f14	0	201	0.065090	PASS	none	dd46ed4367bb4d8abae582485bb0f9ee	PASS
r01-q07220-5u-t20	1	5	tpl-a4ebde2bc0344f0a9d7a4f14	0	201	0.065342	PASS	none	a9bc95296b404732b832f0a9acf8367f	PASS
r01-q07208-5u-t8	1	5	tpl-a4ebde2bc0344f0a9d7a4f14	0	201	0.079713	PASS	none	843826fc97774033993c112bd3111e81	PASS
r01-q07211-5u-t11	1	5	tpl-a4ebde2bc0344f0a9d7a4f14	0	201	0.062519	PASS	none	280d31fb3d804194a20f646e040e53bd	PASS
r01-q07217-5u-t17	1	5	tpl-a4ebde2bc0344f0a9d7a4f14	0	201	0.063055	PASS	none	4eed26f14a71472bb9349571d0119d9d	PASS
r01-q07219-5u-t19	1	5	tpl-a4ebde2bc0344f0a9d7a4f14	0	201	0.068923	PASS	none	8a85ddccbcaa4b9d88676de307e6467c	PASS
r01-q07213-5u-t13	1	5	tpl-a4ebde2bc0344f0a9d7a4f14	0	201	0.069177	PASS	none	335fffdf7794492b83e53c76b7296dda	PASS
r01-q07214-5u-t14	1	5	tpl-a4ebde2bc0344f0a9d7a4f14	0	201	0.061165	PASS	none	dd7e9d271538432992685d68dacab70d	PASS
r01-q07218-5u-t18	1	5	tpl-a4ebde2bc0344f0a9d7a4f14	0	201	0.070443	PASS	none	33ba5673efd1466b8166f8397408fca2	PASS
r01-q07222-5u-t22	1	5	tpl-a4ebde2bc0344f0a9d7a4f14	0	201	0.068393	PASS	none	bf040ab3fbbe4248925c7342b9604272	PASS
r01-q07215-5u-t15	1	5	tpl-a4ebde2bc0344f0a9d7a4f14	0	201	0.065087	PASS	none	706ba5abccbe4045850db1de02ee8a76	PASS
r01-q07224-5u-t24	1	5	tpl-a4ebde2bc0344f0a9d7a4f14	0	201	0.068412	PASS	none	18611b7eac054c42b01a8b987da1374c	PASS
r01-q07221-5u-t21	1	5	tpl-a4ebde2bc0344f0a9d7a4f14	0	201	0.071414	PASS	none	e7b6869fe55942bba6200b69550b0aa0	PASS
r01-q07228-5u-t28	1	5	tpl-a4ebde2bc0344f0a9d7a4f14	0	201	0.070992	PASS	none	a0e2628b76d943cb903e97666e608492	PASS
r01-q07232-5u-t32	1	5	tpl-a4ebde2bc0344f0a9d7a4f14	0	201	0.074418	PASS	none	84ba77f0e1174a7f83a9cb68eff3015d	PASS
r01-q07230-5u-t30	1	5	tpl-a4ebde2bc0344f0a9d7a4f14	0	201	0.076132	PASS	none	d7bcfe261efc489aa370d792ca51f27e	PASS
r01-q07226-5u-t26	1	5	tpl-a4ebde2bc0344f0a9d7a4f14	0	201	0.068692	PASS	none	0821f2e90c914dd3bddf8e55a7ac1dfb	PASS
r01-q07223-5u-t23	1	5	tpl-a4ebde2bc0344f0a9d7a4f14	0	201	0.069725	PASS	none	e918ceeb00ec4f488aec2a9d123f27e7	PASS
r01-q07225-5u-t25	1	5	tpl-a4ebde2bc0344f0a9d7a4f14	0	201	0.068232	PASS	none	b3ac0a84d4794a5390d2bf77d4b51a6c	PASS
r01-q07231-5u-t31	1	5	tpl-a4ebde2bc0344f0a9d7a4f14	0	201	0.072233	PASS	none	1e97b0c1c5c24446b327ec145f529918	PASS
r01-q07227-5u-t27	1	5	tpl-a4ebde2bc0344f0a9d7a4f14	0	201	0.066271	PASS	none	886e659b1e224ba88999b8d41b380c34	PASS
r01-q07235-5u-t35	1	5	tpl-a4ebde2bc0344f0a9d7a4f14	0	201	0.075737	PASS	none	475b663f50274de3983e5cc934cd083f	PASS
r01-q07229-5u-t29	1	5	tpl-a4ebde2bc0344f0a9d7a4f14	0	201	0.067709	PASS	none	9318d29c5f034f889969f5c9d7834cb6	PASS
r01-q07236-5u-t36	1	5	tpl-a4ebde2bc0344f0a9d7a4f14	0	201	0.075243	PASS	none	3d0f9ae8f29a47dbaa2f088c6c76e909	PASS
r01-q07233-5u-t33	1	5	tpl-a4ebde2bc0344f0a9d7a4f14	0	201	0.074788	PASS	none	4bdad604396b45cebf3507201217442a	PASS
r01-q07239-5u-t39	1	5	tpl-a4ebde2bc0344f0a9d7a4f14	0	201	0.084038	PASS	none	37243859c7394268a0a11e28e254668f	PASS
r01-q07237-5u-t37	1	5	tpl-a4ebde2bc0344f0a9d7a4f14	0	201	0.084235	PASS	none	278b2c712bb04357b5fbf5e6f6ffe22a	PASS
r01-q07234-5u-t34	1	5	tpl-a4ebde2bc0344f0a9d7a4f14	0	201	0.072431	PASS	none	09c7b58195694f3aa8b8138a5fa06e71	PASS
r01-q07238-5u-t38	1	5	tpl-a4ebde2bc0344f0a9d7a4f14	0	201	0.083702	PASS	none	70902d9436e9414694be2c83203faa78	PASS
r01-q07244-5u-t44	1	5	tpl-a4ebde2bc0344f0a9d7a4f14	0	201	0.085151	PASS	none	ce9a4f56eb4046d49fd22c01dc072157	PASS
r01-q07241-5u-t41	1	5	tpl-a4ebde2bc0344f0a9d7a4f14	0	201	0.084570	PASS	none	742cb2872f8f4f0c933d4862b5920a9d	PASS
r01-q07246-5u-t46	1	5	tpl-a4ebde2bc0344f0a9d7a4f14	0	201	0.087693	PASS	none	ef9b2797540e4c9dbc8e7a4a9fabe4ac	PASS
r01-q07250-5u-t50	1	5	tpl-a4ebde2bc0344f0a9d7a4f14	0	201	0.085934	PASS	none	738b2df9cf4441d29e107d1c78fda880	PASS
r01-q07242-5u-t42	1	5	tpl-a4ebde2bc0344f0a9d7a4f14	0	201	0.082394	PASS	none	00eb7c454a0d415d9c942bfc7d620344	PASS
r01-q07245-5u-t45	1	5	tpl-a4ebde2bc0344f0a9d7a4f14	0	201	0.085562	PASS	none	d74728ccc5374328910499d8079b98b3	PASS
r01-q07247-5u-t47	1	5	tpl-a4ebde2bc0344f0a9d7a4f14	0	201	0.081154	PASS	none	05e609f5792e4a309dbea0be30b9051c	PASS
r01-q07240-5u-t40	1	5	tpl-a4ebde2bc0344f0a9d7a4f14	0	201	0.090221	PASS	none	ef6af6a72ece41339c60c6fba41a98e1	PASS
r01-q07248-5u-t48	1	5	tpl-a4ebde2bc0344f0a9d7a4f14	0	201	0.083968	PASS	none	aa785de8120b497f8b483cca343959cb	PASS
r01-q07249-5u-t49	1	5	tpl-a4ebde2bc0344f0a9d7a4f14	0	201	0.082561	PASS	none	46317e3c887c44c6b875164779fd6502	PASS
r01-q07243-5u-t43	1	5	tpl-a4ebde2bc0344f0a9d7a4f14	0	201	0.085929	PASS	none	4e18ae637df34b6dad94959a5d99e747	PASS
r02-q07254-5u-t4	2	5	tpl-a4ebde2bc0344f0a9d7a4f14	0	201	0.057980	PASS	none	f250a043226641e4a382aa2911cbff11	PASS
r02-q07253-5u-t3	2	5	tpl-a4ebde2bc0344f0a9d7a4f14	0	201	0.049362	PASS	none	8e135ae8903e420e9e8f21f5203fe962	PASS
r02-q07261-5u-t11	2	5	tpl-a4ebde2bc0344f0a9d7a4f14	0	201	0.078269	PASS	none	cc27fca16c4649548111bbcd0072636d	PASS
r02-q07259-5u-t9	2	5	tpl-a4ebde2bc0344f0a9d7a4f14	0	201	0.051437	PASS	none	0b9a4c7f9c8644f98d05c454004492fa	PASS
r02-q07251-5u-t1	2	5	tpl-a4ebde2bc0344f0a9d7a4f14	0	201	0.054330	PASS	none	2129510c56714df18c2a82457e739fc7	PASS
r02-q07256-5u-t6	2	5	tpl-a4ebde2bc0344f0a9d7a4f14	0	201	0.054168	PASS	none	21317de174e445b892bb506096279a12	PASS
r02-q07252-5u-t2	2	5	tpl-a4ebde2bc0344f0a9d7a4f14	0	201	0.074039	PASS	none	4bcd26b004544dd0a240927fc93c4ecc	PASS
r02-q07255-5u-t5	2	5	tpl-a4ebde2bc0344f0a9d7a4f14	0	201	0.073840	PASS	none	74cdfbf4c3574222a1c8df7d7516866e	PASS
r02-q07268-5u-t18	2	5	tpl-a4ebde2bc0344f0a9d7a4f14	0	201	0.067692	PASS	none	2cbe59f1bc734e45a95404b90a7aa853	PASS
r02-q07258-5u-t8	2	5	tpl-a4ebde2bc0344f0a9d7a4f14	0	201	0.057756	PASS	none	52f942e0501c43fcbcfe153ca8ac3dd2	PASS
r02-q07260-5u-t10	2	5	tpl-a4ebde2bc0344f0a9d7a4f14	0	201	0.052882	PASS	none	6e4c16f11fad4833a2ed36a7babca37a	PASS
r02-q07262-5u-t12	2	5	tpl-a4ebde2bc0344f0a9d7a4f14	0	201	0.062931	PASS	none	a908cceb666448cb8d56e760ae77d0d1	PASS
r02-q07257-5u-t7	2	5	tpl-a4ebde2bc0344f0a9d7a4f14	0	201	0.059068	PASS	none	e9f9c17afe204822aeccc1a3dcd3fd60	PASS
r02-q07271-5u-t21	2	5	tpl-a4ebde2bc0344f0a9d7a4f14	0	201	0.063859	PASS	none	46255d2add344986b60382ce052a558a	PASS
r02-q07267-5u-t17	2	5	tpl-a4ebde2bc0344f0a9d7a4f14	0	201	0.062776	PASS	none	cf6667d8ddf94feab8b8059d9af3838c	PASS
r02-q07269-5u-t19	2	5	tpl-a4ebde2bc0344f0a9d7a4f14	0	201	0.064473	PASS	none	0f39bcc7ef11435babe72bd135a7ff84	PASS
r02-q07265-5u-t15	2	5	tpl-a4ebde2bc0344f0a9d7a4f14	0	201	0.075196	PASS	none	6f145f60c19540448ea54985987c59da	PASS
r02-q07266-5u-t16	2	5	tpl-a4ebde2bc0344f0a9d7a4f14	0	201	0.069903	PASS	none	ffc7a4dd0b8a4996ac0a7ac60028763e	PASS
r02-q07279-5u-t29	2	5	tpl-a4ebde2bc0344f0a9d7a4f14	0	201	0.073753	PASS	none	9b62ee9b5d764b878caaef0dc8479500	PASS
r02-q07273-5u-t23	2	5	tpl-a4ebde2bc0344f0a9d7a4f14	0	201	0.067216	PASS	none	de59abee4c7c4d1cba82fd795b99e613	PASS
r02-q07264-5u-t14	2	5	tpl-a4ebde2bc0344f0a9d7a4f14	0	201	0.070342	PASS	none	dabde6a7151b4ff38c25ff86aaa441a4	PASS
r02-q07272-5u-t22	2	5	tpl-a4ebde2bc0344f0a9d7a4f14	0	201	0.080135	PASS	none	b69ba639f85c4573a1595fa02138d3dc	PASS
r02-q07276-5u-t26	2	5	tpl-a4ebde2bc0344f0a9d7a4f14	0	201	0.083664	PASS	none	0d3425ec7f1d43208a79cdecb780a113	PASS
r02-q07281-5u-t31	2	5	tpl-a4ebde2bc0344f0a9d7a4f14	0	201	0.071636	PASS	none	3a9faf7d8a444d879a8c9823301cdd02	PASS
r02-q07270-5u-t20	2	5	tpl-a4ebde2bc0344f0a9d7a4f14	0	201	0.068632	PASS	none	548d45b1fbeb4229aee47cd689798980	PASS
r02-q07275-5u-t25	2	5	tpl-a4ebde2bc0344f0a9d7a4f14	0	201	0.078216	PASS	none	2dcc1315f8cf471a974301f472941cd8	PASS
r02-q07263-5u-t13	2	5	tpl-a4ebde2bc0344f0a9d7a4f14	0	201	0.084748	PASS	none	05c49d075695416db55d6b561dd3dbf5	PASS
r02-q07277-5u-t27	2	5	tpl-a4ebde2bc0344f0a9d7a4f14	0	201	0.075768	PASS	none	b58b1c6e31f44ce2ba5ac42020ef6fe1	PASS
r02-q07285-5u-t35	2	5	tpl-a4ebde2bc0344f0a9d7a4f14	0	201	0.084439	PASS	none	2858f48c3fae4aadad701e932d920c4e	PASS
r02-q07278-5u-t28	2	5	tpl-a4ebde2bc0344f0a9d7a4f14	0	201	0.076355	PASS	none	f5cefb90d63941cd8f3d6ab746bc2abb	PASS
r02-q07274-5u-t24	2	5	tpl-a4ebde2bc0344f0a9d7a4f14	0	201	0.082763	PASS	none	afe5d3c0fcd140028351a061c02a849f	PASS
r02-q07283-5u-t33	2	5	tpl-a4ebde2bc0344f0a9d7a4f14	0	201	0.072272	PASS	none	b5c2d345603f4a2b8c36d26355f4c5c0	PASS
r02-q07284-5u-t34	2	5	tpl-a4ebde2bc0344f0a9d7a4f14	0	201	0.077690	PASS	none	60d3867414284736bb876843aa9c0d90	PASS
r02-q07280-5u-t30	2	5	tpl-a4ebde2bc0344f0a9d7a4f14	0	201	0.070699	PASS	none	473f5c71e2d34ed0a2b12348351ba388	PASS
r02-q07288-5u-t38	2	5	tpl-a4ebde2bc0344f0a9d7a4f14	0	201	0.084349	PASS	none	fb788d8ce0904006b2e5dc7070c182cc	PASS
r02-q07286-5u-t36	2	5	tpl-a4ebde2bc0344f0a9d7a4f14	0	201	0.080349	PASS	none	b2724a7f208a4047b188e18957f85c7b	PASS
r02-q07289-5u-t39	2	5	tpl-a4ebde2bc0344f0a9d7a4f14	0	201	0.085220	PASS	none	7c51dbcf10ee41fb808b8630c5f8344b	PASS
r02-q07291-5u-t41	2	5	tpl-a4ebde2bc0344f0a9d7a4f14	0	201	0.075036	PASS	none	c6bfa7b2a5964e8ea8940a40c93a2897	PASS
r02-q07287-5u-t37	2	5	tpl-a4ebde2bc0344f0a9d7a4f14	0	201	0.084074	PASS	none	5b8532b139424186b9d58e0cb2bf0933	PASS
r02-q07282-5u-t32	2	5	tpl-a4ebde2bc0344f0a9d7a4f14	0	201	0.086652	PASS	none	b65d222b5f604994b7afd0c683d1479b	PASS
r02-q07292-5u-t42	2	5	tpl-a4ebde2bc0344f0a9d7a4f14	0	201	0.082338	PASS	none	9ab5ae81210a423d8900a1531417493d	PASS
r02-q07290-5u-t40	2	5	tpl-a4ebde2bc0344f0a9d7a4f14	0	201	0.080005	PASS	none	103c38729e174a93ba72e955542e29d4	PASS
r02-q07296-5u-t46	2	5	tpl-a4ebde2bc0344f0a9d7a4f14	0	201	0.082781	PASS	none	5903cae641a84170b389aaad38871b92	PASS
r02-q07298-5u-t48	2	5	tpl-a4ebde2bc0344f0a9d7a4f14	0	201	0.080252	PASS	none	99834276a3524edf92a0afaef0924052	PASS
r02-q07297-5u-t47	2	5	tpl-a4ebde2bc0344f0a9d7a4f14	0	201	0.079486	PASS	none	55b61d32482941ea94c1b04f57946471	PASS
r02-q07295-5u-t45	2	5	tpl-a4ebde2bc0344f0a9d7a4f14	0	201	0.086061	PASS	none	f4e04e1206524a86aecd9b594630937b	PASS
r02-q07294-5u-t44	2	5	tpl-a4ebde2bc0344f0a9d7a4f14	0	201	0.081253	PASS	none	f91d667b59f841da9ee635021512c96b	PASS
r02-q07293-5u-t43	2	5	tpl-a4ebde2bc0344f0a9d7a4f14	0	201	0.079250	PASS	none	cac90ec2c0bd4815945901c00ea6ccba	PASS
r02-q07299-5u-t49	2	5	tpl-a4ebde2bc0344f0a9d7a4f14	0	201	0.086510	PASS	none	3695c234196844af9ab86c10fc602346	PASS
r02-q07300-5u-t50	2	5	tpl-a4ebde2bc0344f0a9d7a4f14	0	201	0.083559	PASS	none	1b6b79978ff64df4940bceeae50988c7	PASS
r03-q07301-5u-t1	3	5	tpl-a4ebde2bc0344f0a9d7a4f14	0	201	0.050385	PASS	none	2f6c56bb279e41c48aa3413e6ee3b3e9	PASS
r03-q07303-5u-t3	3	5	tpl-a4ebde2bc0344f0a9d7a4f14	0	201	0.054181	PASS	none	20141a4d16e94d9cbe42d8045851b8d8	PASS
r03-q07306-5u-t6	3	5	tpl-a4ebde2bc0344f0a9d7a4f14	0	201	0.048778	PASS	none	acaa140b8e1f47cba144ae5041e8ba80	PASS
r03-q07305-5u-t5	3	5	tpl-a4ebde2bc0344f0a9d7a4f14	0	201	0.050634	PASS	none	f446ff20eb59499da3f5c1d8a031cd8e	PASS
r03-q07309-5u-t9	3	5	tpl-a4ebde2bc0344f0a9d7a4f14	0	201	0.058929	PASS	none	82fc876fe6ef4e259b1363e0c68e458a	PASS
r03-q07302-5u-t2	3	5	tpl-a4ebde2bc0344f0a9d7a4f14	0	201	0.049387	PASS	none	492d566585fe412cb31170a8393bb6a2	PASS
r03-q07311-5u-t11	3	5	tpl-a4ebde2bc0344f0a9d7a4f14	0	201	0.068839	PASS	none	5d4144c41ef649e389d857579c3a25e3	PASS
r03-q07308-5u-t8	3	5	tpl-a4ebde2bc0344f0a9d7a4f14	0	201	0.062268	PASS	none	88c14ca2e5a9479dad99ce3196875a0e	PASS
r03-q07307-5u-t7	3	5	tpl-a4ebde2bc0344f0a9d7a4f14	0	201	0.070079	PASS	none	0495638ce6b44c199fcc08d97adeda29	PASS
r03-q07304-5u-t4	3	5	tpl-a4ebde2bc0344f0a9d7a4f14	0	201	0.047995	PASS	none	26fcb454297647f396ee573e53536f7e	PASS
r03-q07313-5u-t13	3	5	tpl-a4ebde2bc0344f0a9d7a4f14	0	201	0.062955	PASS	none	a18efbd684144a6083cc3bdda837ef0c	PASS
r03-q07310-5u-t10	3	5	tpl-a4ebde2bc0344f0a9d7a4f14	0	201	0.065210	PASS	none	3c5a534069ee481dbcef9771ddfec7a6	PASS
r03-q07314-5u-t14	3	5	tpl-a4ebde2bc0344f0a9d7a4f14	0	201	0.065183	PASS	none	3b22a3376d8b4df4985d68d4dcd14175	PASS
r03-q07315-5u-t15	3	5	tpl-a4ebde2bc0344f0a9d7a4f14	0	201	0.057205	PASS	none	13c56c00275341fa8f54b00832d0126d	PASS
r03-q07317-5u-t17	3	5	tpl-a4ebde2bc0344f0a9d7a4f14	0	201	0.060828	PASS	none	5619d4668d7641658a5db78c68474fe0	PASS
r03-q07321-5u-t21	3	5	tpl-a4ebde2bc0344f0a9d7a4f14	0	201	0.075774	PASS	none	bfb4e5d184c6430fa4573cbd4ca16fa9	PASS
r03-q07316-5u-t16	3	5	tpl-a4ebde2bc0344f0a9d7a4f14	0	201	0.058695	PASS	none	a609d18541b74f84b1bb7264e078155f	PASS
r03-q07312-5u-t12	3	5	tpl-a4ebde2bc0344f0a9d7a4f14	0	201	0.065642	PASS	none	24ce41e094914e92a827dac2ebeb5639	PASS
r03-q07322-5u-t22	3	5	tpl-a4ebde2bc0344f0a9d7a4f14	0	201	0.074908	PASS	none	2b60eef1bd284abaa146891a5d7eb47f	PASS
r03-q07318-5u-t18	3	5	tpl-a4ebde2bc0344f0a9d7a4f14	0	201	0.060094	PASS	none	33cd0143699d407ab8773afb4ed45419	PASS
r03-q07319-5u-t19	3	5	tpl-a4ebde2bc0344f0a9d7a4f14	0	201	0.071233	PASS	none	e08fc3d00d0346f589ab7c5a7d28258a	PASS
r03-q07323-5u-t23	3	5	tpl-a4ebde2bc0344f0a9d7a4f14	0	201	0.074682	PASS	none	2041820654834dab90f5b35751bb6788	PASS
r03-q07329-5u-t29	3	5	tpl-a4ebde2bc0344f0a9d7a4f14	0	201	0.083358	PASS	none	e27b9f0aad8e4872a6fc74005c279934	PASS
r03-q07326-5u-t26	3	5	tpl-a4ebde2bc0344f0a9d7a4f14	0	201	0.068806	PASS	none	d00347d0a4f54cf4a747ae56bf98dc8c	PASS
r03-q07333-5u-t33	3	5	tpl-a4ebde2bc0344f0a9d7a4f14	0	201	0.091856	PASS	none	d3618247f69345c196724a5014ee3eb7	PASS
r03-q07327-5u-t27	3	5	tpl-a4ebde2bc0344f0a9d7a4f14	0	201	0.080818	PASS	none	dbef0570b23341caa644c5ae9c272317	PASS
r03-q07331-5u-t31	3	5	tpl-a4ebde2bc0344f0a9d7a4f14	0	201	0.080820	PASS	none	828102a69d2e453ba92ccfdbb2abda62	PASS
r03-q07330-5u-t30	3	5	tpl-a4ebde2bc0344f0a9d7a4f14	0	201	0.076230	PASS	none	859b08f181734ff69e7f78ff345003b5	PASS
r03-q07320-5u-t20	3	5	tpl-a4ebde2bc0344f0a9d7a4f14	0	201	0.078573	PASS	none	e5b8500288114735ab384018a3102682	PASS
r03-q07338-5u-t38	3	5	tpl-a4ebde2bc0344f0a9d7a4f14	0	201	0.095965	PASS	none	650b3dfcef014fedb14f36da771843ee	PASS
r03-q07328-5u-t28	3	5	tpl-a4ebde2bc0344f0a9d7a4f14	0	201	0.079268	PASS	none	6d8105d22de54e2eb76448eb635d4a34	PASS
r03-q07339-5u-t39	3	5	tpl-a4ebde2bc0344f0a9d7a4f14	0	201	0.092766	PASS	none	2304eecc0d074ec1847dc612c98cb4f0	PASS
r03-q07324-5u-t24	3	5	tpl-a4ebde2bc0344f0a9d7a4f14	0	201	0.076660	PASS	none	88b13645db554ac1896e3ab00b3d33d5	PASS
r03-q07325-5u-t25	3	5	tpl-a4ebde2bc0344f0a9d7a4f14	0	201	0.070299	PASS	none	4f22442e83b547bc8a3bff86630e3cb8	PASS
r03-q07337-5u-t37	3	5	tpl-a4ebde2bc0344f0a9d7a4f14	0	201	0.087109	PASS	none	ace63353cb63463594bef55db4e82214	PASS
r03-q07335-5u-t35	3	5	tpl-a4ebde2bc0344f0a9d7a4f14	0	201	0.096328	PASS	none	ca113b536e4f46a5818f4b6e3a54c770	PASS
r03-q07340-5u-t40	3	5	tpl-a4ebde2bc0344f0a9d7a4f14	0	201	0.090792	PASS	none	c32a6aac2d034124bc0c673ab4d3b6bd	PASS
r03-q07345-5u-t45	3	5	tpl-a4ebde2bc0344f0a9d7a4f14	0	201	0.087533	PASS	none	2e794fa366e2493f82685ab8d4579fba	PASS
r03-q07336-5u-t36	3	5	tpl-a4ebde2bc0344f0a9d7a4f14	0	201	0.098745	PASS	none	b2c4ca568ca84cf88fac0935531decab	PASS
r03-q07332-5u-t32	3	5	tpl-a4ebde2bc0344f0a9d7a4f14	0	201	0.090432	PASS	none	31857e6b6ab24851aabbf5b0e2443407	PASS
r03-q07343-5u-t43	3	5	tpl-a4ebde2bc0344f0a9d7a4f14	0	201	0.085458	PASS	none	b29b87d84f764da1bd631a7471176621	PASS
r03-q07334-5u-t34	3	5	tpl-a4ebde2bc0344f0a9d7a4f14	0	201	0.103683	PASS	none	56ac98c2f77f437dac2c4e677eca3c7f	PASS
r03-q07342-5u-t42	3	5	tpl-a4ebde2bc0344f0a9d7a4f14	0	201	0.084518	PASS	none	fe04ea20b8f54f50a8f7faf7da6f2b08	PASS
r03-q07344-5u-t44	3	5	tpl-a4ebde2bc0344f0a9d7a4f14	0	201	0.084952	PASS	none	6e1d34e4b716475ab091bddee5f5b0df	PASS
r03-q07341-5u-t41	3	5	tpl-a4ebde2bc0344f0a9d7a4f14	0	201	0.081413	PASS	none	0c1667c5d36b4b94b1039ec5d0e159de	PASS
r03-q07348-5u-t48	3	5	tpl-a4ebde2bc0344f0a9d7a4f14	0	201	0.081287	PASS	none	8be5eea79b804f8fa7c5f5b343798a36	PASS
r03-q07349-5u-t49	3	5	tpl-a4ebde2bc0344f0a9d7a4f14	0	201	0.077808	PASS	none	4e5645fb284b4e73b4ba348aba2bed82	PASS
r03-q07350-5u-t50	3	5	tpl-a4ebde2bc0344f0a9d7a4f14	0	201	0.075974	PASS	none	f75beb5279594aa0935ef4f168a38257	PASS
r03-q07346-5u-t46	3	5	tpl-a4ebde2bc0344f0a9d7a4f14	0	201	0.085735	PASS	none	00894d7cbb2e4bb48994af650056bcdc	PASS
r03-q07347-5u-t47	3	5	tpl-a4ebde2bc0344f0a9d7a4f14	0	201	0.080295	PASS	none	76c3dfcf89a3455e8fda2ffb338812d2	PASS
r04-q07353-5u-t3	4	5	tpl-a4ebde2bc0344f0a9d7a4f14	0	201	0.053955	PASS	none	aa9bd0c38b904f80a98e18d9ce5eda93	PASS
r04-q07352-5u-t2	4	5	tpl-a4ebde2bc0344f0a9d7a4f14	0	201	0.054612	PASS	none	192b4c261aba4d848dd4758cfece8943	PASS
r04-q07360-5u-t10	4	5	tpl-a4ebde2bc0344f0a9d7a4f14	0	201	0.068334	PASS	none	021a697a09ac45b598394755339e526e	PASS
r04-q07358-5u-t8	4	5	tpl-a4ebde2bc0344f0a9d7a4f14	0	201	0.048921	PASS	none	8136447c7b3c47e8975ea098a775035b	PASS
r04-q07356-5u-t6	4	5	tpl-a4ebde2bc0344f0a9d7a4f14	0	201	0.052182	PASS	none	ff67487b5c9c4728af1d9755ec358811	PASS
r04-q07354-5u-t4	4	5	tpl-a4ebde2bc0344f0a9d7a4f14	0	201	0.061205	PASS	none	df840201a4c44c95b04738527dabab51	PASS
r04-q07357-5u-t7	4	5	tpl-a4ebde2bc0344f0a9d7a4f14	0	201	0.052737	PASS	none	8dbe715603464080a9fee2b2365f452e	PASS
r04-q07362-5u-t12	4	5	tpl-a4ebde2bc0344f0a9d7a4f14	0	201	0.074178	PASS	none	5bd67d66eee04576be9d9165c805b2e9	PASS
r04-q07355-5u-t5	4	5	tpl-a4ebde2bc0344f0a9d7a4f14	0	201	0.053009	PASS	none	bbaf0728a58b404eba08468075c0afb9	PASS
r04-q07363-5u-t13	4	5	tpl-a4ebde2bc0344f0a9d7a4f14	0	201	0.069422	PASS	none	b011e567724641219750b54a6f467131	PASS
r04-q07359-5u-t9	4	5	tpl-a4ebde2bc0344f0a9d7a4f14	0	201	0.055347	PASS	none	bf5e71681ef44a94980ea61042e7a64c	PASS
r04-q07366-5u-t16	4	5	tpl-a4ebde2bc0344f0a9d7a4f14	0	201	0.072653	PASS	none	397604c9acc3412f91554cad9046d07f	PASS
r04-q07351-5u-t1	4	5	tpl-a4ebde2bc0344f0a9d7a4f14	0	201	0.055797	PASS	none	37785faa79a24dcc898e205aee1dc100	PASS
r04-q07368-5u-t18	4	5	tpl-a4ebde2bc0344f0a9d7a4f14	0	201	0.065027	PASS	none	47ba19297dac4d83a1c1b90ed77bb201	PASS
r04-q07361-5u-t11	4	5	tpl-a4ebde2bc0344f0a9d7a4f14	0	201	0.062864	PASS	none	40205d8488fb424588932a067978187f	PASS
r04-q07369-5u-t19	4	5	tpl-a4ebde2bc0344f0a9d7a4f14	0	201	0.074525	PASS	none	3df632c9b73f4496a8e37ad3bc91fe07	PASS
r04-q07364-5u-t14	4	5	tpl-a4ebde2bc0344f0a9d7a4f14	0	201	0.066416	PASS	none	61af95d8119f4b7fb7b451055738bee6	PASS
r04-q07371-5u-t21	4	5	tpl-a4ebde2bc0344f0a9d7a4f14	0	201	0.070212	PASS	none	2ce9a0f602f042a88e462765dae11168	PASS
r04-q07367-5u-t17	4	5	tpl-a4ebde2bc0344f0a9d7a4f14	0	201	0.059269	PASS	none	e604b1ad6cdf4b59ab4e79a3a05c4f58	PASS
r04-q07372-5u-t22	4	5	tpl-a4ebde2bc0344f0a9d7a4f14	0	201	0.082590	PASS	none	9b8739dcef3845758b45b83a5df132bf	PASS
r04-q07370-5u-t20	4	5	tpl-a4ebde2bc0344f0a9d7a4f14	0	201	0.070261	PASS	none	b8d566a4c8b7475cbbd86d665f3215bd	PASS
r04-q07376-5u-t26	4	5	tpl-a4ebde2bc0344f0a9d7a4f14	0	201	0.075268	PASS	none	5deb3dfe946f4880a08afc9a62aca310	PASS
r04-q07374-5u-t24	4	5	tpl-a4ebde2bc0344f0a9d7a4f14	0	201	0.075459	PASS	none	260eef11fe2b4ed7ba98b93475b3e28e	PASS
r04-q07365-5u-t15	4	5	tpl-a4ebde2bc0344f0a9d7a4f14	0	201	0.073348	PASS	none	a7f1578b150d4ef4a27895ef0df9d906	PASS
r04-q07373-5u-t23	4	5	tpl-a4ebde2bc0344f0a9d7a4f14	0	201	0.076018	PASS	none	4f3486f0bc824953b2950322509eb905	PASS
r04-q07377-5u-t27	4	5	tpl-a4ebde2bc0344f0a9d7a4f14	0	201	0.074571	PASS	none	0d8289619a7c4c4d895bafcdf25c986f	PASS
r04-q07380-5u-t30	4	5	tpl-a4ebde2bc0344f0a9d7a4f14	0	201	0.078907	PASS	none	0a7afa32b5ef4b868e32a9232413e83a	PASS
r04-q07381-5u-t31	4	5	tpl-a4ebde2bc0344f0a9d7a4f14	0	201	0.079124	PASS	none	f1f70abadcb841ffbb1b07242627023b	PASS
r04-q07375-5u-t25	4	5	tpl-a4ebde2bc0344f0a9d7a4f14	0	201	0.070907	PASS	none	2d756c35b1bf450aa390c34647809699	PASS
r04-q07379-5u-t29	4	5	tpl-a4ebde2bc0344f0a9d7a4f14	0	201	0.078687	PASS	none	7a330effb7b04ebe9c21927e3be5f6ae	PASS
r04-q07382-5u-t32	4	5	tpl-a4ebde2bc0344f0a9d7a4f14	0	201	0.083342	PASS	none	4bc531e8a96f4a11b8542c7b7c57948a	PASS
r04-q07378-5u-t28	4	5	tpl-a4ebde2bc0344f0a9d7a4f14	0	201	0.079675	PASS	none	b7abf8615c414deea31faaa3fdc74418	PASS
r04-q07385-5u-t35	4	5	tpl-a4ebde2bc0344f0a9d7a4f14	0	201	0.077743	PASS	none	2444d7b77e20427ab570158e40c022f3	PASS
r04-q07386-5u-t36	4	5	tpl-a4ebde2bc0344f0a9d7a4f14	0	201	0.078820	PASS	none	4c01b9b50e9a4c18a32c74b8f3e4c24d	PASS
r04-q07388-5u-t38	4	5	tpl-a4ebde2bc0344f0a9d7a4f14	0	201	0.077137	PASS	none	8542fc53f3754c61b1676e41e7d3ab66	PASS
r04-q07383-5u-t33	4	5	tpl-a4ebde2bc0344f0a9d7a4f14	0	201	0.074509	PASS	none	a525cb5f0824409f8fb30895908fd8ba	PASS
r04-q07390-5u-t40	4	5	tpl-a4ebde2bc0344f0a9d7a4f14	0	201	0.081711	PASS	none	336d568ee92c431fa93471649617b56f	PASS
r04-q07387-5u-t37	4	5	tpl-a4ebde2bc0344f0a9d7a4f14	0	201	0.082661	PASS	none	c3f7d930c62346bb8f54db6585654e77	PASS
r04-q07391-5u-t41	4	5	tpl-a4ebde2bc0344f0a9d7a4f14	0	201	0.084722	PASS	none	51b577511bb94696ab3e154770534a06	PASS
r04-q07384-5u-t34	4	5	tpl-a4ebde2bc0344f0a9d7a4f14	0	201	0.081259	PASS	none	00481dd2a4ed4c8aac0ef3980f510002	PASS
r04-q07395-5u-t45	4	5	tpl-a4ebde2bc0344f0a9d7a4f14	0	201	0.085807	PASS	none	1f04e309870a437b902f60a266efcc5d	PASS
r04-q07392-5u-t42	4	5	tpl-a4ebde2bc0344f0a9d7a4f14	0	201	0.082455	PASS	none	da5b4b983bb0467cafb281857a4f8bed	PASS
r04-q07389-5u-t39	4	5	tpl-a4ebde2bc0344f0a9d7a4f14	0	201	0.086897	PASS	none	c2d51c5e1ab447839460e43e0661d44a	PASS
r04-q07397-5u-t47	4	5	tpl-a4ebde2bc0344f0a9d7a4f14	0	201	0.086629	PASS	none	e5e85fb36dcd4047bd99b445e91d8c22	PASS
r04-q07396-5u-t46	4	5	tpl-a4ebde2bc0344f0a9d7a4f14	0	201	0.084094	PASS	none	174c4b99beee466183eff8ce922d5201	PASS
r04-q07398-5u-t48	4	5	tpl-a4ebde2bc0344f0a9d7a4f14	0	201	0.079437	PASS	none	2b49f560fe174c4ea2a2d17f400d85d0	PASS
r04-q07399-5u-t49	4	5	tpl-a4ebde2bc0344f0a9d7a4f14	0	201	0.080309	PASS	none	a3edf54093954498b1eab1b24d9514e8	PASS
r04-q07394-5u-t44	4	5	tpl-a4ebde2bc0344f0a9d7a4f14	0	201	0.085969	PASS	none	7afc66b965874e95a28a428c7c25fc96	PASS
r04-q07393-5u-t43	4	5	tpl-a4ebde2bc0344f0a9d7a4f14	0	201	0.082364	PASS	none	e86bd0f3c89f4c49ad57f1ab22db9bad	PASS
r04-q07400-5u-t50	4	5	tpl-a4ebde2bc0344f0a9d7a4f14	0	201	0.081075	PASS	none	d352e49894b5431db2e0845910cc9bf5	PASS
r05-q07403-5u-t3	5	5	tpl-a4ebde2bc0344f0a9d7a4f14	0	201	0.054569	PASS	none	46d1564931bc475e95f8fc14e6f7150a	PASS
r05-q07405-5u-t5	5	5	tpl-a4ebde2bc0344f0a9d7a4f14	0	201	0.055892	PASS	none	3e2d087cc2b54ab9a8147786d1a323c2	PASS
r05-q07401-5u-t1	5	5	tpl-a4ebde2bc0344f0a9d7a4f14	0	201	0.057328	PASS	none	0bc1cb4f38a44c8aa604dde5cb8dbc7d	PASS
r05-q07407-5u-t7	5	5	tpl-a4ebde2bc0344f0a9d7a4f14	0	201	0.050661	PASS	none	1e9b444183aa4ebfba8b2f3de9feaeea	PASS
r05-q07402-5u-t2	5	5	tpl-a4ebde2bc0344f0a9d7a4f14	0	201	0.054140	PASS	none	c3b6723a53bd45c0a8f1a3c1f852ffa6	PASS
r05-q07412-5u-t12	5	5	tpl-a4ebde2bc0344f0a9d7a4f14	0	201	0.063160	PASS	none	ef6b20aa814e45c180ffc24f5dc51fa5	PASS
r05-q07404-5u-t4	5	5	tpl-a4ebde2bc0344f0a9d7a4f14	0	201	0.054974	PASS	none	acb97a4fec9c4db5a4cc9491965e7209	PASS
r05-q07409-5u-t9	5	5	tpl-a4ebde2bc0344f0a9d7a4f14	0	201	0.052828	PASS	none	8da054911c294649a963ed469dbc5d87	PASS
r05-q07406-5u-t6	5	5	tpl-a4ebde2bc0344f0a9d7a4f14	0	201	0.053137	PASS	none	c427d56e01f44cfcb95af1513f3ee97d	PASS
r05-q07410-5u-t10	5	5	tpl-a4ebde2bc0344f0a9d7a4f14	0	201	0.059346	PASS	none	662d6e92bc40485595677d10788e25de	PASS
r05-q07413-5u-t13	5	5	tpl-a4ebde2bc0344f0a9d7a4f14	0	201	0.059785	PASS	none	7f535d1d4bcc41aba648ef9236ab0baa	PASS
r05-q07411-5u-t11	5	5	tpl-a4ebde2bc0344f0a9d7a4f14	0	201	0.061186	PASS	none	539fdd1949b04661afdac6d17c631b67	PASS
r05-q07408-5u-t8	5	5	tpl-a4ebde2bc0344f0a9d7a4f14	0	201	0.069057	PASS	none	25888a23a38449dab3aa7e8c6e10eab3	PASS
r05-q07414-5u-t14	5	5	tpl-a4ebde2bc0344f0a9d7a4f14	0	201	0.060031	PASS	none	9fdf615976e14e71953c5d7c2365eed2	PASS
r05-q07415-5u-t15	5	5	tpl-a4ebde2bc0344f0a9d7a4f14	0	201	0.068461	PASS	none	b8783d965457461fa33b8d2c5cf7c809	PASS
r05-q07417-5u-t17	5	5	tpl-a4ebde2bc0344f0a9d7a4f14	0	201	0.082323	PASS	none	5bd4d474f19e4a8c91ba75a32cf289d0	PASS
r05-q07419-5u-t19	5	5	tpl-a4ebde2bc0344f0a9d7a4f14	0	201	0.070933	PASS	none	6b07abc3772841c797952951beb56097	PASS
r05-q07420-5u-t20	5	5	tpl-a4ebde2bc0344f0a9d7a4f14	0	201	0.069739	PASS	none	115509b4b79d4568b230e9a216991052	PASS
r05-q07424-5u-t24	5	5	tpl-a4ebde2bc0344f0a9d7a4f14	0	201	0.068246	PASS	none	9de799279ed9451bade0597f33a2e213	PASS
r05-q07427-5u-t27	5	5	tpl-a4ebde2bc0344f0a9d7a4f14	0	201	0.075176	PASS	none	1b0abb531116428db5ad75d3065925e7	PASS
r05-q07418-5u-t18	5	5	tpl-a4ebde2bc0344f0a9d7a4f14	0	201	0.061142	PASS	none	942930084c5d46dea8a9a1e7f3af4f90	PASS
r05-q07423-5u-t23	5	5	tpl-a4ebde2bc0344f0a9d7a4f14	0	201	0.070051	PASS	none	12531cd511e5408c9e4afa9bac1df38f	PASS
r05-q07421-5u-t21	5	5	tpl-a4ebde2bc0344f0a9d7a4f14	0	201	0.084448	PASS	none	d3cc5c9cf47c43a49494aeb5413882ef	PASS
r05-q07426-5u-t26	5	5	tpl-a4ebde2bc0344f0a9d7a4f14	0	201	0.076344	PASS	none	3c2505ef02c94e709fbfe92b2db5c22e	PASS
r05-q07429-5u-t29	5	5	tpl-a4ebde2bc0344f0a9d7a4f14	0	201	0.075693	PASS	none	3695f35d7dcf4833b36bfd7aa37da25b	PASS
r05-q07425-5u-t25	5	5	tpl-a4ebde2bc0344f0a9d7a4f14	0	201	0.081501	PASS	none	47d8a59eb9e5478ead85cc39bd9b6432	PASS
r05-q07416-5u-t16	5	5	tpl-a4ebde2bc0344f0a9d7a4f14	0	201	0.078663	PASS	none	068651a28b3d4cf49a107ebc3a324b54	PASS
r05-q07432-5u-t32	5	5	tpl-a4ebde2bc0344f0a9d7a4f14	0	201	0.085738	PASS	none	30d2ef518cbd4111a40031a93ca50765	PASS
r05-q07433-5u-t33	5	5	tpl-a4ebde2bc0344f0a9d7a4f14	0	201	0.077706	PASS	none	a651569c323140a3b0ecac5c2153d281	PASS
r05-q07422-5u-t22	5	5	tpl-a4ebde2bc0344f0a9d7a4f14	0	201	0.078046	PASS	none	994c2d0c9d1b4009805fca4a5579b518	PASS
r05-q07435-5u-t35	5	5	tpl-a4ebde2bc0344f0a9d7a4f14	0	201	0.082675	PASS	none	4e96388581e44cd5a14abf009917754d	PASS
r05-q07431-5u-t31	5	5	tpl-a4ebde2bc0344f0a9d7a4f14	0	201	0.081492	PASS	none	47b63e6457cf46f2b87b230db8707381	PASS
r05-q07430-5u-t30	5	5	tpl-a4ebde2bc0344f0a9d7a4f14	0	201	0.105089	PASS	none	e5bb9d3b2ddf46be975d17f7996fa67a	PASS
r05-q07440-5u-t40	5	5	tpl-a4ebde2bc0344f0a9d7a4f14	0	201	0.089539	PASS	none	0ccce79fd67d4fcb9ac15f010b89841b	PASS
r05-q07436-5u-t36	5	5	tpl-a4ebde2bc0344f0a9d7a4f14	0	201	0.088136	PASS	none	a9a3714cc3c7480294f0cc0f5edd0037	PASS
r05-q07428-5u-t28	5	5	tpl-a4ebde2bc0344f0a9d7a4f14	0	201	0.078964	PASS	none	8e8c69bef2a5489c9c7c46ed35993610	PASS
r05-q07434-5u-t34	5	5	tpl-a4ebde2bc0344f0a9d7a4f14	0	201	0.085229	PASS	none	f6a5af296f1e4acc868dac6835067a19	PASS
r05-q07444-5u-t44	5	5	tpl-a4ebde2bc0344f0a9d7a4f14	0	201	0.080484	PASS	none	d1f034940179425eaf572cbd15a7b415	PASS
r05-q07441-5u-t41	5	5	tpl-a4ebde2bc0344f0a9d7a4f14	0	201	0.083502	PASS	none	1c2fc94499134d8abe4afe061db5f762	PASS
r05-q07439-5u-t39	5	5	tpl-a4ebde2bc0344f0a9d7a4f14	0	201	0.086072	PASS	none	5c26cc740e6b477d926a5627204a99a1	PASS
r05-q07442-5u-t42	5	5	tpl-a4ebde2bc0344f0a9d7a4f14	0	201	0.082291	PASS	none	042da1f86ff84c0f9df46fb757525b7c	PASS
r05-q07438-5u-t38	5	5	tpl-a4ebde2bc0344f0a9d7a4f14	0	201	0.079629	PASS	none	adedb420443f41c3ad64e85a69b500b2	PASS
r05-q07445-5u-t45	5	5	tpl-a4ebde2bc0344f0a9d7a4f14	0	201	0.086343	PASS	none	959e200acd8d474690ea04cac04a55af	PASS
r05-q07437-5u-t37	5	5	tpl-a4ebde2bc0344f0a9d7a4f14	0	201	0.082053	PASS	none	07822ac23e0a446e8bbbb097d05c6cee	PASS
r05-q07449-5u-t49	5	5	tpl-a4ebde2bc0344f0a9d7a4f14	0	201	0.073969	PASS	none	8a16a8185ec646fb9929a07073ee81fb	PASS
r05-q07446-5u-t46	5	5	tpl-a4ebde2bc0344f0a9d7a4f14	0	201	0.084855	PASS	none	4b489b5d3a9541d99352b59eeb2f8da8	PASS
r05-q07443-5u-t43	5	5	tpl-a4ebde2bc0344f0a9d7a4f14	0	201	0.074515	PASS	none	0ff6790581ee49c38abcdcf7d897c0d6	PASS
r05-q07448-5u-t48	5	5	tpl-a4ebde2bc0344f0a9d7a4f14	0	201	0.077979	PASS	none	53e476faa45046e195c9918ea500412b	PASS
r05-q07447-5u-t47	5	5	tpl-a4ebde2bc0344f0a9d7a4f14	0	201	0.085193	PASS	none	54d496a3bf7d4049b4c8810cdcd4dd8b	PASS
r05-q07450-5u-t50	5	5	tpl-a4ebde2bc0344f0a9d7a4f14	0	201	0.078082	PASS	none	716e68ff5b3541859b8898fd0ce1a1f8	PASS
r06-q07451-5u-t1	6	5	tpl-a4ebde2bc0344f0a9d7a4f14	0	201	0.053554	PASS	none	f876aac4552745248d7b1ff000cd7e72	PASS
r06-q07453-5u-t3	6	5	tpl-a4ebde2bc0344f0a9d7a4f14	0	201	0.048783	PASS	none	63f811af9d49441e90db82f4aab1d11a	PASS
r06-q07452-5u-t2	6	5	tpl-a4ebde2bc0344f0a9d7a4f14	0	201	0.050491	PASS	none	f6fa28c1684a41928693b59b5eb2c64f	PASS
r06-q07456-5u-t6	6	5	tpl-a4ebde2bc0344f0a9d7a4f14	0	201	0.048878	PASS	none	df33a0b450fe45d2bb111ed21b01cd43	PASS
r06-q07455-5u-t5	6	5	tpl-a4ebde2bc0344f0a9d7a4f14	0	201	0.075421	PASS	none	8b19fc2f2bdf4698bd39f5219dcc65c3	PASS
r06-q07454-5u-t4	6	5	tpl-a4ebde2bc0344f0a9d7a4f14	0	201	0.046184	PASS	none	277ca4f8f9e14491a663e0584f9c6568	PASS
r06-q07463-5u-t13	6	5	tpl-a4ebde2bc0344f0a9d7a4f14	0	201	0.085671	PASS	none	30f51f60b4e74f17b9159be4a1bf6e59	PASS
r06-q07458-5u-t8	6	5	tpl-a4ebde2bc0344f0a9d7a4f14	0	201	0.070612	PASS	none	d04b9b023ac04524ad1368f95cc4bd24	PASS
r06-q07462-5u-t12	6	5	tpl-a4ebde2bc0344f0a9d7a4f14	0	201	0.072112	PASS	none	a1cfd21e53e24a06b9f3055cac89a4ed	PASS
r06-q07468-5u-t18	6	5	tpl-a4ebde2bc0344f0a9d7a4f14	0	201	0.060071	PASS	none	7c33ebb811264f5ca8300c03e7075598	PASS
r06-q07459-5u-t9	6	5	tpl-a4ebde2bc0344f0a9d7a4f14	0	201	0.080592	PASS	none	61e41b59914f43c38716285f6dd76eca	PASS
r06-q07460-5u-t10	6	5	tpl-a4ebde2bc0344f0a9d7a4f14	0	201	0.070398	PASS	none	16bcd4a011414f9ea0c7454dfa483952	PASS
r06-q07465-5u-t15	6	5	tpl-a4ebde2bc0344f0a9d7a4f14	0	201	0.066569	PASS	none	548889b915454144822e5abdd2ebb7f6	PASS
r06-q07461-5u-t11	6	5	tpl-a4ebde2bc0344f0a9d7a4f14	0	201	0.070124	PASS	none	ca9e7481f29648a9a7c8edd1ba795191	PASS
r06-q07471-5u-t21	6	5	tpl-a4ebde2bc0344f0a9d7a4f14	0	201	0.073227	PASS	none	453df2c5d2cf40ffa469d07caeac54ca	PASS
r06-q07472-5u-t22	6	5	tpl-a4ebde2bc0344f0a9d7a4f14	0	201	0.075475	PASS	none	7c20ccc1895a44c1a234c120c312215c	PASS
r06-q07457-5u-t7	6	5	tpl-a4ebde2bc0344f0a9d7a4f14	0	201	0.076553	PASS	none	3bf5ea851d7f4856a93fbeaccdbf17e8	PASS
r06-q07467-5u-t17	6	5	tpl-a4ebde2bc0344f0a9d7a4f14	0	201	0.082287	PASS	none	4522d7c66bfd4bcbb22266697c1c6fbb	PASS
r06-q07464-5u-t14	6	5	tpl-a4ebde2bc0344f0a9d7a4f14	0	201	0.077308	PASS	none	3536472aedc6494b8dbc27e299bccfaf	PASS
r06-q07466-5u-t16	6	5	tpl-a4ebde2bc0344f0a9d7a4f14	0	201	0.074241	PASS	none	18f7cd242457484b8bf22a0bbdddcc54	PASS
r06-q07470-5u-t20	6	5	tpl-a4ebde2bc0344f0a9d7a4f14	0	201	0.068557	PASS	none	a832279b25ec4501ba5dbdd08bb3a194	PASS
r06-q07476-5u-t26	6	5	tpl-a4ebde2bc0344f0a9d7a4f14	0	201	0.079019	PASS	none	2a70f23c9cfd4664b6706eb49207c8a5	PASS
r06-q07469-5u-t19	6	5	tpl-a4ebde2bc0344f0a9d7a4f14	0	201	0.058756	PASS	none	737c370955434e239a026816a19c3883	PASS
r06-q07473-5u-t23	6	5	tpl-a4ebde2bc0344f0a9d7a4f14	0	201	0.070980	PASS	none	faea27e928b24cd2b3d6a63a99ce8036	PASS
r06-q07477-5u-t27	6	5	tpl-a4ebde2bc0344f0a9d7a4f14	0	201	0.081702	PASS	none	9e562d4a92cf486cb71be950ecd9495b	PASS
r06-q07475-5u-t25	6	5	tpl-a4ebde2bc0344f0a9d7a4f14	0	201	0.074720	PASS	none	b220bbcb9fba426fbd79d121ddb2c286	PASS
r06-q07481-5u-t31	6	5	tpl-a4ebde2bc0344f0a9d7a4f14	0	201	0.080555	PASS	none	d2bacde7636a45579875ca07df17c0ac	PASS
r06-q07485-5u-t35	6	5	tpl-a4ebde2bc0344f0a9d7a4f14	0	201	0.072509	PASS	none	6dc620b6f31849b5acf41029c5df0f4d	PASS
r06-q07474-5u-t24	6	5	tpl-a4ebde2bc0344f0a9d7a4f14	0	201	0.080431	PASS	none	9c1505c443a746f285a7c4aea46db017	PASS
r06-q07480-5u-t30	6	5	tpl-a4ebde2bc0344f0a9d7a4f14	0	201	0.073323	PASS	none	da6cc95180404ffaa5123e0c08b52b20	PASS
r06-q07479-5u-t29	6	5	tpl-a4ebde2bc0344f0a9d7a4f14	0	201	0.080421	PASS	none	8744f1db84db4e228d1edd782f557989	PASS
r06-q07478-5u-t28	6	5	tpl-a4ebde2bc0344f0a9d7a4f14	0	201	0.079012	PASS	none	5888235399d3458787e8d6e357c3df44	PASS
r06-q07491-5u-t41	6	5	tpl-a4ebde2bc0344f0a9d7a4f14	0	201	0.085662	PASS	none	87a24e6622ef4420b97b2f4b0a731a8a	PASS
r06-q07482-5u-t32	6	5	tpl-a4ebde2bc0344f0a9d7a4f14	0	201	0.085765	PASS	none	ab24279f408d4a8f96609666026ffe7f	PASS
r06-q07484-5u-t34	6	5	tpl-a4ebde2bc0344f0a9d7a4f14	0	201	0.079207	PASS	none	b7c608cf8a494d69a19e8c95ab9ca2b5	PASS
r06-q07488-5u-t38	6	5	tpl-a4ebde2bc0344f0a9d7a4f14	0	201	0.080240	PASS	none	3daf78b1ce5d4f92bddd4841da91b175	PASS
r06-q07487-5u-t37	6	5	tpl-a4ebde2bc0344f0a9d7a4f14	0	201	0.082858	PASS	none	a6e7e24b87b0422494a822372d99ce84	PASS
r06-q07496-5u-t46	6	5	tpl-a4ebde2bc0344f0a9d7a4f14	0	201	0.080503	PASS	none	d40b94aa17064793a390d190341ce8b8	PASS
r06-q07486-5u-t36	6	5	tpl-a4ebde2bc0344f0a9d7a4f14	0	201	0.086642	PASS	none	84ba6ed88c8d4a8d89e40b60aa3d25a0	PASS
r06-q07483-5u-t33	6	5	tpl-a4ebde2bc0344f0a9d7a4f14	0	201	0.080423	PASS	none	a4d3e7ede9ae49b5bae4d722551bbe97	PASS
r06-q07500-5u-t50	6	5	tpl-a4ebde2bc0344f0a9d7a4f14	0	201	0.077337	PASS	none	0e35666dbf7d4e21b578c10ec1904fbb	PASS
r06-q07495-5u-t45	6	5	tpl-a4ebde2bc0344f0a9d7a4f14	0	201	0.080134	PASS	none	5f026315e8cf49a4ad27e0644e7c5c6a	PASS
r06-q07494-5u-t44	6	5	tpl-a4ebde2bc0344f0a9d7a4f14	0	201	0.076776	PASS	none	aa88306cc5f449ae832d1308959fd3b2	PASS
r06-q07499-5u-t49	6	5	tpl-a4ebde2bc0344f0a9d7a4f14	0	201	0.084897	PASS	none	1be78c67263c424db70d448ddc5ba06c	PASS
r06-q07492-5u-t42	6	5	tpl-a4ebde2bc0344f0a9d7a4f14	0	201	0.087468	PASS	none	6a73b1ff877f403f9db285797da0f56c	PASS
r06-q07498-5u-t48	6	5	tpl-a4ebde2bc0344f0a9d7a4f14	0	201	0.088637	PASS	none	72dd4debb7024386817a5980c9a021dd	PASS
r06-q07490-5u-t40	6	5	tpl-a4ebde2bc0344f0a9d7a4f14	0	201	0.088499	PASS	none	995685cf5cd2428d96c330b76ee1ba58	PASS
r06-q07493-5u-t43	6	5	tpl-a4ebde2bc0344f0a9d7a4f14	0	201	0.083368	PASS	none	b5e51ba150bc4585a3ec47f36145fbd3	PASS
r06-q07489-5u-t39	6	5	tpl-a4ebde2bc0344f0a9d7a4f14	0	201	0.079288	PASS	none	88c1eb5b4f2c4d73a73c75606ed2d22f	PASS
r06-q07497-5u-t47	6	5	tpl-a4ebde2bc0344f0a9d7a4f14	0	201	0.081930	PASS	none	698bb5e0a97a47b4aa4ecde59154a6bc	PASS
