Attaching 5 probes...
event,ns,tid,note
load,111372589210,36738,vcpu=1 cpu=302 ap1r0=ffffffff00000000 (shadow already dirty)
load,111372602660,36737,vcpu=0 cpu=290 ap1r0=700000000 (shadow already dirty)
put,111380321550,36738,vcpu=1 cpu=296 ap1r0=100000 ap1r1=0
put,111380421160,36737,vcpu=0 cpu=290 ap1r0=100000 ap1r1=0
load,111381218750,36738,vcpu=1 cpu=296 ap1r0=100000 (shadow already dirty)
load,111381226200,36737,vcpu=0 cpu=290 ap1r0=100000 (shadow already dirty)
put,111381238660,36737,vcpu=0 cpu=290 ap1r0=100000 ap1r1=0
load,111381242800,36737,vcpu=0 cpu=290 ap1r0=100000 (shadow already dirty)
put,111381502240,36737,vcpu=0 cpu=290 ap1r0=100000 ap1r1=0
put,111381525840,36738,vcpu=1 cpu=296 ap1r0=100000 ap1r1=0
load,111382177910,36737,vcpu=0 cpu=290 ap1r0=100000 (shadow already dirty)
put,111382330510,36737,vcpu=0 cpu=290 ap1r0=100000 ap1r1=0
load,111382707400,36738,vcpu=1 cpu=296 ap1r0=100000 (shadow already dirty)
load,111383073300,36737,vcpu=0 cpu=290 ap1r0=100000 (shadow already dirty)
put,111383116130,36738,vcpu=1 cpu=296 ap1r0=100000 ap1r1=0
put,111383367200,36737,vcpu=0 cpu=290 ap1r0=100000 ap1r1=0
load,111383841290,36738,vcpu=1 cpu=296 ap1r0=100000 (shadow already dirty)
put,111384192890,36738,vcpu=1 cpu=296 ap1r0=100000 ap1r1=0
load,111384329240,36737,vcpu=0 cpu=290 ap1r0=100000 (shadow already dirty)
put,111384643350,36737,vcpu=0 cpu=290 ap1r0=100000 ap1r1=0
load,111384929180,36738,vcpu=1 cpu=296 ap1r0=100000 (shadow already dirty)
load,111385372770,36737,vcpu=0 cpu=290 ap1r0=100000 (shadow already dirty)
put,111386334920,36738,vcpu=1 cpu=296 ap1r0=100000 ap1r1=0
put,111386356760,36737,vcpu=0 cpu=290 ap1r0=100000 ap1r1=0
load,111386672480,36738,vcpu=1 cpu=296 ap1r0=100000 (shadow already dirty)
load,111386684180,36737,vcpu=0 cpu=290 ap1r0=100000 (shadow already dirty)
put,111386812290,36737,vcpu=0 cpu=290 ap1r0=100000 ap1r1=0
load,111386817940,36737,vcpu=0 cpu=290 ap1r0=100000 (shadow already dirty)
put,111386903350,36737,vcpu=0 cpu=290 ap1r0=100000 ap1r1=0
load,111386907300,36737,vcpu=0 cpu=290 ap1r0=100000 (shadow already dirty)
put,111388835390,36737,vcpu=0 cpu=290 ap1r0=100000 ap1r1=0
load,111388839380,36737,vcpu=0 cpu=290 ap1r0=100000 (shadow already dirty)
put,111388869230,36737,vcpu=0 cpu=290 ap1r0=100000 ap1r1=0
load,111388872980,36737,vcpu=0 cpu=290 ap1r0=100000 (shadow already dirty)
put,111390851630,36737,vcpu=0 cpu=290 ap1r0=100000 ap1r1=0
load,111390855550,36737,vcpu=0 cpu=290 ap1r0=100000 (shadow already dirty)
put,111390885310,36737,vcpu=0 cpu=290 ap1r0=100000 ap1r1=0
load,111390889050,36737,vcpu=0 cpu=290 ap1r0=100000 (shadow already dirty)
put,111390898320,36737,vcpu=0 cpu=290 ap1r0=100000 ap1r1=0
load,111390901970,36737,vcpu=0 cpu=290 ap1r0=100000 (shadow already dirty)
put,111423859010,36737,vcpu=0 cpu=290 ap1r0=100000 ap1r1=0
load,111423865070,36737,vcpu=0 cpu=290 ap1r0=100000 (shadow already dirty)
put,111423895980,36737,vcpu=0 cpu=290 ap1r0=100000 ap1r1=0
load,111423899990,36737,vcpu=0 cpu=290 ap1r0=100000 (shadow already dirty)
put,111424862990,36737,vcpu=0 cpu=290 ap1r0=100000 ap1r1=0
load,111424866980,36737,vcpu=0 cpu=290 ap1r0=100000 (shadow already dirty)
put,111424896500,36737,vcpu=0 cpu=290 ap1r0=100000 ap1r1=0
load,111424900340,36737,vcpu=0 cpu=290 ap1r0=100000 (shadow already dirty)
put,111424909520,36737,vcpu=0 cpu=290 ap1r0=100000 ap1r1=0
load,111424913490,36737,vcpu=0 cpu=290 ap1r0=100000 (shadow already dirty)
put,111426589720,36737,vcpu=0 cpu=290 ap1r0=100000 ap1r1=0
load,111426597870,36737,vcpu=0 cpu=290 ap1r0=100000 (shadow already dirty)
put,111427719910,36737,vcpu=0 cpu=290 ap1r0=100000 ap1r1=0
load,111427724590,36737,vcpu=0 cpu=290 ap1r0=100000 (shadow already dirty)
put,111427754400,36737,vcpu=0 cpu=290 ap1r0=100000 ap1r1=0
load,111427758520,36737,vcpu=0 cpu=290 ap1r0=100000 (shadow already dirty)
put,111428817480,36737,vcpu=0 cpu=290 ap1r0=100000 ap1r1=0
load,111428821920,36737,vcpu=0 cpu=290 ap1r0=100000 (shadow already dirty)
put,111428851640,36737,vcpu=0 cpu=290 ap1r0=100000 ap1r1=0
load,111428855580,36737,vcpu=0 cpu=290 ap1r0=100000 (shadow already dirty)
put,111428864760,36737,vcpu=0 cpu=290 ap1r0=100000 ap1r1=0
load,111428868500,36737,vcpu=0 cpu=290 ap1r0=100000 (shadow already dirty)
put,111429623760,36737,vcpu=0 cpu=290 ap1r0=100000 ap1r1=0
load,111429629060,36737,vcpu=0 cpu=290 ap1r0=100000 (shadow already dirty)
put,111435611030,36737,vcpu=0 cpu=290 ap1r0=100000 ap1r1=0
load,111435620070,36737,vcpu=0 cpu=290 ap1r0=100000 (shadow already dirty)
put,111435654180,36737,vcpu=0 cpu=290 ap1r0=100000 ap1r1=0
load,111435658880,36737,vcpu=0 cpu=290 ap1r0=100000 (shadow already dirty)
put,111435669000,36737,vcpu=0 cpu=290 ap1r0=100000 ap1r1=0
load,111435673410,36737,vcpu=0 cpu=290 ap1r0=100000 (shadow already dirty)
put,111435677790,36737,vcpu=0 cpu=290 ap1r0=100000 ap1r1=0
load,111435679460,36737,vcpu=0 cpu=290 ap1r0=100000 (shadow already dirty)
put,111470715300,36737,vcpu=0 cpu=290 ap1r0=100000 ap1r1=0
load,111470727680,36737,vcpu=0 cpu=290 ap1r0=100000 (shadow already dirty)
put,111470734100,36737,vcpu=0 cpu=290 ap1r0=100000 ap1r1=0
load,111470736110,36737,vcpu=0 cpu=290 ap1r0=100000 (shadow already dirty)
put,111472471860,36737,vcpu=0 cpu=290 ap1r0=100000 ap1r1=0
load,111472480750,36737,vcpu=0 cpu=290 ap1r0=100000 (shadow already dirty)
put,111472491220,36737,vcpu=0 cpu=290 ap1r0=100000 ap1r1=0
load,111472495640,36737,vcpu=0 cpu=290 ap1r0=100000 (shadow already dirty)
put,111472499480,36737,vcpu=0 cpu=290 ap1r0=100000 ap1r1=0
load,111472501180,36737,vcpu=0 cpu=290 ap1r0=100000 (shadow already dirty)
put,111487615600,36737,vcpu=0 cpu=290 ap1r0=100000 ap1r1=0
load,111487622510,36737,vcpu=0 cpu=290 ap1r0=100000 (shadow already dirty)
put,111487655680,36737,vcpu=0 cpu=290 ap1r0=100000 ap1r1=0
load,111487659890,36737,vcpu=0 cpu=290 ap1r0=100000 (shadow already dirty)
put,111488924540,36737,vcpu=0 cpu=290 ap1r0=100000 ap1r1=0
load,111488928430,36737,vcpu=0 cpu=290 ap1r0=100000 (shadow already dirty)
put,111488957740,36737,vcpu=0 cpu=290 ap1r0=100000 ap1r1=0
load,111488961410,36737,vcpu=0 cpu=290 ap1r0=100000 (shadow already dirty)
put,111488970560,36737,vcpu=0 cpu=290 ap1r0=100000 ap1r1=0
load,111488974210,36737,vcpu=0 cpu=290 ap1r0=100000 (shadow already dirty)
put,111490102140,36737,vcpu=0 cpu=290 ap1r0=100000 ap1r1=0
load,111490106300,36737,vcpu=0 cpu=290 ap1r0=100000 (shadow already dirty)
put,111490135990,36737,vcpu=0 cpu=290 ap1r0=100000 ap1r1=0
load,111490139670,36737,vcpu=0 cpu=290 ap1r0=100000 (shadow already dirty)
put,111490148560,36737,vcpu=0 cpu=290 ap1r0=100000 ap1r1=0
load,111490152240,36737,vcpu=0 cpu=290 ap1r0=100000 (shadow already dirty)
put,111497707730,36738,vcpu=1 cpu=302 ap1r0=100000 ap1r1=0
load,111497769790,36738,vcpu=1 cpu=302 ap1r0=100000 (shadow already dirty)
put,111497775970,36738,vcpu=1 cpu=302 ap1r0=100000 ap1r1=0
load,113113672440,36889,vcpu=0 cpu=304 ap1r0=700000000 (shadow already dirty)
load,113113683380,36890,vcpu=1 cpu=319 ap1r0=6e6f00000000 (shadow already dirty)
put,113115763470,36889,vcpu=0 cpu=319 ap1r0=100000 ap1r1=0
load,113115770450,36889,vcpu=0 cpu=319 ap1r0=100000 (shadow already dirty)
put,113115861490,36889,vcpu=0 cpu=319 ap1r0=100000 ap1r1=0
load,113115865810,36889,vcpu=0 cpu=319 ap1r0=100000 (shadow already dirty)
put,113118013120,36889,vcpu=0 cpu=319 ap1r0=100000 ap1r1=0
load,113118017530,36889,vcpu=0 cpu=319 ap1r0=100000 (shadow already dirty)
put,113118049650,36889,vcpu=0 cpu=319 ap1r0=100000 ap1r1=0
load,113118053530,36889,vcpu=0 cpu=319 ap1r0=100000 (shadow already dirty)
put,113120230560,36889,vcpu=0 cpu=319 ap1r0=100000 ap1r1=0
load,113120234730,36889,vcpu=0 cpu=319 ap1r0=100000 (shadow already dirty)
put,113120266890,36889,vcpu=0 cpu=319 ap1r0=100000 ap1r1=0
load,113120270910,36889,vcpu=0 cpu=319 ap1r0=100000 (shadow already dirty)
put,113120280510,36889,vcpu=0 cpu=319 ap1r0=100000 ap1r1=0
load,113120284490,36889,vcpu=0 cpu=319 ap1r0=100000 (shadow already dirty)
put,113127721870,36889,vcpu=0 cpu=319 ap1r0=100000 ap1r1=0
load,113127726750,36889,vcpu=0 cpu=319 ap1r0=100000 (shadow already dirty)
put,113127757970,36889,vcpu=0 cpu=319 ap1r0=100000 ap1r1=0
load,113127761920,36889,vcpu=0 cpu=319 ap1r0=100000 (shadow already dirty)
put,113128774200,36889,vcpu=0 cpu=319 ap1r0=100000 ap1r1=0
load,113128778370,36889,vcpu=0 cpu=319 ap1r0=100000 (shadow already dirty)
put,113128809060,36889,vcpu=0 cpu=319 ap1r0=100000 ap1r1=0
load,113128812980,36889,vcpu=0 cpu=319 ap1r0=100000 (shadow already dirty)
put,113128822480,36889,vcpu=0 cpu=319 ap1r0=100000 ap1r1=0
load,113128826430,36889,vcpu=0 cpu=319 ap1r0=100000 (shadow already dirty)
put,113129838420,36889,vcpu=0 cpu=319 ap1r0=100000 ap1r1=0
load,113129843640,36889,vcpu=0 cpu=319 ap1r0=100000 (shadow already dirty)
put,113129875010,36889,vcpu=0 cpu=319 ap1r0=100000 ap1r1=0
load,113129879000,36889,vcpu=0 cpu=319 ap1r0=100000 (shadow already dirty)
put,113129888370,36889,vcpu=0 cpu=319 ap1r0=100000 ap1r1=0
load,113129892330,36889,vcpu=0 cpu=319 ap1r0=100000 (shadow already dirty)
put,113131430510,36889,vcpu=0 cpu=319 ap1r0=100000 ap1r1=0
load,113131440910,36889,vcpu=0 cpu=319 ap1r0=100000 (shadow already dirty)
put,113132385660,36889,vcpu=0 cpu=319 ap1r0=100000 ap1r1=0
load,113132391240,36889,vcpu=0 cpu=319 ap1r0=100000 (shadow already dirty)
put,113132424730,36889,vcpu=0 cpu=319 ap1r0=100000 ap1r1=0
load,113132429440,36889,vcpu=0 cpu=319 ap1r0=100000 (shadow already dirty)
put,113132441550,36889,vcpu=0 cpu=319 ap1r0=100000 ap1r1=0
load,113132446000,36889,vcpu=0 cpu=319 ap1r0=100000 (shadow already dirty)
put,113132450190,36889,vcpu=0 cpu=319 ap1r0=100000 ap1r1=0
load,113132451730,36889,vcpu=0 cpu=319 ap1r0=100000 (shadow already dirty)
put,113132663220,36889,vcpu=0 cpu=319 ap1r0=100000 ap1r1=0
load,113132667370,36889,vcpu=0 cpu=319 ap1r0=100000 (shadow already dirty)
put,113132698380,36889,vcpu=0 cpu=319 ap1r0=100000 ap1r1=0
load,113132702360,36889,vcpu=0 cpu=319 ap1r0=100000 (shadow already dirty)
put,113132711770,36889,vcpu=0 cpu=319 ap1r0=100000 ap1r1=0
load,113132715710,36889,vcpu=0 cpu=319 ap1r0=100000 (shadow already dirty)
put,113135607800,36889,vcpu=0 cpu=319 ap1r0=100000 ap1r1=0
load,113135616130,36889,vcpu=0 cpu=319 ap1r0=100000 (shadow already dirty)
put,113137594960,36889,vcpu=0 cpu=319 ap1r0=100000 ap1r1=0
load,113137601970,36889,vcpu=0 cpu=319 ap1r0=100000 (shadow already dirty)
put,113137635550,36889,vcpu=0 cpu=319 ap1r0=100000 ap1r1=0
load,113137640350,36889,vcpu=0 cpu=319 ap1r0=100000 (shadow already dirty)
put,113137652340,36889,vcpu=0 cpu=319 ap1r0=100000 ap1r1=0
load,113137656950,36889,vcpu=0 cpu=319 ap1r0=100000 (shadow already dirty)
put,113137661210,36889,vcpu=0 cpu=319 ap1r0=100000 ap1r1=0
load,113137662760,36889,vcpu=0 cpu=319 ap1r0=100000 (shadow already dirty)
put,113169487500,36889,vcpu=0 cpu=319 ap1r0=100000 ap1r1=0
load,113169499620,36889,vcpu=0 cpu=319 ap1r0=100000 (shadow already dirty)
put,113171206940,36889,vcpu=0 cpu=319 ap1r0=100000 ap1r1=0
load,113171212190,36889,vcpu=0 cpu=319 ap1r0=100000 (shadow already dirty)
put,113171216870,36889,vcpu=0 cpu=319 ap1r0=100000 ap1r1=0
load,113171218660,36889,vcpu=0 cpu=319 ap1r0=100000 (shadow already dirty)
put,113171273500,36889,vcpu=0 cpu=319 ap1r0=100000 ap1r1=0
load,113171279400,36889,vcpu=0 cpu=319 ap1r0=100000 (shadow already dirty)
put,113186860770,36889,vcpu=0 cpu=319 ap1r0=100000 ap1r1=0
load,113186871080,36889,vcpu=0 cpu=319 ap1r0=100000 (shadow already dirty)
put,113188234980,36889,vcpu=0 cpu=319 ap1r0=100000 ap1r1=0
load,113188240720,36889,vcpu=0 cpu=319 ap1r0=100000 (shadow already dirty)
put,113188274720,36889,vcpu=0 cpu=319 ap1r0=100000 ap1r1=0
load,113188279220,36889,vcpu=0 cpu=319 ap1r0=100000 (shadow already dirty)
put,113188291300,36889,vcpu=0 cpu=319 ap1r0=100000 ap1r1=0
load,113188295890,36889,vcpu=0 cpu=319 ap1r0=100000 (shadow already dirty)
put,113188301230,36889,vcpu=0 cpu=319 ap1r0=100000 ap1r1=0
load,113188303060,36889,vcpu=0 cpu=319 ap1r0=100000 (shadow already dirty)
put,113189267310,36889,vcpu=0 cpu=319 ap1r0=100000 ap1r1=0
load,113189273110,36889,vcpu=0 cpu=319 ap1r0=100000 (shadow already dirty)
put,113189285210,36889,vcpu=0 cpu=319 ap1r0=100000 ap1r1=0
load,113189289940,36889,vcpu=0 cpu=319 ap1r0=100000 (shadow already dirty)
put,113189294140,36889,vcpu=0 cpu=319 ap1r0=100000 ap1r1=0
load,113189295780,36889,vcpu=0 cpu=319 ap1r0=100000 (shadow already dirty)
put,113197167620,36890,vcpu=1 cpu=340 ap1r0=100000 ap1r1=0
load,113197243690,36890,vcpu=1 cpu=340 ap1r0=100000 (shadow already dirty)
put,113197250680,36890,vcpu=1 cpu=340 ap1r0=100000 ap1r1=0
load,114793690250,37032,vcpu=0 cpu=220 ap1r0=700000000 (shadow already dirty)
load,114793706940,37033,vcpu=1 cpu=218 ap1r0=ffffffff00000000 (shadow already dirty)
put,114795856930,37032,vcpu=0 cpu=220 ap1r0=100000 ap1r1=0
load,114795864170,37032,vcpu=0 cpu=220 ap1r0=100000 (shadow already dirty)
put,114795973810,37032,vcpu=0 cpu=220 ap1r0=100000 ap1r1=0
load,114795978230,37032,vcpu=0 cpu=220 ap1r0=100000 (shadow already dirty)
put,114798158080,37032,vcpu=0 cpu=220 ap1r0=100000 ap1r1=0
load,114798162420,37032,vcpu=0 cpu=220 ap1r0=100000 (shadow already dirty)
put,114798194180,37032,vcpu=0 cpu=220 ap1r0=100000 ap1r1=0
load,114798198090,37032,vcpu=0 cpu=220 ap1r0=100000 (shadow already dirty)
put,114800380660,37032,vcpu=0 cpu=220 ap1r0=100000 ap1r1=0
load,114800385030,37032,vcpu=0 cpu=220 ap1r0=100000 (shadow already dirty)
put,114800417270,37032,vcpu=0 cpu=220 ap1r0=100000 ap1r1=0
load,114800421080,37032,vcpu=0 cpu=220 ap1r0=100000 (shadow already dirty)
put,114800431660,37032,vcpu=0 cpu=220 ap1r0=100000 ap1r1=0
load,114800435410,37032,vcpu=0 cpu=220 ap1r0=100000 (shadow already dirty)
put,114808690380,37032,vcpu=0 cpu=220 ap1r0=100000 ap1r1=0
load,114808695130,37032,vcpu=0 cpu=220 ap1r0=100000 (shadow already dirty)
put,114808726180,37032,vcpu=0 cpu=220 ap1r0=100000 ap1r1=0
load,114808729910,37032,vcpu=0 cpu=220 ap1r0=100000 (shadow already dirty)
put,114809721520,37032,vcpu=0 cpu=220 ap1r0=100000 ap1r1=0
load,114809725290,37032,vcpu=0 cpu=220 ap1r0=100000 (shadow already dirty)
put,114809755580,37032,vcpu=0 cpu=220 ap1r0=100000 ap1r1=0
load,114809759420,37032,vcpu=0 cpu=220 ap1r0=100000 (shadow already dirty)
put,114809768790,37032,vcpu=0 cpu=220 ap1r0=100000 ap1r1=0
load,114809772280,37032,vcpu=0 cpu=220 ap1r0=100000 (shadow already dirty)
put,114810559670,37032,vcpu=0 cpu=220 ap1r0=100000 ap1r1=0
load,114810565370,37032,vcpu=0 cpu=220 ap1r0=100000 (shadow already dirty)
put,114810607680,37032,vcpu=0 cpu=220 ap1r0=100000 ap1r1=0
load,114810612930,37032,vcpu=0 cpu=220 ap1r0=100000 (shadow already dirty)
put,114810625580,37032,vcpu=0 cpu=220 ap1r0=100000 ap1r1=0
load,114810629880,37032,vcpu=0 cpu=220 ap1r0=100000 (shadow already dirty)
put,114811682970,37032,vcpu=0 cpu=220 ap1r0=100000 ap1r1=0
load,114811686750,37032,vcpu=0 cpu=220 ap1r0=100000 (shadow already dirty)
put,114811718580,37032,vcpu=0 cpu=220 ap1r0=100000 ap1r1=0
load,114811722140,37032,vcpu=0 cpu=220 ap1r0=100000 (shadow already dirty)
put,114812678100,37032,vcpu=0 cpu=220 ap1r0=100000 ap1r1=0
load,114812682050,37032,vcpu=0 cpu=220 ap1r0=100000 (shadow already dirty)
put,114812713060,37032,vcpu=0 cpu=220 ap1r0=100000 ap1r1=0
load,114812716540,37032,vcpu=0 cpu=220 ap1r0=100000 (shadow already dirty)
put,114812725980,37032,vcpu=0 cpu=220 ap1r0=100000 ap1r1=0
load,114812729470,37032,vcpu=0 cpu=220 ap1r0=100000 (shadow already dirty)
put,114812974740,37032,vcpu=0 cpu=220 ap1r0=100000 ap1r1=0
load,114812979690,37032,vcpu=0 cpu=220 ap1r0=100000 (shadow already dirty)
put,114813016430,37032,vcpu=0 cpu=220 ap1r0=100000 ap1r1=0
load,114813020630,37032,vcpu=0 cpu=220 ap1r0=100000 (shadow already dirty)
put,114813032820,37032,vcpu=0 cpu=220 ap1r0=100000 ap1r1=0
load,114813037120,37032,vcpu=0 cpu=220 ap1r0=100000 (shadow already dirty)
put,114816830560,37032,vcpu=0 cpu=220 ap1r0=100000 ap1r1=0
load,114816840130,37032,vcpu=0 cpu=220 ap1r0=100000 (shadow already dirty)
put,114817033540,37032,vcpu=0 cpu=220 ap1r0=100000 ap1r1=0
load,114817039480,37032,vcpu=0 cpu=220 ap1r0=100000 (shadow already dirty)
put,114818547090,37032,vcpu=0 cpu=220 ap1r0=100000 ap1r1=0
load,114818554910,37032,vcpu=0 cpu=220 ap1r0=100000 (shadow already dirty)
put,114818705370,37032,vcpu=0 cpu=220 ap1r0=100000 ap1r1=0
load,114818710650,37032,vcpu=0 cpu=220 ap1r0=100000 (shadow already dirty)
put,114818715280,37032,vcpu=0 cpu=220 ap1r0=100000 ap1r1=0
load,114818717020,37032,vcpu=0 cpu=220 ap1r0=100000 (shadow already dirty)
put,114845967890,37032,vcpu=0 cpu=220 ap1r0=100000 ap1r1=0
load,114845978410,37032,vcpu=0 cpu=220 ap1r0=100000 (shadow already dirty)
put,114846019010,37032,vcpu=0 cpu=220 ap1r0=100000 ap1r1=0
load,114846024110,37032,vcpu=0 cpu=220 ap1r0=100000 (shadow already dirty)
put,114846040890,37032,vcpu=0 cpu=220 ap1r0=100000 ap1r1=0
load,114846045620,37032,vcpu=0 cpu=220 ap1r0=100000 (shadow already dirty)
put,114849762170,37032,vcpu=0 cpu=220 ap1r0=100000 ap1r1=0
load,114849770980,37032,vcpu=0 cpu=220 ap1r0=100000 (shadow already dirty)
put,114849817930,37032,vcpu=0 cpu=220 ap1r0=100000 ap1r1=0
load,114849823240,37032,vcpu=0 cpu=220 ap1r0=100000 (shadow already dirty)
put,114849827760,37032,vcpu=0 cpu=220 ap1r0=100000 ap1r1=0
load,114849830200,37032,vcpu=0 cpu=220 ap1r0=100000 (shadow already dirty)
put,114865159140,37032,vcpu=0 cpu=220 ap1r0=100000 ap1r1=0
load,114865163730,37032,vcpu=0 cpu=220 ap1r0=100000 (shadow already dirty)
put,114865195820,37032,vcpu=0 cpu=220 ap1r0=100000 ap1r1=0
load,114865199660,37032,vcpu=0 cpu=220 ap1r0=100000 (shadow already dirty)
put,114866541310,37032,vcpu=0 cpu=220 ap1r0=100000 ap1r1=0
load,114866545990,37032,vcpu=0 cpu=220 ap1r0=100000 (shadow already dirty)
put,114866580380,37032,vcpu=0 cpu=220 ap1r0=100000 ap1r1=0
load,114866584300,37032,vcpu=0 cpu=220 ap1r0=100000 (shadow already dirty)
put,114866596600,37032,vcpu=0 cpu=220 ap1r0=100000 ap1r1=0
load,114866600290,37032,vcpu=0 cpu=220 ap1r0=100000 (shadow already dirty)
put,114868162120,37032,vcpu=0 cpu=220 ap1r0=100000 ap1r1=0
load,114868166390,37032,vcpu=0 cpu=220 ap1r0=100000 (shadow already dirty)
put,114868197420,37032,vcpu=0 cpu=220 ap1r0=100000 ap1r1=0
load,114868201350,37032,vcpu=0 cpu=220 ap1r0=100000 (shadow already dirty)
put,114868210770,37032,vcpu=0 cpu=220 ap1r0=100000 ap1r1=0
load,114868214310,37032,vcpu=0 cpu=220 ap1r0=100000 (shadow already dirty)
put,114877236340,37033,vcpu=1 cpu=224 ap1r0=100000 ap1r1=0
load,114877303990,37033,vcpu=1 cpu=224 ap1r0=100000 (shadow already dirty)
put,114877311070,37033,vcpu=1 cpu=224 ap1r0=100000 ap1r1=0
load,116468523990,37151,vcpu=0 cpu=337 ap1r0=700000000 (shadow already dirty)
load,116468541820,37152,vcpu=1 cpu=330 ap1r0=6e6f00000000 (shadow already dirty)
put,116470714160,37151,vcpu=0 cpu=294 ap1r0=100000 ap1r1=0
load,116470722280,37151,vcpu=0 cpu=294 ap1r0=100000 (shadow already dirty)
put,116470823280,37151,vcpu=0 cpu=294 ap1r0=100000 ap1r1=0
load,116470827620,37151,vcpu=0 cpu=294 ap1r0=100000 (shadow already dirty)
put,116472932510,37151,vcpu=0 cpu=294 ap1r0=100000 ap1r1=0
load,116472936890,37151,vcpu=0 cpu=294 ap1r0=100000 (shadow already dirty)
put,116472967640,37151,vcpu=0 cpu=294 ap1r0=100000 ap1r1=0
load,116472971710,37151,vcpu=0 cpu=294 ap1r0=100000 (shadow already dirty)
put,116475072850,37151,vcpu=0 cpu=294 ap1r0=100000 ap1r1=0
load,116475076850,37151,vcpu=0 cpu=294 ap1r0=100000 (shadow already dirty)
put,116475108660,37151,vcpu=0 cpu=294 ap1r0=100000 ap1r1=0
load,116475112660,37151,vcpu=0 cpu=294 ap1r0=100000 (shadow already dirty)
put,116475122130,37151,vcpu=0 cpu=294 ap1r0=100000 ap1r1=0
load,116475126140,37151,vcpu=0 cpu=294 ap1r0=100000 (shadow already dirty)
put,116482783680,37151,vcpu=0 cpu=294 ap1r0=100000 ap1r1=0
load,116482792950,37151,vcpu=0 cpu=294 ap1r0=100000 (shadow already dirty)
put,116483809860,37151,vcpu=0 cpu=294 ap1r0=100000 ap1r1=0
load,116483814930,37151,vcpu=0 cpu=294 ap1r0=100000 (shadow already dirty)
put,116483849100,37151,vcpu=0 cpu=294 ap1r0=100000 ap1r1=0
load,116483853890,37151,vcpu=0 cpu=294 ap1r0=100000 (shadow already dirty)
put,116483865770,37151,vcpu=0 cpu=294 ap1r0=100000 ap1r1=0
load,116483870560,37151,vcpu=0 cpu=294 ap1r0=100000 (shadow already dirty)
put,116483875330,37151,vcpu=0 cpu=294 ap1r0=100000 ap1r1=0
load,116483877010,37151,vcpu=0 cpu=294 ap1r0=100000 (shadow already dirty)
put,116484703860,37151,vcpu=0 cpu=294 ap1r0=100000 ap1r1=0
load,116484709410,37151,vcpu=0 cpu=294 ap1r0=100000 (shadow already dirty)
put,116484740110,37151,vcpu=0 cpu=294 ap1r0=100000 ap1r1=0
load,116484744120,37151,vcpu=0 cpu=294 ap1r0=100000 (shadow already dirty)
put,116484753310,37151,vcpu=0 cpu=294 ap1r0=100000 ap1r1=0
load,116484754860,37151,vcpu=0 cpu=294 ap1r0=100000 (shadow already dirty)
put,116486307070,37151,vcpu=0 cpu=294 ap1r0=100000 ap1r1=0
load,116486316560,37151,vcpu=0 cpu=294 ap1r0=100000 (shadow already dirty)
put,116486354290,37151,vcpu=0 cpu=294 ap1r0=100000 ap1r1=0
load,116486359320,37151,vcpu=0 cpu=294 ap1r0=100000 (shadow already dirty)
put,116487319950,37151,vcpu=0 cpu=294 ap1r0=100000 ap1r1=0
load,116487324750,37151,vcpu=0 cpu=294 ap1r0=100000 (shadow already dirty)
put,116487358390,37151,vcpu=0 cpu=294 ap1r0=100000 ap1r1=0
load,116487363100,37151,vcpu=0 cpu=294 ap1r0=100000 (shadow already dirty)
put,116487375020,37151,vcpu=0 cpu=294 ap1r0=100000 ap1r1=0
load,116487379730,37151,vcpu=0 cpu=294 ap1r0=100000 (shadow already dirty)
put,116487591100,37151,vcpu=0 cpu=294 ap1r0=100000 ap1r1=0
load,116487595450,37151,vcpu=0 cpu=294 ap1r0=100000 (shadow already dirty)
put,116487625590,37151,vcpu=0 cpu=294 ap1r0=100000 ap1r1=0
load,116487629670,37151,vcpu=0 cpu=294 ap1r0=100000 (shadow already dirty)
put,116487638860,37151,vcpu=0 cpu=294 ap1r0=100000 ap1r1=0
load,116487642870,37151,vcpu=0 cpu=294 ap1r0=100000 (shadow already dirty)
put,116490553510,37151,vcpu=0 cpu=294 ap1r0=100000 ap1r1=0
load,116490561520,37151,vcpu=0 cpu=294 ap1r0=100000 (shadow already dirty)
put,116491250020,37151,vcpu=0 cpu=294 ap1r0=100000 ap1r1=0
load,116491256940,37151,vcpu=0 cpu=294 ap1r0=100000 (shadow already dirty)
put,116491261530,37151,vcpu=0 cpu=294 ap1r0=100000 ap1r1=0
load,116491265800,37151,vcpu=0 cpu=294 ap1r0=100000 (shadow already dirty)
put,116494797580,37151,vcpu=0 cpu=294 ap1r0=100000 ap1r1=0
load,116494806830,37151,vcpu=0 cpu=294 ap1r0=100000 (shadow already dirty)
put,116494820830,37151,vcpu=0 cpu=294 ap1r0=100000 ap1r1=0
load,116494825710,37151,vcpu=0 cpu=294 ap1r0=100000 (shadow already dirty)
put,116494829810,37151,vcpu=0 cpu=294 ap1r0=100000 ap1r1=0
load,116494831560,37151,vcpu=0 cpu=294 ap1r0=100000 (shadow already dirty)
put,116521307290,37151,vcpu=0 cpu=294 ap1r0=100000 ap1r1=0
load,116521318940,37151,vcpu=0 cpu=294 ap1r0=100000 (shadow already dirty)
put,116521362410,37151,vcpu=0 cpu=294 ap1r0=100000 ap1r1=0
load,116521368220,37151,vcpu=0 cpu=294 ap1r0=100000 (shadow already dirty)
put,116521372490,37151,vcpu=0 cpu=294 ap1r0=100000 ap1r1=0
load,116521374350,37151,vcpu=0 cpu=294 ap1r0=100000 (shadow already dirty)
put,116524411230,37151,vcpu=0 cpu=294 ap1r0=100000 ap1r1=0
load,116524419800,37151,vcpu=0 cpu=294 ap1r0=100000 (shadow already dirty)
put,116524433110,37151,vcpu=0 cpu=294 ap1r0=100000 ap1r1=0
load,116524438070,37151,vcpu=0 cpu=294 ap1r0=100000 (shadow already dirty)
put,116524442080,37151,vcpu=0 cpu=294 ap1r0=100000 ap1r1=0
load,116524443860,37151,vcpu=0 cpu=294 ap1r0=100000 (shadow already dirty)
put,116538574380,37151,vcpu=0 cpu=294 ap1r0=100000 ap1r1=0
load,116538583250,37151,vcpu=0 cpu=294 ap1r0=100000 (shadow already dirty)
put,116539933890,37151,vcpu=0 cpu=294 ap1r0=100000 ap1r1=0
load,116539939320,37151,vcpu=0 cpu=294 ap1r0=100000 (shadow already dirty)
put,116539973240,37151,vcpu=0 cpu=294 ap1r0=100000 ap1r1=0
load,116539978220,37151,vcpu=0 cpu=294 ap1r0=100000 (shadow already dirty)
put,116539990150,37151,vcpu=0 cpu=294 ap1r0=100000 ap1r1=0
load,116539994860,37151,vcpu=0 cpu=294 ap1r0=100000 (shadow already dirty)
put,116539998910,37151,vcpu=0 cpu=294 ap1r0=100000 ap1r1=0
load,116540011840,37151,vcpu=0 cpu=294 ap1r0=100000 (shadow already dirty)
put,116541007250,37151,vcpu=0 cpu=294 ap1r0=100000 ap1r1=0
load,116541013670,37151,vcpu=0 cpu=294 ap1r0=100000 (shadow already dirty)
put,116541025670,37151,vcpu=0 cpu=294 ap1r0=100000 ap1r1=0
load,116541030620,37151,vcpu=0 cpu=294 ap1r0=100000 (shadow already dirty)
put,116541034720,37151,vcpu=0 cpu=294 ap1r0=100000 ap1r1=0
load,116541036460,37151,vcpu=0 cpu=294 ap1r0=100000 (shadow already dirty)
put,116547955080,37152,vcpu=1 cpu=330 ap1r0=100000 ap1r1=0
load,116548035240,37152,vcpu=1 cpu=330 ap1r0=100000 (shadow already dirty)
put,116548042300,37152,vcpu=1 cpu=330 ap1r0=100000 ap1r1=0
load,118118523250,37288,vcpu=0 cpu=334 ap1r0=700000000 (shadow already dirty)
load,118118541870,37289,vcpu=1 cpu=332 ap1r0=ffffffff00000000 (shadow already dirty)
put,118120014560,37288,vcpu=0 cpu=334 ap1r0=100000 ap1r1=0
load,118120024780,37288,vcpu=0 cpu=334 ap1r0=100000 (shadow already dirty)
put,118120560500,37288,vcpu=0 cpu=334 ap1r0=100000 ap1r1=0
load,118120566500,37288,vcpu=0 cpu=334 ap1r0=100000 (shadow already dirty)
put,118120669430,37288,vcpu=0 cpu=334 ap1r0=100000 ap1r1=0
load,118120673490,37288,vcpu=0 cpu=334 ap1r0=100000 (shadow already dirty)
put,118122841110,37288,vcpu=0 cpu=334 ap1r0=100000 ap1r1=0
load,118122845110,37288,vcpu=0 cpu=334 ap1r0=100000 (shadow already dirty)
put,118122876360,37288,vcpu=0 cpu=334 ap1r0=100000 ap1r1=0
load,118122880000,37288,vcpu=0 cpu=334 ap1r0=100000 (shadow already dirty)
put,118125101960,37288,vcpu=0 cpu=334 ap1r0=100000 ap1r1=0
load,118125106090,37288,vcpu=0 cpu=334 ap1r0=100000 (shadow already dirty)
put,118125139520,37288,vcpu=0 cpu=334 ap1r0=100000 ap1r1=0
load,118125143340,37288,vcpu=0 cpu=334 ap1r0=100000 (shadow already dirty)
put,118125153660,37288,vcpu=0 cpu=334 ap1r0=100000 ap1r1=0
load,118125157380,37288,vcpu=0 cpu=334 ap1r0=100000 (shadow already dirty)
put,118132429240,37288,vcpu=0 cpu=334 ap1r0=100000 ap1r1=0
load,118132434340,37288,vcpu=0 cpu=334 ap1r0=100000 (shadow already dirty)
put,118132466580,37288,vcpu=0 cpu=334 ap1r0=100000 ap1r1=0
load,118132470640,37288,vcpu=0 cpu=334 ap1r0=100000 (shadow already dirty)
put,118133480360,37288,vcpu=0 cpu=334 ap1r0=100000 ap1r1=0
load,118133484190,37288,vcpu=0 cpu=334 ap1r0=100000 (shadow already dirty)
put,118133515220,37288,vcpu=0 cpu=334 ap1r0=100000 ap1r1=0
load,118133519280,37288,vcpu=0 cpu=334 ap1r0=100000 (shadow already dirty)
put,118133528740,37288,vcpu=0 cpu=334 ap1r0=100000 ap1r1=0
load,118133532770,37288,vcpu=0 cpu=334 ap1r0=100000 (shadow already dirty)
put,118134297920,37288,vcpu=0 cpu=334 ap1r0=100000 ap1r1=0
load,118134304090,37288,vcpu=0 cpu=334 ap1r0=100000 (shadow already dirty)
put,118134342150,37288,vcpu=0 cpu=334 ap1r0=100000 ap1r1=0
load,118134347010,37288,vcpu=0 cpu=334 ap1r0=100000 (shadow already dirty)
put,118134360170,37288,vcpu=0 cpu=334 ap1r0=100000 ap1r1=0
load,118134364930,37288,vcpu=0 cpu=334 ap1r0=100000 (shadow already dirty)
put,118135779330,37288,vcpu=0 cpu=334 ap1r0=100000 ap1r1=0
load,118135783880,37288,vcpu=0 cpu=334 ap1r0=100000 (shadow already dirty)
put,118135815590,37288,vcpu=0 cpu=334 ap1r0=100000 ap1r1=0
load,118135819650,37288,vcpu=0 cpu=334 ap1r0=100000 (shadow already dirty)
put,118135829350,37288,vcpu=0 cpu=334 ap1r0=100000 ap1r1=0
load,118135833300,37288,vcpu=0 cpu=334 ap1r0=100000 (shadow already dirty)
put,118137523100,37288,vcpu=0 cpu=334 ap1r0=100000 ap1r1=0
load,118137527990,37288,vcpu=0 cpu=334 ap1r0=100000 (shadow already dirty)
put,118137559930,37288,vcpu=0 cpu=334 ap1r0=100000 ap1r1=0
load,118137564000,37288,vcpu=0 cpu=334 ap1r0=100000 (shadow already dirty)
put,118138527180,37288,vcpu=0 cpu=334 ap1r0=100000 ap1r1=0
load,118138531200,37288,vcpu=0 cpu=334 ap1r0=100000 (shadow already dirty)
put,118138562280,37288,vcpu=0 cpu=334 ap1r0=100000 ap1r1=0
load,118138566260,37288,vcpu=0 cpu=334 ap1r0=100000 (shadow already dirty)
put,118138575720,37288,vcpu=0 cpu=334 ap1r0=100000 ap1r1=0
load,118138579630,37288,vcpu=0 cpu=334 ap1r0=100000 (shadow already dirty)
put,118140662930,37288,vcpu=0 cpu=334 ap1r0=100000 ap1r1=0
load,118140668200,37288,vcpu=0 cpu=334 ap1r0=100000 (shadow already dirty)
put,118140702200,37288,vcpu=0 cpu=334 ap1r0=100000 ap1r1=0
load,118140706180,37288,vcpu=0 cpu=334 ap1r0=100000 (shadow already dirty)
put,118142087960,37288,vcpu=0 cpu=334 ap1r0=100000 ap1r1=0
load,118142091970,37288,vcpu=0 cpu=334 ap1r0=100000 (shadow already dirty)
put,118142124350,37288,vcpu=0 cpu=334 ap1r0=100000 ap1r1=0
load,118142128020,37288,vcpu=0 cpu=334 ap1r0=100000 (shadow already dirty)
put,118142137730,37288,vcpu=0 cpu=334 ap1r0=100000 ap1r1=0
load,118142141360,37288,vcpu=0 cpu=334 ap1r0=100000 (shadow already dirty)
put,118169073510,37288,vcpu=0 cpu=334 ap1r0=100000 ap1r1=0
load,118169079160,37288,vcpu=0 cpu=334 ap1r0=100000 (shadow already dirty)
put,118169112910,37288,vcpu=0 cpu=334 ap1r0=100000 ap1r1=0
load,118169117020,37288,vcpu=0 cpu=334 ap1r0=100000 (shadow already dirty)
put,118169127730,37288,vcpu=0 cpu=334 ap1r0=100000 ap1r1=0
load,118169131800,37288,vcpu=0 cpu=334 ap1r0=100000 (shadow already dirty)
put,118172069970,37288,vcpu=0 cpu=334 ap1r0=100000 ap1r1=0
load,118172075310,37288,vcpu=0 cpu=334 ap1r0=100000 (shadow already dirty)
put,118172109530,37288,vcpu=0 cpu=334 ap1r0=100000 ap1r1=0
load,118172113570,37288,vcpu=0 cpu=334 ap1r0=100000 (shadow already dirty)
put,118172123390,37288,vcpu=0 cpu=334 ap1r0=100000 ap1r1=0
load,118172127300,37288,vcpu=0 cpu=334 ap1r0=100000 (shadow already dirty)
put,118183940350,37288,vcpu=0 cpu=334 ap1r0=100000 ap1r1=0
load,118183950210,37288,vcpu=0 cpu=334 ap1r0=100000 (shadow already dirty)
put,118185289190,37288,vcpu=0 cpu=334 ap1r0=100000 ap1r1=0
load,118185295230,37288,vcpu=0 cpu=334 ap1r0=100000 (shadow already dirty)
put,118185329340,37288,vcpu=0 cpu=334 ap1r0=100000 ap1r1=0
load,118185334210,37288,vcpu=0 cpu=334 ap1r0=100000 (shadow already dirty)
put,118185346560,37288,vcpu=0 cpu=334 ap1r0=100000 ap1r1=0
load,118185351160,37288,vcpu=0 cpu=334 ap1r0=100000 (shadow already dirty)
put,118185356670,37288,vcpu=0 cpu=334 ap1r0=100000 ap1r1=0
load,118185358570,37288,vcpu=0 cpu=334 ap1r0=100000 (shadow already dirty)
put,118186317320,37288,vcpu=0 cpu=334 ap1r0=100000 ap1r1=0
load,118186322720,37288,vcpu=0 cpu=334 ap1r0=100000 (shadow already dirty)
put,118186335010,37288,vcpu=0 cpu=334 ap1r0=100000 ap1r1=0
load,118186339750,37288,vcpu=0 cpu=334 ap1r0=100000 (shadow already dirty)
put,118186344050,37288,vcpu=0 cpu=334 ap1r0=100000 ap1r1=0
load,118186345720,37288,vcpu=0 cpu=334 ap1r0=100000 (shadow already dirty)
put,118194091640,37289,vcpu=1 cpu=312 ap1r0=100000 ap1r1=0
load,118194160760,37289,vcpu=1 cpu=312 ap1r0=100000 (shadow already dirty)
put,118194166890,37289,vcpu=1 cpu=312 ap1r0=100000 ap1r1=0
load,119776180660,37393,vcpu=0 cpu=272 ap1r0=700000000 (shadow already dirty)
load,119776190970,37394,vcpu=1 cpu=286 ap1r0=ffffffff00000000 (shadow already dirty)
put,119778264990,37393,vcpu=0 cpu=286 ap1r0=100000 ap1r1=0
load,119778271690,37393,vcpu=0 cpu=286 ap1r0=100000 (shadow already dirty)
put,119778356310,37393,vcpu=0 cpu=286 ap1r0=100000 ap1r1=0
load,119778360530,37393,vcpu=0 cpu=286 ap1r0=100000 (shadow already dirty)
put,119780567970,37393,vcpu=0 cpu=286 ap1r0=100000 ap1r1=0
load,119780572170,37393,vcpu=0 cpu=286 ap1r0=100000 (shadow already dirty)
put,119780605350,37393,vcpu=0 cpu=286 ap1r0=100000 ap1r1=0
load,119780609220,37393,vcpu=0 cpu=286 ap1r0=100000 (shadow already dirty)
put,119782856350,37393,vcpu=0 cpu=286 ap1r0=100000 ap1r1=0
load,119782860430,37393,vcpu=0 cpu=286 ap1r0=100000 (shadow already dirty)
put,119782893400,37393,vcpu=0 cpu=286 ap1r0=100000 ap1r1=0
load,119782897300,37393,vcpu=0 cpu=286 ap1r0=100000 (shadow already dirty)
put,119782908160,37393,vcpu=0 cpu=286 ap1r0=100000 ap1r1=0
load,119782912150,37393,vcpu=0 cpu=286 ap1r0=100000 (shadow already dirty)
put,119790426790,37393,vcpu=0 cpu=286 ap1r0=100000 ap1r1=0
load,119790431370,37393,vcpu=0 cpu=286 ap1r0=100000 (shadow already dirty)
put,119790463750,37393,vcpu=0 cpu=286 ap1r0=100000 ap1r1=0
load,119790467650,37393,vcpu=0 cpu=286 ap1r0=100000 (shadow already dirty)
put,119791493740,37393,vcpu=0 cpu=286 ap1r0=100000 ap1r1=0
load,119791497680,37393,vcpu=0 cpu=286 ap1r0=100000 (shadow already dirty)
put,119791529110,37393,vcpu=0 cpu=286 ap1r0=100000 ap1r1=0
load,119791532990,37393,vcpu=0 cpu=286 ap1r0=100000 (shadow already dirty)
put,119791542650,37393,vcpu=0 cpu=286 ap1r0=100000 ap1r1=0
load,119791546520,37393,vcpu=0 cpu=286 ap1r0=100000 (shadow already dirty)
put,119792565580,37393,vcpu=0 cpu=286 ap1r0=100000 ap1r1=0
load,119792570440,37393,vcpu=0 cpu=286 ap1r0=100000 (shadow already dirty)
put,119792602630,37393,vcpu=0 cpu=286 ap1r0=100000 ap1r1=0
load,119792606560,37393,vcpu=0 cpu=286 ap1r0=100000 (shadow already dirty)
put,119792616370,37393,vcpu=0 cpu=286 ap1r0=100000 ap1r1=0
load,119792618020,37393,vcpu=0 cpu=286 ap1r0=100000 (shadow already dirty)
put,119793948020,37393,vcpu=0 cpu=286 ap1r0=100000 ap1r1=0
load,119793957020,37393,vcpu=0 cpu=286 ap1r0=100000 (shadow already dirty)
put,119794893040,37393,vcpu=0 cpu=286 ap1r0=100000 ap1r1=0
load,119794897800,37393,vcpu=0 cpu=286 ap1r0=100000 (shadow already dirty)
put,119794931030,37393,vcpu=0 cpu=286 ap1r0=100000 ap1r1=0
load,119794935510,37393,vcpu=0 cpu=286 ap1r0=100000 (shadow already dirty)
put,119794947210,37393,vcpu=0 cpu=286 ap1r0=100000 ap1r1=0
load,119794951580,37393,vcpu=0 cpu=286 ap1r0=100000 (shadow already dirty)
put,119794956030,37393,vcpu=0 cpu=286 ap1r0=100000 ap1r1=0
load,119794958510,37393,vcpu=0 cpu=286 ap1r0=100000 (shadow already dirty)
put,119795174730,37393,vcpu=0 cpu=286 ap1r0=100000 ap1r1=0
load,119795178790,37393,vcpu=0 cpu=286 ap1r0=100000 (shadow already dirty)
put,119795210630,37393,vcpu=0 cpu=286 ap1r0=100000 ap1r1=0
load,119795214550,37393,vcpu=0 cpu=286 ap1r0=100000 (shadow already dirty)
put,119795224320,37393,vcpu=0 cpu=286 ap1r0=100000 ap1r1=0
load,119795228100,37393,vcpu=0 cpu=286 ap1r0=100000 (shadow already dirty)
put,119798250630,37393,vcpu=0 cpu=286 ap1r0=100000 ap1r1=0
load,119798256150,37393,vcpu=0 cpu=286 ap1r0=100000 (shadow already dirty)
put,119798290830,37393,vcpu=0 cpu=286 ap1r0=100000 ap1r1=0
load,119798294780,37393,vcpu=0 cpu=286 ap1r0=100000 (shadow already dirty)
put,119799688020,37393,vcpu=0 cpu=286 ap1r0=100000 ap1r1=0
load,119799691610,37393,vcpu=0 cpu=286 ap1r0=100000 (shadow already dirty)
put,119799724590,37393,vcpu=0 cpu=286 ap1r0=100000 ap1r1=0
load,119799728260,37393,vcpu=0 cpu=286 ap1r0=100000 (shadow already dirty)
put,119799738620,37393,vcpu=0 cpu=286 ap1r0=100000 ap1r1=0
load,119799742230,37393,vcpu=0 cpu=286 ap1r0=100000 (shadow already dirty)
put,119826768470,37393,vcpu=0 cpu=286 ap1r0=100000 ap1r1=0
load,119826774880,37393,vcpu=0 cpu=286 ap1r0=100000 (shadow already dirty)
put,119826810820,37393,vcpu=0 cpu=286 ap1r0=100000 ap1r1=0
load,119826814780,37393,vcpu=0 cpu=286 ap1r0=100000 (shadow already dirty)
put,119826825850,37393,vcpu=0 cpu=286 ap1r0=100000 ap1r1=0
load,119826829740,37393,vcpu=0 cpu=286 ap1r0=100000 (shadow already dirty)
put,119829724790,37393,vcpu=0 cpu=286 ap1r0=100000 ap1r1=0
load,119829729770,37393,vcpu=0 cpu=286 ap1r0=100000 (shadow already dirty)
put,119829763640,37393,vcpu=0 cpu=286 ap1r0=100000 ap1r1=0
load,119829767590,37393,vcpu=0 cpu=286 ap1r0=100000 (shadow already dirty)
put,119829778080,37393,vcpu=0 cpu=286 ap1r0=100000 ap1r1=0
load,119829782010,37393,vcpu=0 cpu=286 ap1r0=100000 (shadow already dirty)
put,119841555450,37393,vcpu=0 cpu=286 ap1r0=100000 ap1r1=0
load,119841564560,37393,vcpu=0 cpu=286 ap1r0=100000 (shadow already dirty)
put,119842958330,37393,vcpu=0 cpu=286 ap1r0=100000 ap1r1=0
load,119842963670,37393,vcpu=0 cpu=286 ap1r0=100000 (shadow already dirty)
put,119842996860,37393,vcpu=0 cpu=286 ap1r0=100000 ap1r1=0
load,119843001550,37393,vcpu=0 cpu=286 ap1r0=100000 (shadow already dirty)
put,119843013460,37393,vcpu=0 cpu=286 ap1r0=100000 ap1r1=0
load,119843017970,37393,vcpu=0 cpu=286 ap1r0=100000 (shadow already dirty)
put,119843023760,37393,vcpu=0 cpu=286 ap1r0=100000 ap1r1=0
load,119843026400,37393,vcpu=0 cpu=286 ap1r0=100000 (shadow already dirty)
put,119843972190,37393,vcpu=0 cpu=286 ap1r0=100000 ap1r1=0
load,119843977540,37393,vcpu=0 cpu=286 ap1r0=100000 (shadow already dirty)
put,119843989420,37393,vcpu=0 cpu=286 ap1r0=100000 ap1r1=0
load,119843993890,37393,vcpu=0 cpu=286 ap1r0=100000 (shadow already dirty)
put,119843998120,37393,vcpu=0 cpu=286 ap1r0=100000 ap1r1=0
load,119843999770,37393,vcpu=0 cpu=286 ap1r0=100000 (shadow already dirty)
put,119851778180,37394,vcpu=1 cpu=244 ap1r0=100000 ap1r1=0
load,119851844480,37394,vcpu=1 cpu=244 ap1r0=100000 (shadow already dirty)
put,119851851160,37394,vcpu=1 cpu=244 ap1r0=100000 ap1r1=0
load,121463498580,37534,vcpu=0 cpu=366 ap1r0=700000000 (shadow already dirty)
load,121463519410,37535,vcpu=1 cpu=364 ap1r0=ffffffff00000000 (shadow already dirty)
put,121465626000,37534,vcpu=0 cpu=366 ap1r0=100000 ap1r1=0
load,121465632460,37534,vcpu=0 cpu=366 ap1r0=100000 (shadow already dirty)
put,121465731040,37534,vcpu=0 cpu=366 ap1r0=100000 ap1r1=0
load,121465735490,37534,vcpu=0 cpu=366 ap1r0=100000 (shadow already dirty)
put,121467907900,37534,vcpu=0 cpu=366 ap1r0=100000 ap1r1=0
load,121467911790,37534,vcpu=0 cpu=366 ap1r0=100000 (shadow already dirty)
put,121467944840,37534,vcpu=0 cpu=366 ap1r0=100000 ap1r1=0
load,121467948630,37534,vcpu=0 cpu=366 ap1r0=100000 (shadow already dirty)
put,121470199820,37534,vcpu=0 cpu=366 ap1r0=100000 ap1r1=0
load,121470204050,37534,vcpu=0 cpu=366 ap1r0=100000 (shadow already dirty)
put,121470237050,37534,vcpu=0 cpu=366 ap1r0=100000 ap1r1=0
load,121470240730,37534,vcpu=0 cpu=366 ap1r0=100000 (shadow already dirty)
put,121470251500,37534,vcpu=0 cpu=366 ap1r0=100000 ap1r1=0
load,121470255180,37534,vcpu=0 cpu=366 ap1r0=100000 (shadow already dirty)
put,121477638000,37534,vcpu=0 cpu=366 ap1r0=100000 ap1r1=0
load,121477646710,37534,vcpu=0 cpu=366 ap1r0=100000 (shadow already dirty)
put,121478629460,37534,vcpu=0 cpu=366 ap1r0=100000 ap1r1=0
load,121478634280,37534,vcpu=0 cpu=366 ap1r0=100000 (shadow already dirty)
put,121478667710,37534,vcpu=0 cpu=366 ap1r0=100000 ap1r1=0
load,121478672170,37534,vcpu=0 cpu=366 ap1r0=100000 (shadow already dirty)
put,121478684320,37534,vcpu=0 cpu=366 ap1r0=100000 ap1r1=0
load,121478688830,37534,vcpu=0 cpu=366 ap1r0=100000 (shadow already dirty)
put,121478693860,37534,vcpu=0 cpu=366 ap1r0=100000 ap1r1=0
load,121478695520,37534,vcpu=0 cpu=366 ap1r0=100000 (shadow already dirty)
put,121479383340,37534,vcpu=0 cpu=366 ap1r0=100000 ap1r1=0
load,121479389270,37534,vcpu=0 cpu=366 ap1r0=100000 (shadow already dirty)
put,121479401370,37534,vcpu=0 cpu=366 ap1r0=100000 ap1r1=0
load,121479405810,37534,vcpu=0 cpu=366 ap1r0=100000 (shadow already dirty)
put,121479410910,37534,vcpu=0 cpu=366 ap1r0=100000 ap1r1=0
load,121479412610,37534,vcpu=0 cpu=366 ap1r0=100000 (shadow already dirty)
put,121481209550,37534,vcpu=0 cpu=366 ap1r0=100000 ap1r1=0
load,121481217680,37534,vcpu=0 cpu=366 ap1r0=100000 (shadow already dirty)
put,121482146180,37534,vcpu=0 cpu=366 ap1r0=100000 ap1r1=0
load,121482150940,37534,vcpu=0 cpu=366 ap1r0=100000 (shadow already dirty)
put,121482183840,37534,vcpu=0 cpu=366 ap1r0=100000 ap1r1=0
load,121482188370,37534,vcpu=0 cpu=366 ap1r0=100000 (shadow already dirty)
put,121482200080,37534,vcpu=0 cpu=366 ap1r0=100000 ap1r1=0
load,121482204590,37534,vcpu=0 cpu=366 ap1r0=100000 (shadow already dirty)
put,121482208860,37534,vcpu=0 cpu=366 ap1r0=100000 ap1r1=0
load,121482210550,37534,vcpu=0 cpu=366 ap1r0=100000 (shadow already dirty)
put,121482427080,37534,vcpu=0 cpu=366 ap1r0=100000 ap1r1=0
load,121482431120,37534,vcpu=0 cpu=366 ap1r0=100000 (shadow already dirty)
put,121482462620,37534,vcpu=0 cpu=366 ap1r0=100000 ap1r1=0
load,121482466440,37534,vcpu=0 cpu=366 ap1r0=100000 (shadow already dirty)
put,121482476090,37534,vcpu=0 cpu=366 ap1r0=100000 ap1r1=0
load,121482479890,37534,vcpu=0 cpu=366 ap1r0=100000 (shadow already dirty)
put,121485498150,37534,vcpu=0 cpu=366 ap1r0=100000 ap1r1=0
load,121485503470,37534,vcpu=0 cpu=366 ap1r0=100000 (shadow already dirty)
put,121485538250,37534,vcpu=0 cpu=366 ap1r0=100000 ap1r1=0
load,121485542260,37534,vcpu=0 cpu=366 ap1r0=100000 (shadow already dirty)
put,121486932070,37534,vcpu=0 cpu=366 ap1r0=100000 ap1r1=0
load,121486936230,37534,vcpu=0 cpu=366 ap1r0=100000 (shadow already dirty)
put,121486969160,37534,vcpu=0 cpu=366 ap1r0=100000 ap1r1=0
load,121486972810,37534,vcpu=0 cpu=366 ap1r0=100000 (shadow already dirty)
put,121486982700,37534,vcpu=0 cpu=366 ap1r0=100000 ap1r1=0
load,121486986440,37534,vcpu=0 cpu=366 ap1r0=100000 (shadow already dirty)
put,121515997780,37534,vcpu=0 cpu=366 ap1r0=100000 ap1r1=0
load,121516015640,37534,vcpu=0 cpu=366 ap1r0=100000 (shadow already dirty)
put,121516054750,37534,vcpu=0 cpu=366 ap1r0=100000 ap1r1=0
load,121516059050,37534,vcpu=0 cpu=366 ap1r0=100000 (shadow already dirty)
put,121516069740,37534,vcpu=0 cpu=366 ap1r0=100000 ap1r1=0
load,121516073550,37534,vcpu=0 cpu=366 ap1r0=100000 (shadow already dirty)
put,121518913050,37534,vcpu=0 cpu=366 ap1r0=100000 ap1r1=0
load,121518917480,37534,vcpu=0 cpu=366 ap1r0=100000 (shadow already dirty)
put,121518950550,37534,vcpu=0 cpu=366 ap1r0=100000 ap1r1=0
load,121518954420,37534,vcpu=0 cpu=366 ap1r0=100000 (shadow already dirty)
put,121518964940,37534,vcpu=0 cpu=366 ap1r0=100000 ap1r1=0
load,121518968670,37534,vcpu=0 cpu=366 ap1r0=100000 (shadow already dirty)
put,121530865080,37534,vcpu=0 cpu=366 ap1r0=100000 ap1r1=0
load,121530875220,37534,vcpu=0 cpu=366 ap1r0=100000 (shadow already dirty)
put,121532155310,37534,vcpu=0 cpu=366 ap1r0=100000 ap1r1=0
load,121532160880,37534,vcpu=0 cpu=366 ap1r0=100000 (shadow already dirty)
put,121532196570,37534,vcpu=0 cpu=366 ap1r0=100000 ap1r1=0
load,121532201250,37534,vcpu=0 cpu=366 ap1r0=100000 (shadow already dirty)
put,121532213780,37534,vcpu=0 cpu=366 ap1r0=100000 ap1r1=0
load,121532218290,37534,vcpu=0 cpu=366 ap1r0=100000 (shadow already dirty)
put,121532223060,37534,vcpu=0 cpu=366 ap1r0=100000 ap1r1=0
load,121532224710,37534,vcpu=0 cpu=366 ap1r0=100000 (shadow already dirty)
put,121533177830,37534,vcpu=0 cpu=366 ap1r0=100000 ap1r1=0
load,121533183690,37534,vcpu=0 cpu=366 ap1r0=100000 (shadow already dirty)
put,121533195650,37534,vcpu=0 cpu=366 ap1r0=100000 ap1r1=0
load,121533200220,37534,vcpu=0 cpu=366 ap1r0=100000 (shadow already dirty)
put,121533204610,37534,vcpu=0 cpu=366 ap1r0=100000 ap1r1=0
load,121533206200,37534,vcpu=0 cpu=366 ap1r0=100000 (shadow already dirty)
put,121539173750,37535,vcpu=1 cpu=340 ap1r0=100000 ap1r1=0
load,121539244280,37535,vcpu=1 cpu=340 ap1r0=100000 (shadow already dirty)
put,121539251060,37535,vcpu=1 cpu=340 ap1r0=100000 ap1r1=0
load,123178932460,37590,vcpu=0 cpu=198 ap1r0=700000000 (shadow already dirty)
load,123178932460,37591,vcpu=1 cpu=199 ap1r0=ffffffff00000000 (shadow already dirty)
put,123180025030,37591,vcpu=1 cpu=199 ap1r0=100000 ap1r1=0
load,123180065060,37591,vcpu=1 cpu=199 ap1r0=100000 (shadow already dirty)
put,123180951830,37590,vcpu=0 cpu=198 ap1r0=100000 ap1r1=0
load,123180959630,37590,vcpu=0 cpu=198 ap1r0=100000 (shadow already dirty)
put,123181046720,37590,vcpu=0 cpu=198 ap1r0=100000 ap1r1=0
load,123181051240,37590,vcpu=0 cpu=198 ap1r0=100000 (shadow already dirty)
put,123183611580,37590,vcpu=0 cpu=198 ap1r0=100000 ap1r1=0
load,123183616910,37590,vcpu=0 cpu=198 ap1r0=100000 (shadow already dirty)
put,123183655000,37590,vcpu=0 cpu=198 ap1r0=100000 ap1r1=0
load,123183659650,37590,vcpu=0 cpu=198 ap1r0=100000 (shadow already dirty)
put,123186190250,37590,vcpu=0 cpu=198 ap1r0=100000 ap1r1=0
load,123186196530,37590,vcpu=0 cpu=198 ap1r0=100000 (shadow already dirty)
put,123186235400,37590,vcpu=0 cpu=198 ap1r0=100000 ap1r1=0
load,123186240270,37590,vcpu=0 cpu=198 ap1r0=100000 (shadow already dirty)
put,123186252490,37590,vcpu=0 cpu=198 ap1r0=100000 ap1r1=0
load,123186257310,37590,vcpu=0 cpu=198 ap1r0=100000 (shadow already dirty)
put,123194049380,37590,vcpu=0 cpu=198 ap1r0=100000 ap1r1=0
load,123194057290,37590,vcpu=0 cpu=198 ap1r0=100000 (shadow already dirty)
put,123195057000,37590,vcpu=0 cpu=198 ap1r0=100000 ap1r1=0
load,123195062000,37590,vcpu=0 cpu=198 ap1r0=100000 (shadow already dirty)
put,123195093610,37590,vcpu=0 cpu=198 ap1r0=100000 ap1r1=0
load,123195097920,37590,vcpu=0 cpu=198 ap1r0=100000 (shadow already dirty)
put,123195108130,37590,vcpu=0 cpu=198 ap1r0=100000 ap1r1=0
load,123195113080,37590,vcpu=0 cpu=198 ap1r0=100000 (shadow already dirty)
put,123195117970,37590,vcpu=0 cpu=198 ap1r0=100000 ap1r1=0
load,123195120420,37590,vcpu=0 cpu=198 ap1r0=100000 (shadow already dirty)
put,123195360180,37590,vcpu=0 cpu=198 ap1r0=100000 ap1r1=0
load,123195364280,37590,vcpu=0 cpu=198 ap1r0=100000 (shadow already dirty)
put,123195394400,37590,vcpu=0 cpu=198 ap1r0=100000 ap1r1=0
load,123195398210,37590,vcpu=0 cpu=198 ap1r0=100000 (shadow already dirty)
put,123195407330,37590,vcpu=0 cpu=198 ap1r0=100000 ap1r1=0
load,123195410980,37590,vcpu=0 cpu=198 ap1r0=100000 (shadow already dirty)
put,123197110960,37590,vcpu=0 cpu=198 ap1r0=100000 ap1r1=0
load,123197118670,37590,vcpu=0 cpu=198 ap1r0=100000 (shadow already dirty)
put,123198066190,37590,vcpu=0 cpu=198 ap1r0=100000 ap1r1=0
load,123198071010,37590,vcpu=0 cpu=198 ap1r0=100000 (shadow already dirty)
put,123198102470,37590,vcpu=0 cpu=198 ap1r0=100000 ap1r1=0
load,123198107120,37590,vcpu=0 cpu=198 ap1r0=100000 (shadow already dirty)
put,123198116870,37590,vcpu=0 cpu=198 ap1r0=100000 ap1r1=0
load,123198121250,37590,vcpu=0 cpu=198 ap1r0=100000 (shadow already dirty)
put,123198125670,37590,vcpu=0 cpu=198 ap1r0=100000 ap1r1=0
load,123198127820,37590,vcpu=0 cpu=198 ap1r0=100000 (shadow already dirty)
put,123198340150,37590,vcpu=0 cpu=198 ap1r0=100000 ap1r1=0
load,123198344180,37590,vcpu=0 cpu=198 ap1r0=100000 (shadow already dirty)
put,123198374970,37590,vcpu=0 cpu=198 ap1r0=100000 ap1r1=0
load,123198378810,37590,vcpu=0 cpu=198 ap1r0=100000 (shadow already dirty)
put,123198387960,37590,vcpu=0 cpu=198 ap1r0=100000 ap1r1=0
load,123198391640,37590,vcpu=0 cpu=198 ap1r0=100000 (shadow already dirty)
put,123201164590,37590,vcpu=0 cpu=198 ap1r0=100000 ap1r1=0
load,123201173550,37590,vcpu=0 cpu=198 ap1r0=100000 (shadow already dirty)
put,123201966710,37590,vcpu=0 cpu=198 ap1r0=100000 ap1r1=0
load,123201973740,37590,vcpu=0 cpu=198 ap1r0=100000 (shadow already dirty)
put,123203503190,37590,vcpu=0 cpu=198 ap1r0=100000 ap1r1=0
load,123203508700,37590,vcpu=0 cpu=198 ap1r0=100000 (shadow already dirty)
put,123203546170,37590,vcpu=0 cpu=198 ap1r0=100000 ap1r1=0
load,123203550490,37590,vcpu=0 cpu=198 ap1r0=100000 (shadow already dirty)
put,123203561180,37590,vcpu=0 cpu=198 ap1r0=100000 ap1r1=0
load,123203566080,37590,vcpu=0 cpu=198 ap1r0=100000 (shadow already dirty)
put,123237421930,37590,vcpu=0 cpu=194 ap1r0=100000 ap1r1=0
load,123237436600,37590,vcpu=0 cpu=194 ap1r0=100000 (shadow already dirty)
put,123237476210,37590,vcpu=0 cpu=194 ap1r0=100000 ap1r1=0
load,123237482160,37590,vcpu=0 cpu=194 ap1r0=100000 (shadow already dirty)
put,123241746470,37590,vcpu=0 cpu=194 ap1r0=100000 ap1r1=0
load,123241756620,37590,vcpu=0 cpu=194 ap1r0=100000 (shadow already dirty)
put,123241767550,37590,vcpu=0 cpu=194 ap1r0=100000 ap1r1=0
load,123241772320,37590,vcpu=0 cpu=194 ap1r0=100000 (shadow already dirty)
put,123241776750,37590,vcpu=0 cpu=194 ap1r0=100000 ap1r1=0
load,123241778650,37590,vcpu=0 cpu=194 ap1r0=100000 (shadow already dirty)
put,123250790090,37590,vcpu=0 cpu=194 ap1r0=100000 ap1r1=0
load,123250795880,37590,vcpu=0 cpu=194 ap1r0=100000 (shadow already dirty)
put,123250829950,37590,vcpu=0 cpu=194 ap1r0=100000 ap1r1=0
load,123250834160,37590,vcpu=0 cpu=194 ap1r0=100000 (shadow already dirty)
put,123252547900,37590,vcpu=0 cpu=194 ap1r0=100000 ap1r1=0
load,123252554070,37590,vcpu=0 cpu=194 ap1r0=100000 (shadow already dirty)
put,123252700430,37590,vcpu=0 cpu=194 ap1r0=100000 ap1r1=0
load,123252704960,37590,vcpu=0 cpu=194 ap1r0=100000 (shadow already dirty)
put,123252717670,37590,vcpu=0 cpu=194 ap1r0=100000 ap1r1=0
load,123252721910,37590,vcpu=0 cpu=194 ap1r0=100000 (shadow already dirty)
put,123253861290,37590,vcpu=0 cpu=194 ap1r0=100000 ap1r1=0
load,123253865750,37590,vcpu=0 cpu=194 ap1r0=100000 (shadow already dirty)
put,123253899010,37590,vcpu=0 cpu=194 ap1r0=100000 ap1r1=0
load,123253903350,37590,vcpu=0 cpu=194 ap1r0=100000 (shadow already dirty)
put,123253913490,37590,vcpu=0 cpu=194 ap1r0=100000 ap1r1=0
load,123253917750,37590,vcpu=0 cpu=194 ap1r0=100000 (shadow already dirty)
put,123262720320,37591,vcpu=1 cpu=199 ap1r0=100000 ap1r1=0
load,123262783690,37591,vcpu=1 cpu=199 ap1r0=100000 (shadow already dirty)
put,123262791450,37591,vcpu=1 cpu=199 ap1r0=100000 ap1r1=0
load,124893706890,37728,vcpu=1 cpu=30 ap1r0=6e6f00000000 (shadow already dirty)
load,124893707850,37727,vcpu=0 cpu=95 ap1r0=700000000 (shadow already dirty)
put,124895936870,37727,vcpu=0 cpu=95 ap1r0=100000 ap1r1=0
load,124895946200,37727,vcpu=0 cpu=95 ap1r0=100000 (shadow already dirty)
put,124896055290,37727,vcpu=0 cpu=95 ap1r0=100000 ap1r1=0
load,124896061690,37727,vcpu=0 cpu=95 ap1r0=100000 (shadow already dirty)
put,124898237300,37727,vcpu=0 cpu=95 ap1r0=100000 ap1r1=0
load,124898243330,37727,vcpu=0 cpu=95 ap1r0=100000 (shadow already dirty)
put,124898276740,37727,vcpu=0 cpu=95 ap1r0=100000 ap1r1=0
load,124898282690,37727,vcpu=0 cpu=95 ap1r0=100000 (shadow already dirty)
put,124900345070,37727,vcpu=0 cpu=95 ap1r0=100000 ap1r1=0
load,124900351310,37727,vcpu=0 cpu=95 ap1r0=100000 (shadow already dirty)
put,124900384050,37727,vcpu=0 cpu=95 ap1r0=100000 ap1r1=0
load,124900390280,37727,vcpu=0 cpu=95 ap1r0=100000 (shadow already dirty)
put,124900400650,37727,vcpu=0 cpu=95 ap1r0=100000 ap1r1=0
load,124900406840,37727,vcpu=0 cpu=95 ap1r0=100000 (shadow already dirty)
put,124909496910,37727,vcpu=0 cpu=95 ap1r0=100000 ap1r1=0
load,124909504340,37727,vcpu=0 cpu=95 ap1r0=100000 (shadow already dirty)
put,124909536370,37727,vcpu=0 cpu=95 ap1r0=100000 ap1r1=0
load,124909542850,37727,vcpu=0 cpu=95 ap1r0=100000 (shadow already dirty)
put,124910616680,37727,vcpu=0 cpu=95 ap1r0=100000 ap1r1=0
load,124910622820,37727,vcpu=0 cpu=95 ap1r0=100000 (shadow already dirty)
put,124910654690,37727,vcpu=0 cpu=95 ap1r0=100000 ap1r1=0
load,124910660810,37727,vcpu=0 cpu=95 ap1r0=100000 (shadow already dirty)
put,124910670520,37727,vcpu=0 cpu=95 ap1r0=100000 ap1r1=0
load,124910673720,37727,vcpu=0 cpu=95 ap1r0=100000 (shadow already dirty)
put,124911825520,37727,vcpu=0 cpu=95 ap1r0=100000 ap1r1=0
load,124911832180,37727,vcpu=0 cpu=95 ap1r0=100000 (shadow already dirty)
put,124911864220,37727,vcpu=0 cpu=95 ap1r0=100000 ap1r1=0
load,124911870430,37727,vcpu=0 cpu=95 ap1r0=100000 (shadow already dirty)
put,124911880020,37727,vcpu=0 cpu=95 ap1r0=100000 ap1r1=0
load,124911883210,37727,vcpu=0 cpu=95 ap1r0=100000 (shadow already dirty)
put,124913473900,37727,vcpu=0 cpu=95 ap1r0=100000 ap1r1=0
load,124913482910,37727,vcpu=0 cpu=95 ap1r0=100000 (shadow already dirty)
put,124913495550,37727,vcpu=0 cpu=95 ap1r0=100000 ap1r1=0
load,124913502700,37727,vcpu=0 cpu=95 ap1r0=100000 (shadow already dirty)
put,124913507360,37727,vcpu=0 cpu=95 ap1r0=100000 ap1r1=0
load,124913509130,37727,vcpu=0 cpu=95 ap1r0=100000 (shadow already dirty)
put,124915384680,37727,vcpu=0 cpu=95 ap1r0=100000 ap1r1=0
load,124915391540,37727,vcpu=0 cpu=95 ap1r0=100000 (shadow already dirty)
put,124915425620,37727,vcpu=0 cpu=95 ap1r0=100000 ap1r1=0
load,124915431610,37727,vcpu=0 cpu=95 ap1r0=100000 (shadow already dirty)
put,124916433770,37727,vcpu=0 cpu=95 ap1r0=100000 ap1r1=0
load,124916439720,37727,vcpu=0 cpu=95 ap1r0=100000 (shadow already dirty)
put,124916472700,37727,vcpu=0 cpu=95 ap1r0=100000 ap1r1=0
load,124916478800,37727,vcpu=0 cpu=95 ap1r0=100000 (shadow already dirty)
put,124916488600,37727,vcpu=0 cpu=95 ap1r0=100000 ap1r1=0
load,124916494670,37727,vcpu=0 cpu=95 ap1r0=100000 (shadow already dirty)
put,124918799820,37727,vcpu=0 cpu=95 ap1r0=100000 ap1r1=0
load,124918807620,37727,vcpu=0 cpu=95 ap1r0=100000 (shadow already dirty)
put,124918840680,37727,vcpu=0 cpu=95 ap1r0=100000 ap1r1=0
load,124918846880,37727,vcpu=0 cpu=95 ap1r0=100000 (shadow already dirty)
put,124920233140,37727,vcpu=0 cpu=95 ap1r0=100000 ap1r1=0
load,124920239410,37727,vcpu=0 cpu=95 ap1r0=100000 (shadow already dirty)
put,124920272150,37727,vcpu=0 cpu=95 ap1r0=100000 ap1r1=0
load,124920278490,37727,vcpu=0 cpu=95 ap1r0=100000 (shadow already dirty)
put,124920289430,37727,vcpu=0 cpu=95 ap1r0=100000 ap1r1=0
load,124920295530,37727,vcpu=0 cpu=95 ap1r0=100000 (shadow already dirty)
put,124950645150,37727,vcpu=0 cpu=95 ap1r0=100000 ap1r1=0
load,124950652480,37727,vcpu=0 cpu=95 ap1r0=100000 (shadow already dirty)
put,124950688380,37727,vcpu=0 cpu=95 ap1r0=100000 ap1r1=0
load,124950694860,37727,vcpu=0 cpu=95 ap1r0=100000 (shadow already dirty)
put,124952454580,37727,vcpu=0 cpu=95 ap1r0=100000 ap1r1=0
load,124952460570,37727,vcpu=0 cpu=95 ap1r0=100000 (shadow already dirty)
put,124952494220,37727,vcpu=0 cpu=95 ap1r0=100000 ap1r1=0
load,124952500050,37727,vcpu=0 cpu=95 ap1r0=100000 (shadow already dirty)
put,124952510610,37727,vcpu=0 cpu=95 ap1r0=100000 ap1r1=0
load,124952516620,37727,vcpu=0 cpu=95 ap1r0=100000 (shadow already dirty)
put,124965570740,37727,vcpu=0 cpu=95 ap1r0=100000 ap1r1=0
load,124965583010,37727,vcpu=0 cpu=95 ap1r0=100000 (shadow already dirty)
put,124966929530,37727,vcpu=0 cpu=95 ap1r0=100000 ap1r1=0
load,124966936770,37727,vcpu=0 cpu=95 ap1r0=100000 (shadow already dirty)
put,124966942060,37727,vcpu=0 cpu=95 ap1r0=100000 ap1r1=0
load,124966943950,37727,vcpu=0 cpu=95 ap1r0=100000 (shadow already dirty)
put,124967026260,37727,vcpu=0 cpu=95 ap1r0=100000 ap1r1=0
load,124967033860,37727,vcpu=0 cpu=95 ap1r0=100000 (shadow already dirty)
put,124968074710,37727,vcpu=0 cpu=95 ap1r0=100000 ap1r1=0
load,124968083620,37727,vcpu=0 cpu=95 ap1r0=100000 (shadow already dirty)
put,124968096190,37727,vcpu=0 cpu=95 ap1r0=100000 ap1r1=0
load,124968103180,37727,vcpu=0 cpu=95 ap1r0=100000 (shadow already dirty)
put,124968107800,37727,vcpu=0 cpu=95 ap1r0=100000 ap1r1=0
load,124968109640,37727,vcpu=0 cpu=95 ap1r0=100000 (shadow already dirty)
put,124977325220,37728,vcpu=1 cpu=17 ap1r0=100000 ap1r1=0
load,124977402670,37728,vcpu=1 cpu=17 ap1r0=100000 (shadow already dirty)
put,124977412440,37728,vcpu=1 cpu=17 ap1r0=100000 ap1r1=0
load,126598521310,37859,vcpu=0 cpu=256 ap1r0=700000000 (shadow already dirty)
load,126598536970,37860,vcpu=1 cpu=270 ap1r0=ffffffff00000000 (shadow already dirty)
put,126600590280,37859,vcpu=0 cpu=256 ap1r0=100000 ap1r1=0
load,126600596090,37859,vcpu=0 cpu=256 ap1r0=100000 (shadow already dirty)
put,126600688630,37859,vcpu=0 cpu=256 ap1r0=100000 ap1r1=0
load,126600692120,37859,vcpu=0 cpu=256 ap1r0=100000 (shadow already dirty)
put,126602870940,37859,vcpu=0 cpu=256 ap1r0=100000 ap1r1=0
load,126602874260,37859,vcpu=0 cpu=256 ap1r0=100000 (shadow already dirty)
put,126602905560,37859,vcpu=0 cpu=256 ap1r0=100000 ap1r1=0
load,126602908640,37859,vcpu=0 cpu=256 ap1r0=100000 (shadow already dirty)
put,126605066320,37859,vcpu=0 cpu=256 ap1r0=100000 ap1r1=0
load,126605070010,37859,vcpu=0 cpu=256 ap1r0=100000 (shadow already dirty)
put,126605102360,37859,vcpu=0 cpu=256 ap1r0=100000 ap1r1=0
load,126605105220,37859,vcpu=0 cpu=256 ap1r0=100000 (shadow already dirty)
put,126605115260,37859,vcpu=0 cpu=256 ap1r0=100000 ap1r1=0
load,126605118070,37859,vcpu=0 cpu=256 ap1r0=100000 (shadow already dirty)
put,126612924850,37859,vcpu=0 cpu=256 ap1r0=100000 ap1r1=0
load,126612929350,37859,vcpu=0 cpu=256 ap1r0=100000 (shadow already dirty)
put,126612960980,37859,vcpu=0 cpu=256 ap1r0=100000 ap1r1=0
load,126612963770,37859,vcpu=0 cpu=256 ap1r0=100000 (shadow already dirty)
put,126613971560,37859,vcpu=0 cpu=256 ap1r0=100000 ap1r1=0
load,126613974390,37859,vcpu=0 cpu=256 ap1r0=100000 (shadow already dirty)
put,126614004790,37859,vcpu=0 cpu=256 ap1r0=100000 ap1r1=0
load,126614007590,37859,vcpu=0 cpu=256 ap1r0=100000 (shadow already dirty)
put,126614016950,37859,vcpu=0 cpu=256 ap1r0=100000 ap1r1=0
load,126614019850,37859,vcpu=0 cpu=256 ap1r0=100000 (shadow already dirty)
put,126615081020,37859,vcpu=0 cpu=256 ap1r0=100000 ap1r1=0
load,126615087300,37859,vcpu=0 cpu=256 ap1r0=100000 (shadow already dirty)
put,126615121960,37859,vcpu=0 cpu=256 ap1r0=100000 ap1r1=0
load,126615125280,37859,vcpu=0 cpu=256 ap1r0=100000 (shadow already dirty)
put,126615135410,37859,vcpu=0 cpu=256 ap1r0=100000 ap1r1=0
load,126615138390,37859,vcpu=0 cpu=256 ap1r0=100000 (shadow already dirty)
put,126616631230,37859,vcpu=0 cpu=256 ap1r0=100000 ap1r1=0
load,126616635220,37859,vcpu=0 cpu=256 ap1r0=100000 (shadow already dirty)
put,126616666640,37859,vcpu=0 cpu=256 ap1r0=100000 ap1r1=0
load,126616669510,37859,vcpu=0 cpu=256 ap1r0=100000 (shadow already dirty)
put,126616678890,37859,vcpu=0 cpu=256 ap1r0=100000 ap1r1=0
load,126616681680,37859,vcpu=0 cpu=256 ap1r0=100000 (shadow already dirty)
put,126618448480,37859,vcpu=0 cpu=256 ap1r0=100000 ap1r1=0
load,126618452680,37859,vcpu=0 cpu=256 ap1r0=100000 (shadow already dirty)
put,126618484030,37859,vcpu=0 cpu=256 ap1r0=100000 ap1r1=0
load,126618486840,37859,vcpu=0 cpu=256 ap1r0=100000 (shadow already dirty)
put,126619474000,37859,vcpu=0 cpu=256 ap1r0=100000 ap1r1=0
load,126619477100,37859,vcpu=0 cpu=256 ap1r0=100000 (shadow already dirty)
put,126619509440,37859,vcpu=0 cpu=256 ap1r0=100000 ap1r1=0
load,126619512220,37859,vcpu=0 cpu=256 ap1r0=100000 (shadow already dirty)
put,126619521570,37859,vcpu=0 cpu=256 ap1r0=100000 ap1r1=0
load,126619523030,37859,vcpu=0 cpu=256 ap1r0=100000 (shadow already dirty)
put,126621620880,37859,vcpu=0 cpu=256 ap1r0=100000 ap1r1=0
load,126621624990,37859,vcpu=0 cpu=256 ap1r0=100000 (shadow already dirty)
put,126621657310,37859,vcpu=0 cpu=256 ap1r0=100000 ap1r1=0
load,126621660280,37859,vcpu=0 cpu=256 ap1r0=100000 (shadow already dirty)
put,126623007100,37859,vcpu=0 cpu=256 ap1r0=100000 ap1r1=0
load,126623010160,37859,vcpu=0 cpu=256 ap1r0=100000 (shadow already dirty)
put,126623042220,37859,vcpu=0 cpu=256 ap1r0=100000 ap1r1=0
load,126623045090,37859,vcpu=0 cpu=256 ap1r0=100000 (shadow already dirty)
put,126623055100,37859,vcpu=0 cpu=256 ap1r0=100000 ap1r1=0
load,126623057780,37859,vcpu=0 cpu=256 ap1r0=100000 (shadow already dirty)
put,126652623670,37859,vcpu=0 cpu=256 ap1r0=100000 ap1r1=0
load,126652628690,37859,vcpu=0 cpu=256 ap1r0=100000 (shadow already dirty)
put,126652661880,37859,vcpu=0 cpu=256 ap1r0=100000 ap1r1=0
load,126652664630,37859,vcpu=0 cpu=256 ap1r0=100000 (shadow already dirty)
put,126652674770,37859,vcpu=0 cpu=256 ap1r0=100000 ap1r1=0
load,126652677520,37859,vcpu=0 cpu=256 ap1r0=100000 (shadow already dirty)
put,126656680010,37859,vcpu=0 cpu=256 ap1r0=100000 ap1r1=0
load,126656684310,37859,vcpu=0 cpu=256 ap1r0=100000 (shadow already dirty)
put,126656716460,37859,vcpu=0 cpu=256 ap1r0=100000 ap1r1=0
load,126656719210,37859,vcpu=0 cpu=256 ap1r0=100000 (shadow already dirty)
put,126656729170,37859,vcpu=0 cpu=256 ap1r0=100000 ap1r1=0
load,126656732020,37859,vcpu=0 cpu=256 ap1r0=100000 (shadow already dirty)
put,126667866860,37859,vcpu=0 cpu=264 ap1r0=100000 ap1r1=0
load,126667877510,37859,vcpu=0 cpu=264 ap1r0=100000 (shadow already dirty)
put,126668015110,37859,vcpu=0 cpu=264 ap1r0=100000 ap1r1=0
load,126668044450,37859,vcpu=0 cpu=264 ap1r0=100000 (shadow already dirty)
put,126669329190,37859,vcpu=0 cpu=264 ap1r0=100000 ap1r1=0
load,126669334400,37859,vcpu=0 cpu=264 ap1r0=100000 (shadow already dirty)
put,126669366970,37859,vcpu=0 cpu=264 ap1r0=100000 ap1r1=0
load,126669370490,37859,vcpu=0 cpu=264 ap1r0=100000 (shadow already dirty)
put,126669380920,37859,vcpu=0 cpu=264 ap1r0=100000 ap1r1=0
load,126669384240,37859,vcpu=0 cpu=264 ap1r0=100000 (shadow already dirty)
put,126669388670,37859,vcpu=0 cpu=264 ap1r0=100000 ap1r1=0
load,126669391030,37859,vcpu=0 cpu=264 ap1r0=100000 (shadow already dirty)
put,126670435820,37859,vcpu=0 cpu=264 ap1r0=100000 ap1r1=0
load,126670439920,37859,vcpu=0 cpu=264 ap1r0=100000 (shadow already dirty)
put,126670450240,37859,vcpu=0 cpu=264 ap1r0=100000 ap1r1=0
load,126670453510,37859,vcpu=0 cpu=264 ap1r0=100000 (shadow already dirty)
put,126670457970,37859,vcpu=0 cpu=264 ap1r0=100000 ap1r1=0
load,126670460300,37859,vcpu=0 cpu=264 ap1r0=100000 (shadow already dirty)
put,126678486160,37860,vcpu=1 cpu=270 ap1r0=100000 ap1r1=0
load,126678560390,37860,vcpu=1 cpu=270 ap1r0=100000 (shadow already dirty)
put,126678565880,37860,vcpu=1 cpu=270 ap1r0=100000 ap1r1=0
load,128332361480,38003,vcpu=0 cpu=220 ap1r0=700000000 (shadow already dirty)
load,128332381050,38004,vcpu=1 cpu=218 ap1r0=ffffffff00000000 (shadow already dirty)
put,128334495420,38003,vcpu=0 cpu=220 ap1r0=100000 ap1r1=0
load,128334501940,38003,vcpu=0 cpu=220 ap1r0=100000 (shadow already dirty)
put,128334600920,38003,vcpu=0 cpu=220 ap1r0=100000 ap1r1=0
load,128334605360,38003,vcpu=0 cpu=220 ap1r0=100000 (shadow already dirty)
put,128336805060,38003,vcpu=0 cpu=220 ap1r0=100000 ap1r1=0
load,128336809250,38003,vcpu=0 cpu=220 ap1r0=100000 (shadow already dirty)
put,128336841040,38003,vcpu=0 cpu=220 ap1r0=100000 ap1r1=0
load,128336844940,38003,vcpu=0 cpu=220 ap1r0=100000 (shadow already dirty)
put,128338996810,38003,vcpu=0 cpu=220 ap1r0=100000 ap1r1=0
load,128339000930,38003,vcpu=0 cpu=220 ap1r0=100000 (shadow already dirty)
put,128339033280,38003,vcpu=0 cpu=220 ap1r0=100000 ap1r1=0
load,128339037260,38003,vcpu=0 cpu=220 ap1r0=100000 (shadow already dirty)
put,128339047050,38003,vcpu=0 cpu=220 ap1r0=100000 ap1r1=0
load,128339050960,38003,vcpu=0 cpu=220 ap1r0=100000 (shadow already dirty)
put,128346370490,38003,vcpu=0 cpu=220 ap1r0=100000 ap1r1=0
load,128346381410,38003,vcpu=0 cpu=220 ap1r0=100000 (shadow already dirty)
put,128346416600,38003,vcpu=0 cpu=220 ap1r0=100000 ap1r1=0
load,128346421310,38003,vcpu=0 cpu=220 ap1r0=100000 (shadow already dirty)
put,128347430980,38003,vcpu=0 cpu=220 ap1r0=100000 ap1r1=0
load,128347436030,38003,vcpu=0 cpu=220 ap1r0=100000 (shadow already dirty)
put,128347447720,38003,vcpu=0 cpu=220 ap1r0=100000 ap1r1=0
load,128347452330,38003,vcpu=0 cpu=220 ap1r0=100000 (shadow already dirty)
put,128347457190,38003,vcpu=0 cpu=220 ap1r0=100000 ap1r1=0
load,128347458860,38003,vcpu=0 cpu=220 ap1r0=100000 (shadow already dirty)
put,128347708600,38003,vcpu=0 cpu=220 ap1r0=100000 ap1r1=0
load,128347712850,38003,vcpu=0 cpu=220 ap1r0=100000 (shadow already dirty)
put,128347743900,38003,vcpu=0 cpu=220 ap1r0=100000 ap1r1=0
load,128347747820,38003,vcpu=0 cpu=220 ap1r0=100000 (shadow already dirty)
put,128347757520,38003,vcpu=0 cpu=220 ap1r0=100000 ap1r1=0
load,128347761380,38003,vcpu=0 cpu=220 ap1r0=100000 (shadow already dirty)
put,128349199480,38003,vcpu=0 cpu=220 ap1r0=100000 ap1r1=0
load,128349206270,38003,vcpu=0 cpu=220 ap1r0=100000 (shadow already dirty)
put,128349241600,38003,vcpu=0 cpu=220 ap1r0=100000 ap1r1=0
load,128349246650,38003,vcpu=0 cpu=220 ap1r0=100000 (shadow already dirty)
put,128349258720,38003,vcpu=0 cpu=220 ap1r0=100000 ap1r1=0
load,128349263130,38003,vcpu=0 cpu=220 ap1r0=100000 (shadow already dirty)
put,128350945830,38003,vcpu=0 cpu=220 ap1r0=100000 ap1r1=0
load,128350953710,38003,vcpu=0 cpu=220 ap1r0=100000 (shadow already dirty)
put,128351346190,38003,vcpu=0 cpu=220 ap1r0=100000 ap1r1=0
load,128351351270,38003,vcpu=0 cpu=220 ap1r0=100000 (shadow already dirty)
put,128352339120,38003,vcpu=0 cpu=220 ap1r0=100000 ap1r1=0
load,128352343950,38003,vcpu=0 cpu=220 ap1r0=100000 (shadow already dirty)
put,128352540870,38003,vcpu=0 cpu=220 ap1r0=100000 ap1r1=0
load,128352546250,38003,vcpu=0 cpu=220 ap1r0=100000 (shadow already dirty)
put,128354092080,38003,vcpu=0 cpu=220 ap1r0=100000 ap1r1=0
load,128354099240,38003,vcpu=0 cpu=220 ap1r0=100000 (shadow already dirty)
put,128354245430,38003,vcpu=0 cpu=220 ap1r0=100000 ap1r1=0
load,128354250650,38003,vcpu=0 cpu=220 ap1r0=100000 (shadow already dirty)
put,128355602910,38003,vcpu=0 cpu=220 ap1r0=100000 ap1r1=0
load,128355609240,38003,vcpu=0 cpu=220 ap1r0=100000 (shadow already dirty)
put,128355621970,38003,vcpu=0 cpu=220 ap1r0=100000 ap1r1=0
load,128355626600,38003,vcpu=0 cpu=220 ap1r0=100000 (shadow already dirty)
put,128355630760,38003,vcpu=0 cpu=220 ap1r0=100000 ap1r1=0
load,128355632450,38003,vcpu=0 cpu=220 ap1r0=100000 (shadow already dirty)
put,128384420000,38003,vcpu=0 cpu=220 ap1r0=100000 ap1r1=0
load,128384432450,38003,vcpu=0 cpu=220 ap1r0=100000 (shadow already dirty)
put,128384482470,38003,vcpu=0 cpu=220 ap1r0=100000 ap1r1=0
load,128384488020,38003,vcpu=0 cpu=220 ap1r0=100000 (shadow already dirty)
put,128386282870,38003,vcpu=0 cpu=220 ap1r0=100000 ap1r1=0
load,128386290920,38003,vcpu=0 cpu=220 ap1r0=100000 (shadow already dirty)
put,128386333000,38003,vcpu=0 cpu=220 ap1r0=100000 ap1r1=0
load,128386337690,38003,vcpu=0 cpu=220 ap1r0=100000 (shadow already dirty)
put,128397564390,38003,vcpu=0 cpu=220 ap1r0=100000 ap1r1=0
load,128397573430,38003,vcpu=0 cpu=220 ap1r0=100000 (shadow already dirty)
put,128397637830,38003,vcpu=0 cpu=220 ap1r0=100000 ap1r1=0
load,128397642980,38003,vcpu=0 cpu=220 ap1r0=100000 (shadow already dirty)
put,128398924980,38003,vcpu=0 cpu=220 ap1r0=100000 ap1r1=0
load,128398929880,38003,vcpu=0 cpu=220 ap1r0=100000 (shadow already dirty)
put,128398941510,38003,vcpu=0 cpu=220 ap1r0=100000 ap1r1=0
load,128398945910,38003,vcpu=0 cpu=220 ap1r0=100000 (shadow already dirty)
put,128398951210,38003,vcpu=0 cpu=220 ap1r0=100000 ap1r1=0
load,128398953030,38003,vcpu=0 cpu=220 ap1r0=100000 (shadow already dirty)
put,128399889870,38003,vcpu=0 cpu=220 ap1r0=100000 ap1r1=0
load,128399894880,38003,vcpu=0 cpu=220 ap1r0=100000 (shadow already dirty)
put,128399906730,38003,vcpu=0 cpu=220 ap1r0=100000 ap1r1=0
load,128399911120,38003,vcpu=0 cpu=220 ap1r0=100000 (shadow already dirty)
put,128399915340,38003,vcpu=0 cpu=220 ap1r0=100000 ap1r1=0
load,128399916930,38003,vcpu=0 cpu=220 ap1r0=100000 (shadow already dirty)
put,128408020240,38004,vcpu=1 cpu=240 ap1r0=100000 ap1r1=0
load,128408090410,38004,vcpu=1 cpu=240 ap1r0=100000 (shadow already dirty)
put,128408097160,38004,vcpu=1 cpu=240 ap1r0=100000 ap1r1=0
load,130023685420,38138,vcpu=0 cpu=284 ap1r0=700000000 (shadow already dirty)
load,130023708770,38139,vcpu=1 cpu=282 ap1r0=ffffffff00000000 (shadow already dirty)
put,130025790130,38138,vcpu=0 cpu=284 ap1r0=100000 ap1r1=0
load,130025796200,38138,vcpu=0 cpu=284 ap1r0=100000 (shadow already dirty)
put,130025889670,38138,vcpu=0 cpu=284 ap1r0=100000 ap1r1=0
load,130025893750,38138,vcpu=0 cpu=284 ap1r0=100000 (shadow already dirty)
put,130028079930,38138,vcpu=0 cpu=284 ap1r0=100000 ap1r1=0
load,130028083770,38138,vcpu=0 cpu=284 ap1r0=100000 (shadow already dirty)
put,130028116750,38138,vcpu=0 cpu=284 ap1r0=100000 ap1r1=0
load,130028120720,38138,vcpu=0 cpu=284 ap1r0=100000 (shadow already dirty)
put,130030355570,38138,vcpu=0 cpu=284 ap1r0=100000 ap1r1=0
load,130030359870,38138,vcpu=0 cpu=284 ap1r0=100000 (shadow already dirty)
put,130030393450,38138,vcpu=0 cpu=284 ap1r0=100000 ap1r1=0
load,130030397100,38138,vcpu=0 cpu=284 ap1r0=100000 (shadow already dirty)
put,130030407740,38138,vcpu=0 cpu=284 ap1r0=100000 ap1r1=0
load,130030411350,38138,vcpu=0 cpu=284 ap1r0=100000 (shadow already dirty)
put,130037770790,38138,vcpu=0 cpu=284 ap1r0=100000 ap1r1=0
load,130037780990,38138,vcpu=0 cpu=284 ap1r0=100000 (shadow already dirty)
put,130037817150,38138,vcpu=0 cpu=284 ap1r0=100000 ap1r1=0
load,130037822340,38138,vcpu=0 cpu=284 ap1r0=100000 (shadow already dirty)
put,130038848790,38138,vcpu=0 cpu=284 ap1r0=100000 ap1r1=0
load,130038853780,38138,vcpu=0 cpu=284 ap1r0=100000 (shadow already dirty)
put,130038865730,38138,vcpu=0 cpu=284 ap1r0=100000 ap1r1=0
load,130038870000,38138,vcpu=0 cpu=284 ap1r0=100000 (shadow already dirty)
put,130038874890,38138,vcpu=0 cpu=284 ap1r0=100000 ap1r1=0
load,130038876560,38138,vcpu=0 cpu=284 ap1r0=100000 (shadow already dirty)
put,130039131940,38138,vcpu=0 cpu=284 ap1r0=100000 ap1r1=0
load,130039136090,38138,vcpu=0 cpu=284 ap1r0=100000 (shadow already dirty)
put,130039167830,38138,vcpu=0 cpu=284 ap1r0=100000 ap1r1=0
load,130039171610,38138,vcpu=0 cpu=284 ap1r0=100000 (shadow already dirty)
put,130039181450,38138,vcpu=0 cpu=284 ap1r0=100000 ap1r1=0
load,130039185230,38138,vcpu=0 cpu=284 ap1r0=100000 (shadow already dirty)
put,130041395700,38138,vcpu=0 cpu=284 ap1r0=100000 ap1r1=0
load,130041399850,38138,vcpu=0 cpu=284 ap1r0=100000 (shadow already dirty)
put,130041432250,38138,vcpu=0 cpu=284 ap1r0=100000 ap1r1=0
load,130041436040,38138,vcpu=0 cpu=284 ap1r0=100000 (shadow already dirty)
put,130042399420,38138,vcpu=0 cpu=284 ap1r0=100000 ap1r1=0
load,130042403220,38138,vcpu=0 cpu=284 ap1r0=100000 (shadow already dirty)
put,130042434600,38138,vcpu=0 cpu=284 ap1r0=100000 ap1r1=0
load,130042438380,38138,vcpu=0 cpu=284 ap1r0=100000 (shadow already dirty)
put,130042448090,38138,vcpu=0 cpu=284 ap1r0=100000 ap1r1=0
load,130042451920,38138,vcpu=0 cpu=284 ap1r0=100000 (shadow already dirty)
put,130042700770,38138,vcpu=0 cpu=284 ap1r0=100000 ap1r1=0
load,130042705690,38138,vcpu=0 cpu=284 ap1r0=100000 (shadow already dirty)
put,130042717740,38138,vcpu=0 cpu=284 ap1r0=100000 ap1r1=0
load,130042722010,38138,vcpu=0 cpu=284 ap1r0=100000 (shadow already dirty)
put,130042726520,38138,vcpu=0 cpu=284 ap1r0=100000 ap1r1=0
load,130042728130,38138,vcpu=0 cpu=284 ap1r0=100000 (shadow already dirty)
put,130045703060,38138,vcpu=0 cpu=284 ap1r0=100000 ap1r1=0
load,130045707980,38138,vcpu=0 cpu=284 ap1r0=100000 (shadow already dirty)
put,130045742320,38138,vcpu=0 cpu=284 ap1r0=100000 ap1r1=0
load,130045746180,38138,vcpu=0 cpu=284 ap1r0=100000 (shadow already dirty)
put,130045756600,38138,vcpu=0 cpu=284 ap1r0=100000 ap1r1=0
load,130045760440,38138,vcpu=0 cpu=284 ap1r0=100000 (shadow already dirty)
put,130047157860,38138,vcpu=0 cpu=284 ap1r0=100000 ap1r1=0
load,130047161840,38138,vcpu=0 cpu=284 ap1r0=100000 (shadow already dirty)
put,130047195000,38138,vcpu=0 cpu=284 ap1r0=100000 ap1r1=0
load,130047198840,38138,vcpu=0 cpu=284 ap1r0=100000 (shadow already dirty)
put,130047209180,38138,vcpu=0 cpu=284 ap1r0=100000 ap1r1=0
load,130047213110,38138,vcpu=0 cpu=284 ap1r0=100000 (shadow already dirty)
put,130075585720,38138,vcpu=0 cpu=286 ap1r0=100000 ap1r1=0
load,130075592230,38138,vcpu=0 cpu=286 ap1r0=100000 (shadow already dirty)
put,130075627160,38138,vcpu=0 cpu=286 ap1r0=100000 ap1r1=0
load,130075631350,38138,vcpu=0 cpu=286 ap1r0=100000 (shadow already dirty)
put,130077527800,38138,vcpu=0 cpu=286 ap1r0=100000 ap1r1=0
load,130077532290,38138,vcpu=0 cpu=286 ap1r0=100000 (shadow already dirty)
put,130077566440,38138,vcpu=0 cpu=286 ap1r0=100000 ap1r1=0
load,130077570320,38138,vcpu=0 cpu=286 ap1r0=100000 (shadow already dirty)
put,130077581140,38138,vcpu=0 cpu=286 ap1r0=100000 ap1r1=0
load,130077585020,38138,vcpu=0 cpu=286 ap1r0=100000 (shadow already dirty)
put,130092202550,38138,vcpu=0 cpu=286 ap1r0=100000 ap1r1=0
load,130092213240,38138,vcpu=0 cpu=286 ap1r0=100000 (shadow already dirty)
put,130093737450,38138,vcpu=0 cpu=286 ap1r0=100000 ap1r1=0
load,130093742490,38138,vcpu=0 cpu=286 ap1r0=100000 (shadow already dirty)
put,130093747540,38138,vcpu=0 cpu=286 ap1r0=100000 ap1r1=0
load,130093749300,38138,vcpu=0 cpu=286 ap1r0=100000 (shadow already dirty)
put,130093810920,38138,vcpu=0 cpu=286 ap1r0=100000 ap1r1=0
load,130093816790,38138,vcpu=0 cpu=286 ap1r0=100000 (shadow already dirty)
put,130093821330,38138,vcpu=0 cpu=286 ap1r0=100000 ap1r1=0
load,130093823830,38138,vcpu=0 cpu=286 ap1r0=100000 (shadow already dirty)
put,130094816150,38138,vcpu=0 cpu=286 ap1r0=100000 ap1r1=0
load,130094821750,38138,vcpu=0 cpu=286 ap1r0=100000 (shadow already dirty)
put,130094833490,38138,vcpu=0 cpu=286 ap1r0=100000 ap1r1=0
load,130094837940,38138,vcpu=0 cpu=286 ap1r0=100000 (shadow already dirty)
put,130094842260,38138,vcpu=0 cpu=286 ap1r0=100000 ap1r1=0
load,130094843910,38138,vcpu=0 cpu=286 ap1r0=100000 (shadow already dirty)
put,130103122580,38139,vcpu=1 cpu=220 ap1r0=100000 ap1r1=0
load,130103192720,38139,vcpu=1 cpu=220 ap1r0=100000 (shadow already dirty)
put,130103199940,38139,vcpu=1 cpu=220 ap1r0=100000 ap1r1=0
load,131764413450,38243,vcpu=0 cpu=204 ap1r0=700000000 (shadow already dirty)
load,131764438850,38244,vcpu=1 cpu=203 ap1r0=ffffffff00000000 (shadow already dirty)
put,131766275660,38243,vcpu=0 cpu=204 ap1r0=100000 ap1r1=0
load,131766281750,38243,vcpu=0 cpu=204 ap1r0=100000 (shadow already dirty)
put,131766376300,38243,vcpu=0 cpu=204 ap1r0=100000 ap1r1=0
load,131766380440,38243,vcpu=0 cpu=204 ap1r0=100000 (shadow already dirty)
put,131768733260,38243,vcpu=0 cpu=204 ap1r0=100000 ap1r1=0
load,131768737880,38243,vcpu=0 cpu=204 ap1r0=100000 (shadow already dirty)
put,131768773300,38243,vcpu=0 cpu=204 ap1r0=100000 ap1r1=0
load,131768777410,38243,vcpu=0 cpu=204 ap1r0=100000 (shadow already dirty)
put,131771113860,38243,vcpu=0 cpu=204 ap1r0=100000 ap1r1=0
load,131771117890,38243,vcpu=0 cpu=204 ap1r0=100000 (shadow already dirty)
put,131771152750,38243,vcpu=0 cpu=204 ap1r0=100000 ap1r1=0
load,131771156580,38243,vcpu=0 cpu=204 ap1r0=100000 (shadow already dirty)
put,131771167660,38243,vcpu=0 cpu=204 ap1r0=100000 ap1r1=0
load,131771171450,38243,vcpu=0 cpu=204 ap1r0=100000 (shadow already dirty)
put,131777670850,38243,vcpu=0 cpu=204 ap1r0=100000 ap1r1=0
load,131777679840,38243,vcpu=0 cpu=204 ap1r0=100000 (shadow already dirty)
put,131778738320,38243,vcpu=0 cpu=204 ap1r0=100000 ap1r1=0
load,131778743190,38243,vcpu=0 cpu=204 ap1r0=100000 (shadow already dirty)
put,131778774920,38243,vcpu=0 cpu=204 ap1r0=100000 ap1r1=0
load,131778779400,38243,vcpu=0 cpu=204 ap1r0=100000 (shadow already dirty)
put,131778789270,38243,vcpu=0 cpu=204 ap1r0=100000 ap1r1=0
load,131778793500,38243,vcpu=0 cpu=204 ap1r0=100000 (shadow already dirty)
put,131778797880,38243,vcpu=0 cpu=204 ap1r0=100000 ap1r1=0
load,131778799680,38243,vcpu=0 cpu=204 ap1r0=100000 (shadow already dirty)
put,131779608340,38243,vcpu=0 cpu=204 ap1r0=100000 ap1r1=0
load,131779613480,38243,vcpu=0 cpu=204 ap1r0=100000 (shadow already dirty)
put,131779647930,38243,vcpu=0 cpu=204 ap1r0=100000 ap1r1=0
load,131779651910,38243,vcpu=0 cpu=204 ap1r0=100000 (shadow already dirty)
put,131779662460,38243,vcpu=0 cpu=204 ap1r0=100000 ap1r1=0
load,131779666420,38243,vcpu=0 cpu=204 ap1r0=100000 (shadow already dirty)
put,131781069630,38243,vcpu=0 cpu=204 ap1r0=100000 ap1r1=0
load,131781076800,38243,vcpu=0 cpu=204 ap1r0=100000 (shadow already dirty)
put,131781088230,38243,vcpu=0 cpu=204 ap1r0=100000 ap1r1=0
load,131781092580,38243,vcpu=0 cpu=204 ap1r0=100000 (shadow already dirty)
put,131781097420,38243,vcpu=0 cpu=204 ap1r0=100000 ap1r1=0
load,131781099300,38243,vcpu=0 cpu=204 ap1r0=100000 (shadow already dirty)
put,131782280880,38243,vcpu=0 cpu=204 ap1r0=100000 ap1r1=0
load,131782285350,38243,vcpu=0 cpu=204 ap1r0=100000 (shadow already dirty)
put,131782319720,38243,vcpu=0 cpu=204 ap1r0=100000 ap1r1=0
load,131782323700,38243,vcpu=0 cpu=204 ap1r0=100000 (shadow already dirty)
put,131783353520,38243,vcpu=0 cpu=204 ap1r0=100000 ap1r1=0
load,131783357360,38243,vcpu=0 cpu=204 ap1r0=100000 (shadow already dirty)
put,131783390870,38243,vcpu=0 cpu=204 ap1r0=100000 ap1r1=0
load,131783394710,38243,vcpu=0 cpu=204 ap1r0=100000 (shadow already dirty)
put,131783404860,38243,vcpu=0 cpu=204 ap1r0=100000 ap1r1=0
load,131783408660,38243,vcpu=0 cpu=204 ap1r0=100000 (shadow already dirty)
put,131785412960,38243,vcpu=0 cpu=204 ap1r0=100000 ap1r1=0
load,131785418040,38243,vcpu=0 cpu=204 ap1r0=100000 (shadow already dirty)
put,131785454410,38243,vcpu=0 cpu=204 ap1r0=100000 ap1r1=0
load,131785458410,38243,vcpu=0 cpu=204 ap1r0=100000 (shadow already dirty)
put,131786930030,38243,vcpu=0 cpu=204 ap1r0=100000 ap1r1=0
load,131786933920,38243,vcpu=0 cpu=204 ap1r0=100000 (shadow already dirty)
put,131786968650,38243,vcpu=0 cpu=204 ap1r0=100000 ap1r1=0
load,131786972510,38243,vcpu=0 cpu=204 ap1r0=100000 (shadow already dirty)
put,131786983440,38243,vcpu=0 cpu=204 ap1r0=100000 ap1r1=0
load,131786987300,38243,vcpu=0 cpu=204 ap1r0=100000 (shadow already dirty)
put,131813782160,38243,vcpu=0 cpu=204 ap1r0=100000 ap1r1=0
load,131813788680,38243,vcpu=0 cpu=204 ap1r0=100000 (shadow already dirty)
put,131813826120,38243,vcpu=0 cpu=204 ap1r0=100000 ap1r1=0
load,131813830420,38243,vcpu=0 cpu=204 ap1r0=100000 (shadow already dirty)
put,131813841540,38243,vcpu=0 cpu=204 ap1r0=100000 ap1r1=0
load,131813845420,38243,vcpu=0 cpu=204 ap1r0=100000 (shadow already dirty)
put,131818978210,38243,vcpu=0 cpu=204 ap1r0=100000 ap1r1=0
load,131818984100,38243,vcpu=0 cpu=204 ap1r0=100000 (shadow already dirty)
put,131819020570,38243,vcpu=0 cpu=204 ap1r0=100000 ap1r1=0
load,131819024750,38243,vcpu=0 cpu=204 ap1r0=100000 (shadow already dirty)
put,131819035650,38243,vcpu=0 cpu=204 ap1r0=100000 ap1r1=0
load,131819039800,38243,vcpu=0 cpu=204 ap1r0=100000 (shadow already dirty)
put,131829412720,38243,vcpu=0 cpu=204 ap1r0=100000 ap1r1=0
load,131829418370,38243,vcpu=0 cpu=204 ap1r0=100000 (shadow already dirty)
put,131829453740,38243,vcpu=0 cpu=204 ap1r0=100000 ap1r1=0
load,131829457920,38243,vcpu=0 cpu=204 ap1r0=100000 (shadow already dirty)
put,131830870270,38243,vcpu=0 cpu=204 ap1r0=100000 ap1r1=0
load,131830874270,38243,vcpu=0 cpu=204 ap1r0=100000 (shadow already dirty)
put,131830907710,38243,vcpu=0 cpu=204 ap1r0=100000 ap1r1=0
load,131830911540,38243,vcpu=0 cpu=204 ap1r0=100000 (shadow already dirty)
put,131830921770,38243,vcpu=0 cpu=204 ap1r0=100000 ap1r1=0
load,131830925620,38243,vcpu=0 cpu=204 ap1r0=100000 (shadow already dirty)
put,131832037020,38243,vcpu=0 cpu=204 ap1r0=100000 ap1r1=0
load,131832041180,38243,vcpu=0 cpu=204 ap1r0=100000 (shadow already dirty)
put,131832075650,38243,vcpu=0 cpu=204 ap1r0=100000 ap1r1=0
load,131832079610,38243,vcpu=0 cpu=204 ap1r0=100000 (shadow already dirty)
put,131832089940,38243,vcpu=0 cpu=204 ap1r0=100000 ap1r1=0
load,131832093950,38243,vcpu=0 cpu=204 ap1r0=100000 (shadow already dirty)
put,131839938710,38244,vcpu=1 cpu=202 ap1r0=100000 ap1r1=0
load,131840025300,38244,vcpu=1 cpu=202 ap1r0=100000 (shadow already dirty)
put,131840032110,38244,vcpu=1 cpu=202 ap1r0=100000 ap1r1=0
load,133537172840,38398,vcpu=0 cpu=62 ap1r0=700000000 (shadow already dirty)
load,133537173370,38399,vcpu=1 cpu=63 ap1r0=4100000000 (shadow already dirty)
put,133539333780,38398,vcpu=0 cpu=62 ap1r0=100000 ap1r1=0
load,133539344320,38398,vcpu=0 cpu=62 ap1r0=100000 (shadow already dirty)
put,133539438180,38398,vcpu=0 cpu=62 ap1r0=100000 ap1r1=0
load,133539445680,38398,vcpu=0 cpu=62 ap1r0=100000 (shadow already dirty)
put,133542171150,38398,vcpu=0 cpu=62 ap1r0=100000 ap1r1=0
load,133542179660,38398,vcpu=0 cpu=62 ap1r0=100000 (shadow already dirty)
put,133542221060,38398,vcpu=0 cpu=62 ap1r0=100000 ap1r1=0
load,133542228300,38398,vcpu=0 cpu=62 ap1r0=100000 (shadow already dirty)
put,133544697210,38398,vcpu=0 cpu=62 ap1r0=100000 ap1r1=0
load,133544704960,38398,vcpu=0 cpu=62 ap1r0=100000 (shadow already dirty)
put,133544741540,38398,vcpu=0 cpu=62 ap1r0=100000 ap1r1=0
load,133544748640,38398,vcpu=0 cpu=62 ap1r0=100000 (shadow already dirty)
put,133544759780,38398,vcpu=0 cpu=62 ap1r0=100000 ap1r1=0
load,133544766700,38398,vcpu=0 cpu=62 ap1r0=100000 (shadow already dirty)
put,133553415800,38398,vcpu=0 cpu=62 ap1r0=100000 ap1r1=0
load,133553423520,38398,vcpu=0 cpu=62 ap1r0=100000 (shadow already dirty)
put,133553455930,38398,vcpu=0 cpu=62 ap1r0=100000 ap1r1=0
load,133553462230,38398,vcpu=0 cpu=62 ap1r0=100000 (shadow already dirty)
put,133554565990,38398,vcpu=0 cpu=62 ap1r0=100000 ap1r1=0
load,133554572560,38398,vcpu=0 cpu=62 ap1r0=100000 (shadow already dirty)
put,133554604830,38398,vcpu=0 cpu=62 ap1r0=100000 ap1r1=0
load,133554611110,38398,vcpu=0 cpu=62 ap1r0=100000 (shadow already dirty)
put,133554620900,38398,vcpu=0 cpu=62 ap1r0=100000 ap1r1=0
load,133554624080,38398,vcpu=0 cpu=62 ap1r0=100000 (shadow already dirty)
put,133555366060,38398,vcpu=0 cpu=62 ap1r0=100000 ap1r1=0
load,133555375320,38398,vcpu=0 cpu=62 ap1r0=100000 (shadow already dirty)
put,133555411500,38398,vcpu=0 cpu=62 ap1r0=100000 ap1r1=0
load,133555418790,38398,vcpu=0 cpu=62 ap1r0=100000 (shadow already dirty)
put,133555429370,38398,vcpu=0 cpu=62 ap1r0=100000 ap1r1=0
load,133555436880,38398,vcpu=0 cpu=62 ap1r0=100000 (shadow already dirty)
put,133556977210,38398,vcpu=0 cpu=62 ap1r0=100000 ap1r1=0
load,133556984620,38398,vcpu=0 cpu=62 ap1r0=100000 (shadow already dirty)
put,133557017020,38398,vcpu=0 cpu=62 ap1r0=100000 ap1r1=0
load,133557023220,38398,vcpu=0 cpu=62 ap1r0=100000 (shadow already dirty)
put,133557033090,38398,vcpu=0 cpu=62 ap1r0=100000 ap1r1=0
load,133557039310,38398,vcpu=0 cpu=62 ap1r0=100000 (shadow already dirty)
put,133559070290,38398,vcpu=0 cpu=62 ap1r0=100000 ap1r1=0
load,133559078380,38398,vcpu=0 cpu=62 ap1r0=100000 (shadow already dirty)
put,133559120120,38398,vcpu=0 cpu=62 ap1r0=100000 ap1r1=0
load,133559127170,38398,vcpu=0 cpu=62 ap1r0=100000 (shadow already dirty)
put,133560305370,38398,vcpu=0 cpu=62 ap1r0=100000 ap1r1=0
load,133560313150,38398,vcpu=0 cpu=62 ap1r0=100000 (shadow already dirty)
put,133560351660,38398,vcpu=0 cpu=62 ap1r0=100000 ap1r1=0
load,133560359190,38398,vcpu=0 cpu=62 ap1r0=100000 (shadow already dirty)
put,133560371230,38398,vcpu=0 cpu=62 ap1r0=100000 ap1r1=0
load,133560378920,38398,vcpu=0 cpu=62 ap1r0=100000 (shadow already dirty)
put,133562720600,38398,vcpu=0 cpu=62 ap1r0=100000 ap1r1=0
load,133562729760,38398,vcpu=0 cpu=62 ap1r0=100000 (shadow already dirty)
put,133562773550,38398,vcpu=0 cpu=62 ap1r0=100000 ap1r1=0
load,133562780960,38398,vcpu=0 cpu=62 ap1r0=100000 (shadow already dirty)
put,133564428780,38398,vcpu=0 cpu=62 ap1r0=100000 ap1r1=0
load,133564436410,38398,vcpu=0 cpu=62 ap1r0=100000 (shadow already dirty)
put,133564475030,38398,vcpu=0 cpu=62 ap1r0=100000 ap1r1=0
load,133564482780,38398,vcpu=0 cpu=62 ap1r0=100000 (shadow already dirty)
put,133564494720,38398,vcpu=0 cpu=62 ap1r0=100000 ap1r1=0
load,133564502490,38398,vcpu=0 cpu=62 ap1r0=100000 (shadow already dirty)
put,133595373220,38398,vcpu=0 cpu=56 ap1r0=100000 ap1r1=0
load,133595382370,38398,vcpu=0 cpu=56 ap1r0=100000 (shadow already dirty)
put,133595416100,38398,vcpu=0 cpu=56 ap1r0=100000 ap1r1=0
load,133595418150,38398,vcpu=0 cpu=56 ap1r0=100000 (shadow already dirty)
put,133597146520,38398,vcpu=0 cpu=56 ap1r0=100000 ap1r1=0
load,133597152840,38398,vcpu=0 cpu=56 ap1r0=100000 (shadow already dirty)
put,133597185440,38398,vcpu=0 cpu=56 ap1r0=100000 ap1r1=0
load,133597191970,38398,vcpu=0 cpu=56 ap1r0=100000 (shadow already dirty)
put,133597202920,38398,vcpu=0 cpu=56 ap1r0=100000 ap1r1=0
load,133597208890,38398,vcpu=0 cpu=56 ap1r0=100000 (shadow already dirty)
put,133604584760,38398,vcpu=0 cpu=56 ap1r0=100000 ap1r1=0
load,133604591540,38398,vcpu=0 cpu=56 ap1r0=100000 (shadow already dirty)
put,133604623900,38398,vcpu=0 cpu=56 ap1r0=100000 ap1r1=0
load,133604629800,38398,vcpu=0 cpu=56 ap1r0=100000 (shadow already dirty)
put,133605972550,38398,vcpu=0 cpu=56 ap1r0=100000 ap1r1=0
load,133605979150,38398,vcpu=0 cpu=56 ap1r0=100000 (shadow already dirty)
put,133606012360,38398,vcpu=0 cpu=56 ap1r0=100000 ap1r1=0
load,133606018410,38398,vcpu=0 cpu=56 ap1r0=100000 (shadow already dirty)
put,133606028890,38398,vcpu=0 cpu=56 ap1r0=100000 ap1r1=0
load,133606035130,38398,vcpu=0 cpu=56 ap1r0=100000 (shadow already dirty)
put,133607349520,38398,vcpu=0 cpu=56 ap1r0=100000 ap1r1=0
load,133607356670,38398,vcpu=0 cpu=56 ap1r0=100000 (shadow already dirty)
put,133607388150,38398,vcpu=0 cpu=56 ap1r0=100000 ap1r1=0
load,133607394650,38398,vcpu=0 cpu=56 ap1r0=100000 (shadow already dirty)
put,133607404270,38398,vcpu=0 cpu=56 ap1r0=100000 ap1r1=0
load,133607410450,38398,vcpu=0 cpu=56 ap1r0=100000 (shadow already dirty)
put,133616583580,38399,vcpu=1 cpu=63 ap1r0=100000 ap1r1=0
load,133616646980,38399,vcpu=1 cpu=63 ap1r0=100000 (shadow already dirty)
put,133616655560,38399,vcpu=1 cpu=63 ap1r0=100000 ap1r1=0
load,227755618340,40322,vcpu=0 cpu=370 ap1r0=700000000 (shadow already dirty)
load,227755645160,40323,vcpu=1 cpu=318 ap1r0=ffffffff00000000 (shadow already dirty)
put,227757731670,40322,vcpu=0 cpu=370 ap1r0=100000 ap1r1=0
load,227757739190,40322,vcpu=0 cpu=370 ap1r0=100000 (shadow already dirty)
put,227757830670,40322,vcpu=0 cpu=370 ap1r0=100000 ap1r1=0
load,227757835580,40322,vcpu=0 cpu=370 ap1r0=100000 (shadow already dirty)
put,227759934410,40322,vcpu=0 cpu=370 ap1r0=100000 ap1r1=0
load,227759938470,40322,vcpu=0 cpu=370 ap1r0=100000 (shadow already dirty)
put,227759970560,40322,vcpu=0 cpu=370 ap1r0=100000 ap1r1=0
load,227759974560,40322,vcpu=0 cpu=370 ap1r0=100000 (shadow already dirty)
put,227762167220,40322,vcpu=0 cpu=370 ap1r0=100000 ap1r1=0
load,227762171590,40322,vcpu=0 cpu=370 ap1r0=100000 (shadow already dirty)
put,227762204040,40322,vcpu=0 cpu=370 ap1r0=100000 ap1r1=0
load,227762208100,40322,vcpu=0 cpu=370 ap1r0=100000 (shadow already dirty)
put,227762218520,40322,vcpu=0 cpu=370 ap1r0=100000 ap1r1=0
load,227762222500,40322,vcpu=0 cpu=370 ap1r0=100000 (shadow already dirty)
put,227769224320,40322,vcpu=0 cpu=370 ap1r0=100000 ap1r1=0
load,227769230590,40322,vcpu=0 cpu=370 ap1r0=100000 (shadow already dirty)
put,227769263310,40322,vcpu=0 cpu=370 ap1r0=100000 ap1r1=0
load,227769267320,40322,vcpu=0 cpu=370 ap1r0=100000 (shadow already dirty)
put,227770255700,40322,vcpu=0 cpu=370 ap1r0=100000 ap1r1=0
load,227770259510,40322,vcpu=0 cpu=370 ap1r0=100000 (shadow already dirty)
put,227770290070,40322,vcpu=0 cpu=370 ap1r0=100000 ap1r1=0
load,227770293800,40322,vcpu=0 cpu=370 ap1r0=100000 (shadow already dirty)
put,227770303170,40322,vcpu=0 cpu=370 ap1r0=100000 ap1r1=0
load,227770306860,40322,vcpu=0 cpu=370 ap1r0=100000 (shadow already dirty)
put,227771057020,40322,vcpu=0 cpu=370 ap1r0=100000 ap1r1=0
load,227771063000,40322,vcpu=0 cpu=370 ap1r0=100000 (shadow already dirty)
put,227771097940,40322,vcpu=0 cpu=370 ap1r0=100000 ap1r1=0
load,227771102320,40322,vcpu=0 cpu=370 ap1r0=100000 (shadow already dirty)
put,227771114570,40322,vcpu=0 cpu=370 ap1r0=100000 ap1r1=0
load,227771118830,40322,vcpu=0 cpu=370 ap1r0=100000 (shadow already dirty)
put,227772542300,40322,vcpu=0 cpu=370 ap1r0=100000 ap1r1=0
load,227772547370,40322,vcpu=0 cpu=370 ap1r0=100000 (shadow already dirty)
put,227772578550,40322,vcpu=0 cpu=370 ap1r0=100000 ap1r1=0
load,227772582490,40322,vcpu=0 cpu=370 ap1r0=100000 (shadow already dirty)
put,227772592000,40322,vcpu=0 cpu=370 ap1r0=100000 ap1r1=0
load,227772595940,40322,vcpu=0 cpu=370 ap1r0=100000 (shadow already dirty)
put,227774254110,40322,vcpu=0 cpu=370 ap1r0=100000 ap1r1=0
load,227774259190,40322,vcpu=0 cpu=370 ap1r0=100000 (shadow already dirty)
put,227774290780,40322,vcpu=0 cpu=370 ap1r0=100000 ap1r1=0
load,227774294780,40322,vcpu=0 cpu=370 ap1r0=100000 (shadow already dirty)
put,227775233030,40322,vcpu=0 cpu=370 ap1r0=100000 ap1r1=0
load,227775236830,40322,vcpu=0 cpu=370 ap1r0=100000 (shadow already dirty)
put,227775267280,40322,vcpu=0 cpu=370 ap1r0=100000 ap1r1=0
load,227775271240,40322,vcpu=0 cpu=370 ap1r0=100000 (shadow already dirty)
put,227775280550,40322,vcpu=0 cpu=370 ap1r0=100000 ap1r1=0
load,227775284500,40322,vcpu=0 cpu=370 ap1r0=100000 (shadow already dirty)
put,227777312220,40322,vcpu=0 cpu=370 ap1r0=100000 ap1r1=0
load,227777317670,40322,vcpu=0 cpu=370 ap1r0=100000 (shadow already dirty)
put,227777351510,40322,vcpu=0 cpu=370 ap1r0=100000 ap1r1=0
load,227777355560,40322,vcpu=0 cpu=370 ap1r0=100000 (shadow already dirty)
put,227778700550,40322,vcpu=0 cpu=370 ap1r0=100000 ap1r1=0
load,227778704330,40322,vcpu=0 cpu=370 ap1r0=100000 (shadow already dirty)
put,227778737110,40322,vcpu=0 cpu=370 ap1r0=100000 ap1r1=0
load,227778741150,40322,vcpu=0 cpu=370 ap1r0=100000 (shadow already dirty)
put,227778751110,40322,vcpu=0 cpu=370 ap1r0=100000 ap1r1=0
load,227778755050,40322,vcpu=0 cpu=370 ap1r0=100000 (shadow already dirty)
put,227810229290,40322,vcpu=0 cpu=370 ap1r0=100000 ap1r1=0
load,227810236100,40322,vcpu=0 cpu=370 ap1r0=100000 (shadow already dirty)
put,227810270520,40322,vcpu=0 cpu=370 ap1r0=100000 ap1r1=0
load,227810274610,40322,vcpu=0 cpu=370 ap1r0=100000 (shadow already dirty)
put,227811985760,40322,vcpu=0 cpu=370 ap1r0=100000 ap1r1=0
load,227811990010,40322,vcpu=0 cpu=370 ap1r0=100000 (shadow already dirty)
put,227812030230,40322,vcpu=0 cpu=370 ap1r0=100000 ap1r1=0
load,227812034090,40322,vcpu=0 cpu=370 ap1r0=100000 (shadow already dirty)
put,227812044760,40322,vcpu=0 cpu=370 ap1r0=100000 ap1r1=0
load,227812048520,40322,vcpu=0 cpu=370 ap1r0=100000 (shadow already dirty)
put,227825710290,40322,vcpu=0 cpu=370 ap1r0=100000 ap1r1=0
load,227825721050,40322,vcpu=0 cpu=370 ap1r0=100000 (shadow already dirty)
put,227826978050,40322,vcpu=0 cpu=370 ap1r0=100000 ap1r1=0
load,227826983040,40322,vcpu=0 cpu=370 ap1r0=100000 (shadow already dirty)
put,227827015830,40322,vcpu=0 cpu=370 ap1r0=100000 ap1r1=0
load,227827020420,40322,vcpu=0 cpu=370 ap1r0=100000 (shadow already dirty)
put,227827032100,40322,vcpu=0 cpu=370 ap1r0=100000 ap1r1=0
load,227827036290,40322,vcpu=0 cpu=370 ap1r0=100000 (shadow already dirty)
put,227827041710,40322,vcpu=0 cpu=370 ap1r0=100000 ap1r1=0
load,227827043480,40322,vcpu=0 cpu=370 ap1r0=100000 (shadow already dirty)
put,227827972210,40322,vcpu=0 cpu=370 ap1r0=100000 ap1r1=0
load,227827978050,40322,vcpu=0 cpu=370 ap1r0=100000 (shadow already dirty)
put,227827989930,40322,vcpu=0 cpu=370 ap1r0=100000 ap1r1=0
load,227827994220,40322,vcpu=0 cpu=370 ap1r0=100000 (shadow already dirty)
put,227827998470,40322,vcpu=0 cpu=370 ap1r0=100000 ap1r1=0
load,227828000040,40322,vcpu=0 cpu=370 ap1r0=100000 (shadow already dirty)
put,227835308310,40323,vcpu=1 cpu=304 ap1r0=100000 ap1r1=0
load,227835376160,40323,vcpu=1 cpu=304 ap1r0=100000 (shadow already dirty)
put,227835383730,40323,vcpu=1 cpu=304 ap1r0=100000 ap1r1=0
load,229452450830,40430,vcpu=0 cpu=210 ap1r0=700000000 (shadow already dirty)
load,229452465850,40431,vcpu=1 cpu=265 ap1r0=ffffffff00000000 (shadow already dirty)
put,229454545470,40430,vcpu=0 cpu=210 ap1r0=100000 ap1r1=0
load,229454550880,40430,vcpu=0 cpu=210 ap1r0=100000 (shadow already dirty)
put,229454642890,40430,vcpu=0 cpu=210 ap1r0=100000 ap1r1=0
load,229454647410,40430,vcpu=0 cpu=210 ap1r0=100000 (shadow already dirty)
put,229456752550,40430,vcpu=0 cpu=210 ap1r0=100000 ap1r1=0
load,229456755580,40430,vcpu=0 cpu=210 ap1r0=100000 (shadow already dirty)
put,229456787410,40430,vcpu=0 cpu=210 ap1r0=100000 ap1r1=0
load,229456790180,40430,vcpu=0 cpu=210 ap1r0=100000 (shadow already dirty)
put,229458864050,40430,vcpu=0 cpu=210 ap1r0=100000 ap1r1=0
load,229458866950,40430,vcpu=0 cpu=210 ap1r0=100000 (shadow already dirty)
put,229458898460,40430,vcpu=0 cpu=210 ap1r0=100000 ap1r1=0
load,229458901210,40430,vcpu=0 cpu=210 ap1r0=100000 (shadow already dirty)
put,229458910720,40430,vcpu=0 cpu=210 ap1r0=100000 ap1r1=0
load,229458913410,40430,vcpu=0 cpu=210 ap1r0=100000 (shadow already dirty)
put,229466451180,40430,vcpu=0 cpu=210 ap1r0=100000 ap1r1=0
load,229466455490,40430,vcpu=0 cpu=210 ap1r0=100000 (shadow already dirty)
put,229466486640,40430,vcpu=0 cpu=210 ap1r0=100000 ap1r1=0
load,229466489450,40430,vcpu=0 cpu=210 ap1r0=100000 (shadow already dirty)
put,229467452630,40430,vcpu=0 cpu=210 ap1r0=100000 ap1r1=0
load,229467455380,40430,vcpu=0 cpu=210 ap1r0=100000 (shadow already dirty)
put,229467484840,40430,vcpu=0 cpu=210 ap1r0=100000 ap1r1=0
load,229467488060,40430,vcpu=0 cpu=210 ap1r0=100000 (shadow already dirty)
put,229467497090,40430,vcpu=0 cpu=210 ap1r0=100000 ap1r1=0
load,229467499180,40430,vcpu=0 cpu=210 ap1r0=100000 (shadow already dirty)
put,229468251140,40430,vcpu=0 cpu=210 ap1r0=100000 ap1r1=0
load,229468256290,40430,vcpu=0 cpu=210 ap1r0=100000 (shadow already dirty)
put,229468293010,40430,vcpu=0 cpu=210 ap1r0=100000 ap1r1=0
load,229468296590,40430,vcpu=0 cpu=210 ap1r0=100000 (shadow already dirty)
put,229468309180,40430,vcpu=0 cpu=210 ap1r0=100000 ap1r1=0
load,229468312590,40430,vcpu=0 cpu=210 ap1r0=100000 (shadow already dirty)
put,229470284720,40430,vcpu=0 cpu=210 ap1r0=100000 ap1r1=0
load,229470292160,40430,vcpu=0 cpu=210 ap1r0=100000 (shadow already dirty)
put,229471275860,40430,vcpu=0 cpu=210 ap1r0=100000 ap1r1=0
load,229471279480,40430,vcpu=0 cpu=210 ap1r0=100000 (shadow already dirty)
put,229471313810,40430,vcpu=0 cpu=210 ap1r0=100000 ap1r1=0
load,229471317160,40430,vcpu=0 cpu=210 ap1r0=100000 (shadow already dirty)
put,229471328950,40430,vcpu=0 cpu=210 ap1r0=100000 ap1r1=0
load,229471332230,40430,vcpu=0 cpu=210 ap1r0=100000 (shadow already dirty)
put,229471336140,40430,vcpu=0 cpu=210 ap1r0=100000 ap1r1=0
load,229471338740,40430,vcpu=0 cpu=210 ap1r0=100000 (shadow already dirty)
put,229471541100,40430,vcpu=0 cpu=210 ap1r0=100000 ap1r1=0
load,229471543910,40430,vcpu=0 cpu=210 ap1r0=100000 (shadow already dirty)
put,229471573720,40430,vcpu=0 cpu=210 ap1r0=100000 ap1r1=0
load,229471576350,40430,vcpu=0 cpu=210 ap1r0=100000 (shadow already dirty)
put,229471585410,40430,vcpu=0 cpu=210 ap1r0=100000 ap1r1=0
load,229471588070,40430,vcpu=0 cpu=210 ap1r0=100000 (shadow already dirty)
put,229474578350,40430,vcpu=0 cpu=210 ap1r0=100000 ap1r1=0
load,229474585430,40430,vcpu=0 cpu=210 ap1r0=100000 (shadow already dirty)
put,229475374720,40430,vcpu=0 cpu=210 ap1r0=100000 ap1r1=0
load,229475380450,40430,vcpu=0 cpu=210 ap1r0=100000 (shadow already dirty)
put,229476788710,40430,vcpu=0 cpu=210 ap1r0=100000 ap1r1=0
load,229476795390,40430,vcpu=0 cpu=210 ap1r0=100000 (shadow already dirty)
put,229476837180,40430,vcpu=0 cpu=210 ap1r0=100000 ap1r1=0
load,229476841200,40430,vcpu=0 cpu=210 ap1r0=100000 (shadow already dirty)
put,229476845360,40430,vcpu=0 cpu=210 ap1r0=100000 ap1r1=0
load,229476848180,40430,vcpu=0 cpu=210 ap1r0=100000 (shadow already dirty)
put,229506338440,40430,vcpu=0 cpu=210 ap1r0=100000 ap1r1=0
load,229506348860,40430,vcpu=0 cpu=210 ap1r0=100000 (shadow already dirty)
put,229506387900,40430,vcpu=0 cpu=210 ap1r0=100000 ap1r1=0
load,229506392490,40430,vcpu=0 cpu=210 ap1r0=100000 (shadow already dirty)
put,229506405440,40430,vcpu=0 cpu=210 ap1r0=100000 ap1r1=0
load,229506409060,40430,vcpu=0 cpu=210 ap1r0=100000 (shadow already dirty)
put,229508303690,40430,vcpu=0 cpu=210 ap1r0=100000 ap1r1=0
load,229508311860,40430,vcpu=0 cpu=210 ap1r0=100000 (shadow already dirty)
put,229508355130,40430,vcpu=0 cpu=210 ap1r0=100000 ap1r1=0
load,229508359090,40430,vcpu=0 cpu=210 ap1r0=100000 (shadow already dirty)
put,229508363230,40430,vcpu=0 cpu=210 ap1r0=100000 ap1r1=0
load,229508366070,40430,vcpu=0 cpu=210 ap1r0=100000 (shadow already dirty)
put,229521552580,40430,vcpu=0 cpu=210 ap1r0=100000 ap1r1=0
load,229521561300,40430,vcpu=0 cpu=210 ap1r0=100000 (shadow already dirty)
put,229522963980,40430,vcpu=0 cpu=210 ap1r0=100000 ap1r1=0
load,229522968490,40430,vcpu=0 cpu=210 ap1r0=100000 (shadow already dirty)
put,229523002650,40430,vcpu=0 cpu=210 ap1r0=100000 ap1r1=0
load,229523006380,40430,vcpu=0 cpu=210 ap1r0=100000 (shadow already dirty)
put,229523018280,40430,vcpu=0 cpu=210 ap1r0=100000 ap1r1=0
load,229523021770,40430,vcpu=0 cpu=210 ap1r0=100000 (shadow already dirty)
put,229523027000,40430,vcpu=0 cpu=210 ap1r0=100000 ap1r1=0
load,229523029860,40430,vcpu=0 cpu=210 ap1r0=100000 (shadow already dirty)
put,229524036830,40430,vcpu=0 cpu=210 ap1r0=100000 ap1r1=0
load,229524041240,40430,vcpu=0 cpu=210 ap1r0=100000 (shadow already dirty)
put,229524053250,40430,vcpu=0 cpu=210 ap1r0=100000 ap1r1=0
load,229524056880,40430,vcpu=0 cpu=210 ap1r0=100000 (shadow already dirty)
put,229524060940,40430,vcpu=0 cpu=210 ap1r0=100000 ap1r1=0
load,229524063090,40430,vcpu=0 cpu=210 ap1r0=100000 (shadow already dirty)
put,229532440660,40431,vcpu=1 cpu=265 ap1r0=100000 ap1r1=0
load,229532507300,40431,vcpu=1 cpu=265 ap1r0=100000 (shadow already dirty)
put,229532514200,40431,vcpu=1 cpu=265 ap1r0=100000 ap1r1=0
load,231168410200,40565,vcpu=0 cpu=334 ap1r0=700000000 (shadow already dirty)
load,231168434950,40566,vcpu=1 cpu=370 ap1r0=6e6f00000000 (shadow already dirty)
put,231170452150,40565,vcpu=0 cpu=334 ap1r0=100000 ap1r1=0
load,231170458520,40565,vcpu=0 cpu=334 ap1r0=100000 (shadow already dirty)
put,231170551730,40565,vcpu=0 cpu=334 ap1r0=100000 ap1r1=0
load,231170555740,40565,vcpu=0 cpu=334 ap1r0=100000 (shadow already dirty)
put,231172739990,40565,vcpu=0 cpu=334 ap1r0=100000 ap1r1=0
load,231172744280,40565,vcpu=0 cpu=334 ap1r0=100000 (shadow already dirty)
put,231172775540,40565,vcpu=0 cpu=334 ap1r0=100000 ap1r1=0
load,231172779600,40565,vcpu=0 cpu=334 ap1r0=100000 (shadow already dirty)
put,231174981200,40565,vcpu=0 cpu=334 ap1r0=100000 ap1r1=0
load,231174985250,40565,vcpu=0 cpu=334 ap1r0=100000 (shadow already dirty)
put,231175018420,40565,vcpu=0 cpu=334 ap1r0=100000 ap1r1=0
load,231175022530,40565,vcpu=0 cpu=334 ap1r0=100000 (shadow already dirty)
put,231175033170,40565,vcpu=0 cpu=334 ap1r0=100000 ap1r1=0
load,231175037200,40565,vcpu=0 cpu=334 ap1r0=100000 (shadow already dirty)
put,231182336330,40565,vcpu=0 cpu=334 ap1r0=100000 ap1r1=0
load,231182341280,40565,vcpu=0 cpu=334 ap1r0=100000 (shadow already dirty)
put,231182373190,40565,vcpu=0 cpu=334 ap1r0=100000 ap1r1=0
load,231182377230,40565,vcpu=0 cpu=334 ap1r0=100000 (shadow already dirty)
put,231183387470,40565,vcpu=0 cpu=334 ap1r0=100000 ap1r1=0
load,231183391350,40565,vcpu=0 cpu=334 ap1r0=100000 (shadow already dirty)
put,231183422150,40565,vcpu=0 cpu=334 ap1r0=100000 ap1r1=0
load,231183426010,40565,vcpu=0 cpu=334 ap1r0=100000 (shadow already dirty)
put,231183435470,40565,vcpu=0 cpu=334 ap1r0=100000 ap1r1=0
load,231183439230,40565,vcpu=0 cpu=334 ap1r0=100000 (shadow already dirty)
put,231184186930,40565,vcpu=0 cpu=334 ap1r0=100000 ap1r1=0
load,231184192920,40565,vcpu=0 cpu=334 ap1r0=100000 (shadow already dirty)
put,231184228120,40565,vcpu=0 cpu=334 ap1r0=100000 ap1r1=0
load,231184232610,40565,vcpu=0 cpu=334 ap1r0=100000 (shadow already dirty)
put,231184244850,40565,vcpu=0 cpu=334 ap1r0=100000 ap1r1=0
load,231184249250,40565,vcpu=0 cpu=334 ap1r0=100000 (shadow already dirty)
put,231186088020,40565,vcpu=0 cpu=334 ap1r0=100000 ap1r1=0
load,231186096380,40565,vcpu=0 cpu=334 ap1r0=100000 (shadow already dirty)
put,231187046170,40565,vcpu=0 cpu=334 ap1r0=100000 ap1r1=0
load,231187050820,40565,vcpu=0 cpu=334 ap1r0=100000 (shadow already dirty)
put,231187084480,40565,vcpu=0 cpu=334 ap1r0=100000 ap1r1=0
load,231187088920,40565,vcpu=0 cpu=334 ap1r0=100000 (shadow already dirty)
put,231187101010,40565,vcpu=0 cpu=334 ap1r0=100000 ap1r1=0
load,231187105340,40565,vcpu=0 cpu=334 ap1r0=100000 (shadow already dirty)
put,231187109640,40565,vcpu=0 cpu=334 ap1r0=100000 ap1r1=0
load,231187111430,40565,vcpu=0 cpu=334 ap1r0=100000 (shadow already dirty)
put,231187324160,40565,vcpu=0 cpu=334 ap1r0=100000 ap1r1=0
load,231187328270,40565,vcpu=0 cpu=334 ap1r0=100000 (shadow already dirty)
put,231187359740,40565,vcpu=0 cpu=334 ap1r0=100000 ap1r1=0
load,231187363540,40565,vcpu=0 cpu=334 ap1r0=100000 (shadow already dirty)
put,231187373090,40565,vcpu=0 cpu=334 ap1r0=100000 ap1r1=0
load,231187376870,40565,vcpu=0 cpu=334 ap1r0=100000 (shadow already dirty)
put,231190327490,40565,vcpu=0 cpu=334 ap1r0=100000 ap1r1=0
load,231190333070,40565,vcpu=0 cpu=334 ap1r0=100000 (shadow already dirty)
put,231190367720,40565,vcpu=0 cpu=334 ap1r0=100000 ap1r1=0
load,231190371710,40565,vcpu=0 cpu=334 ap1r0=100000 (shadow already dirty)
put,231191740190,40565,vcpu=0 cpu=334 ap1r0=100000 ap1r1=0
load,231191743980,40565,vcpu=0 cpu=334 ap1r0=100000 (shadow already dirty)
put,231191776650,40565,vcpu=0 cpu=334 ap1r0=100000 ap1r1=0
load,231191780510,40565,vcpu=0 cpu=334 ap1r0=100000 (shadow already dirty)
put,231191790200,40565,vcpu=0 cpu=334 ap1r0=100000 ap1r1=0
load,231191793960,40565,vcpu=0 cpu=334 ap1r0=100000 (shadow already dirty)
put,231220254050,40565,vcpu=0 cpu=334 ap1r0=100000 ap1r1=0
load,231220259060,40565,vcpu=0 cpu=334 ap1r0=100000 (shadow already dirty)
put,231220293520,40565,vcpu=0 cpu=334 ap1r0=100000 ap1r1=0
load,231220297570,40565,vcpu=0 cpu=334 ap1r0=100000 (shadow already dirty)
put,231220307390,40565,vcpu=0 cpu=334 ap1r0=100000 ap1r1=0
load,231220311080,40565,vcpu=0 cpu=334 ap1r0=100000 (shadow already dirty)
put,231222323210,40565,vcpu=0 cpu=334 ap1r0=100000 ap1r1=0
load,231222332280,40565,vcpu=0 cpu=334 ap1r0=100000 (shadow already dirty)
put,231222375010,40565,vcpu=0 cpu=334 ap1r0=100000 ap1r1=0
load,231222379970,40565,vcpu=0 cpu=334 ap1r0=100000 (shadow already dirty)
put,231222384260,40565,vcpu=0 cpu=334 ap1r0=100000 ap1r1=0
load,231222386060,40565,vcpu=0 cpu=334 ap1r0=100000 (shadow already dirty)
put,231235484240,40565,vcpu=0 cpu=334 ap1r0=100000 ap1r1=0
load,231235493970,40565,vcpu=0 cpu=334 ap1r0=100000 (shadow already dirty)
put,231236799560,40565,vcpu=0 cpu=334 ap1r0=100000 ap1r1=0
load,231236804910,40565,vcpu=0 cpu=334 ap1r0=100000 (shadow already dirty)
put,231236838720,40565,vcpu=0 cpu=334 ap1r0=100000 ap1r1=0
load,231236843280,40565,vcpu=0 cpu=334 ap1r0=100000 (shadow already dirty)
put,231236855470,40565,vcpu=0 cpu=334 ap1r0=100000 ap1r1=0
load,231236859870,40565,vcpu=0 cpu=334 ap1r0=100000 (shadow already dirty)
put,231236865470,40565,vcpu=0 cpu=334 ap1r0=100000 ap1r1=0
load,231236867470,40565,vcpu=0 cpu=334 ap1r0=100000 (shadow already dirty)
put,231237866480,40565,vcpu=0 cpu=334 ap1r0=100000 ap1r1=0
load,231237873020,40565,vcpu=0 cpu=334 ap1r0=100000 (shadow already dirty)
put,231237978140,40565,vcpu=0 cpu=334 ap1r0=100000 ap1r1=0
load,231237982920,40565,vcpu=0 cpu=334 ap1r0=100000 (shadow already dirty)
put,231243884720,40566,vcpu=1 cpu=370 ap1r0=100000 ap1r1=0
load,231243956200,40566,vcpu=1 cpu=370 ap1r0=100000 (shadow already dirty)
put,231243963400,40566,vcpu=1 cpu=370 ap1r0=100000 ap1r1=0
load,232841947730,40669,vcpu=0 cpu=306 ap1r0=700000000 (shadow already dirty)
load,232841966870,40670,vcpu=1 cpu=304 ap1r0=ffffffff00000000 (shadow already dirty)
put,232843948630,40669,vcpu=0 cpu=306 ap1r0=100000 ap1r1=0
load,232843954800,40669,vcpu=0 cpu=306 ap1r0=100000 (shadow already dirty)
put,232844049000,40669,vcpu=0 cpu=306 ap1r0=100000 ap1r1=0
load,232844053260,40669,vcpu=0 cpu=306 ap1r0=100000 (shadow already dirty)
put,232846121340,40669,vcpu=0 cpu=306 ap1r0=100000 ap1r1=0
load,232846125450,40669,vcpu=0 cpu=306 ap1r0=100000 (shadow already dirty)
put,232846156380,40669,vcpu=0 cpu=306 ap1r0=100000 ap1r1=0
load,232846160360,40669,vcpu=0 cpu=306 ap1r0=100000 (shadow already dirty)
put,232848256780,40669,vcpu=0 cpu=306 ap1r0=100000 ap1r1=0
load,232848260960,40669,vcpu=0 cpu=306 ap1r0=100000 (shadow already dirty)
put,232848292370,40669,vcpu=0 cpu=306 ap1r0=100000 ap1r1=0
load,232848296530,40669,vcpu=0 cpu=306 ap1r0=100000 (shadow already dirty)
put,232848306670,40669,vcpu=0 cpu=306 ap1r0=100000 ap1r1=0
load,232848310490,40669,vcpu=0 cpu=306 ap1r0=100000 (shadow already dirty)
put,232855682320,40669,vcpu=0 cpu=306 ap1r0=100000 ap1r1=0
load,232855687390,40669,vcpu=0 cpu=306 ap1r0=100000 (shadow already dirty)
put,232855717990,40669,vcpu=0 cpu=306 ap1r0=100000 ap1r1=0
load,232855722070,40669,vcpu=0 cpu=306 ap1r0=100000 (shadow already dirty)
put,232856694880,40669,vcpu=0 cpu=306 ap1r0=100000 ap1r1=0
load,232856699100,40669,vcpu=0 cpu=306 ap1r0=100000 (shadow already dirty)
put,232856728710,40669,vcpu=0 cpu=306 ap1r0=100000 ap1r1=0
load,232856732370,40669,vcpu=0 cpu=306 ap1r0=100000 (shadow already dirty)
put,232856741590,40669,vcpu=0 cpu=306 ap1r0=100000 ap1r1=0
load,232856745250,40669,vcpu=0 cpu=306 ap1r0=100000 (shadow already dirty)
put,232857497760,40669,vcpu=0 cpu=306 ap1r0=100000 ap1r1=0
load,232857503890,40669,vcpu=0 cpu=306 ap1r0=100000 (shadow already dirty)
put,232857516270,40669,vcpu=0 cpu=306 ap1r0=100000 ap1r1=0
load,232857520840,40669,vcpu=0 cpu=306 ap1r0=100000 (shadow already dirty)
put,232857525680,40669,vcpu=0 cpu=306 ap1r0=100000 ap1r1=0
load,232857527380,40669,vcpu=0 cpu=306 ap1r0=100000 (shadow already dirty)
put,232858911650,40669,vcpu=0 cpu=306 ap1r0=100000 ap1r1=0
load,232858916390,40669,vcpu=0 cpu=306 ap1r0=100000 (shadow already dirty)
put,232858947080,40669,vcpu=0 cpu=306 ap1r0=100000 ap1r1=0
load,232858951010,40669,vcpu=0 cpu=306 ap1r0=100000 (shadow already dirty)
put,232858960280,40669,vcpu=0 cpu=306 ap1r0=100000 ap1r1=0
load,232858964110,40669,vcpu=0 cpu=306 ap1r0=100000 (shadow already dirty)
put,232860613180,40669,vcpu=0 cpu=306 ap1r0=100000 ap1r1=0
load,232860618050,40669,vcpu=0 cpu=306 ap1r0=100000 (shadow already dirty)
put,232860648410,40669,vcpu=0 cpu=306 ap1r0=100000 ap1r1=0
load,232860652240,40669,vcpu=0 cpu=306 ap1r0=100000 (shadow already dirty)
put,232861568890,40669,vcpu=0 cpu=306 ap1r0=100000 ap1r1=0
load,232861572730,40669,vcpu=0 cpu=306 ap1r0=100000 (shadow already dirty)
put,232861602280,40669,vcpu=0 cpu=306 ap1r0=100000 ap1r1=0
load,232861606060,40669,vcpu=0 cpu=306 ap1r0=100000 (shadow already dirty)
put,232861615330,40669,vcpu=0 cpu=306 ap1r0=100000 ap1r1=0
load,232861619000,40669,vcpu=0 cpu=306 ap1r0=100000 (shadow already dirty)
put,232866411430,40669,vcpu=0 cpu=306 ap1r0=100000 ap1r1=0
load,232866421610,40669,vcpu=0 cpu=306 ap1r0=100000 (shadow already dirty)
put,232867851650,40669,vcpu=0 cpu=306 ap1r0=100000 ap1r1=0
load,232867856710,40669,vcpu=0 cpu=306 ap1r0=100000 (shadow already dirty)
put,232867862390,40669,vcpu=0 cpu=306 ap1r0=100000 ap1r1=0
load,232867865000,40669,vcpu=0 cpu=306 ap1r0=100000 (shadow already dirty)
put,232867920430,40669,vcpu=0 cpu=306 ap1r0=100000 ap1r1=0
load,232867926600,40669,vcpu=0 cpu=306 ap1r0=100000 (shadow already dirty)
put,232867931250,40669,vcpu=0 cpu=306 ap1r0=100000 ap1r1=0
load,232867933940,40669,vcpu=0 cpu=306 ap1r0=100000 (shadow already dirty)
put,232894000470,40669,vcpu=0 cpu=306 ap1r0=100000 ap1r1=0
load,232894006020,40669,vcpu=0 cpu=306 ap1r0=100000 (shadow already dirty)
put,232894039550,40669,vcpu=0 cpu=306 ap1r0=100000 ap1r1=0
load,232894043630,40669,vcpu=0 cpu=306 ap1r0=100000 (shadow already dirty)
put,232894053780,40669,vcpu=0 cpu=306 ap1r0=100000 ap1r1=0
load,232894057870,40669,vcpu=0 cpu=306 ap1r0=100000 (shadow already dirty)
put,232900439520,40669,vcpu=0 cpu=306 ap1r0=100000 ap1r1=0
load,232900449970,40669,vcpu=0 cpu=306 ap1r0=100000 (shadow already dirty)
put,232900486210,40669,vcpu=0 cpu=306 ap1r0=100000 ap1r1=0
load,232900491650,40669,vcpu=0 cpu=306 ap1r0=100000 (shadow already dirty)
put,232900503780,40669,vcpu=0 cpu=306 ap1r0=100000 ap1r1=0
load,232900508700,40669,vcpu=0 cpu=306 ap1r0=100000 (shadow already dirty)
put,232908592680,40669,vcpu=0 cpu=306 ap1r0=100000 ap1r1=0
load,232908597520,40669,vcpu=0 cpu=306 ap1r0=100000 (shadow already dirty)
put,232908627750,40669,vcpu=0 cpu=306 ap1r0=100000 ap1r1=0
load,232908631880,40669,vcpu=0 cpu=306 ap1r0=100000 (shadow already dirty)
put,232909871950,40669,vcpu=0 cpu=306 ap1r0=100000 ap1r1=0
load,232909875660,40669,vcpu=0 cpu=306 ap1r0=100000 (shadow already dirty)
put,232909905120,40669,vcpu=0 cpu=306 ap1r0=100000 ap1r1=0
load,232909908880,40669,vcpu=0 cpu=306 ap1r0=100000 (shadow already dirty)
put,232909918140,40669,vcpu=0 cpu=306 ap1r0=100000 ap1r1=0
load,232909921820,40669,vcpu=0 cpu=306 ap1r0=100000 (shadow already dirty)
put,232911084930,40669,vcpu=0 cpu=306 ap1r0=100000 ap1r1=0
load,232911091540,40669,vcpu=0 cpu=306 ap1r0=100000 (shadow already dirty)
put,232911138310,40669,vcpu=0 cpu=306 ap1r0=100000 ap1r1=0
load,232911143480,40669,vcpu=0 cpu=306 ap1r0=100000 (shadow already dirty)
put,232911147690,40669,vcpu=0 cpu=306 ap1r0=100000 ap1r1=0
load,232911149440,40669,vcpu=0 cpu=306 ap1r0=100000 (shadow already dirty)
put,232922169840,40670,vcpu=1 cpu=372 ap1r0=100000 ap1r1=0
load,232922243920,40670,vcpu=1 cpu=372 ap1r0=100000 (shadow already dirty)
put,232922250210,40670,vcpu=1 cpu=372 ap1r0=100000 ap1r1=0
load,234541876850,40811,vcpu=0 cpu=372 ap1r0=700000000 (shadow already dirty)
load,234541893660,40812,vcpu=1 cpu=370 ap1r0=6e6f00000000 (shadow already dirty)
put,234543961460,40811,vcpu=0 cpu=372 ap1r0=100000 ap1r1=0
load,234543968510,40811,vcpu=0 cpu=372 ap1r0=100000 (shadow already dirty)
put,234544093350,40811,vcpu=0 cpu=372 ap1r0=100000 ap1r1=0
load,234544098210,40811,vcpu=0 cpu=372 ap1r0=100000 (shadow already dirty)
put,234546237480,40811,vcpu=0 cpu=372 ap1r0=100000 ap1r1=0
load,234546241750,40811,vcpu=0 cpu=372 ap1r0=100000 (shadow already dirty)
put,234546273970,40811,vcpu=0 cpu=372 ap1r0=100000 ap1r1=0
load,234546277720,40811,vcpu=0 cpu=372 ap1r0=100000 (shadow already dirty)
put,234548458340,40811,vcpu=0 cpu=372 ap1r0=100000 ap1r1=0
load,234548462350,40811,vcpu=0 cpu=372 ap1r0=100000 (shadow already dirty)
put,234548493860,40811,vcpu=0 cpu=372 ap1r0=100000 ap1r1=0
load,234548497550,40811,vcpu=0 cpu=372 ap1r0=100000 (shadow already dirty)
put,234548508320,40811,vcpu=0 cpu=372 ap1r0=100000 ap1r1=0
load,234548511900,40811,vcpu=0 cpu=372 ap1r0=100000 (shadow already dirty)
put,234555665330,40811,vcpu=0 cpu=372 ap1r0=100000 ap1r1=0
load,234555671010,40811,vcpu=0 cpu=372 ap1r0=100000 (shadow already dirty)
put,234555702660,40811,vcpu=0 cpu=372 ap1r0=100000 ap1r1=0
load,234555706780,40811,vcpu=0 cpu=372 ap1r0=100000 (shadow already dirty)
put,234556706210,40811,vcpu=0 cpu=372 ap1r0=100000 ap1r1=0
load,234556710360,40811,vcpu=0 cpu=372 ap1r0=100000 (shadow already dirty)
put,234556740830,40811,vcpu=0 cpu=372 ap1r0=100000 ap1r1=0
load,234556744830,40811,vcpu=0 cpu=372 ap1r0=100000 (shadow already dirty)
put,234556754240,40811,vcpu=0 cpu=372 ap1r0=100000 ap1r1=0
load,234556758200,40811,vcpu=0 cpu=372 ap1r0=100000 (shadow already dirty)
put,234557491790,40811,vcpu=0 cpu=372 ap1r0=100000 ap1r1=0
load,234557497500,40811,vcpu=0 cpu=372 ap1r0=100000 (shadow already dirty)
put,234557509440,40811,vcpu=0 cpu=372 ap1r0=100000 ap1r1=0
load,234557513990,40811,vcpu=0 cpu=372 ap1r0=100000 (shadow already dirty)
put,234557519090,40811,vcpu=0 cpu=372 ap1r0=100000 ap1r1=0
load,234557520860,40811,vcpu=0 cpu=372 ap1r0=100000 (shadow already dirty)
put,234559660570,40811,vcpu=0 cpu=372 ap1r0=100000 ap1r1=0
load,234559668940,40811,vcpu=0 cpu=372 ap1r0=100000 (shadow already dirty)
put,234560615420,40811,vcpu=0 cpu=372 ap1r0=100000 ap1r1=0
load,234560620840,40811,vcpu=0 cpu=372 ap1r0=100000 (shadow already dirty)
put,234560654260,40811,vcpu=0 cpu=372 ap1r0=100000 ap1r1=0
load,234560658930,40811,vcpu=0 cpu=372 ap1r0=100000 (shadow already dirty)
put,234560670990,40811,vcpu=0 cpu=372 ap1r0=100000 ap1r1=0
load,234560675530,40811,vcpu=0 cpu=372 ap1r0=100000 (shadow already dirty)
put,234560679680,40811,vcpu=0 cpu=372 ap1r0=100000 ap1r1=0
load,234560681340,40811,vcpu=0 cpu=372 ap1r0=100000 (shadow already dirty)
put,234560888760,40811,vcpu=0 cpu=372 ap1r0=100000 ap1r1=0
load,234560892880,40811,vcpu=0 cpu=372 ap1r0=100000 (shadow already dirty)
put,234560923660,40811,vcpu=0 cpu=372 ap1r0=100000 ap1r1=0
load,234560927580,40811,vcpu=0 cpu=372 ap1r0=100000 (shadow already dirty)
put,234560937020,40811,vcpu=0 cpu=372 ap1r0=100000 ap1r1=0
load,234560940640,40811,vcpu=0 cpu=372 ap1r0=100000 (shadow already dirty)
put,234563832630,40811,vcpu=0 cpu=372 ap1r0=100000 ap1r1=0
load,234563841600,40811,vcpu=0 cpu=372 ap1r0=100000 (shadow already dirty)
put,234565816080,40811,vcpu=0 cpu=372 ap1r0=100000 ap1r1=0
load,234565822750,40811,vcpu=0 cpu=372 ap1r0=100000 (shadow already dirty)
put,234565856250,40811,vcpu=0 cpu=372 ap1r0=100000 ap1r1=0
load,234565860950,40811,vcpu=0 cpu=372 ap1r0=100000 (shadow already dirty)
put,234565872900,40811,vcpu=0 cpu=372 ap1r0=100000 ap1r1=0
load,234565877100,40811,vcpu=0 cpu=372 ap1r0=100000 (shadow already dirty)
put,234565881440,40811,vcpu=0 cpu=372 ap1r0=100000 ap1r1=0
load,234565883020,40811,vcpu=0 cpu=372 ap1r0=100000 (shadow already dirty)
put,234595059820,40811,vcpu=0 cpu=372 ap1r0=100000 ap1r1=0
load,234595071740,40811,vcpu=0 cpu=372 ap1r0=100000 (shadow already dirty)
put,234595110290,40811,vcpu=0 cpu=372 ap1r0=100000 ap1r1=0
load,234595116070,40811,vcpu=0 cpu=372 ap1r0=100000 (shadow already dirty)
put,234595134270,40811,vcpu=0 cpu=372 ap1r0=100000 ap1r1=0
load,234595139140,40811,vcpu=0 cpu=372 ap1r0=100000 (shadow already dirty)
put,234597019240,40811,vcpu=0 cpu=372 ap1r0=100000 ap1r1=0
load,234597027810,40811,vcpu=0 cpu=372 ap1r0=100000 (shadow already dirty)
put,234597041150,40811,vcpu=0 cpu=372 ap1r0=100000 ap1r1=0
load,234597045750,40811,vcpu=0 cpu=372 ap1r0=100000 (shadow already dirty)
put,234597049970,40811,vcpu=0 cpu=372 ap1r0=100000 ap1r1=0
load,234597051770,40811,vcpu=0 cpu=372 ap1r0=100000 (shadow already dirty)
put,234610667540,40811,vcpu=0 cpu=372 ap1r0=100000 ap1r1=0
load,234610673310,40811,vcpu=0 cpu=372 ap1r0=100000 (shadow already dirty)
put,234610706100,40811,vcpu=0 cpu=372 ap1r0=100000 ap1r1=0
load,234610709950,40811,vcpu=0 cpu=372 ap1r0=100000 (shadow already dirty)
put,234612012960,40811,vcpu=0 cpu=372 ap1r0=100000 ap1r1=0
load,234612017000,40811,vcpu=0 cpu=372 ap1r0=100000 (shadow already dirty)
put,234612048020,40811,vcpu=0 cpu=372 ap1r0=100000 ap1r1=0
load,234612051990,40811,vcpu=0 cpu=372 ap1r0=100000 (shadow already dirty)
put,234612061640,40811,vcpu=0 cpu=372 ap1r0=100000 ap1r1=0
load,234612065430,40811,vcpu=0 cpu=372 ap1r0=100000 (shadow already dirty)
put,234613238480,40811,vcpu=0 cpu=372 ap1r0=100000 ap1r1=0
load,234613242920,40811,vcpu=0 cpu=372 ap1r0=100000 (shadow already dirty)
put,234613274150,40811,vcpu=0 cpu=372 ap1r0=100000 ap1r1=0
load,234613278240,40811,vcpu=0 cpu=372 ap1r0=100000 (shadow already dirty)
put,234613287790,40811,vcpu=0 cpu=372 ap1r0=100000 ap1r1=0
load,234613291690,40811,vcpu=0 cpu=372 ap1r0=100000 (shadow already dirty)
put,234621909810,40812,vcpu=1 cpu=324 ap1r0=100000 ap1r1=0
load,234621977090,40812,vcpu=1 cpu=324 ap1r0=100000 (shadow already dirty)
put,234621984640,40812,vcpu=1 cpu=324 ap1r0=100000 ap1r1=0
load,236242540720,40915,vcpu=0 cpu=264 ap1r0=700000000 (shadow already dirty)
load,236242551960,40916,vcpu=1 cpu=262 ap1r0=ffffffff00000000 (shadow already dirty)
put,236244723770,40915,vcpu=0 cpu=264 ap1r0=100000 ap1r1=0
load,236244730570,40915,vcpu=0 cpu=264 ap1r0=100000 (shadow already dirty)
put,236244824070,40915,vcpu=0 cpu=264 ap1r0=100000 ap1r1=0
load,236244828480,40915,vcpu=0 cpu=264 ap1r0=100000 (shadow already dirty)
put,236247115460,40915,vcpu=0 cpu=264 ap1r0=100000 ap1r1=0
load,236247119280,40915,vcpu=0 cpu=264 ap1r0=100000 (shadow already dirty)
put,236247157060,40915,vcpu=0 cpu=264 ap1r0=100000 ap1r1=0
load,236247160940,40915,vcpu=0 cpu=264 ap1r0=100000 (shadow already dirty)
put,236249210900,40915,vcpu=0 cpu=264 ap1r0=100000 ap1r1=0
load,236249215160,40915,vcpu=0 cpu=264 ap1r0=100000 (shadow already dirty)
put,236249248400,40915,vcpu=0 cpu=264 ap1r0=100000 ap1r1=0
load,236249252200,40915,vcpu=0 cpu=264 ap1r0=100000 (shadow already dirty)
put,236249263080,40915,vcpu=0 cpu=264 ap1r0=100000 ap1r1=0
load,236249266670,40915,vcpu=0 cpu=264 ap1r0=100000 (shadow already dirty)
put,236256976850,40915,vcpu=0 cpu=264 ap1r0=100000 ap1r1=0
load,236256982270,40915,vcpu=0 cpu=264 ap1r0=100000 (shadow already dirty)
put,236257014560,40915,vcpu=0 cpu=264 ap1r0=100000 ap1r1=0
load,236257018510,40915,vcpu=0 cpu=264 ap1r0=100000 (shadow already dirty)
put,236258023130,40915,vcpu=0 cpu=264 ap1r0=100000 ap1r1=0
load,236258027080,40915,vcpu=0 cpu=264 ap1r0=100000 (shadow already dirty)
put,236258058270,40915,vcpu=0 cpu=264 ap1r0=100000 ap1r1=0
load,236258061870,40915,vcpu=0 cpu=264 ap1r0=100000 (shadow already dirty)
put,236258071440,40915,vcpu=0 cpu=264 ap1r0=100000 ap1r1=0
load,236258075030,40915,vcpu=0 cpu=264 ap1r0=100000 (shadow already dirty)
put,236258845560,40915,vcpu=0 cpu=264 ap1r0=100000 ap1r1=0
load,236258851400,40915,vcpu=0 cpu=264 ap1r0=100000 (shadow already dirty)
put,236258863700,40915,vcpu=0 cpu=264 ap1r0=100000 ap1r1=0
load,236258867980,40915,vcpu=0 cpu=264 ap1r0=100000 (shadow already dirty)
put,236258873200,40915,vcpu=0 cpu=264 ap1r0=100000 ap1r1=0
load,236258875670,40915,vcpu=0 cpu=264 ap1r0=100000 (shadow already dirty)
put,236260249890,40915,vcpu=0 cpu=264 ap1r0=100000 ap1r1=0
load,236260253980,40915,vcpu=0 cpu=264 ap1r0=100000 (shadow already dirty)
put,236260286080,40915,vcpu=0 cpu=264 ap1r0=100000 ap1r1=0
load,236260289760,40915,vcpu=0 cpu=264 ap1r0=100000 (shadow already dirty)
put,236261246390,40915,vcpu=0 cpu=264 ap1r0=100000 ap1r1=0
load,236261250200,40915,vcpu=0 cpu=264 ap1r0=100000 (shadow already dirty)
put,236261281470,40915,vcpu=0 cpu=264 ap1r0=100000 ap1r1=0
load,236261285040,40915,vcpu=0 cpu=264 ap1r0=100000 (shadow already dirty)
put,236261294770,40915,vcpu=0 cpu=264 ap1r0=100000 ap1r1=0
load,236261298320,40915,vcpu=0 cpu=264 ap1r0=100000 (shadow already dirty)
put,236261531090,40915,vcpu=0 cpu=264 ap1r0=100000 ap1r1=0
load,236261536210,40915,vcpu=0 cpu=264 ap1r0=100000 (shadow already dirty)
put,236261571810,40915,vcpu=0 cpu=264 ap1r0=100000 ap1r1=0
load,236261576220,40915,vcpu=0 cpu=264 ap1r0=100000 (shadow already dirty)
put,236261588330,40915,vcpu=0 cpu=264 ap1r0=100000 ap1r1=0
load,236261592640,40915,vcpu=0 cpu=264 ap1r0=100000 (shadow already dirty)
put,236264640220,40915,vcpu=0 cpu=264 ap1r0=100000 ap1r1=0
load,236264645660,40915,vcpu=0 cpu=264 ap1r0=100000 (shadow already dirty)
put,236264680980,40915,vcpu=0 cpu=264 ap1r0=100000 ap1r1=0
load,236264684880,40915,vcpu=0 cpu=264 ap1r0=100000 (shadow already dirty)
put,236266053560,40915,vcpu=0 cpu=264 ap1r0=100000 ap1r1=0
load,236266057570,40915,vcpu=0 cpu=264 ap1r0=100000 (shadow already dirty)
put,236266090460,40915,vcpu=0 cpu=264 ap1r0=100000 ap1r1=0
load,236266094360,40915,vcpu=0 cpu=264 ap1r0=100000 (shadow already dirty)
put,236266104130,40915,vcpu=0 cpu=264 ap1r0=100000 ap1r1=0
load,236266108060,40915,vcpu=0 cpu=264 ap1r0=100000 (shadow already dirty)
put,236292975920,40915,vcpu=0 cpu=266 ap1r0=100000 ap1r1=0
load,236292982030,40915,vcpu=0 cpu=266 ap1r0=100000 (shadow already dirty)
put,236293017030,40915,vcpu=0 cpu=266 ap1r0=100000 ap1r1=0
load,236293021110,40915,vcpu=0 cpu=266 ap1r0=100000 (shadow already dirty)
put,236294753260,40915,vcpu=0 cpu=266 ap1r0=100000 ap1r1=0
load,236294757180,40915,vcpu=0 cpu=266 ap1r0=100000 (shadow already dirty)
put,236294789720,40915,vcpu=0 cpu=266 ap1r0=100000 ap1r1=0
load,236294793640,40915,vcpu=0 cpu=266 ap1r0=100000 (shadow already dirty)
put,236294803690,40915,vcpu=0 cpu=266 ap1r0=100000 ap1r1=0
load,236294807590,40915,vcpu=0 cpu=266 ap1r0=100000 (shadow already dirty)
put,236308880070,40915,vcpu=0 cpu=266 ap1r0=100000 ap1r1=0
load,236308885570,40915,vcpu=0 cpu=266 ap1r0=100000 (shadow already dirty)
put,236308917800,40915,vcpu=0 cpu=266 ap1r0=100000 ap1r1=0
load,236308921790,40915,vcpu=0 cpu=266 ap1r0=100000 (shadow already dirty)
put,236310238120,40915,vcpu=0 cpu=266 ap1r0=100000 ap1r1=0
load,236310241720,40915,vcpu=0 cpu=266 ap1r0=100000 (shadow already dirty)
put,236310272940,40915,vcpu=0 cpu=266 ap1r0=100000 ap1r1=0
load,236310276520,40915,vcpu=0 cpu=266 ap1r0=100000 (shadow already dirty)
put,236310286040,40915,vcpu=0 cpu=266 ap1r0=100000 ap1r1=0
load,236310289680,40915,vcpu=0 cpu=266 ap1r0=100000 (shadow already dirty)
put,236311534570,40915,vcpu=0 cpu=266 ap1r0=100000 ap1r1=0
load,236311538950,40915,vcpu=0 cpu=266 ap1r0=100000 (shadow already dirty)
put,236311571780,40915,vcpu=0 cpu=266 ap1r0=100000 ap1r1=0
load,236311575450,40915,vcpu=0 cpu=266 ap1r0=100000 (shadow already dirty)
put,236311585150,40915,vcpu=0 cpu=266 ap1r0=100000 ap1r1=0
load,236311588790,40915,vcpu=0 cpu=266 ap1r0=100000 (shadow already dirty)
put,236322793580,40916,vcpu=1 cpu=234 ap1r0=100000 ap1r1=0
load,236322862570,40916,vcpu=1 cpu=234 ap1r0=100000 (shadow already dirty)
put,236322869070,40916,vcpu=1 cpu=234 ap1r0=100000 ap1r1=0
load,237939852460,41066,vcpu=0 cpu=362 ap1r0=700000000 (shadow already dirty)
load,237939875440,41067,vcpu=1 cpu=339 ap1r0=ffffffff00000000 (shadow already dirty)
put,237941985900,41066,vcpu=0 cpu=362 ap1r0=100000 ap1r1=0
load,237941992240,41066,vcpu=0 cpu=362 ap1r0=100000 (shadow already dirty)
put,237942093970,41066,vcpu=0 cpu=362 ap1r0=100000 ap1r1=0
load,237942098070,41066,vcpu=0 cpu=362 ap1r0=100000 (shadow already dirty)
put,237944172000,41066,vcpu=0 cpu=362 ap1r0=100000 ap1r1=0
load,237944176190,41066,vcpu=0 cpu=362 ap1r0=100000 (shadow already dirty)
put,237944209710,41066,vcpu=0 cpu=362 ap1r0=100000 ap1r1=0
load,237944213450,41066,vcpu=0 cpu=362 ap1r0=100000 (shadow already dirty)
put,237946421940,41066,vcpu=0 cpu=362 ap1r0=100000 ap1r1=0
load,237946426410,41066,vcpu=0 cpu=362 ap1r0=100000 (shadow already dirty)
put,237946460030,41066,vcpu=0 cpu=362 ap1r0=100000 ap1r1=0
load,237946463920,41066,vcpu=0 cpu=362 ap1r0=100000 (shadow already dirty)
put,237946474580,41066,vcpu=0 cpu=362 ap1r0=100000 ap1r1=0
load,237946478590,41066,vcpu=0 cpu=362 ap1r0=100000 (shadow already dirty)
put,237953891690,41066,vcpu=0 cpu=362 ap1r0=100000 ap1r1=0
load,237953900210,41066,vcpu=0 cpu=362 ap1r0=100000 (shadow already dirty)
put,237954874900,41066,vcpu=0 cpu=362 ap1r0=100000 ap1r1=0
load,237954879740,41066,vcpu=0 cpu=362 ap1r0=100000 (shadow already dirty)
put,237954912820,41066,vcpu=0 cpu=362 ap1r0=100000 ap1r1=0
load,237954917470,41066,vcpu=0 cpu=362 ap1r0=100000 (shadow already dirty)
put,237954929530,41066,vcpu=0 cpu=362 ap1r0=100000 ap1r1=0
load,237954934150,41066,vcpu=0 cpu=362 ap1r0=100000 (shadow already dirty)
put,237954939060,41066,vcpu=0 cpu=362 ap1r0=100000 ap1r1=0
load,237954940700,41066,vcpu=0 cpu=362 ap1r0=100000 (shadow already dirty)
put,237955616860,41066,vcpu=0 cpu=362 ap1r0=100000 ap1r1=0
load,237955622420,41066,vcpu=0 cpu=362 ap1r0=100000 (shadow already dirty)
put,237955634270,41066,vcpu=0 cpu=362 ap1r0=100000 ap1r1=0
load,237955638900,41066,vcpu=0 cpu=362 ap1r0=100000 (shadow already dirty)
put,237955643860,41066,vcpu=0 cpu=362 ap1r0=100000 ap1r1=0
load,237955645530,41066,vcpu=0 cpu=362 ap1r0=100000 (shadow already dirty)
put,237957603870,41066,vcpu=0 cpu=362 ap1r0=100000 ap1r1=0
load,237957612310,41066,vcpu=0 cpu=362 ap1r0=100000 (shadow already dirty)
put,237958537880,41066,vcpu=0 cpu=362 ap1r0=100000 ap1r1=0
load,237958542590,41066,vcpu=0 cpu=362 ap1r0=100000 (shadow already dirty)
put,237958575480,41066,vcpu=0 cpu=362 ap1r0=100000 ap1r1=0
load,237958579930,41066,vcpu=0 cpu=362 ap1r0=100000 (shadow already dirty)
put,237958591680,41066,vcpu=0 cpu=362 ap1r0=100000 ap1r1=0
load,237958595960,41066,vcpu=0 cpu=362 ap1r0=100000 (shadow already dirty)
put,237958600160,41066,vcpu=0 cpu=362 ap1r0=100000 ap1r1=0
load,237958601780,41066,vcpu=0 cpu=362 ap1r0=100000 (shadow already dirty)
put,237958817170,41066,vcpu=0 cpu=362 ap1r0=100000 ap1r1=0
load,237958821550,41066,vcpu=0 cpu=362 ap1r0=100000 (shadow already dirty)
put,237958853010,41066,vcpu=0 cpu=362 ap1r0=100000 ap1r1=0
load,237958856910,41066,vcpu=0 cpu=362 ap1r0=100000 (shadow already dirty)
put,237958866450,41066,vcpu=0 cpu=362 ap1r0=100000 ap1r1=0
load,237958870350,41066,vcpu=0 cpu=362 ap1r0=100000 (shadow already dirty)
put,237961718030,41066,vcpu=0 cpu=362 ap1r0=100000 ap1r1=0
load,237961725180,41066,vcpu=0 cpu=362 ap1r0=100000 (shadow already dirty)
put,237962460420,41066,vcpu=0 cpu=362 ap1r0=100000 ap1r1=0
load,237962466510,41066,vcpu=0 cpu=362 ap1r0=100000 (shadow already dirty)
put,237962471050,41066,vcpu=0 cpu=362 ap1r0=100000 ap1r1=0
load,237962473750,41066,vcpu=0 cpu=362 ap1r0=100000 (shadow already dirty)
put,237963979580,41066,vcpu=0 cpu=362 ap1r0=100000 ap1r1=0
load,237963986280,41066,vcpu=0 cpu=362 ap1r0=100000 (shadow already dirty)
put,237964039080,41066,vcpu=0 cpu=362 ap1r0=100000 ap1r1=0
load,237964043940,41066,vcpu=0 cpu=362 ap1r0=100000 (shadow already dirty)
put,237964048440,41066,vcpu=0 cpu=362 ap1r0=100000 ap1r1=0
load,237964050060,41066,vcpu=0 cpu=362 ap1r0=100000 (shadow already dirty)
put,237993078880,41066,vcpu=0 cpu=362 ap1r0=100000 ap1r1=0
load,237993090850,41066,vcpu=0 cpu=362 ap1r0=100000 (shadow already dirty)
put,237993134300,41066,vcpu=0 cpu=362 ap1r0=100000 ap1r1=0
load,237993139860,41066,vcpu=0 cpu=362 ap1r0=100000 (shadow already dirty)
put,237994894300,41066,vcpu=0 cpu=362 ap1r0=100000 ap1r1=0
load,237994902290,41066,vcpu=0 cpu=362 ap1r0=100000 (shadow already dirty)
put,237994915390,41066,vcpu=0 cpu=362 ap1r0=100000 ap1r1=0
load,237994920010,41066,vcpu=0 cpu=362 ap1r0=100000 (shadow already dirty)
put,237994925720,41066,vcpu=0 cpu=362 ap1r0=100000 ap1r1=0
load,237994927560,41066,vcpu=0 cpu=362 ap1r0=100000 (shadow already dirty)
put,238008248820,41066,vcpu=0 cpu=362 ap1r0=100000 ap1r1=0
load,238008258540,41066,vcpu=0 cpu=362 ap1r0=100000 (shadow already dirty)
put,238009608950,41066,vcpu=0 cpu=362 ap1r0=100000 ap1r1=0
load,238009613900,41066,vcpu=0 cpu=362 ap1r0=100000 (shadow already dirty)
put,238009619010,41066,vcpu=0 cpu=362 ap1r0=100000 ap1r1=0
load,238009620980,41066,vcpu=0 cpu=362 ap1r0=100000 (shadow already dirty)
put,238009667840,41066,vcpu=0 cpu=362 ap1r0=100000 ap1r1=0
load,238009672920,41066,vcpu=0 cpu=362 ap1r0=100000 (shadow already dirty)
put,238009679890,41066,vcpu=0 cpu=362 ap1r0=100000 ap1r1=0
load,238009683720,41066,vcpu=0 cpu=362 ap1r0=100000 (shadow already dirty)
put,238010820870,41066,vcpu=0 cpu=362 ap1r0=100000 ap1r1=0
load,238010826390,41066,vcpu=0 cpu=362 ap1r0=100000 (shadow already dirty)
put,238010838430,41066,vcpu=0 cpu=362 ap1r0=100000 ap1r1=0
load,238010842800,41066,vcpu=0 cpu=362 ap1r0=100000 (shadow already dirty)
put,238010847150,41066,vcpu=0 cpu=362 ap1r0=100000 ap1r1=0
load,238010848720,41066,vcpu=0 cpu=362 ap1r0=100000 (shadow already dirty)
put,238019422820,41067,vcpu=1 cpu=339 ap1r0=100000 ap1r1=0
load,238019492450,41067,vcpu=1 cpu=339 ap1r0=100000 (shadow already dirty)
put,238019499460,41067,vcpu=1 cpu=339 ap1r0=100000 ap1r1=0
load,239652491600,41169,vcpu=0 cpu=250 ap1r0=700000000 (shadow already dirty)
load,239652517600,41170,vcpu=1 cpu=248 ap1r0=ffffffff00000000 (shadow already dirty)
put,239654639090,41169,vcpu=0 cpu=250 ap1r0=100000 ap1r1=0
load,239654645340,41169,vcpu=0 cpu=250 ap1r0=100000 (shadow already dirty)
put,239654741590,41169,vcpu=0 cpu=250 ap1r0=100000 ap1r1=0
load,239654745690,41169,vcpu=0 cpu=250 ap1r0=100000 (shadow already dirty)
put,239656911980,41169,vcpu=0 cpu=250 ap1r0=100000 ap1r1=0
load,239656916610,41169,vcpu=0 cpu=250 ap1r0=100000 (shadow already dirty)
put,239656949560,41169,vcpu=0 cpu=250 ap1r0=100000 ap1r1=0
load,239656953540,41169,vcpu=0 cpu=250 ap1r0=100000 (shadow already dirty)
put,239659117980,41169,vcpu=0 cpu=250 ap1r0=100000 ap1r1=0
load,239659121830,41169,vcpu=0 cpu=250 ap1r0=100000 (shadow already dirty)
put,239659153620,41169,vcpu=0 cpu=250 ap1r0=100000 ap1r1=0
load,239659157330,41169,vcpu=0 cpu=250 ap1r0=100000 (shadow already dirty)
put,239659167130,41169,vcpu=0 cpu=250 ap1r0=100000 ap1r1=0
load,239659170730,41169,vcpu=0 cpu=250 ap1r0=100000 (shadow already dirty)
put,239666918820,41169,vcpu=0 cpu=250 ap1r0=100000 ap1r1=0
load,239666928610,41169,vcpu=0 cpu=250 ap1r0=100000 (shadow already dirty)
put,239667918030,41169,vcpu=0 cpu=250 ap1r0=100000 ap1r1=0
load,239667922870,41169,vcpu=0 cpu=250 ap1r0=100000 (shadow already dirty)
put,239667956000,41169,vcpu=0 cpu=250 ap1r0=100000 ap1r1=0
load,239667960580,41169,vcpu=0 cpu=250 ap1r0=100000 (shadow already dirty)
put,239667972150,41169,vcpu=0 cpu=250 ap1r0=100000 ap1r1=0
load,239667977000,41169,vcpu=0 cpu=250 ap1r0=100000 (shadow already dirty)
put,239667981930,41169,vcpu=0 cpu=250 ap1r0=100000 ap1r1=0
load,239667984330,41169,vcpu=0 cpu=250 ap1r0=100000 (shadow already dirty)
put,239668240040,41169,vcpu=0 cpu=250 ap1r0=100000 ap1r1=0
load,239668244140,41169,vcpu=0 cpu=250 ap1r0=100000 (shadow already dirty)
put,239668275380,41169,vcpu=0 cpu=250 ap1r0=100000 ap1r1=0
load,239668279230,41169,vcpu=0 cpu=250 ap1r0=100000 (shadow already dirty)
put,239668288950,41169,vcpu=0 cpu=250 ap1r0=100000 ap1r1=0
load,239668292780,41169,vcpu=0 cpu=250 ap1r0=100000 (shadow already dirty)
put,239669767370,41169,vcpu=0 cpu=250 ap1r0=100000 ap1r1=0
load,239669773900,41169,vcpu=0 cpu=250 ap1r0=100000 (shadow already dirty)
put,239669785860,41169,vcpu=0 cpu=250 ap1r0=100000 ap1r1=0
load,239669790390,41169,vcpu=0 cpu=250 ap1r0=100000 (shadow already dirty)
put,239669794710,41169,vcpu=0 cpu=250 ap1r0=100000 ap1r1=0
load,239669796440,41169,vcpu=0 cpu=250 ap1r0=100000 (shadow already dirty)
put,239671492130,41169,vcpu=0 cpu=250 ap1r0=100000 ap1r1=0
load,239671499700,41169,vcpu=0 cpu=250 ap1r0=100000 (shadow already dirty)
put,239671909260,41169,vcpu=0 cpu=250 ap1r0=100000 ap1r1=0
load,239671914120,41169,vcpu=0 cpu=250 ap1r0=100000 (shadow already dirty)
put,239672930300,41169,vcpu=0 cpu=250 ap1r0=100000 ap1r1=0
load,239672935690,41169,vcpu=0 cpu=250 ap1r0=100000 (shadow already dirty)
put,239673127950,41169,vcpu=0 cpu=250 ap1r0=100000 ap1r1=0
load,239673133210,41169,vcpu=0 cpu=250 ap1r0=100000 (shadow already dirty)
put,239673137570,41169,vcpu=0 cpu=250 ap1r0=100000 ap1r1=0
load,239673139300,41169,vcpu=0 cpu=250 ap1r0=100000 (shadow already dirty)
put,239674755630,41169,vcpu=0 cpu=250 ap1r0=100000 ap1r1=0
load,239674762240,41169,vcpu=0 cpu=250 ap1r0=100000 (shadow already dirty)
put,239676258280,41169,vcpu=0 cpu=250 ap1r0=100000 ap1r1=0
load,239676263470,41169,vcpu=0 cpu=250 ap1r0=100000 (shadow already dirty)
put,239676297010,41169,vcpu=0 cpu=250 ap1r0=100000 ap1r1=0
load,239676301510,41169,vcpu=0 cpu=250 ap1r0=100000 (shadow already dirty)
put,239676313220,41169,vcpu=0 cpu=250 ap1r0=100000 ap1r1=0
load,239676317580,41169,vcpu=0 cpu=250 ap1r0=100000 (shadow already dirty)
put,239676321810,41169,vcpu=0 cpu=250 ap1r0=100000 ap1r1=0
load,239676323410,41169,vcpu=0 cpu=250 ap1r0=100000 (shadow already dirty)
put,239705269470,41169,vcpu=0 cpu=250 ap1r0=100000 ap1r1=0
load,239705282250,41169,vcpu=0 cpu=250 ap1r0=100000 (shadow already dirty)
put,239705296050,41169,vcpu=0 cpu=250 ap1r0=100000 ap1r1=0
load,239705298530,41169,vcpu=0 cpu=250 ap1r0=100000 (shadow already dirty)
put,239705303240,41169,vcpu=0 cpu=250 ap1r0=100000 ap1r1=0
load,239705304860,41169,vcpu=0 cpu=250 ap1r0=100000 (shadow already dirty)
put,239707127740,41169,vcpu=0 cpu=250 ap1r0=100000 ap1r1=0
load,239707135680,41169,vcpu=0 cpu=250 ap1r0=100000 (shadow already dirty)
put,239723601100,41169,vcpu=0 cpu=250 ap1r0=100000 ap1r1=0
load,239723606280,41169,vcpu=0 cpu=250 ap1r0=100000 (shadow already dirty)
put,239723638190,41169,vcpu=0 cpu=250 ap1r0=100000 ap1r1=0
load,239723642150,41169,vcpu=0 cpu=250 ap1r0=100000 (shadow already dirty)
put,239724948610,41169,vcpu=0 cpu=250 ap1r0=100000 ap1r1=0
load,239724952790,41169,vcpu=0 cpu=250 ap1r0=100000 (shadow already dirty)
put,239724983750,41169,vcpu=0 cpu=250 ap1r0=100000 ap1r1=0
load,239724987660,41169,vcpu=0 cpu=250 ap1r0=100000 (shadow already dirty)
put,239724997340,41169,vcpu=0 cpu=250 ap1r0=100000 ap1r1=0
load,239725000880,41169,vcpu=0 cpu=250 ap1r0=100000 (shadow already dirty)
put,239726166830,41169,vcpu=0 cpu=250 ap1r0=100000 ap1r1=0
load,239726171940,41169,vcpu=0 cpu=250 ap1r0=100000 (shadow already dirty)
put,239726219150,41169,vcpu=0 cpu=250 ap1r0=100000 ap1r1=0
load,239726222870,41169,vcpu=0 cpu=250 ap1r0=100000 (shadow already dirty)
put,239726232460,41169,vcpu=0 cpu=250 ap1r0=100000 ap1r1=0
load,239726236030,41169,vcpu=0 cpu=250 ap1r0=100000 (shadow already dirty)
put,239736261650,41170,vcpu=1 cpu=220 ap1r0=100000 ap1r1=0
load,239736324240,41170,vcpu=1 cpu=220 ap1r0=100000 (shadow already dirty)
put,239736329670,41170,vcpu=1 cpu=220 ap1r0=100000 ap1r1=0
load,241420908480,41247,vcpu=0 cpu=210 ap1r0=700000000 (shadow already dirty)
load,241420923400,41248,vcpu=1 cpu=209 ap1r0=ffffffff00000000 (shadow already dirty)
put,241422670670,41247,vcpu=0 cpu=210 ap1r0=100000 ap1r1=0
load,241422675460,41247,vcpu=0 cpu=210 ap1r0=100000 (shadow already dirty)
put,241422761170,41247,vcpu=0 cpu=210 ap1r0=100000 ap1r1=0
load,241422764470,41247,vcpu=0 cpu=210 ap1r0=100000 (shadow already dirty)
put,241424725120,41247,vcpu=0 cpu=210 ap1r0=100000 ap1r1=0
load,241424728760,41247,vcpu=0 cpu=210 ap1r0=100000 (shadow already dirty)
put,241424759600,41247,vcpu=0 cpu=210 ap1r0=100000 ap1r1=0
load,241424762480,41247,vcpu=0 cpu=210 ap1r0=100000 (shadow already dirty)
put,241426776800,41247,vcpu=0 cpu=210 ap1r0=100000 ap1r1=0
load,241426779710,41247,vcpu=0 cpu=210 ap1r0=100000 (shadow already dirty)
put,241426810810,41247,vcpu=0 cpu=210 ap1r0=100000 ap1r1=0
load,241426813610,41247,vcpu=0 cpu=210 ap1r0=100000 (shadow already dirty)
put,241426822910,41247,vcpu=0 cpu=210 ap1r0=100000 ap1r1=0
load,241426825750,41247,vcpu=0 cpu=210 ap1r0=100000 (shadow already dirty)
put,241433375220,41247,vcpu=0 cpu=210 ap1r0=100000 ap1r1=0
load,241433379620,41247,vcpu=0 cpu=210 ap1r0=100000 (shadow already dirty)
put,241433410130,41247,vcpu=0 cpu=210 ap1r0=100000 ap1r1=0
load,241433413000,41247,vcpu=0 cpu=210 ap1r0=100000 (shadow already dirty)
put,241434466580,41247,vcpu=0 cpu=210 ap1r0=100000 ap1r1=0
load,241434469910,41247,vcpu=0 cpu=210 ap1r0=100000 (shadow already dirty)
put,241434502320,41247,vcpu=0 cpu=210 ap1r0=100000 ap1r1=0
load,241434505180,41247,vcpu=0 cpu=210 ap1r0=100000 (shadow already dirty)
put,241434525100,41247,vcpu=0 cpu=210 ap1r0=100000 ap1r1=0
load,241434527930,41247,vcpu=0 cpu=210 ap1r0=100000 (shadow already dirty)
put,241435220410,41247,vcpu=0 cpu=210 ap1r0=100000 ap1r1=0
load,241435224420,41247,vcpu=0 cpu=210 ap1r0=100000 (shadow already dirty)
put,241435233880,41247,vcpu=0 cpu=210 ap1r0=100000 ap1r1=0
load,241435236880,41247,vcpu=0 cpu=210 ap1r0=100000 (shadow already dirty)
put,241435240910,41247,vcpu=0 cpu=210 ap1r0=100000 ap1r1=0
load,241435243810,41247,vcpu=0 cpu=210 ap1r0=100000 (shadow already dirty)
put,241436518080,41247,vcpu=0 cpu=210 ap1r0=100000 ap1r1=0
load,241436522620,41247,vcpu=0 cpu=210 ap1r0=100000 (shadow already dirty)
put,241436552970,41247,vcpu=0 cpu=210 ap1r0=100000 ap1r1=0
load,241436555750,41247,vcpu=0 cpu=210 ap1r0=100000 (shadow already dirty)
put,241436564970,41247,vcpu=0 cpu=210 ap1r0=100000 ap1r1=0
load,241436567690,41247,vcpu=0 cpu=210 ap1r0=100000 (shadow already dirty)
put,241438190150,41247,vcpu=0 cpu=210 ap1r0=100000 ap1r1=0
load,241438193920,41247,vcpu=0 cpu=210 ap1r0=100000 (shadow already dirty)
put,241438224820,41247,vcpu=0 cpu=210 ap1r0=100000 ap1r1=0
load,241438227580,41247,vcpu=0 cpu=210 ap1r0=100000 (shadow already dirty)
put,241439139850,41247,vcpu=0 cpu=210 ap1r0=100000 ap1r1=0
load,241439142530,41247,vcpu=0 cpu=210 ap1r0=100000 (shadow already dirty)
put,241439172250,41247,vcpu=0 cpu=210 ap1r0=100000 ap1r1=0
load,241439174940,41247,vcpu=0 cpu=210 ap1r0=100000 (shadow already dirty)
put,241439183940,41247,vcpu=0 cpu=210 ap1r0=100000 ap1r1=0
load,241439186570,41247,vcpu=0 cpu=210 ap1r0=100000 (shadow already dirty)
put,241440989780,41247,vcpu=0 cpu=210 ap1r0=100000 ap1r1=0
load,241440993730,41247,vcpu=0 cpu=210 ap1r0=100000 (shadow already dirty)
put,241441025870,41247,vcpu=0 cpu=210 ap1r0=100000 ap1r1=0
load,241441028620,41247,vcpu=0 cpu=210 ap1r0=100000 (shadow already dirty)
put,241442414620,41247,vcpu=0 cpu=210 ap1r0=100000 ap1r1=0
load,241442417660,41247,vcpu=0 cpu=210 ap1r0=100000 (shadow already dirty)
put,241442448610,41247,vcpu=0 cpu=210 ap1r0=100000 ap1r1=0
load,241442451440,41247,vcpu=0 cpu=210 ap1r0=100000 (shadow already dirty)
put,241442460700,41247,vcpu=0 cpu=210 ap1r0=100000 ap1r1=0
load,241442463320,41247,vcpu=0 cpu=210 ap1r0=100000 (shadow already dirty)
put,241467339900,41247,vcpu=0 cpu=210 ap1r0=100000 ap1r1=0
load,241467345500,41247,vcpu=0 cpu=210 ap1r0=100000 (shadow already dirty)
put,241467377200,41247,vcpu=0 cpu=210 ap1r0=100000 ap1r1=0
load,241467380140,41247,vcpu=0 cpu=210 ap1r0=100000 (shadow already dirty)
put,241467390090,41247,vcpu=0 cpu=210 ap1r0=100000 ap1r1=0
load,241467393010,41247,vcpu=0 cpu=210 ap1r0=100000 (shadow already dirty)
put,241470027250,41247,vcpu=0 cpu=210 ap1r0=100000 ap1r1=0
load,241470031850,41247,vcpu=0 cpu=210 ap1r0=100000 (shadow already dirty)
put,241470064170,41247,vcpu=0 cpu=210 ap1r0=100000 ap1r1=0
load,241470067110,41247,vcpu=0 cpu=210 ap1r0=100000 (shadow already dirty)
put,241470076870,41247,vcpu=0 cpu=210 ap1r0=100000 ap1r1=0
load,241470079670,41247,vcpu=0 cpu=210 ap1r0=100000 (shadow already dirty)
put,241482208800,41247,vcpu=0 cpu=210 ap1r0=100000 ap1r1=0
load,241482218290,41247,vcpu=0 cpu=210 ap1r0=100000 (shadow already dirty)
put,241482254140,41247,vcpu=0 cpu=210 ap1r0=100000 ap1r1=0
load,241482257600,41247,vcpu=0 cpu=210 ap1r0=100000 (shadow already dirty)
put,241483639830,41247,vcpu=0 cpu=210 ap1r0=100000 ap1r1=0
load,241483643250,41247,vcpu=0 cpu=210 ap1r0=100000 (shadow already dirty)
put,241483652720,41247,vcpu=0 cpu=210 ap1r0=100000 ap1r1=0
load,241483655800,41247,vcpu=0 cpu=210 ap1r0=100000 (shadow already dirty)
put,241483660060,41247,vcpu=0 cpu=210 ap1r0=100000 ap1r1=0
load,241483662240,41247,vcpu=0 cpu=210 ap1r0=100000 (shadow already dirty)
put,241484587090,41247,vcpu=0 cpu=210 ap1r0=100000 ap1r1=0
load,241484590990,41247,vcpu=0 cpu=210 ap1r0=100000 (shadow already dirty)
put,241484600390,41247,vcpu=0 cpu=210 ap1r0=100000 ap1r1=0
load,241484603400,41247,vcpu=0 cpu=210 ap1r0=100000 (shadow already dirty)
put,241484607240,41247,vcpu=0 cpu=210 ap1r0=100000 ap1r1=0
load,241484609340,41247,vcpu=0 cpu=210 ap1r0=100000 (shadow already dirty)
put,241492543220,41248,vcpu=1 cpu=212 ap1r0=100000 ap1r1=0
load,241492617030,41248,vcpu=1 cpu=212 ap1r0=100000 (shadow already dirty)
put,241492621920,41248,vcpu=1 cpu=212 ap1r0=100000 ap1r1=0
load,243118409030,41338,vcpu=0 cpu=0 ap1r0=700000000 (shadow already dirty)
load,243118408910,41339,vcpu=1 cpu=4 ap1r0=6e6f00000000 (shadow already dirty)
put,243120594710,41338,vcpu=0 cpu=0 ap1r0=100000 ap1r1=0
load,243120606620,41338,vcpu=0 cpu=0 ap1r0=100000 (shadow already dirty)
put,243120758140,41338,vcpu=0 cpu=0 ap1r0=100000 ap1r1=0
load,243120768900,41338,vcpu=0 cpu=0 ap1r0=100000 (shadow already dirty)
put,243122835380,41338,vcpu=0 cpu=0 ap1r0=100000 ap1r1=0
load,243122841490,41338,vcpu=0 cpu=0 ap1r0=100000 (shadow already dirty)
put,243122873250,41338,vcpu=0 cpu=0 ap1r0=100000 ap1r1=0
load,243122879720,41338,vcpu=0 cpu=0 ap1r0=100000 (shadow already dirty)
put,243124999070,41338,vcpu=0 cpu=0 ap1r0=100000 ap1r1=0
load,243125005630,41338,vcpu=0 cpu=0 ap1r0=100000 (shadow already dirty)
put,243125037900,41338,vcpu=0 cpu=0 ap1r0=100000 ap1r1=0
load,243125044380,41338,vcpu=0 cpu=0 ap1r0=100000 (shadow already dirty)
put,243125055160,41338,vcpu=0 cpu=0 ap1r0=100000 ap1r1=0
load,243125061580,41338,vcpu=0 cpu=0 ap1r0=100000 (shadow already dirty)
put,243134002000,41338,vcpu=0 cpu=0 ap1r0=100000 ap1r1=0
load,243134013410,41338,vcpu=0 cpu=0 ap1r0=100000 (shadow already dirty)
put,243134054720,41338,vcpu=0 cpu=0 ap1r0=100000 ap1r1=0
load,243134062090,41338,vcpu=0 cpu=0 ap1r0=100000 (shadow already dirty)
put,243134066540,41338,vcpu=0 cpu=0 ap1r0=100000 ap1r1=0
load,243134068420,41338,vcpu=0 cpu=0 ap1r0=100000 (shadow already dirty)
put,243134836190,41338,vcpu=0 cpu=0 ap1r0=100000 ap1r1=0
load,243134843900,41338,vcpu=0 cpu=0 ap1r0=100000 (shadow already dirty)
put,243134874860,41338,vcpu=0 cpu=0 ap1r0=100000 ap1r1=0
load,243134881000,41338,vcpu=0 cpu=0 ap1r0=100000 (shadow already dirty)
put,243134890240,41338,vcpu=0 cpu=0 ap1r0=100000 ap1r1=0
load,243134894290,41338,vcpu=0 cpu=0 ap1r0=100000 (shadow already dirty)
put,243136644590,41338,vcpu=0 cpu=0 ap1r0=100000 ap1r1=0
load,243136651620,41338,vcpu=0 cpu=0 ap1r0=100000 (shadow already dirty)
put,243136682510,41338,vcpu=0 cpu=0 ap1r0=100000 ap1r1=0
load,243136688930,41338,vcpu=0 cpu=0 ap1r0=100000 (shadow already dirty)
put,243136698260,41338,vcpu=0 cpu=0 ap1r0=100000 ap1r1=0
load,243136704660,41338,vcpu=0 cpu=0 ap1r0=100000 (shadow already dirty)
put,243136936040,41338,vcpu=0 cpu=0 ap1r0=100000 ap1r1=0
load,243136943160,41338,vcpu=0 cpu=0 ap1r0=100000 (shadow already dirty)
put,243136976220,41338,vcpu=0 cpu=0 ap1r0=100000 ap1r1=0
load,243136982750,41338,vcpu=0 cpu=0 ap1r0=100000 (shadow already dirty)
put,243136992860,41338,vcpu=0 cpu=0 ap1r0=100000 ap1r1=0
load,243136999300,41338,vcpu=0 cpu=0 ap1r0=100000 (shadow already dirty)
put,243137983970,41338,vcpu=0 cpu=0 ap1r0=100000 ap1r1=0
load,243137990250,41338,vcpu=0 cpu=0 ap1r0=100000 (shadow already dirty)
put,243138019580,41338,vcpu=0 cpu=0 ap1r0=100000 ap1r1=0
load,243138025380,41338,vcpu=0 cpu=0 ap1r0=100000 (shadow already dirty)
put,243138977880,41338,vcpu=0 cpu=0 ap1r0=100000 ap1r1=0
load,243138984220,41338,vcpu=0 cpu=0 ap1r0=100000 (shadow already dirty)
put,243139014310,41338,vcpu=0 cpu=0 ap1r0=100000 ap1r1=0
load,243139020230,41338,vcpu=0 cpu=0 ap1r0=100000 (shadow already dirty)
put,243139029300,41338,vcpu=0 cpu=0 ap1r0=100000 ap1r1=0
load,243139032470,41338,vcpu=0 cpu=0 ap1r0=100000 (shadow already dirty)
put,243141269660,41338,vcpu=0 cpu=0 ap1r0=100000 ap1r1=0
load,243141277190,41338,vcpu=0 cpu=0 ap1r0=100000 (shadow already dirty)
put,243141309900,41338,vcpu=0 cpu=0 ap1r0=100000 ap1r1=0
load,243141316340,41338,vcpu=0 cpu=0 ap1r0=100000 (shadow already dirty)
put,243141326190,41338,vcpu=0 cpu=0 ap1r0=100000 ap1r1=0
load,243141332630,41338,vcpu=0 cpu=0 ap1r0=100000 (shadow already dirty)
put,243142648950,41338,vcpu=0 cpu=0 ap1r0=100000 ap1r1=0
load,243142655240,41338,vcpu=0 cpu=0 ap1r0=100000 (shadow already dirty)
put,243142687160,41338,vcpu=0 cpu=0 ap1r0=100000 ap1r1=0
load,243142693570,41338,vcpu=0 cpu=0 ap1r0=100000 (shadow already dirty)
put,243142703640,41338,vcpu=0 cpu=0 ap1r0=100000 ap1r1=0
load,243142709540,41338,vcpu=0 cpu=0 ap1r0=100000 (shadow already dirty)
put,243173244390,41338,vcpu=0 cpu=0 ap1r0=100000 ap1r1=0
load,243173253150,41338,vcpu=0 cpu=0 ap1r0=100000 (shadow already dirty)
put,243173286580,41338,vcpu=0 cpu=0 ap1r0=100000 ap1r1=0
load,243173292730,41338,vcpu=0 cpu=0 ap1r0=100000 (shadow already dirty)
put,243173302960,41338,vcpu=0 cpu=0 ap1r0=100000 ap1r1=0
load,243173309360,41338,vcpu=0 cpu=0 ap1r0=100000 (shadow already dirty)
put,243180456760,41338,vcpu=0 cpu=0 ap1r0=100000 ap1r1=0
load,243180464190,41338,vcpu=0 cpu=0 ap1r0=100000 (shadow already dirty)
put,243180497750,41338,vcpu=0 cpu=0 ap1r0=100000 ap1r1=0
load,243180504160,41338,vcpu=0 cpu=0 ap1r0=100000 (shadow already dirty)
put,243180514300,41338,vcpu=0 cpu=0 ap1r0=100000 ap1r1=0
load,243180520770,41338,vcpu=0 cpu=0 ap1r0=100000 (shadow already dirty)
put,243189123360,41338,vcpu=0 cpu=0 ap1r0=100000 ap1r1=0
load,243189133000,41338,vcpu=0 cpu=0 ap1r0=100000 (shadow already dirty)
put,243189172400,41338,vcpu=0 cpu=0 ap1r0=100000 ap1r1=0
load,243189179090,41338,vcpu=0 cpu=0 ap1r0=100000 (shadow already dirty)
put,243190544090,41338,vcpu=0 cpu=0 ap1r0=100000 ap1r1=0
load,243190550280,41338,vcpu=0 cpu=0 ap1r0=100000 (shadow already dirty)
put,243190580500,41338,vcpu=0 cpu=0 ap1r0=100000 ap1r1=0
load,243190586390,41338,vcpu=0 cpu=0 ap1r0=100000 (shadow already dirty)
put,243190595750,41338,vcpu=0 cpu=0 ap1r0=100000 ap1r1=0
load,243190598920,41338,vcpu=0 cpu=0 ap1r0=100000 (shadow already dirty)
put,243191675890,41338,vcpu=0 cpu=0 ap1r0=100000 ap1r1=0
load,243191682280,41338,vcpu=0 cpu=0 ap1r0=100000 (shadow already dirty)
put,243191713190,41338,vcpu=0 cpu=0 ap1r0=100000 ap1r1=0
load,243191719190,41338,vcpu=0 cpu=0 ap1r0=100000 (shadow already dirty)
put,243191728150,41338,vcpu=0 cpu=0 ap1r0=100000 ap1r1=0
load,243191731290,41338,vcpu=0 cpu=0 ap1r0=100000 (shadow already dirty)
put,243202474650,41339,vcpu=1 cpu=6 ap1r0=100000 ap1r1=0
load,243202540380,41339,vcpu=1 cpu=6 ap1r0=100000 (shadow already dirty)
put,243202549780,41339,vcpu=1 cpu=6 ap1r0=100000 ap1r1=0
load,244876177920,41441,vcpu=0 cpu=86 ap1r0=700000000 (shadow already dirty)
load,244876204310,41442,vcpu=1 cpu=30 ap1r0=ffffffff00000000 (shadow already dirty)
put,244878564040,41441,vcpu=0 cpu=2 ap1r0=100000 ap1r1=0
load,244878574460,41441,vcpu=0 cpu=2 ap1r0=100000 (shadow already dirty)
put,244878672050,41441,vcpu=0 cpu=2 ap1r0=100000 ap1r1=0
load,244878678850,41441,vcpu=0 cpu=2 ap1r0=100000 (shadow already dirty)
put,244880910160,41441,vcpu=0 cpu=2 ap1r0=100000 ap1r1=0
load,244880916980,41441,vcpu=0 cpu=2 ap1r0=100000 (shadow already dirty)
put,244880953160,41441,vcpu=0 cpu=2 ap1r0=100000 ap1r1=0
load,244880959890,41441,vcpu=0 cpu=2 ap1r0=100000 (shadow already dirty)
put,244883116250,41441,vcpu=0 cpu=2 ap1r0=100000 ap1r1=0
load,244883122840,41441,vcpu=0 cpu=2 ap1r0=100000 (shadow already dirty)
put,244883157950,41441,vcpu=0 cpu=2 ap1r0=100000 ap1r1=0
load,244883164250,41441,vcpu=0 cpu=2 ap1r0=100000 (shadow already dirty)
put,244883176020,41441,vcpu=0 cpu=2 ap1r0=100000 ap1r1=0
load,244883182610,41441,vcpu=0 cpu=2 ap1r0=100000 (shadow already dirty)
put,244890538840,41441,vcpu=0 cpu=2 ap1r0=100000 ap1r1=0
load,244890549630,41441,vcpu=0 cpu=2 ap1r0=100000 (shadow already dirty)
put,244890594200,41441,vcpu=0 cpu=2 ap1r0=100000 ap1r1=0
load,244890602140,41441,vcpu=0 cpu=2 ap1r0=100000 (shadow already dirty)
put,244890607690,41441,vcpu=0 cpu=2 ap1r0=100000 ap1r1=0
load,244890609800,41441,vcpu=0 cpu=2 ap1r0=100000 (shadow already dirty)
put,244891746170,41441,vcpu=0 cpu=2 ap1r0=100000 ap1r1=0
load,244891752760,41441,vcpu=0 cpu=2 ap1r0=100000 (shadow already dirty)
put,244891786630,41441,vcpu=0 cpu=2 ap1r0=100000 ap1r1=0
load,244891792600,41441,vcpu=0 cpu=2 ap1r0=100000 (shadow already dirty)
put,244891802770,41441,vcpu=0 cpu=2 ap1r0=100000 ap1r1=0
load,244891809220,41441,vcpu=0 cpu=2 ap1r0=100000 (shadow already dirty)
put,244892108820,41441,vcpu=0 cpu=2 ap1r0=100000 ap1r1=0
load,244892116250,41441,vcpu=0 cpu=2 ap1r0=100000 (shadow already dirty)
put,244892128400,41441,vcpu=0 cpu=2 ap1r0=100000 ap1r1=0
load,244892135480,41441,vcpu=0 cpu=2 ap1r0=100000 (shadow already dirty)
put,244892140970,41441,vcpu=0 cpu=2 ap1r0=100000 ap1r1=0
load,244892142950,41441,vcpu=0 cpu=2 ap1r0=100000 (shadow already dirty)
put,244893640050,41441,vcpu=0 cpu=2 ap1r0=100000 ap1r1=0
load,244893651230,41441,vcpu=0 cpu=2 ap1r0=100000 (shadow already dirty)
put,244894607580,41441,vcpu=0 cpu=2 ap1r0=100000 ap1r1=0
load,244894614560,41441,vcpu=0 cpu=2 ap1r0=100000 (shadow already dirty)
put,244894648340,41441,vcpu=0 cpu=2 ap1r0=100000 ap1r1=0
load,244894655450,41441,vcpu=0 cpu=2 ap1r0=100000 (shadow already dirty)
put,244894667780,41441,vcpu=0 cpu=2 ap1r0=100000 ap1r1=0
load,244894674780,41441,vcpu=0 cpu=2 ap1r0=100000 (shadow already dirty)
put,244894679450,41441,vcpu=0 cpu=2 ap1r0=100000 ap1r1=0
load,244894681410,41441,vcpu=0 cpu=2 ap1r0=100000 (shadow already dirty)
put,244894905710,41441,vcpu=0 cpu=2 ap1r0=100000 ap1r1=0
load,244894912170,41441,vcpu=0 cpu=2 ap1r0=100000 (shadow already dirty)
put,244894945860,41441,vcpu=0 cpu=2 ap1r0=100000 ap1r1=0
load,244894952060,41441,vcpu=0 cpu=2 ap1r0=100000 (shadow already dirty)
put,244894962080,41441,vcpu=0 cpu=2 ap1r0=100000 ap1r1=0
load,244894968290,41441,vcpu=0 cpu=2 ap1r0=100000 (shadow already dirty)
put,244898082240,41441,vcpu=0 cpu=2 ap1r0=100000 ap1r1=0
load,244898092230,41441,vcpu=0 cpu=2 ap1r0=100000 (shadow already dirty)
put,244898733140,41441,vcpu=0 cpu=2 ap1r0=100000 ap1r1=0
load,244898742520,41441,vcpu=0 cpu=2 ap1r0=100000 (shadow already dirty)
put,244898749470,41441,vcpu=0 cpu=2 ap1r0=100000 ap1r1=0
load,244898753120,41441,vcpu=0 cpu=2 ap1r0=100000 (shadow already dirty)
put,244902045540,41441,vcpu=0 cpu=2 ap1r0=100000 ap1r1=0
load,244902057450,41441,vcpu=0 cpu=2 ap1r0=100000 (shadow already dirty)
put,244902101960,41441,vcpu=0 cpu=2 ap1r0=100000 ap1r1=0
load,244902110230,41441,vcpu=0 cpu=2 ap1r0=100000 (shadow already dirty)
put,244930492100,41441,vcpu=0 cpu=2 ap1r0=100000 ap1r1=0
load,244930506310,41441,vcpu=0 cpu=2 ap1r0=100000 (shadow already dirty)
put,244932159450,41441,vcpu=0 cpu=2 ap1r0=100000 ap1r1=0
load,244932167430,41441,vcpu=0 cpu=2 ap1r0=100000 (shadow already dirty)
put,244932201570,41441,vcpu=0 cpu=2 ap1r0=100000 ap1r1=0
load,244932209060,41441,vcpu=0 cpu=2 ap1r0=100000 (shadow already dirty)
put,244932221660,41441,vcpu=0 cpu=2 ap1r0=100000 ap1r1=0
load,244932228680,41441,vcpu=0 cpu=2 ap1r0=100000 (shadow already dirty)
put,244932233400,41441,vcpu=0 cpu=2 ap1r0=100000 ap1r1=0
load,244932235580,41441,vcpu=0 cpu=2 ap1r0=100000 (shadow already dirty)
put,244947375390,41441,vcpu=0 cpu=2 ap1r0=100000 ap1r1=0
load,244947382710,41441,vcpu=0 cpu=2 ap1r0=100000 (shadow already dirty)
put,244947417580,41441,vcpu=0 cpu=2 ap1r0=100000 ap1r1=0
load,244947424200,41441,vcpu=0 cpu=2 ap1r0=100000 (shadow already dirty)
put,244948869020,41441,vcpu=0 cpu=2 ap1r0=100000 ap1r1=0
load,244948875750,41441,vcpu=0 cpu=2 ap1r0=100000 (shadow already dirty)
put,244948912670,41441,vcpu=0 cpu=2 ap1r0=100000 ap1r1=0
load,244948919190,41441,vcpu=0 cpu=2 ap1r0=100000 (shadow already dirty)
put,244948931770,41441,vcpu=0 cpu=2 ap1r0=100000 ap1r1=0
load,244948938230,41441,vcpu=0 cpu=2 ap1r0=100000 (shadow already dirty)
put,244950244590,41441,vcpu=0 cpu=2 ap1r0=100000 ap1r1=0
load,244950251580,41441,vcpu=0 cpu=2 ap1r0=100000 (shadow already dirty)
put,244950285530,41441,vcpu=0 cpu=2 ap1r0=100000 ap1r1=0
load,244950291990,41441,vcpu=0 cpu=2 ap1r0=100000 (shadow already dirty)
put,244950302320,41441,vcpu=0 cpu=2 ap1r0=100000 ap1r1=0
load,244950308740,41441,vcpu=0 cpu=2 ap1r0=100000 (shadow already dirty)
put,244959614350,41442,vcpu=1 cpu=52 ap1r0=100000 ap1r1=0
load,244959692530,41442,vcpu=1 cpu=52 ap1r0=100000 (shadow already dirty)
put,244959702050,41442,vcpu=1 cpu=52 ap1r0=100000 ap1r1=0
load,246632258100,41574,vcpu=0 cpu=2 ap1r0=700000000 (shadow already dirty)
load,246632279780,41575,vcpu=1 cpu=0 ap1r0=6e6f00000000 (shadow already dirty)
put,246634033990,41574,vcpu=0 cpu=2 ap1r0=100000 ap1r1=0
load,246634042430,41574,vcpu=0 cpu=2 ap1r0=100000 (shadow already dirty)
put,246634128570,41574,vcpu=0 cpu=2 ap1r0=100000 ap1r1=0
load,246634135620,41574,vcpu=0 cpu=2 ap1r0=100000 (shadow already dirty)
put,246636443500,41574,vcpu=0 cpu=2 ap1r0=100000 ap1r1=0
load,246636450320,41574,vcpu=0 cpu=2 ap1r0=100000 (shadow already dirty)
put,246636485020,41574,vcpu=0 cpu=2 ap1r0=100000 ap1r1=0
load,246636491500,41574,vcpu=0 cpu=2 ap1r0=100000 (shadow already dirty)
put,246638729890,41574,vcpu=0 cpu=2 ap1r0=100000 ap1r1=0
load,246638736760,41574,vcpu=0 cpu=2 ap1r0=100000 (shadow already dirty)
put,246638771710,41574,vcpu=0 cpu=2 ap1r0=100000 ap1r1=0
load,246638778240,41574,vcpu=0 cpu=2 ap1r0=100000 (shadow already dirty)
put,246638788660,41574,vcpu=0 cpu=2 ap1r0=100000 ap1r1=0
load,246638795330,41574,vcpu=0 cpu=2 ap1r0=100000 (shadow already dirty)
put,246646060780,41574,vcpu=0 cpu=2 ap1r0=100000 ap1r1=0
load,246646073880,41574,vcpu=0 cpu=2 ap1r0=100000 (shadow already dirty)
put,246646138150,41574,vcpu=0 cpu=2 ap1r0=100000 ap1r1=0
load,246646145620,41574,vcpu=0 cpu=2 ap1r0=100000 (shadow already dirty)
put,246647135470,41574,vcpu=0 cpu=2 ap1r0=100000 ap1r1=0
load,246647142800,41574,vcpu=0 cpu=2 ap1r0=100000 (shadow already dirty)
put,246647152760,41574,vcpu=0 cpu=2 ap1r0=100000 ap1r1=0
load,246647159820,41574,vcpu=0 cpu=2 ap1r0=100000 (shadow already dirty)
put,246647164830,41574,vcpu=0 cpu=2 ap1r0=100000 ap1r1=0
load,246647166810,41574,vcpu=0 cpu=2 ap1r0=100000 (shadow already dirty)
put,246647420430,41574,vcpu=0 cpu=2 ap1r0=100000 ap1r1=0
load,246647427430,41574,vcpu=0 cpu=2 ap1r0=100000 (shadow already dirty)
put,246647460760,41574,vcpu=0 cpu=2 ap1r0=100000 ap1r1=0
load,246647467230,41574,vcpu=0 cpu=2 ap1r0=100000 (shadow already dirty)
put,246647477370,41574,vcpu=0 cpu=2 ap1r0=100000 ap1r1=0
load,246647483800,41574,vcpu=0 cpu=2 ap1r0=100000 (shadow already dirty)
put,246649045730,41574,vcpu=0 cpu=2 ap1r0=100000 ap1r1=0
load,246649054370,41574,vcpu=0 cpu=2 ap1r0=100000 (shadow already dirty)
put,246649064460,41574,vcpu=0 cpu=2 ap1r0=100000 ap1r1=0
load,246649071510,41574,vcpu=0 cpu=2 ap1r0=100000 (shadow already dirty)
put,246649075990,41574,vcpu=0 cpu=2 ap1r0=100000 ap1r1=0
load,246649078050,41574,vcpu=0 cpu=2 ap1r0=100000 (shadow already dirty)
put,246650434260,41574,vcpu=0 cpu=2 ap1r0=100000 ap1r1=0
load,246650441410,41574,vcpu=0 cpu=2 ap1r0=100000 (shadow already dirty)
put,246650475840,41574,vcpu=0 cpu=2 ap1r0=100000 ap1r1=0
load,246650482660,41574,vcpu=0 cpu=2 ap1r0=100000 (shadow already dirty)
put,246651486380,41574,vcpu=0 cpu=2 ap1r0=100000 ap1r1=0
load,246651492520,41574,vcpu=0 cpu=2 ap1r0=100000 (shadow already dirty)
put,246651525350,41574,vcpu=0 cpu=2 ap1r0=100000 ap1r1=0
load,246651531410,41574,vcpu=0 cpu=2 ap1r0=100000 (shadow already dirty)
put,246651541390,41574,vcpu=0 cpu=2 ap1r0=100000 ap1r1=0
load,246651547220,41574,vcpu=0 cpu=2 ap1r0=100000 (shadow already dirty)
put,246653582680,41574,vcpu=0 cpu=0 ap1r0=100000 ap1r1=0
load,246653590370,41574,vcpu=0 cpu=0 ap1r0=100000 (shadow already dirty)
put,246653624720,41574,vcpu=0 cpu=0 ap1r0=100000 ap1r1=0
load,246653631080,41574,vcpu=0 cpu=0 ap1r0=100000 (shadow already dirty)
put,246653641310,41574,vcpu=0 cpu=0 ap1r0=100000 ap1r1=0
load,246653647470,41574,vcpu=0 cpu=0 ap1r0=100000 (shadow already dirty)
put,246654981610,41574,vcpu=0 cpu=0 ap1r0=100000 ap1r1=0
load,246654987930,41574,vcpu=0 cpu=0 ap1r0=100000 (shadow already dirty)
put,246655019790,41574,vcpu=0 cpu=0 ap1r0=100000 ap1r1=0
load,246655025720,41574,vcpu=0 cpu=0 ap1r0=100000 (shadow already dirty)
put,246655035380,41574,vcpu=0 cpu=0 ap1r0=100000 ap1r1=0
load,246655041220,41574,vcpu=0 cpu=0 ap1r0=100000 (shadow already dirty)
put,246685688970,41574,vcpu=0 cpu=0 ap1r0=100000 ap1r1=0
load,246685698580,41574,vcpu=0 cpu=0 ap1r0=100000 (shadow already dirty)
put,246685733080,41574,vcpu=0 cpu=0 ap1r0=100000 ap1r1=0
load,246685739910,41574,vcpu=0 cpu=0 ap1r0=100000 (shadow already dirty)
put,246685750470,41574,vcpu=0 cpu=0 ap1r0=100000 ap1r1=0
load,246685756890,41574,vcpu=0 cpu=0 ap1r0=100000 (shadow already dirty)
put,246691170900,41574,vcpu=0 cpu=0 ap1r0=100000 ap1r1=0
load,246691179100,41574,vcpu=0 cpu=0 ap1r0=100000 (shadow already dirty)
put,246691211570,41574,vcpu=0 cpu=0 ap1r0=100000 ap1r1=0
load,246691218080,41574,vcpu=0 cpu=0 ap1r0=100000 (shadow already dirty)
put,246691227870,41574,vcpu=0 cpu=0 ap1r0=100000 ap1r1=0
load,246691234050,41574,vcpu=0 cpu=0 ap1r0=100000 (shadow already dirty)
put,246701515330,41574,vcpu=0 cpu=0 ap1r0=100000 ap1r1=0
load,246701528430,41574,vcpu=0 cpu=0 ap1r0=100000 (shadow already dirty)
put,246702937630,41574,vcpu=0 cpu=0 ap1r0=100000 ap1r1=0
load,246702944890,41574,vcpu=0 cpu=0 ap1r0=100000 (shadow already dirty)
put,246702977990,41574,vcpu=0 cpu=0 ap1r0=100000 ap1r1=0
load,246702984520,41574,vcpu=0 cpu=0 ap1r0=100000 (shadow already dirty)
put,246702994770,41574,vcpu=0 cpu=0 ap1r0=100000 ap1r1=0
load,246703001210,41574,vcpu=0 cpu=0 ap1r0=100000 (shadow already dirty)
put,246703005820,41574,vcpu=0 cpu=0 ap1r0=100000 ap1r1=0
load,246703007580,41574,vcpu=0 cpu=0 ap1r0=100000 (shadow already dirty)
put,246704390200,41574,vcpu=0 cpu=0 ap1r0=100000 ap1r1=0
load,246704398810,41574,vcpu=0 cpu=0 ap1r0=100000 (shadow already dirty)
put,246712284570,41575,vcpu=1 cpu=2 ap1r0=100000 ap1r1=0
load,246712353190,41575,vcpu=1 cpu=2 ap1r0=100000 (shadow already dirty)
put,246712362120,41575,vcpu=1 cpu=2 ap1r0=100000 ap1r1=0
load,248399815720,41695,vcpu=1 cpu=370 ap1r0=6e6f00000000 (shadow already dirty)
load,248399815710,41694,vcpu=0 cpu=371 ap1r0=700000000 (shadow already dirty)
put,248401644950,41694,vcpu=0 cpu=371 ap1r0=100000 ap1r1=0
load,248401653970,41694,vcpu=0 cpu=371 ap1r0=100000 (shadow already dirty)
put,248401745450,41694,vcpu=0 cpu=371 ap1r0=100000 ap1r1=0
load,248401750830,41694,vcpu=0 cpu=371 ap1r0=100000 (shadow already dirty)
put,248404379260,41694,vcpu=0 cpu=371 ap1r0=100000 ap1r1=0
load,248404385640,41694,vcpu=0 cpu=371 ap1r0=100000 (shadow already dirty)
put,248404434230,41694,vcpu=0 cpu=371 ap1r0=100000 ap1r1=0
load,248404439680,41694,vcpu=0 cpu=371 ap1r0=100000 (shadow already dirty)
put,248406857610,41694,vcpu=0 cpu=371 ap1r0=100000 ap1r1=0
load,248406864130,41694,vcpu=0 cpu=371 ap1r0=100000 (shadow already dirty)
put,248406904490,41694,vcpu=0 cpu=371 ap1r0=100000 ap1r1=0
load,248406909420,41694,vcpu=0 cpu=371 ap1r0=100000 (shadow already dirty)
put,248406922400,41694,vcpu=0 cpu=371 ap1r0=100000 ap1r1=0
load,248406927310,41694,vcpu=0 cpu=371 ap1r0=100000 (shadow already dirty)
put,248414313830,41694,vcpu=0 cpu=371 ap1r0=100000 ap1r1=0
load,248414319980,41694,vcpu=0 cpu=371 ap1r0=100000 (shadow already dirty)
put,248414352130,41694,vcpu=0 cpu=371 ap1r0=100000 ap1r1=0
load,248414355950,41694,vcpu=0 cpu=371 ap1r0=100000 (shadow already dirty)
put,248415352110,41694,vcpu=0 cpu=371 ap1r0=100000 ap1r1=0
load,248415355560,41694,vcpu=0 cpu=371 ap1r0=100000 (shadow already dirty)
put,248415386080,41694,vcpu=0 cpu=371 ap1r0=100000 ap1r1=0
load,248415389600,41694,vcpu=0 cpu=371 ap1r0=100000 (shadow already dirty)
put,248415399060,41694,vcpu=0 cpu=371 ap1r0=100000 ap1r1=0
load,248415402680,41694,vcpu=0 cpu=371 ap1r0=100000 (shadow already dirty)
put,248416175370,41694,vcpu=0 cpu=371 ap1r0=100000 ap1r1=0
load,248416182210,41694,vcpu=0 cpu=371 ap1r0=100000 (shadow already dirty)
put,248416193000,41694,vcpu=0 cpu=371 ap1r0=100000 ap1r1=0
load,248416198000,41694,vcpu=0 cpu=371 ap1r0=100000 (shadow already dirty)
put,248416203310,41694,vcpu=0 cpu=371 ap1r0=100000 ap1r1=0
load,248416207480,41694,vcpu=0 cpu=371 ap1r0=100000 (shadow already dirty)
put,248417685340,41694,vcpu=0 cpu=371 ap1r0=100000 ap1r1=0
load,248417691260,41694,vcpu=0 cpu=371 ap1r0=100000 (shadow already dirty)
put,248417724850,41694,vcpu=0 cpu=371 ap1r0=100000 ap1r1=0
load,248417729020,41694,vcpu=0 cpu=371 ap1r0=100000 (shadow already dirty)
put,248418718720,41694,vcpu=0 cpu=371 ap1r0=100000 ap1r1=0
load,248418722870,41694,vcpu=0 cpu=371 ap1r0=100000 (shadow already dirty)
put,248418755020,41694,vcpu=0 cpu=371 ap1r0=100000 ap1r1=0
load,248418759000,41694,vcpu=0 cpu=371 ap1r0=100000 (shadow already dirty)
put,248418768910,41694,vcpu=0 cpu=371 ap1r0=100000 ap1r1=0
load,248418773020,41694,vcpu=0 cpu=371 ap1r0=100000 (shadow already dirty)
put,248419013390,41694,vcpu=0 cpu=371 ap1r0=100000 ap1r1=0
load,248419019500,41694,vcpu=0 cpu=371 ap1r0=100000 (shadow already dirty)
put,248419055130,41694,vcpu=0 cpu=371 ap1r0=100000 ap1r1=0
load,248419059810,41694,vcpu=0 cpu=371 ap1r0=100000 (shadow already dirty)
put,248419070280,41694,vcpu=0 cpu=371 ap1r0=100000 ap1r1=0
load,248419075330,41694,vcpu=0 cpu=371 ap1r0=100000 (shadow already dirty)
put,248421931530,41694,vcpu=0 cpu=371 ap1r0=100000 ap1r1=0
load,248421939870,41694,vcpu=0 cpu=371 ap1r0=100000 (shadow already dirty)
put,248422671600,41694,vcpu=0 cpu=371 ap1r0=100000 ap1r1=0
load,248422678590,41694,vcpu=0 cpu=371 ap1r0=100000 (shadow already dirty)
put,248422696950,41694,vcpu=0 cpu=371 ap1r0=100000 ap1r1=0
load,248422701980,41694,vcpu=0 cpu=371 ap1r0=100000 (shadow already dirty)
put,248429295890,41694,vcpu=0 cpu=371 ap1r0=100000 ap1r1=0
load,248429305220,41694,vcpu=0 cpu=371 ap1r0=100000 (shadow already dirty)
put,248429346110,41694,vcpu=0 cpu=371 ap1r0=100000 ap1r1=0
load,248429351620,41694,vcpu=0 cpu=371 ap1r0=100000 (shadow already dirty)
put,248429362840,41694,vcpu=0 cpu=371 ap1r0=100000 ap1r1=0
load,248429367590,41694,vcpu=0 cpu=371 ap1r0=100000 (shadow already dirty)
put,248452854830,41694,vcpu=0 cpu=371 ap1r0=100000 ap1r1=0
load,248452865600,41694,vcpu=0 cpu=371 ap1r0=100000 (shadow already dirty)
put,248452914590,41694,vcpu=0 cpu=371 ap1r0=100000 ap1r1=0
load,248452920610,41694,vcpu=0 cpu=371 ap1r0=100000 (shadow already dirty)
put,248452926080,41694,vcpu=0 cpu=371 ap1r0=100000 ap1r1=0
load,248452931670,41694,vcpu=0 cpu=371 ap1r0=100000 (shadow already dirty)
put,248462519830,41694,vcpu=0 cpu=371 ap1r0=100000 ap1r1=0
load,248462528130,41694,vcpu=0 cpu=371 ap1r0=100000 (shadow already dirty)
put,248462539610,41694,vcpu=0 cpu=371 ap1r0=100000 ap1r1=0
load,248462545050,41694,vcpu=0 cpu=371 ap1r0=100000 (shadow already dirty)
put,248462549710,41694,vcpu=0 cpu=371 ap1r0=100000 ap1r1=0
load,248462553150,41694,vcpu=0 cpu=371 ap1r0=100000 (shadow already dirty)
put,248468731570,41694,vcpu=0 cpu=371 ap1r0=100000 ap1r1=0
load,248468739890,41694,vcpu=0 cpu=371 ap1r0=100000 (shadow already dirty)
put,248468776480,41694,vcpu=0 cpu=371 ap1r0=100000 ap1r1=0
load,248468781330,41694,vcpu=0 cpu=371 ap1r0=100000 (shadow already dirty)
put,248470106370,41694,vcpu=0 cpu=371 ap1r0=100000 ap1r1=0
load,248470110730,41694,vcpu=0 cpu=371 ap1r0=100000 (shadow already dirty)
put,248470121290,41694,vcpu=0 cpu=371 ap1r0=100000 ap1r1=0
load,248470126150,41694,vcpu=0 cpu=371 ap1r0=100000 (shadow already dirty)
put,248470131580,41694,vcpu=0 cpu=371 ap1r0=100000 ap1r1=0
load,248470133870,41694,vcpu=0 cpu=371 ap1r0=100000 (shadow already dirty)
put,248472069660,41694,vcpu=0 cpu=371 ap1r0=100000 ap1r1=0
load,248472075180,41694,vcpu=0 cpu=371 ap1r0=100000 (shadow already dirty)
put,248472106760,41694,vcpu=0 cpu=371 ap1r0=100000 ap1r1=0
load,248472110880,41694,vcpu=0 cpu=371 ap1r0=100000 (shadow already dirty)
put,248472120390,41694,vcpu=0 cpu=371 ap1r0=100000 ap1r1=0
load,248472124580,41694,vcpu=0 cpu=371 ap1r0=100000 (shadow already dirty)
put,248479529280,41695,vcpu=1 cpu=370 ap1r0=100000 ap1r1=0
load,248479594810,41695,vcpu=1 cpu=370 ap1r0=100000 (shadow already dirty)
put,248479602490,41695,vcpu=1 cpu=370 ap1r0=100000 ap1r1=0
load,250170307830,41827,vcpu=0 cpu=88 ap1r0=700000000 (shadow already dirty)
load,250170330850,41828,vcpu=1 cpu=86 ap1r0=6e6f00000000 (shadow already dirty)
put,250172011730,41827,vcpu=0 cpu=88 ap1r0=100000 ap1r1=0
load,250172067330,41827,vcpu=0 cpu=88 ap1r0=100000 (shadow already dirty)
put,250172565840,41827,vcpu=0 cpu=88 ap1r0=100000 ap1r1=0
load,250172573320,41827,vcpu=0 cpu=88 ap1r0=100000 (shadow already dirty)
put,250172662420,41827,vcpu=0 cpu=88 ap1r0=100000 ap1r1=0
load,250172668810,41827,vcpu=0 cpu=88 ap1r0=100000 (shadow already dirty)
put,250174817200,41827,vcpu=0 cpu=88 ap1r0=100000 ap1r1=0
load,250174823420,41827,vcpu=0 cpu=88 ap1r0=100000 (shadow already dirty)
put,250174856500,41827,vcpu=0 cpu=88 ap1r0=100000 ap1r1=0
load,250174863060,41827,vcpu=0 cpu=88 ap1r0=100000 (shadow already dirty)
put,250176906960,41827,vcpu=0 cpu=88 ap1r0=100000 ap1r1=0
load,250176912930,41827,vcpu=0 cpu=88 ap1r0=100000 (shadow already dirty)
put,250176945310,41827,vcpu=0 cpu=88 ap1r0=100000 ap1r1=0
load,250176951500,41827,vcpu=0 cpu=88 ap1r0=100000 (shadow already dirty)
put,250176961380,41827,vcpu=0 cpu=88 ap1r0=100000 ap1r1=0
load,250176967640,41827,vcpu=0 cpu=88 ap1r0=100000 (shadow already dirty)
put,250185289420,41827,vcpu=0 cpu=88 ap1r0=100000 ap1r1=0
load,250185296400,41827,vcpu=0 cpu=88 ap1r0=100000 (shadow already dirty)
put,250185328590,41827,vcpu=0 cpu=88 ap1r0=100000 ap1r1=0
load,250185334540,41827,vcpu=0 cpu=88 ap1r0=100000 (shadow already dirty)
put,250186356960,41827,vcpu=0 cpu=88 ap1r0=100000 ap1r1=0
load,250186362990,41827,vcpu=0 cpu=88 ap1r0=100000 (shadow already dirty)
put,250186394550,41827,vcpu=0 cpu=88 ap1r0=100000 ap1r1=0
load,250186400470,41827,vcpu=0 cpu=88 ap1r0=100000 (shadow already dirty)
put,250186410450,41827,vcpu=0 cpu=88 ap1r0=100000 ap1r1=0
load,250186413680,41827,vcpu=0 cpu=88 ap1r0=100000 (shadow already dirty)
put,250187379760,41827,vcpu=0 cpu=88 ap1r0=100000 ap1r1=0
load,250187388570,41827,vcpu=0 cpu=88 ap1r0=100000 (shadow already dirty)
put,250187421200,41827,vcpu=0 cpu=88 ap1r0=100000 ap1r1=0
load,250187427870,41827,vcpu=0 cpu=88 ap1r0=100000 (shadow already dirty)
put,250187438050,41827,vcpu=0 cpu=88 ap1r0=100000 ap1r1=0
load,250187444650,41827,vcpu=0 cpu=88 ap1r0=100000 (shadow already dirty)
put,250188931530,41827,vcpu=0 cpu=88 ap1r0=100000 ap1r1=0
load,250188938460,41827,vcpu=0 cpu=88 ap1r0=100000 (shadow already dirty)
put,250188970990,41827,vcpu=0 cpu=88 ap1r0=100000 ap1r1=0
load,250188977250,41827,vcpu=0 cpu=88 ap1r0=100000 (shadow already dirty)
put,250188986980,41827,vcpu=0 cpu=88 ap1r0=100000 ap1r1=0
load,250188993110,41827,vcpu=0 cpu=88 ap1r0=100000 (shadow already dirty)
put,250190729300,41827,vcpu=0 cpu=88 ap1r0=100000 ap1r1=0
load,250190736310,41827,vcpu=0 cpu=88 ap1r0=100000 (shadow already dirty)
put,250190783480,41827,vcpu=0 cpu=88 ap1r0=100000 ap1r1=0
load,250190790220,41827,vcpu=0 cpu=88 ap1r0=100000 (shadow already dirty)
put,250191768790,41827,vcpu=0 cpu=88 ap1r0=100000 ap1r1=0
load,250191774990,41827,vcpu=0 cpu=88 ap1r0=100000 (shadow already dirty)
put,250191807270,41827,vcpu=0 cpu=88 ap1r0=100000 ap1r1=0
load,250191813400,41827,vcpu=0 cpu=88 ap1r0=100000 (shadow already dirty)
put,250191823010,41827,vcpu=0 cpu=88 ap1r0=100000 ap1r1=0
load,250191829170,41827,vcpu=0 cpu=88 ap1r0=100000 (shadow already dirty)
put,250193827870,41827,vcpu=0 cpu=88 ap1r0=100000 ap1r1=0
load,250193835160,41827,vcpu=0 cpu=88 ap1r0=100000 (shadow already dirty)
put,250193868980,41827,vcpu=0 cpu=88 ap1r0=100000 ap1r1=0
load,250193875200,41827,vcpu=0 cpu=88 ap1r0=100000 (shadow already dirty)
put,250195303410,41827,vcpu=0 cpu=88 ap1r0=100000 ap1r1=0
load,250195309910,41827,vcpu=0 cpu=88 ap1r0=100000 (shadow already dirty)
put,250195342350,41827,vcpu=0 cpu=88 ap1r0=100000 ap1r1=0
load,250195348440,41827,vcpu=0 cpu=88 ap1r0=100000 (shadow already dirty)
put,250195358350,41827,vcpu=0 cpu=88 ap1r0=100000 ap1r1=0
load,250195364770,41827,vcpu=0 cpu=88 ap1r0=100000 (shadow already dirty)
put,250228094800,41827,vcpu=0 cpu=88 ap1r0=100000 ap1r1=0
load,250228102420,41827,vcpu=0 cpu=88 ap1r0=100000 (shadow already dirty)
put,250228136640,41827,vcpu=0 cpu=88 ap1r0=100000 ap1r1=0
load,250228143250,41827,vcpu=0 cpu=88 ap1r0=100000 (shadow already dirty)
put,250228154120,41827,vcpu=0 cpu=88 ap1r0=100000 ap1r1=0
load,250228160590,41827,vcpu=0 cpu=88 ap1r0=100000 (shadow already dirty)
put,250230030430,41827,vcpu=0 cpu=88 ap1r0=100000 ap1r1=0
load,250230037260,41827,vcpu=0 cpu=88 ap1r0=100000 (shadow already dirty)
put,250230070610,41827,vcpu=0 cpu=88 ap1r0=100000 ap1r1=0
load,250230077060,41827,vcpu=0 cpu=88 ap1r0=100000 (shadow already dirty)
put,250230087860,41827,vcpu=0 cpu=88 ap1r0=100000 ap1r1=0
load,250230094000,41827,vcpu=0 cpu=88 ap1r0=100000 (shadow already dirty)
put,250239429610,41827,vcpu=0 cpu=88 ap1r0=100000 ap1r1=0
load,250239436600,41827,vcpu=0 cpu=88 ap1r0=100000 (shadow already dirty)
put,250239469900,41827,vcpu=0 cpu=88 ap1r0=100000 ap1r1=0
load,250239476050,41827,vcpu=0 cpu=88 ap1r0=100000 (shadow already dirty)
put,250240800960,41827,vcpu=0 cpu=88 ap1r0=100000 ap1r1=0
load,250240806800,41827,vcpu=0 cpu=88 ap1r0=100000 (shadow already dirty)
put,250240838430,41827,vcpu=0 cpu=88 ap1r0=100000 ap1r1=0
load,250240844400,41827,vcpu=0 cpu=88 ap1r0=100000 (shadow already dirty)
put,250240853920,41827,vcpu=0 cpu=88 ap1r0=100000 ap1r1=0
load,250240860100,41827,vcpu=0 cpu=88 ap1r0=100000 (shadow already dirty)
put,250242034000,41827,vcpu=0 cpu=88 ap1r0=100000 ap1r1=0
load,250242040870,41827,vcpu=0 cpu=88 ap1r0=100000 (shadow already dirty)
put,250242072560,41827,vcpu=0 cpu=88 ap1r0=100000 ap1r1=0
load,250242079030,41827,vcpu=0 cpu=88 ap1r0=100000 (shadow already dirty)
put,250242088910,41827,vcpu=0 cpu=88 ap1r0=100000 ap1r1=0
load,250242095100,41827,vcpu=0 cpu=88 ap1r0=100000 (shadow already dirty)
put,250249776720,41828,vcpu=1 cpu=86 ap1r0=100000 ap1r1=0
load,250249853360,41828,vcpu=1 cpu=86 ap1r0=100000 (shadow already dirty)
put,250249862580,41828,vcpu=1 cpu=86 ap1r0=100000 ap1r1=0
load,251932246300,41934,vcpu=0 cpu=14 ap1r0=700000000 (shadow already dirty)
load,251932271540,41935,vcpu=1 cpu=64 ap1r0=6e6f00000000 (shadow already dirty)
put,251934421500,41934,vcpu=0 cpu=90 ap1r0=100000 ap1r1=0
load,251934431460,41934,vcpu=0 cpu=90 ap1r0=100000 (shadow already dirty)
put,251934540290,41934,vcpu=0 cpu=90 ap1r0=100000 ap1r1=0
load,251934546510,41934,vcpu=0 cpu=90 ap1r0=100000 (shadow already dirty)
put,251936628610,41934,vcpu=0 cpu=90 ap1r0=100000 ap1r1=0
load,251936634550,41934,vcpu=0 cpu=90 ap1r0=100000 (shadow already dirty)
put,251936666190,41934,vcpu=0 cpu=90 ap1r0=100000 ap1r1=0
load,251936672660,41934,vcpu=0 cpu=90 ap1r0=100000 (shadow already dirty)
put,251938917840,41934,vcpu=0 cpu=90 ap1r0=100000 ap1r1=0
load,251938924050,41934,vcpu=0 cpu=90 ap1r0=100000 (shadow already dirty)
put,251938956980,41934,vcpu=0 cpu=90 ap1r0=100000 ap1r1=0
load,251938962680,41934,vcpu=0 cpu=90 ap1r0=100000 (shadow already dirty)
put,251938973900,41934,vcpu=0 cpu=90 ap1r0=100000 ap1r1=0
load,251938979700,41934,vcpu=0 cpu=90 ap1r0=100000 (shadow already dirty)
put,251946427600,41934,vcpu=0 cpu=90 ap1r0=100000 ap1r1=0
load,251946438220,41934,vcpu=0 cpu=90 ap1r0=100000 (shadow already dirty)
put,251946451140,41934,vcpu=0 cpu=90 ap1r0=100000 ap1r1=0
load,251946458460,41934,vcpu=0 cpu=90 ap1r0=100000 (shadow already dirty)
put,251946463720,41934,vcpu=0 cpu=90 ap1r0=100000 ap1r1=0
load,251946465630,41934,vcpu=0 cpu=90 ap1r0=100000 (shadow already dirty)
put,251947560240,41934,vcpu=0 cpu=90 ap1r0=100000 ap1r1=0
load,251947566990,41934,vcpu=0 cpu=90 ap1r0=100000 (shadow already dirty)
put,251947599480,41934,vcpu=0 cpu=90 ap1r0=100000 ap1r1=0
load,251947605730,41934,vcpu=0 cpu=90 ap1r0=100000 (shadow already dirty)
put,251947615790,41934,vcpu=0 cpu=90 ap1r0=100000 ap1r1=0
load,251947621760,41934,vcpu=0 cpu=90 ap1r0=100000 (shadow already dirty)
put,251947907440,41934,vcpu=0 cpu=90 ap1r0=100000 ap1r1=0
load,251947914390,41934,vcpu=0 cpu=90 ap1r0=100000 (shadow already dirty)
put,251947926730,41934,vcpu=0 cpu=90 ap1r0=100000 ap1r1=0
load,251947933560,41934,vcpu=0 cpu=90 ap1r0=100000 (shadow already dirty)
put,251947938830,41934,vcpu=0 cpu=90 ap1r0=100000 ap1r1=0
load,251947940610,41934,vcpu=0 cpu=90 ap1r0=100000 (shadow already dirty)
put,251949836740,41934,vcpu=0 cpu=90 ap1r0=100000 ap1r1=0
load,251949846920,41934,vcpu=0 cpu=90 ap1r0=100000 (shadow already dirty)
put,251950787180,41934,vcpu=0 cpu=90 ap1r0=100000 ap1r1=0
load,251950794300,41934,vcpu=0 cpu=90 ap1r0=100000 (shadow already dirty)
put,251950827920,41934,vcpu=0 cpu=90 ap1r0=100000 ap1r1=0
load,251950834710,41934,vcpu=0 cpu=90 ap1r0=100000 (shadow already dirty)
put,251950846910,41934,vcpu=0 cpu=90 ap1r0=100000 ap1r1=0
load,251950853660,41934,vcpu=0 cpu=90 ap1r0=100000 (shadow already dirty)
put,251950858110,41934,vcpu=0 cpu=90 ap1r0=100000 ap1r1=0
load,251950859990,41934,vcpu=0 cpu=90 ap1r0=100000 (shadow already dirty)
put,251951073120,41934,vcpu=0 cpu=90 ap1r0=100000 ap1r1=0
load,251951079180,41934,vcpu=0 cpu=90 ap1r0=100000 (shadow already dirty)
put,251951111090,41934,vcpu=0 cpu=90 ap1r0=100000 ap1r1=0
load,251951117030,41934,vcpu=0 cpu=90 ap1r0=100000 (shadow already dirty)
put,251951126960,41934,vcpu=0 cpu=90 ap1r0=100000 ap1r1=0
load,251951132870,41934,vcpu=0 cpu=90 ap1r0=100000 (shadow already dirty)
put,251954218260,41934,vcpu=0 cpu=90 ap1r0=100000 ap1r1=0
load,251954229340,41934,vcpu=0 cpu=90 ap1r0=100000 (shadow already dirty)
put,251955027430,41934,vcpu=0 cpu=90 ap1r0=100000 ap1r1=0
load,251955036520,41934,vcpu=0 cpu=90 ap1r0=100000 (shadow already dirty)
put,251955041610,41934,vcpu=0 cpu=90 ap1r0=100000 ap1r1=0
load,251955043550,41934,vcpu=0 cpu=90 ap1r0=100000 (shadow already dirty)
put,251958326570,41934,vcpu=0 cpu=90 ap1r0=100000 ap1r1=0
load,251958338130,41934,vcpu=0 cpu=90 ap1r0=100000 (shadow already dirty)
put,251958374900,41934,vcpu=0 cpu=90 ap1r0=100000 ap1r1=0
load,251958382410,41934,vcpu=0 cpu=90 ap1r0=100000 (shadow already dirty)
put,251958397080,41934,vcpu=0 cpu=90 ap1r0=100000 ap1r1=0
load,251958403790,41934,vcpu=0 cpu=90 ap1r0=100000 (shadow already dirty)
put,251990366720,41934,vcpu=0 cpu=92 ap1r0=100000 ap1r1=0
load,251990382530,41934,vcpu=0 cpu=92 ap1r0=100000 (shadow already dirty)
put,251990396990,41934,vcpu=0 cpu=92 ap1r0=100000 ap1r1=0
load,251990404850,41934,vcpu=0 cpu=92 ap1r0=100000 (shadow already dirty)
put,251990410260,41934,vcpu=0 cpu=92 ap1r0=100000 ap1r1=0
load,251990412410,41934,vcpu=0 cpu=92 ap1r0=100000 (shadow already dirty)
put,251994626390,41934,vcpu=0 cpu=92 ap1r0=100000 ap1r1=0
load,251994640040,41934,vcpu=0 cpu=92 ap1r0=100000 (shadow already dirty)
put,251994681180,41934,vcpu=0 cpu=92 ap1r0=100000 ap1r1=0
load,251994688910,41934,vcpu=0 cpu=92 ap1r0=100000 (shadow already dirty)
put,251994693200,41934,vcpu=0 cpu=92 ap1r0=100000 ap1r1=0
load,251994695080,41934,vcpu=0 cpu=92 ap1r0=100000 (shadow already dirty)
put,252003567610,41934,vcpu=0 cpu=92 ap1r0=100000 ap1r1=0
load,252003579530,41934,vcpu=0 cpu=92 ap1r0=100000 (shadow already dirty)
put,252004900510,41934,vcpu=0 cpu=92 ap1r0=100000 ap1r1=0
load,252004907980,41934,vcpu=0 cpu=92 ap1r0=100000 (shadow already dirty)
put,252004943100,41934,vcpu=0 cpu=92 ap1r0=100000 ap1r1=0
load,252004950030,41934,vcpu=0 cpu=92 ap1r0=100000 (shadow already dirty)
put,252004962840,41934,vcpu=0 cpu=92 ap1r0=100000 ap1r1=0
load,252004969290,41934,vcpu=0 cpu=92 ap1r0=100000 (shadow already dirty)
put,252004974290,41934,vcpu=0 cpu=92 ap1r0=100000 ap1r1=0
load,252004976920,41934,vcpu=0 cpu=92 ap1r0=100000 (shadow already dirty)
put,252006005670,41934,vcpu=0 cpu=92 ap1r0=100000 ap1r1=0
load,252006014930,41934,vcpu=0 cpu=92 ap1r0=100000 (shadow already dirty)
put,252006027370,41934,vcpu=0 cpu=92 ap1r0=100000 ap1r1=0
load,252006034290,41934,vcpu=0 cpu=92 ap1r0=100000 (shadow already dirty)
put,252006038860,41934,vcpu=0 cpu=92 ap1r0=100000 ap1r1=0
load,252006040700,41934,vcpu=0 cpu=92 ap1r0=100000 (shadow already dirty)
put,252011623560,41935,vcpu=1 cpu=64 ap1r0=100000 ap1r1=0
load,252011693280,41935,vcpu=1 cpu=64 ap1r0=100000 (shadow already dirty)
put,252011702760,41935,vcpu=1 cpu=64 ap1r0=100000 ap1r1=0
load,253725887240,42069,vcpu=0 cpu=252 ap1r0=700000000 (shadow already dirty)
load,253725906600,42070,vcpu=1 cpu=250 ap1r0=ffffffff00000000 (shadow already dirty)
put,253728038860,42069,vcpu=0 cpu=252 ap1r0=100000 ap1r1=0
load,253728045440,42069,vcpu=0 cpu=252 ap1r0=100000 (shadow already dirty)
put,253728151120,42069,vcpu=0 cpu=252 ap1r0=100000 ap1r1=0
load,253728155890,42069,vcpu=0 cpu=252 ap1r0=100000 (shadow already dirty)
put,253730293360,42069,vcpu=0 cpu=252 ap1r0=100000 ap1r1=0
load,253730297380,42069,vcpu=0 cpu=252 ap1r0=100000 (shadow already dirty)
put,253730328530,42069,vcpu=0 cpu=252 ap1r0=100000 ap1r1=0
load,253730332150,42069,vcpu=0 cpu=252 ap1r0=100000 (shadow already dirty)
put,253732538030,42069,vcpu=0 cpu=252 ap1r0=100000 ap1r1=0
load,253732542180,42069,vcpu=0 cpu=252 ap1r0=100000 (shadow already dirty)
put,253732574960,42069,vcpu=0 cpu=252 ap1r0=100000 ap1r1=0
load,253732578500,42069,vcpu=0 cpu=252 ap1r0=100000 (shadow already dirty)
put,253732588310,42069,vcpu=0 cpu=252 ap1r0=100000 ap1r1=0
load,253732591870,42069,vcpu=0 cpu=252 ap1r0=100000 (shadow already dirty)
put,253739881760,42069,vcpu=0 cpu=252 ap1r0=100000 ap1r1=0
load,253739886950,42069,vcpu=0 cpu=252 ap1r0=100000 (shadow already dirty)
put,253739918920,42069,vcpu=0 cpu=252 ap1r0=100000 ap1r1=0
load,253739922790,42069,vcpu=0 cpu=252 ap1r0=100000 (shadow already dirty)
put,253740933450,42069,vcpu=0 cpu=252 ap1r0=100000 ap1r1=0
load,253740937720,42069,vcpu=0 cpu=252 ap1r0=100000 (shadow already dirty)
put,253740968370,42069,vcpu=0 cpu=252 ap1r0=100000 ap1r1=0
load,253740972210,42069,vcpu=0 cpu=252 ap1r0=100000 (shadow already dirty)
put,253740981720,42069,vcpu=0 cpu=252 ap1r0=100000 ap1r1=0
load,253740985470,42069,vcpu=0 cpu=252 ap1r0=100000 (shadow already dirty)
put,253741770060,42069,vcpu=0 cpu=252 ap1r0=100000 ap1r1=0
load,253741776170,42069,vcpu=0 cpu=252 ap1r0=100000 (shadow already dirty)
put,253741788350,42069,vcpu=0 cpu=252 ap1r0=100000 ap1r1=0
load,253741793000,42069,vcpu=0 cpu=252 ap1r0=100000 (shadow already dirty)
put,253741797860,42069,vcpu=0 cpu=252 ap1r0=100000 ap1r1=0
load,253741799600,42069,vcpu=0 cpu=252 ap1r0=100000 (shadow already dirty)
put,253743653200,42069,vcpu=0 cpu=252 ap1r0=100000 ap1r1=0
load,253743661100,42069,vcpu=0 cpu=252 ap1r0=100000 (shadow already dirty)
put,253744713300,42069,vcpu=0 cpu=252 ap1r0=100000 ap1r1=0
load,253744718430,42069,vcpu=0 cpu=252 ap1r0=100000 (shadow already dirty)
put,253744754600,42069,vcpu=0 cpu=252 ap1r0=100000 ap1r1=0
load,253744759150,42069,vcpu=0 cpu=252 ap1r0=100000 (shadow already dirty)
put,253744771510,42069,vcpu=0 cpu=252 ap1r0=100000 ap1r1=0
load,253744775830,42069,vcpu=0 cpu=252 ap1r0=100000 (shadow already dirty)
put,253744779980,42069,vcpu=0 cpu=252 ap1r0=100000 ap1r1=0
load,253744781590,42069,vcpu=0 cpu=252 ap1r0=100000 (shadow already dirty)
put,253744991510,42069,vcpu=0 cpu=252 ap1r0=100000 ap1r1=0
load,253744995600,42069,vcpu=0 cpu=252 ap1r0=100000 (shadow already dirty)
put,253745026650,42069,vcpu=0 cpu=252 ap1r0=100000 ap1r1=0
load,253745030480,42069,vcpu=0 cpu=252 ap1r0=100000 (shadow already dirty)
put,253745039960,42069,vcpu=0 cpu=252 ap1r0=100000 ap1r1=0
load,253745043750,42069,vcpu=0 cpu=252 ap1r0=100000 (shadow already dirty)
put,253747977630,42069,vcpu=0 cpu=252 ap1r0=100000 ap1r1=0
load,253747982960,42069,vcpu=0 cpu=252 ap1r0=100000 (shadow already dirty)
put,253748029150,42069,vcpu=0 cpu=252 ap1r0=100000 ap1r1=0
load,253748033080,42069,vcpu=0 cpu=252 ap1r0=100000 (shadow already dirty)
put,253749398400,42069,vcpu=0 cpu=252 ap1r0=100000 ap1r1=0
load,253749402690,42069,vcpu=0 cpu=252 ap1r0=100000 (shadow already dirty)
put,253749435100,42069,vcpu=0 cpu=252 ap1r0=100000 ap1r1=0
load,253749439040,42069,vcpu=0 cpu=252 ap1r0=100000 (shadow already dirty)
put,253749449380,42069,vcpu=0 cpu=252 ap1r0=100000 ap1r1=0
load,253749453280,42069,vcpu=0 cpu=252 ap1r0=100000 (shadow already dirty)
put,253780198590,42069,vcpu=0 cpu=252 ap1r0=100000 ap1r1=0
load,253780204730,42069,vcpu=0 cpu=252 ap1r0=100000 (shadow already dirty)
put,253780238580,42069,vcpu=0 cpu=252 ap1r0=100000 ap1r1=0
load,253780242660,42069,vcpu=0 cpu=252 ap1r0=100000 (shadow already dirty)
put,253781959360,42069,vcpu=0 cpu=252 ap1r0=100000 ap1r1=0
load,253781963230,42069,vcpu=0 cpu=252 ap1r0=100000 (shadow already dirty)
put,253781995860,42069,vcpu=0 cpu=252 ap1r0=100000 ap1r1=0
load,253781999790,42069,vcpu=0 cpu=252 ap1r0=100000 (shadow already dirty)
put,253782010330,42069,vcpu=0 cpu=252 ap1r0=100000 ap1r1=0
load,253782014010,42069,vcpu=0 cpu=252 ap1r0=100000 (shadow already dirty)
put,253790600660,42069,vcpu=0 cpu=252 ap1r0=100000 ap1r1=0
load,253790610400,42069,vcpu=0 cpu=252 ap1r0=100000 (shadow already dirty)
put,253790647790,42069,vcpu=0 cpu=252 ap1r0=100000 ap1r1=0
load,253790653310,42069,vcpu=0 cpu=252 ap1r0=100000 (shadow already dirty)
put,253791989500,42069,vcpu=0 cpu=252 ap1r0=100000 ap1r1=0
load,253791994400,42069,vcpu=0 cpu=252 ap1r0=100000 (shadow already dirty)
put,253792016310,42069,vcpu=0 cpu=252 ap1r0=100000 ap1r1=0
load,253792020670,42069,vcpu=0 cpu=252 ap1r0=100000 (shadow already dirty)
put,253792026310,42069,vcpu=0 cpu=252 ap1r0=100000 ap1r1=0
load,253792028100,42069,vcpu=0 cpu=252 ap1r0=100000 (shadow already dirty)
put,253792973900,42069,vcpu=0 cpu=252 ap1r0=100000 ap1r1=0
load,253792978000,42069,vcpu=0 cpu=252 ap1r0=100000 (shadow already dirty)
put,253793009100,42069,vcpu=0 cpu=252 ap1r0=100000 ap1r1=0
load,253793012710,42069,vcpu=0 cpu=252 ap1r0=100000 (shadow already dirty)
put,253793022240,42069,vcpu=0 cpu=252 ap1r0=100000 ap1r1=0
load,253793025790,42069,vcpu=0 cpu=252 ap1r0=100000 (shadow already dirty)
put,253801467670,42070,vcpu=1 cpu=236 ap1r0=100000 ap1r1=0
load,253801539580,42070,vcpu=1 cpu=236 ap1r0=100000 (shadow already dirty)
put,253801546040,42070,vcpu=1 cpu=236 ap1r0=100000 ap1r1=0
load,255450746260,42205,vcpu=0 cpu=226 ap1r0=700000000 (shadow already dirty)
load,255450771200,42206,vcpu=1 cpu=250 ap1r0=ffffffff00000000 (shadow already dirty)
put,255452804870,42205,vcpu=0 cpu=226 ap1r0=100000 ap1r1=0
load,255452812220,42205,vcpu=0 cpu=226 ap1r0=100000 (shadow already dirty)
put,255452894260,42205,vcpu=0 cpu=226 ap1r0=100000 ap1r1=0
load,255452898930,42205,vcpu=0 cpu=226 ap1r0=100000 (shadow already dirty)
put,255455177270,42205,vcpu=0 cpu=226 ap1r0=100000 ap1r1=0
load,255455181590,42205,vcpu=0 cpu=226 ap1r0=100000 (shadow already dirty)
put,255455223110,42205,vcpu=0 cpu=226 ap1r0=100000 ap1r1=0
load,255455227410,42205,vcpu=0 cpu=226 ap1r0=100000 (shadow already dirty)
put,255457419220,42205,vcpu=0 cpu=226 ap1r0=100000 ap1r1=0
load,255457423740,42205,vcpu=0 cpu=226 ap1r0=100000 (shadow already dirty)
put,255457457950,42205,vcpu=0 cpu=226 ap1r0=100000 ap1r1=0
load,255457461820,42205,vcpu=0 cpu=226 ap1r0=100000 (shadow already dirty)
put,255457472320,42205,vcpu=0 cpu=226 ap1r0=100000 ap1r1=0
load,255457476160,42205,vcpu=0 cpu=226 ap1r0=100000 (shadow already dirty)
put,255465990770,42205,vcpu=0 cpu=226 ap1r0=100000 ap1r1=0
load,255465996260,42205,vcpu=0 cpu=226 ap1r0=100000 (shadow already dirty)
put,255466030160,42205,vcpu=0 cpu=226 ap1r0=100000 ap1r1=0
load,255466034350,42205,vcpu=0 cpu=226 ap1r0=100000 (shadow already dirty)
put,255467106720,42205,vcpu=0 cpu=226 ap1r0=100000 ap1r1=0
load,255467110900,42205,vcpu=0 cpu=226 ap1r0=100000 (shadow already dirty)
put,255467143760,42205,vcpu=0 cpu=226 ap1r0=100000 ap1r1=0
load,255467147910,42205,vcpu=0 cpu=226 ap1r0=100000 (shadow already dirty)
put,255467158020,42205,vcpu=0 cpu=226 ap1r0=100000 ap1r1=0
load,255467162140,42205,vcpu=0 cpu=226 ap1r0=100000 (shadow already dirty)
put,255468050820,42205,vcpu=0 cpu=226 ap1r0=100000 ap1r1=0
load,255468057420,42205,vcpu=0 cpu=226 ap1r0=100000 (shadow already dirty)
put,255468070200,42205,vcpu=0 cpu=226 ap1r0=100000 ap1r1=0
load,255468075230,42205,vcpu=0 cpu=226 ap1r0=100000 (shadow already dirty)
put,255468079960,42205,vcpu=0 cpu=226 ap1r0=100000 ap1r1=0
load,255468081930,42205,vcpu=0 cpu=226 ap1r0=100000 (shadow already dirty)
put,255469575620,42205,vcpu=0 cpu=226 ap1r0=100000 ap1r1=0
load,255469581080,42205,vcpu=0 cpu=226 ap1r0=100000 (shadow already dirty)
put,255469614880,42205,vcpu=0 cpu=226 ap1r0=100000 ap1r1=0
load,255469619300,42205,vcpu=0 cpu=226 ap1r0=100000 (shadow already dirty)
put,255469629620,42205,vcpu=0 cpu=226 ap1r0=100000 ap1r1=0
load,255469633780,42205,vcpu=0 cpu=226 ap1r0=100000 (shadow already dirty)
put,255471438680,42205,vcpu=0 cpu=226 ap1r0=100000 ap1r1=0
load,255471443980,42205,vcpu=0 cpu=226 ap1r0=100000 (shadow already dirty)
put,255471480110,42205,vcpu=0 cpu=226 ap1r0=100000 ap1r1=0
load,255471484390,42205,vcpu=0 cpu=226 ap1r0=100000 (shadow already dirty)
put,255472545520,42205,vcpu=0 cpu=226 ap1r0=100000 ap1r1=0
load,255472550000,42205,vcpu=0 cpu=226 ap1r0=100000 (shadow already dirty)
put,255472585040,42205,vcpu=0 cpu=226 ap1r0=100000 ap1r1=0
load,255472589120,42205,vcpu=0 cpu=226 ap1r0=100000 (shadow already dirty)
put,255472600260,42205,vcpu=0 cpu=226 ap1r0=100000 ap1r1=0
load,255472604260,42205,vcpu=0 cpu=226 ap1r0=100000 (shadow already dirty)
put,255474652090,42205,vcpu=0 cpu=226 ap1r0=100000 ap1r1=0
load,255474657340,42205,vcpu=0 cpu=226 ap1r0=100000 (shadow already dirty)
put,255474693060,42205,vcpu=0 cpu=226 ap1r0=100000 ap1r1=0
load,255474697210,42205,vcpu=0 cpu=226 ap1r0=100000 (shadow already dirty)
put,255476251370,42205,vcpu=0 cpu=226 ap1r0=100000 ap1r1=0
load,255476255900,42205,vcpu=0 cpu=226 ap1r0=100000 (shadow already dirty)
put,255476290800,42205,vcpu=0 cpu=226 ap1r0=100000 ap1r1=0
load,255476295000,42205,vcpu=0 cpu=226 ap1r0=100000 (shadow already dirty)
put,255476305330,42205,vcpu=0 cpu=226 ap1r0=100000 ap1r1=0
load,255476309330,42205,vcpu=0 cpu=226 ap1r0=100000 (shadow already dirty)
put,255503449280,42205,vcpu=0 cpu=226 ap1r0=100000 ap1r1=0
load,255503455250,42205,vcpu=0 cpu=226 ap1r0=100000 (shadow already dirty)
put,255503490720,42205,vcpu=0 cpu=226 ap1r0=100000 ap1r1=0
load,255503494800,42205,vcpu=0 cpu=226 ap1r0=100000 (shadow already dirty)
put,255505620410,42205,vcpu=0 cpu=226 ap1r0=100000 ap1r1=0
load,255505625320,42205,vcpu=0 cpu=226 ap1r0=100000 (shadow already dirty)
put,255505661360,42205,vcpu=0 cpu=226 ap1r0=100000 ap1r1=0
load,255505665360,42205,vcpu=0 cpu=226 ap1r0=100000 (shadow already dirty)
put,255505676870,42205,vcpu=0 cpu=226 ap1r0=100000 ap1r1=0
load,255505680840,42205,vcpu=0 cpu=226 ap1r0=100000 (shadow already dirty)
put,255519485030,42205,vcpu=0 cpu=226 ap1r0=100000 ap1r1=0
load,255519495220,42205,vcpu=0 cpu=226 ap1r0=100000 (shadow already dirty)
put,255520922100,42205,vcpu=0 cpu=226 ap1r0=100000 ap1r1=0
load,255520928110,42205,vcpu=0 cpu=226 ap1r0=100000 (shadow already dirty)
put,255520963760,42205,vcpu=0 cpu=226 ap1r0=100000 ap1r1=0
load,255520968530,42205,vcpu=0 cpu=226 ap1r0=100000 (shadow already dirty)
put,255520980970,42205,vcpu=0 cpu=226 ap1r0=100000 ap1r1=0
load,255520985380,42205,vcpu=0 cpu=226 ap1r0=100000 (shadow already dirty)
put,255520989940,42205,vcpu=0 cpu=226 ap1r0=100000 ap1r1=0
load,255520991770,42205,vcpu=0 cpu=226 ap1r0=100000 (shadow already dirty)
put,255522118340,42205,vcpu=0 cpu=226 ap1r0=100000 ap1r1=0
load,255522123880,42205,vcpu=0 cpu=226 ap1r0=100000 (shadow already dirty)
put,255522136470,42205,vcpu=0 cpu=226 ap1r0=100000 ap1r1=0
load,255522141030,42205,vcpu=0 cpu=226 ap1r0=100000 (shadow already dirty)
put,255522145610,42205,vcpu=0 cpu=226 ap1r0=100000 ap1r1=0
load,255522147440,42205,vcpu=0 cpu=226 ap1r0=100000 (shadow already dirty)
put,255530256220,42206,vcpu=1 cpu=194 ap1r0=100000 ap1r1=0
load,255530325840,42206,vcpu=1 cpu=194 ap1r0=100000 (shadow already dirty)
put,255530332530,42206,vcpu=1 cpu=194 ap1r0=100000 ap1r1=0
load,257195530970,42321,vcpu=0 cpu=80 ap1r0=700000000 (shadow already dirty)
load,257195548360,42322,vcpu=1 cpu=94 ap1r0=6e6f00000000 (shadow already dirty)
put,257197656420,42321,vcpu=0 cpu=80 ap1r0=100000 ap1r1=0
load,257197665600,42321,vcpu=0 cpu=80 ap1r0=100000 (shadow already dirty)
put,257197764980,42321,vcpu=0 cpu=80 ap1r0=100000 ap1r1=0
load,257197771250,42321,vcpu=0 cpu=80 ap1r0=100000 (shadow already dirty)
put,257199910600,42321,vcpu=0 cpu=80 ap1r0=100000 ap1r1=0
load,257199916460,42321,vcpu=0 cpu=80 ap1r0=100000 (shadow already dirty)
put,257199947490,42321,vcpu=0 cpu=80 ap1r0=100000 ap1r1=0
load,257199953620,42321,vcpu=0 cpu=80 ap1r0=100000 (shadow already dirty)
put,257202109140,42321,vcpu=0 cpu=80 ap1r0=100000 ap1r1=0
load,257202115530,42321,vcpu=0 cpu=80 ap1r0=100000 (shadow already dirty)
put,257202147970,42321,vcpu=0 cpu=80 ap1r0=100000 ap1r1=0
load,257202154160,42321,vcpu=0 cpu=80 ap1r0=100000 (shadow already dirty)
put,257202164530,42321,vcpu=0 cpu=80 ap1r0=100000 ap1r1=0
load,257202171020,42321,vcpu=0 cpu=80 ap1r0=100000 (shadow already dirty)
put,257210478560,42321,vcpu=0 cpu=80 ap1r0=100000 ap1r1=0
load,257210486330,42321,vcpu=0 cpu=80 ap1r0=100000 (shadow already dirty)
put,257210517910,42321,vcpu=0 cpu=80 ap1r0=100000 ap1r1=0
load,257210524090,42321,vcpu=0 cpu=80 ap1r0=100000 (shadow already dirty)
put,257211520030,42321,vcpu=0 cpu=80 ap1r0=100000 ap1r1=0
load,257211526250,42321,vcpu=0 cpu=80 ap1r0=100000 (shadow already dirty)
put,257211556920,42321,vcpu=0 cpu=80 ap1r0=100000 ap1r1=0
load,257211562920,42321,vcpu=0 cpu=80 ap1r0=100000 (shadow already dirty)
put,257211572570,42321,vcpu=0 cpu=80 ap1r0=100000 ap1r1=0
load,257211575770,42321,vcpu=0 cpu=80 ap1r0=100000 (shadow already dirty)
put,257213351620,42321,vcpu=0 cpu=80 ap1r0=100000 ap1r1=0
load,257213358360,42321,vcpu=0 cpu=80 ap1r0=100000 (shadow already dirty)
put,257213389520,42321,vcpu=0 cpu=80 ap1r0=100000 ap1r1=0
load,257213395370,42321,vcpu=0 cpu=80 ap1r0=100000 (shadow already dirty)
put,257213404810,42321,vcpu=0 cpu=80 ap1r0=100000 ap1r1=0
load,257213407930,42321,vcpu=0 cpu=80 ap1r0=100000 (shadow already dirty)
put,257214363270,42321,vcpu=0 cpu=80 ap1r0=100000 ap1r1=0
load,257214369490,42321,vcpu=0 cpu=80 ap1r0=100000 (shadow already dirty)
put,257214400390,42321,vcpu=0 cpu=80 ap1r0=100000 ap1r1=0
load,257214406370,42321,vcpu=0 cpu=80 ap1r0=100000 (shadow already dirty)
put,257214415660,42321,vcpu=0 cpu=80 ap1r0=100000 ap1r1=0
load,257214421450,42321,vcpu=0 cpu=80 ap1r0=100000 (shadow already dirty)
put,257214680930,42321,vcpu=0 cpu=80 ap1r0=100000 ap1r1=0
load,257214687490,42321,vcpu=0 cpu=80 ap1r0=100000 (shadow already dirty)
put,257214720020,42321,vcpu=0 cpu=80 ap1r0=100000 ap1r1=0
load,257214726430,42321,vcpu=0 cpu=80 ap1r0=100000 (shadow already dirty)
put,257214736370,42321,vcpu=0 cpu=80 ap1r0=100000 ap1r1=0
load,257214742390,42321,vcpu=0 cpu=80 ap1r0=100000 (shadow already dirty)
put,257216290780,42321,vcpu=0 cpu=80 ap1r0=100000 ap1r1=0
load,257216298270,42321,vcpu=0 cpu=80 ap1r0=100000 (shadow already dirty)
put,257216331140,42321,vcpu=0 cpu=80 ap1r0=100000 ap1r1=0
load,257216337610,42321,vcpu=0 cpu=80 ap1r0=100000 (shadow already dirty)
put,257216347270,42321,vcpu=0 cpu=80 ap1r0=100000 ap1r1=0
load,257216353650,42321,vcpu=0 cpu=80 ap1r0=100000 (shadow already dirty)
put,257219597100,42321,vcpu=0 cpu=80 ap1r0=100000 ap1r1=0
load,257219605160,42321,vcpu=0 cpu=80 ap1r0=100000 (shadow already dirty)
put,257219639240,42321,vcpu=0 cpu=80 ap1r0=100000 ap1r1=0
load,257219645650,42321,vcpu=0 cpu=80 ap1r0=100000 (shadow already dirty)
put,257221101860,42321,vcpu=0 cpu=80 ap1r0=100000 ap1r1=0
load,257221108540,42321,vcpu=0 cpu=80 ap1r0=100000 (shadow already dirty)
put,257221140930,42321,vcpu=0 cpu=80 ap1r0=100000 ap1r1=0
load,257221146960,42321,vcpu=0 cpu=80 ap1r0=100000 (shadow already dirty)
put,257221157050,42321,vcpu=0 cpu=80 ap1r0=100000 ap1r1=0
load,257221163190,42321,vcpu=0 cpu=80 ap1r0=100000 (shadow already dirty)
put,257247921420,42321,vcpu=0 cpu=80 ap1r0=100000 ap1r1=0
load,257247929820,42321,vcpu=0 cpu=80 ap1r0=100000 (shadow already dirty)
put,257247963630,42321,vcpu=0 cpu=80 ap1r0=100000 ap1r1=0
load,257247970080,42321,vcpu=0 cpu=80 ap1r0=100000 (shadow already dirty)
put,257249892080,42321,vcpu=0 cpu=80 ap1r0=100000 ap1r1=0
load,257249898720,42321,vcpu=0 cpu=80 ap1r0=100000 (shadow already dirty)
put,257249932100,42321,vcpu=0 cpu=80 ap1r0=100000 ap1r1=0
load,257249938190,42321,vcpu=0 cpu=80 ap1r0=100000 (shadow already dirty)
put,257249949230,42321,vcpu=0 cpu=80 ap1r0=100000 ap1r1=0
load,257249955100,42321,vcpu=0 cpu=80 ap1r0=100000 (shadow already dirty)
put,257264025420,42321,vcpu=0 cpu=80 ap1r0=100000 ap1r1=0
load,257264038240,42321,vcpu=0 cpu=80 ap1r0=100000 (shadow already dirty)
put,257264078230,42321,vcpu=0 cpu=80 ap1r0=100000 ap1r1=0
load,257264086450,42321,vcpu=0 cpu=80 ap1r0=100000 (shadow already dirty)
put,257265554270,42321,vcpu=0 cpu=80 ap1r0=100000 ap1r1=0
load,257265561010,42321,vcpu=0 cpu=80 ap1r0=100000 (shadow already dirty)
put,257265571190,42321,vcpu=0 cpu=80 ap1r0=100000 ap1r1=0
load,257265573460,42321,vcpu=0 cpu=80 ap1r0=100000 (shadow already dirty)
put,257265578090,42321,vcpu=0 cpu=80 ap1r0=100000 ap1r1=0
load,257265584300,42321,vcpu=0 cpu=80 ap1r0=100000 (shadow already dirty)
put,257266650330,42321,vcpu=0 cpu=80 ap1r0=100000 ap1r1=0
load,257266656800,42321,vcpu=0 cpu=80 ap1r0=100000 (shadow already dirty)
put,257266666820,42321,vcpu=0 cpu=80 ap1r0=100000 ap1r1=0
load,257266673250,42321,vcpu=0 cpu=80 ap1r0=100000 (shadow already dirty)
put,257266677450,42321,vcpu=0 cpu=80 ap1r0=100000 ap1r1=0
load,257266679260,42321,vcpu=0 cpu=80 ap1r0=100000 (shadow already dirty)
put,257275263120,42322,vcpu=1 cpu=95 ap1r0=100000 ap1r1=0
load,257275342690,42322,vcpu=1 cpu=95 ap1r0=100000 (shadow already dirty)
put,257275351650,42322,vcpu=1 cpu=95 ap1r0=100000 ap1r1=0
load,259008030720,42456,vcpu=0 cpu=193 ap1r0=700000000 (shadow already dirty)
load,259008044080,42457,vcpu=1 cpu=194 ap1r0=ffffffff00000000 (shadow already dirty)
put,259010036370,42456,vcpu=0 cpu=193 ap1r0=100000 ap1r1=0
load,259010044230,42456,vcpu=0 cpu=193 ap1r0=100000 (shadow already dirty)
put,259010127660,42456,vcpu=0 cpu=193 ap1r0=100000 ap1r1=0
load,259010131930,42456,vcpu=0 cpu=193 ap1r0=100000 (shadow already dirty)
put,259012213590,42456,vcpu=0 cpu=193 ap1r0=100000 ap1r1=0
load,259012217740,42456,vcpu=0 cpu=193 ap1r0=100000 (shadow already dirty)
put,259012248740,42456,vcpu=0 cpu=193 ap1r0=100000 ap1r1=0
load,259012252830,42456,vcpu=0 cpu=193 ap1r0=100000 (shadow already dirty)
put,259014266800,42456,vcpu=0 cpu=193 ap1r0=100000 ap1r1=0
load,259014271630,42456,vcpu=0 cpu=193 ap1r0=100000 (shadow already dirty)
put,259014303150,42456,vcpu=0 cpu=193 ap1r0=100000 ap1r1=0
load,259014307160,42456,vcpu=0 cpu=193 ap1r0=100000 (shadow already dirty)
put,259014317460,42456,vcpu=0 cpu=193 ap1r0=100000 ap1r1=0
load,259014321650,42456,vcpu=0 cpu=193 ap1r0=100000 (shadow already dirty)
put,259023163680,42456,vcpu=0 cpu=193 ap1r0=100000 ap1r1=0
load,259023168800,42456,vcpu=0 cpu=193 ap1r0=100000 (shadow already dirty)
put,259023199060,42456,vcpu=0 cpu=193 ap1r0=100000 ap1r1=0
load,259023202930,42456,vcpu=0 cpu=193 ap1r0=100000 (shadow already dirty)
put,259024178350,42456,vcpu=0 cpu=193 ap1r0=100000 ap1r1=0
load,259024182000,42456,vcpu=0 cpu=193 ap1r0=100000 (shadow already dirty)
put,259024211560,42456,vcpu=0 cpu=193 ap1r0=100000 ap1r1=0
load,259024215520,42456,vcpu=0 cpu=193 ap1r0=100000 (shadow already dirty)
put,259024225100,42456,vcpu=0 cpu=193 ap1r0=100000 ap1r1=0
load,259024229200,42456,vcpu=0 cpu=193 ap1r0=100000 (shadow already dirty)
put,259024971910,42456,vcpu=0 cpu=193 ap1r0=100000 ap1r1=0
load,259024977260,42456,vcpu=0 cpu=193 ap1r0=100000 (shadow already dirty)
put,259025011310,42456,vcpu=0 cpu=193 ap1r0=100000 ap1r1=0
load,259025015600,42456,vcpu=0 cpu=193 ap1r0=100000 (shadow already dirty)
put,259025025500,42456,vcpu=0 cpu=193 ap1r0=100000 ap1r1=0
load,259025029660,42456,vcpu=0 cpu=193 ap1r0=100000 (shadow already dirty)
put,259026087670,42456,vcpu=0 cpu=193 ap1r0=100000 ap1r1=0
load,259026091830,42456,vcpu=0 cpu=193 ap1r0=100000 (shadow already dirty)
put,259026121940,42456,vcpu=0 cpu=193 ap1r0=100000 ap1r1=0
load,259026125830,42456,vcpu=0 cpu=193 ap1r0=100000 (shadow already dirty)
put,259027032180,42456,vcpu=0 cpu=193 ap1r0=100000 ap1r1=0
load,259027036040,42456,vcpu=0 cpu=193 ap1r0=100000 (shadow already dirty)
put,259027065580,42456,vcpu=0 cpu=193 ap1r0=100000 ap1r1=0
load,259027069410,42456,vcpu=0 cpu=193 ap1r0=100000 (shadow already dirty)
put,259027078500,42456,vcpu=0 cpu=193 ap1r0=100000 ap1r1=0
load,259027082280,42456,vcpu=0 cpu=193 ap1r0=100000 (shadow already dirty)
put,259027317150,42456,vcpu=0 cpu=193 ap1r0=100000 ap1r1=0
load,259027322230,42456,vcpu=0 cpu=193 ap1r0=100000 (shadow already dirty)
put,259027355610,42456,vcpu=0 cpu=193 ap1r0=100000 ap1r1=0
load,259027359760,42456,vcpu=0 cpu=193 ap1r0=100000 (shadow already dirty)
put,259027369670,42456,vcpu=0 cpu=193 ap1r0=100000 ap1r1=0
load,259027373670,42456,vcpu=0 cpu=193 ap1r0=100000 (shadow already dirty)
put,259030207840,42456,vcpu=0 cpu=193 ap1r0=100000 ap1r1=0
load,259030212580,42456,vcpu=0 cpu=193 ap1r0=100000 (shadow already dirty)
put,259030244340,42456,vcpu=0 cpu=193 ap1r0=100000 ap1r1=0
load,259030248340,42456,vcpu=0 cpu=193 ap1r0=100000 (shadow already dirty)
put,259031526890,42456,vcpu=0 cpu=193 ap1r0=100000 ap1r1=0
load,259031530740,42456,vcpu=0 cpu=193 ap1r0=100000 (shadow already dirty)
put,259031561130,42456,vcpu=0 cpu=193 ap1r0=100000 ap1r1=0
load,259031564850,42456,vcpu=0 cpu=193 ap1r0=100000 (shadow already dirty)
put,259031574330,42456,vcpu=0 cpu=193 ap1r0=100000 ap1r1=0
load,259031578140,42456,vcpu=0 cpu=193 ap1r0=100000 (shadow already dirty)
put,259060505610,42456,vcpu=0 cpu=193 ap1r0=100000 ap1r1=0
load,259060511400,42456,vcpu=0 cpu=193 ap1r0=100000 (shadow already dirty)
put,259060543570,42456,vcpu=0 cpu=193 ap1r0=100000 ap1r1=0
load,259060547550,42456,vcpu=0 cpu=193 ap1r0=100000 (shadow already dirty)
put,259060557290,42456,vcpu=0 cpu=193 ap1r0=100000 ap1r1=0
load,259060561150,42456,vcpu=0 cpu=193 ap1r0=100000 (shadow already dirty)
put,259062374640,42456,vcpu=0 cpu=193 ap1r0=100000 ap1r1=0
load,259062378980,42456,vcpu=0 cpu=193 ap1r0=100000 (shadow already dirty)
put,259062410470,42456,vcpu=0 cpu=193 ap1r0=100000 ap1r1=0
load,259062414460,42456,vcpu=0 cpu=193 ap1r0=100000 (shadow already dirty)
put,259062424000,42456,vcpu=0 cpu=193 ap1r0=100000 ap1r1=0
load,259062427920,42456,vcpu=0 cpu=193 ap1r0=100000 (shadow already dirty)
put,259074467490,42456,vcpu=0 cpu=193 ap1r0=100000 ap1r1=0
load,259074472880,42456,vcpu=0 cpu=193 ap1r0=100000 (shadow already dirty)
put,259074503230,42456,vcpu=0 cpu=193 ap1r0=100000 ap1r1=0
load,259074507120,42456,vcpu=0 cpu=193 ap1r0=100000 (shadow already dirty)
put,259075746560,42456,vcpu=0 cpu=193 ap1r0=100000 ap1r1=0
load,259075750190,42456,vcpu=0 cpu=193 ap1r0=100000 (shadow already dirty)
put,259075779600,42456,vcpu=0 cpu=193 ap1r0=100000 ap1r1=0
load,259075783190,42456,vcpu=0 cpu=193 ap1r0=100000 (shadow already dirty)
put,259075792120,42456,vcpu=0 cpu=193 ap1r0=100000 ap1r1=0
load,259075795640,42456,vcpu=0 cpu=193 ap1r0=100000 (shadow already dirty)
put,259076902530,42456,vcpu=0 cpu=193 ap1r0=100000 ap1r1=0
load,259076906980,42456,vcpu=0 cpu=193 ap1r0=100000 (shadow already dirty)
put,259076936580,42456,vcpu=0 cpu=193 ap1r0=100000 ap1r1=0
load,259076940230,42456,vcpu=0 cpu=193 ap1r0=100000 (shadow already dirty)
put,259076949190,42456,vcpu=0 cpu=193 ap1r0=100000 ap1r1=0
load,259076952760,42456,vcpu=0 cpu=193 ap1r0=100000 (shadow already dirty)
put,259083903260,42457,vcpu=1 cpu=197 ap1r0=100000 ap1r1=0
load,259083964780,42457,vcpu=1 cpu=197 ap1r0=100000 (shadow already dirty)
put,259083970670,42457,vcpu=1 cpu=197 ap1r0=100000 ap1r1=0
load,260778596490,42558,vcpu=0 cpu=66 ap1r0=700000000 (shadow already dirty)
load,260778621210,42559,vcpu=1 cpu=80 ap1r0=ffffffff00000000 (shadow already dirty)
put,260780793360,42558,vcpu=0 cpu=66 ap1r0=100000 ap1r1=0
load,260780801820,42558,vcpu=0 cpu=66 ap1r0=100000 (shadow already dirty)
put,260780890240,42558,vcpu=0 cpu=66 ap1r0=100000 ap1r1=0
load,260780896770,42558,vcpu=0 cpu=66 ap1r0=100000 (shadow already dirty)
put,260783036660,42558,vcpu=0 cpu=66 ap1r0=100000 ap1r1=0
load,260783043010,42558,vcpu=0 cpu=66 ap1r0=100000 (shadow already dirty)
put,260783075020,42558,vcpu=0 cpu=66 ap1r0=100000 ap1r1=0
load,260783081390,42558,vcpu=0 cpu=66 ap1r0=100000 (shadow already dirty)
put,260785265730,42558,vcpu=0 cpu=66 ap1r0=100000 ap1r1=0
load,260785272050,42558,vcpu=0 cpu=66 ap1r0=100000 (shadow already dirty)
put,260785304920,42558,vcpu=0 cpu=66 ap1r0=100000 ap1r1=0
load,260785311090,42558,vcpu=0 cpu=66 ap1r0=100000 (shadow already dirty)
put,260785320970,42558,vcpu=0 cpu=66 ap1r0=100000 ap1r1=0
load,260785327180,42558,vcpu=0 cpu=66 ap1r0=100000 (shadow already dirty)
put,260793399170,42558,vcpu=0 cpu=66 ap1r0=100000 ap1r1=0
load,260793406180,42558,vcpu=0 cpu=66 ap1r0=100000 (shadow already dirty)
put,260793437930,42558,vcpu=0 cpu=66 ap1r0=100000 ap1r1=0
load,260793444170,42558,vcpu=0 cpu=66 ap1r0=100000 (shadow already dirty)
put,260794427640,42558,vcpu=0 cpu=66 ap1r0=100000 ap1r1=0
load,260794434070,42558,vcpu=0 cpu=66 ap1r0=100000 (shadow already dirty)
put,260794464930,42558,vcpu=0 cpu=66 ap1r0=100000 ap1r1=0
load,260794471430,42558,vcpu=0 cpu=66 ap1r0=100000 (shadow already dirty)
put,260794480980,42558,vcpu=0 cpu=66 ap1r0=100000 ap1r1=0
load,260794487380,42558,vcpu=0 cpu=66 ap1r0=100000 (shadow already dirty)
put,260795243200,42558,vcpu=0 cpu=66 ap1r0=100000 ap1r1=0
load,260795250220,42558,vcpu=0 cpu=66 ap1r0=100000 (shadow already dirty)
put,260795282530,42558,vcpu=0 cpu=66 ap1r0=100000 ap1r1=0
load,260795288830,42558,vcpu=0 cpu=66 ap1r0=100000 (shadow already dirty)
put,260795298630,42558,vcpu=0 cpu=66 ap1r0=100000 ap1r1=0
load,260795301780,42558,vcpu=0 cpu=66 ap1r0=100000 (shadow already dirty)
put,260796429300,42558,vcpu=0 cpu=66 ap1r0=100000 ap1r1=0
load,260796440270,42558,vcpu=0 cpu=66 ap1r0=100000 (shadow already dirty)
put,260796477640,42558,vcpu=0 cpu=66 ap1r0=100000 ap1r1=0
load,260796485990,42558,vcpu=0 cpu=66 ap1r0=100000 (shadow already dirty)
put,260797462300,42558,vcpu=0 cpu=66 ap1r0=100000 ap1r1=0
load,260797470930,42558,vcpu=0 cpu=66 ap1r0=100000 (shadow already dirty)
put,260797483410,42558,vcpu=0 cpu=66 ap1r0=100000 ap1r1=0
load,260797490320,42558,vcpu=0 cpu=66 ap1r0=100000 (shadow already dirty)
put,260797495690,42558,vcpu=0 cpu=66 ap1r0=100000 ap1r1=0
load,260797497690,42558,vcpu=0 cpu=66 ap1r0=100000 (shadow already dirty)
put,260797710280,42558,vcpu=0 cpu=66 ap1r0=100000 ap1r1=0
load,260797716670,42558,vcpu=0 cpu=66 ap1r0=100000 (shadow already dirty)
put,260797747890,42558,vcpu=0 cpu=66 ap1r0=100000 ap1r1=0
load,260797754120,42558,vcpu=0 cpu=66 ap1r0=100000 (shadow already dirty)
put,260797763350,42558,vcpu=0 cpu=66 ap1r0=100000 ap1r1=0
load,260797766520,42558,vcpu=0 cpu=66 ap1r0=100000 (shadow already dirty)
put,260800788100,42558,vcpu=0 cpu=66 ap1r0=100000 ap1r1=0
load,260800794870,42558,vcpu=0 cpu=66 ap1r0=100000 (shadow already dirty)
put,260800829050,42558,vcpu=0 cpu=66 ap1r0=100000 ap1r1=0
load,260800835390,42558,vcpu=0 cpu=66 ap1r0=100000 (shadow already dirty)
put,260800845730,42558,vcpu=0 cpu=66 ap1r0=100000 ap1r1=0
load,260800851920,42558,vcpu=0 cpu=66 ap1r0=100000 (shadow already dirty)
put,260802350170,42558,vcpu=0 cpu=66 ap1r0=100000 ap1r1=0
load,260802357170,42558,vcpu=0 cpu=66 ap1r0=100000 (shadow already dirty)
put,260802390120,42558,vcpu=0 cpu=66 ap1r0=100000 ap1r1=0
load,260802396350,42558,vcpu=0 cpu=66 ap1r0=100000 (shadow already dirty)
put,260802406630,42558,vcpu=0 cpu=66 ap1r0=100000 ap1r1=0
load,260802412720,42558,vcpu=0 cpu=66 ap1r0=100000 (shadow already dirty)
put,260832915330,42558,vcpu=0 cpu=66 ap1r0=100000 ap1r1=0
load,260832923200,42558,vcpu=0 cpu=66 ap1r0=100000 (shadow already dirty)
put,260832957100,42558,vcpu=0 cpu=66 ap1r0=100000 ap1r1=0
load,260832963730,42558,vcpu=0 cpu=66 ap1r0=100000 (shadow already dirty)
put,260834650490,42558,vcpu=0 cpu=66 ap1r0=100000 ap1r1=0
load,260834656720,42558,vcpu=0 cpu=66 ap1r0=100000 (shadow already dirty)
put,260834689140,42558,vcpu=0 cpu=66 ap1r0=100000 ap1r1=0
load,260834695390,42558,vcpu=0 cpu=66 ap1r0=100000 (shadow already dirty)
put,260834705840,42558,vcpu=0 cpu=66 ap1r0=100000 ap1r1=0
load,260834712210,42558,vcpu=0 cpu=66 ap1r0=100000 (shadow already dirty)
put,260847708250,42558,vcpu=0 cpu=66 ap1r0=100000 ap1r1=0
load,260847719910,42558,vcpu=0 cpu=66 ap1r0=100000 (shadow already dirty)
put,260849103850,42558,vcpu=0 cpu=66 ap1r0=100000 ap1r1=0
load,260849111400,42558,vcpu=0 cpu=66 ap1r0=100000 (shadow already dirty)
put,260849145270,42558,vcpu=0 cpu=66 ap1r0=100000 ap1r1=0
load,260849152140,42558,vcpu=0 cpu=66 ap1r0=100000 (shadow already dirty)
put,260849164480,42558,vcpu=0 cpu=66 ap1r0=100000 ap1r1=0
load,260849171460,42558,vcpu=0 cpu=66 ap1r0=100000 (shadow already dirty)
put,260849176640,42558,vcpu=0 cpu=66 ap1r0=100000 ap1r1=0
load,260849178670,42558,vcpu=0 cpu=66 ap1r0=100000 (shadow already dirty)
put,260850117850,42558,vcpu=0 cpu=66 ap1r0=100000 ap1r1=0
load,260850125560,42558,vcpu=0 cpu=66 ap1r0=100000 (shadow already dirty)
put,260850137750,42558,vcpu=0 cpu=66 ap1r0=100000 ap1r1=0
load,260850144500,42558,vcpu=0 cpu=66 ap1r0=100000 (shadow already dirty)
put,260850148990,42558,vcpu=0 cpu=66 ap1r0=100000 ap1r1=0
load,260850150730,42558,vcpu=0 cpu=66 ap1r0=100000 (shadow already dirty)
put,260858308430,42559,vcpu=1 cpu=80 ap1r0=100000 ap1r1=0
load,260858376870,42559,vcpu=1 cpu=80 ap1r0=100000 (shadow already dirty)
put,260858386380,42559,vcpu=1 cpu=80 ap1r0=100000 ap1r1=0
load,317863694250,43876,vcpu=1 cpu=237 ap1r0=ffffffff00000000 (shadow already dirty)
load,317863695620,43875,vcpu=0 cpu=261 ap1r0=700000000 (shadow already dirty)
put,317865738100,43875,vcpu=0 cpu=261 ap1r0=100000 ap1r1=0
load,317865745310,43875,vcpu=0 cpu=261 ap1r0=100000 (shadow already dirty)
put,317865835460,43875,vcpu=0 cpu=261 ap1r0=100000 ap1r1=0
load,317865839570,43875,vcpu=0 cpu=261 ap1r0=100000 (shadow already dirty)
put,317867985590,43875,vcpu=0 cpu=261 ap1r0=100000 ap1r1=0
load,317867989570,43875,vcpu=0 cpu=261 ap1r0=100000 (shadow already dirty)
put,317868032950,43875,vcpu=0 cpu=261 ap1r0=100000 ap1r1=0
load,317868036860,43875,vcpu=0 cpu=261 ap1r0=100000 (shadow already dirty)
put,317870218030,43875,vcpu=0 cpu=261 ap1r0=100000 ap1r1=0
load,317870222350,43875,vcpu=0 cpu=261 ap1r0=100000 (shadow already dirty)
put,317870255350,43875,vcpu=0 cpu=261 ap1r0=100000 ap1r1=0
load,317870259220,43875,vcpu=0 cpu=261 ap1r0=100000 (shadow already dirty)
put,317870269770,43875,vcpu=0 cpu=261 ap1r0=100000 ap1r1=0
load,317870273560,43875,vcpu=0 cpu=261 ap1r0=100000 (shadow already dirty)
put,317877937950,43875,vcpu=0 cpu=261 ap1r0=100000 ap1r1=0
load,317877946830,43875,vcpu=0 cpu=261 ap1r0=100000 (shadow already dirty)
put,317879012500,43875,vcpu=0 cpu=261 ap1r0=100000 ap1r1=0
load,317879017350,43875,vcpu=0 cpu=261 ap1r0=100000 (shadow already dirty)
put,317879052760,43875,vcpu=0 cpu=261 ap1r0=100000 ap1r1=0
load,317879057170,43875,vcpu=0 cpu=261 ap1r0=100000 (shadow already dirty)
put,317879069510,43875,vcpu=0 cpu=261 ap1r0=100000 ap1r1=0
load,317879073970,43875,vcpu=0 cpu=261 ap1r0=100000 (shadow already dirty)
put,317879078810,43875,vcpu=0 cpu=261 ap1r0=100000 ap1r1=0
load,317879080460,43875,vcpu=0 cpu=261 ap1r0=100000 (shadow already dirty)
put,317879843730,43875,vcpu=0 cpu=261 ap1r0=100000 ap1r1=0
load,317879849800,43875,vcpu=0 cpu=261 ap1r0=100000 (shadow already dirty)
put,317879862300,43875,vcpu=0 cpu=261 ap1r0=100000 ap1r1=0
load,317879866880,43875,vcpu=0 cpu=261 ap1r0=100000 (shadow already dirty)
put,317879871720,43875,vcpu=0 cpu=261 ap1r0=100000 ap1r1=0
load,317879873430,43875,vcpu=0 cpu=261 ap1r0=100000 (shadow already dirty)
put,317881347360,43875,vcpu=0 cpu=261 ap1r0=100000 ap1r1=0
load,317881352770,43875,vcpu=0 cpu=261 ap1r0=100000 (shadow already dirty)
put,317881384180,43875,vcpu=0 cpu=261 ap1r0=100000 ap1r1=0
load,317881388040,43875,vcpu=0 cpu=261 ap1r0=100000 (shadow already dirty)
put,317881397650,43875,vcpu=0 cpu=261 ap1r0=100000 ap1r1=0
load,317881401500,43875,vcpu=0 cpu=261 ap1r0=100000 (shadow already dirty)
put,317883104160,43875,vcpu=0 cpu=261 ap1r0=100000 ap1r1=0
load,317883108790,43875,vcpu=0 cpu=261 ap1r0=100000 (shadow already dirty)
put,317883140050,43875,vcpu=0 cpu=261 ap1r0=100000 ap1r1=0
load,317883144050,43875,vcpu=0 cpu=261 ap1r0=100000 (shadow already dirty)
put,317884121490,43875,vcpu=0 cpu=261 ap1r0=100000 ap1r1=0
load,317884126000,43875,vcpu=0 cpu=261 ap1r0=100000 (shadow already dirty)
put,317884156830,43875,vcpu=0 cpu=261 ap1r0=100000 ap1r1=0
load,317884160630,43875,vcpu=0 cpu=261 ap1r0=100000 (shadow already dirty)
put,317884170040,43875,vcpu=0 cpu=261 ap1r0=100000 ap1r1=0
load,317884171510,43875,vcpu=0 cpu=261 ap1r0=100000 (shadow already dirty)
put,317886072520,43875,vcpu=0 cpu=261 ap1r0=100000 ap1r1=0
load,317886077120,43875,vcpu=0 cpu=261 ap1r0=100000 (shadow already dirty)
put,317886110000,43875,vcpu=0 cpu=261 ap1r0=100000 ap1r1=0
load,317886113840,43875,vcpu=0 cpu=261 ap1r0=100000 (shadow already dirty)
put,317887557890,43875,vcpu=0 cpu=261 ap1r0=100000 ap1r1=0
load,317887562130,43875,vcpu=0 cpu=261 ap1r0=100000 (shadow already dirty)
put,317887594670,43875,vcpu=0 cpu=261 ap1r0=100000 ap1r1=0
load,317887598510,43875,vcpu=0 cpu=261 ap1r0=100000 (shadow already dirty)
put,317887608980,43875,vcpu=0 cpu=261 ap1r0=100000 ap1r1=0
load,317887612690,43875,vcpu=0 cpu=261 ap1r0=100000 (shadow already dirty)
put,317916144650,43875,vcpu=0 cpu=261 ap1r0=100000 ap1r1=0
load,317916149650,43875,vcpu=0 cpu=261 ap1r0=100000 (shadow already dirty)
put,317916189880,43875,vcpu=0 cpu=261 ap1r0=100000 ap1r1=0
load,317916194100,43875,vcpu=0 cpu=261 ap1r0=100000 (shadow already dirty)
put,317916204120,43875,vcpu=0 cpu=261 ap1r0=100000 ap1r1=0
load,317916207880,43875,vcpu=0 cpu=261 ap1r0=100000 (shadow already dirty)
put,317922700690,43875,vcpu=0 cpu=261 ap1r0=100000 ap1r1=0
load,317922705840,43875,vcpu=0 cpu=261 ap1r0=100000 (shadow already dirty)
put,317922738850,43875,vcpu=0 cpu=261 ap1r0=100000 ap1r1=0
load,317922742740,43875,vcpu=0 cpu=261 ap1r0=100000 (shadow already dirty)
put,317922753010,43875,vcpu=0 cpu=261 ap1r0=100000 ap1r1=0
load,317922756490,43875,vcpu=0 cpu=261 ap1r0=100000 (shadow already dirty)
put,317933374450,43875,vcpu=0 cpu=261 ap1r0=100000 ap1r1=0
load,317933380460,43875,vcpu=0 cpu=261 ap1r0=100000 (shadow already dirty)
put,317933414120,43875,vcpu=0 cpu=261 ap1r0=100000 ap1r1=0
load,317933418100,43875,vcpu=0 cpu=261 ap1r0=100000 (shadow already dirty)
put,317934690280,43875,vcpu=0 cpu=261 ap1r0=100000 ap1r1=0
load,317934694170,43875,vcpu=0 cpu=261 ap1r0=100000 (shadow already dirty)
put,317934724420,43875,vcpu=0 cpu=261 ap1r0=100000 ap1r1=0
load,317934728230,43875,vcpu=0 cpu=261 ap1r0=100000 (shadow already dirty)
put,317934737670,43875,vcpu=0 cpu=261 ap1r0=100000 ap1r1=0
load,317934741420,43875,vcpu=0 cpu=261 ap1r0=100000 (shadow already dirty)
put,317935909670,43875,vcpu=0 cpu=261 ap1r0=100000 ap1r1=0
load,317935913890,43875,vcpu=0 cpu=261 ap1r0=100000 (shadow already dirty)
put,317935944640,43875,vcpu=0 cpu=261 ap1r0=100000 ap1r1=0
load,317935948610,43875,vcpu=0 cpu=261 ap1r0=100000 (shadow already dirty)
put,317935958110,43875,vcpu=0 cpu=261 ap1r0=100000 ap1r1=0
load,317935961930,43875,vcpu=0 cpu=261 ap1r0=100000 (shadow already dirty)
put,317943049610,43876,vcpu=1 cpu=198 ap1r0=100000 ap1r1=0
load,317943117840,43876,vcpu=1 cpu=198 ap1r0=100000 (shadow already dirty)
put,317943124360,43876,vcpu=1 cpu=198 ap1r0=100000 ap1r1=0
load,319730123460,43957,vcpu=0 cpu=238 ap1r0=700000000 (shadow already dirty)
load,319730140600,43958,vcpu=1 cpu=236 ap1r0=6e6f00000000 (shadow already dirty)
put,319732318960,43957,vcpu=0 cpu=238 ap1r0=100000 ap1r1=0
load,319732324830,43957,vcpu=0 cpu=238 ap1r0=100000 (shadow already dirty)
put,319732427620,43957,vcpu=0 cpu=238 ap1r0=100000 ap1r1=0
load,319732431890,43957,vcpu=0 cpu=238 ap1r0=100000 (shadow already dirty)
put,319734587390,43957,vcpu=0 cpu=238 ap1r0=100000 ap1r1=0
load,319734591370,43957,vcpu=0 cpu=238 ap1r0=100000 (shadow already dirty)
put,319734628460,43957,vcpu=0 cpu=238 ap1r0=100000 ap1r1=0
load,319734632120,43957,vcpu=0 cpu=238 ap1r0=100000 (shadow already dirty)
put,319736669630,43957,vcpu=0 cpu=238 ap1r0=100000 ap1r1=0
load,319736673520,43957,vcpu=0 cpu=238 ap1r0=100000 (shadow already dirty)
put,319736706010,43957,vcpu=0 cpu=238 ap1r0=100000 ap1r1=0
load,319736709620,43957,vcpu=0 cpu=238 ap1r0=100000 (shadow already dirty)
put,319736720300,43957,vcpu=0 cpu=238 ap1r0=100000 ap1r1=0
load,319736723900,43957,vcpu=0 cpu=238 ap1r0=100000 (shadow already dirty)
put,319744468460,43957,vcpu=0 cpu=238 ap1r0=100000 ap1r1=0
load,319744473620,43957,vcpu=0 cpu=238 ap1r0=100000 (shadow already dirty)
put,319744505440,43957,vcpu=0 cpu=238 ap1r0=100000 ap1r1=0
load,319744509310,43957,vcpu=0 cpu=238 ap1r0=100000 (shadow already dirty)
put,319745510070,43957,vcpu=0 cpu=238 ap1r0=100000 ap1r1=0
load,319745513770,43957,vcpu=0 cpu=238 ap1r0=100000 (shadow already dirty)
put,319745544590,43957,vcpu=0 cpu=238 ap1r0=100000 ap1r1=0
load,319745548200,43957,vcpu=0 cpu=238 ap1r0=100000 (shadow already dirty)
put,319745557820,43957,vcpu=0 cpu=238 ap1r0=100000 ap1r1=0
load,319745561400,43957,vcpu=0 cpu=238 ap1r0=100000 (shadow already dirty)
put,319746279780,43957,vcpu=0 cpu=238 ap1r0=100000 ap1r1=0
load,319746285590,43957,vcpu=0 cpu=238 ap1r0=100000 (shadow already dirty)
put,319746319740,43957,vcpu=0 cpu=238 ap1r0=100000 ap1r1=0
load,319746324260,43957,vcpu=0 cpu=238 ap1r0=100000 (shadow already dirty)
put,319746336410,43957,vcpu=0 cpu=238 ap1r0=100000 ap1r1=0
load,319746340740,43957,vcpu=0 cpu=238 ap1r0=100000 (shadow already dirty)
put,319747722540,43957,vcpu=0 cpu=238 ap1r0=100000 ap1r1=0
load,319747726870,43957,vcpu=0 cpu=238 ap1r0=100000 (shadow already dirty)
put,319747758750,43957,vcpu=0 cpu=238 ap1r0=100000 ap1r1=0
load,319747762660,43957,vcpu=0 cpu=238 ap1r0=100000 (shadow already dirty)
put,319748731590,43957,vcpu=0 cpu=238 ap1r0=100000 ap1r1=0
load,319748735510,43957,vcpu=0 cpu=238 ap1r0=100000 (shadow already dirty)
put,319748766630,43957,vcpu=0 cpu=238 ap1r0=100000 ap1r1=0
load,319748770180,43957,vcpu=0 cpu=238 ap1r0=100000 (shadow already dirty)
put,319748779760,43957,vcpu=0 cpu=238 ap1r0=100000 ap1r1=0
load,319748783310,43957,vcpu=0 cpu=238 ap1r0=100000 (shadow already dirty)
put,319749008630,43957,vcpu=0 cpu=238 ap1r0=100000 ap1r1=0
load,319749013640,43957,vcpu=0 cpu=238 ap1r0=100000 (shadow already dirty)
put,319749047620,43957,vcpu=0 cpu=238 ap1r0=100000 ap1r1=0
load,319749051990,43957,vcpu=0 cpu=238 ap1r0=100000 (shadow already dirty)
put,319749063850,43957,vcpu=0 cpu=238 ap1r0=100000 ap1r1=0
load,319749068080,43957,vcpu=0 cpu=238 ap1r0=100000 (shadow already dirty)
put,319752068630,43957,vcpu=0 cpu=226 ap1r0=100000 ap1r1=0
load,319752080770,43957,vcpu=0 cpu=226 ap1r0=100000 (shadow already dirty)
put,319754141250,43957,vcpu=0 cpu=226 ap1r0=100000 ap1r1=0
load,319754148880,43957,vcpu=0 cpu=226 ap1r0=100000 (shadow already dirty)
put,319754183200,43957,vcpu=0 cpu=226 ap1r0=100000 ap1r1=0
load,319754188490,43957,vcpu=0 cpu=226 ap1r0=100000 (shadow already dirty)
put,319754200450,43957,vcpu=0 cpu=226 ap1r0=100000 ap1r1=0
load,319754205420,43957,vcpu=0 cpu=226 ap1r0=100000 (shadow already dirty)
put,319754209980,43957,vcpu=0 cpu=226 ap1r0=100000 ap1r1=0
load,319754211860,43957,vcpu=0 cpu=226 ap1r0=100000 (shadow already dirty)
put,319788213450,43957,vcpu=0 cpu=226 ap1r0=100000 ap1r1=0
load,319788226240,43957,vcpu=0 cpu=226 ap1r0=100000 (shadow already dirty)
put,319788264260,43957,vcpu=0 cpu=226 ap1r0=100000 ap1r1=0
load,319788270480,43957,vcpu=0 cpu=226 ap1r0=100000 (shadow already dirty)
put,319789954410,43957,vcpu=0 cpu=226 ap1r0=100000 ap1r1=0
load,319789961970,43957,vcpu=0 cpu=226 ap1r0=100000 (shadow already dirty)
put,319789974840,43957,vcpu=0 cpu=226 ap1r0=100000 ap1r1=0
load,319789979860,43957,vcpu=0 cpu=226 ap1r0=100000 (shadow already dirty)
put,319789984340,43957,vcpu=0 cpu=226 ap1r0=100000 ap1r1=0
load,319789986270,43957,vcpu=0 cpu=226 ap1r0=100000 (shadow already dirty)
put,319801309010,43957,vcpu=0 cpu=226 ap1r0=100000 ap1r1=0
load,319801319770,43957,vcpu=0 cpu=226 ap1r0=100000 (shadow already dirty)
put,319802583690,43957,vcpu=0 cpu=226 ap1r0=100000 ap1r1=0
load,319802588770,43957,vcpu=0 cpu=226 ap1r0=100000 (shadow already dirty)
put,319802595850,43957,vcpu=0 cpu=226 ap1r0=100000 ap1r1=0
load,319802599260,43957,vcpu=0 cpu=226 ap1r0=100000 (shadow already dirty)
put,319802653910,43957,vcpu=0 cpu=226 ap1r0=100000 ap1r1=0
load,319802659680,43957,vcpu=0 cpu=226 ap1r0=100000 (shadow already dirty)
put,319802664940,43957,vcpu=0 cpu=226 ap1r0=100000 ap1r1=0
load,319802667760,43957,vcpu=0 cpu=226 ap1r0=100000 (shadow already dirty)
put,319803719020,43957,vcpu=0 cpu=226 ap1r0=100000 ap1r1=0
load,319803724680,43957,vcpu=0 cpu=226 ap1r0=100000 (shadow already dirty)
put,319803737100,43957,vcpu=0 cpu=226 ap1r0=100000 ap1r1=0
load,319803741670,43957,vcpu=0 cpu=226 ap1r0=100000 (shadow already dirty)
put,319803746200,43957,vcpu=0 cpu=226 ap1r0=100000 ap1r1=0
load,319803748080,43957,vcpu=0 cpu=226 ap1r0=100000 (shadow already dirty)
put,319809875270,43958,vcpu=1 cpu=242 ap1r0=100000 ap1r1=0
load,319809948800,43958,vcpu=1 cpu=242 ap1r0=100000 (shadow already dirty)
put,319809955470,43958,vcpu=1 cpu=242 ap1r0=100000 ap1r1=0
load,321634413610,44058,vcpu=0 cpu=236 ap1r0=700000000 (shadow already dirty)
load,321634437670,44059,vcpu=1 cpu=280 ap1r0=ffffffff00000000 (shadow already dirty)
put,321636621770,44058,vcpu=0 cpu=236 ap1r0=100000 ap1r1=0
load,321636628760,44058,vcpu=0 cpu=236 ap1r0=100000 (shadow already dirty)
put,321636736000,44058,vcpu=0 cpu=236 ap1r0=100000 ap1r1=0
load,321636740530,44058,vcpu=0 cpu=236 ap1r0=100000 (shadow already dirty)
put,321639011660,44058,vcpu=0 cpu=236 ap1r0=100000 ap1r1=0
load,321639015780,44058,vcpu=0 cpu=236 ap1r0=100000 (shadow already dirty)
put,321639047460,44058,vcpu=0 cpu=236 ap1r0=100000 ap1r1=0
load,321639051320,44058,vcpu=0 cpu=236 ap1r0=100000 (shadow already dirty)
put,321641263130,44058,vcpu=0 cpu=236 ap1r0=100000 ap1r1=0
load,321641267310,44058,vcpu=0 cpu=236 ap1r0=100000 (shadow already dirty)
put,321641299350,44058,vcpu=0 cpu=236 ap1r0=100000 ap1r1=0
load,321641302890,44058,vcpu=0 cpu=236 ap1r0=100000 (shadow already dirty)
put,321641313300,44058,vcpu=0 cpu=236 ap1r0=100000 ap1r1=0
load,321641316830,44058,vcpu=0 cpu=236 ap1r0=100000 (shadow already dirty)
put,321649428800,44058,vcpu=0 cpu=236 ap1r0=100000 ap1r1=0
load,321649438460,44058,vcpu=0 cpu=236 ap1r0=100000 (shadow already dirty)
put,321650493340,44058,vcpu=0 cpu=236 ap1r0=100000 ap1r1=0
load,321650498320,44058,vcpu=0 cpu=236 ap1r0=100000 (shadow already dirty)
put,321650533600,44058,vcpu=0 cpu=236 ap1r0=100000 ap1r1=0
load,321650538290,44058,vcpu=0 cpu=236 ap1r0=100000 (shadow already dirty)
put,321650550670,44058,vcpu=0 cpu=236 ap1r0=100000 ap1r1=0
load,321650555280,44058,vcpu=0 cpu=236 ap1r0=100000 (shadow already dirty)
put,321650560160,44058,vcpu=0 cpu=236 ap1r0=100000 ap1r1=0
load,321650561780,44058,vcpu=0 cpu=236 ap1r0=100000 (shadow already dirty)
put,321651282600,44058,vcpu=0 cpu=236 ap1r0=100000 ap1r1=0
load,321651288350,44058,vcpu=0 cpu=236 ap1r0=100000 (shadow already dirty)
put,321651325560,44058,vcpu=0 cpu=236 ap1r0=100000 ap1r1=0
load,321651330760,44058,vcpu=0 cpu=236 ap1r0=100000 (shadow already dirty)
put,321651343310,44058,vcpu=0 cpu=236 ap1r0=100000 ap1r1=0
load,321651347740,44058,vcpu=0 cpu=236 ap1r0=100000 (shadow already dirty)
put,321652833480,44058,vcpu=0 cpu=236 ap1r0=100000 ap1r1=0
load,321652838410,44058,vcpu=0 cpu=236 ap1r0=100000 (shadow already dirty)
put,321652869940,44058,vcpu=0 cpu=236 ap1r0=100000 ap1r1=0
load,321652873750,44058,vcpu=0 cpu=236 ap1r0=100000 (shadow already dirty)
put,321652883590,44058,vcpu=0 cpu=236 ap1r0=100000 ap1r1=0
load,321652887300,44058,vcpu=0 cpu=236 ap1r0=100000 (shadow already dirty)
put,321654603320,44058,vcpu=0 cpu=236 ap1r0=100000 ap1r1=0
load,321654608030,44058,vcpu=0 cpu=236 ap1r0=100000 (shadow already dirty)
put,321654639670,44058,vcpu=0 cpu=236 ap1r0=100000 ap1r1=0
load,321654643560,44058,vcpu=0 cpu=236 ap1r0=100000 (shadow already dirty)
put,321655662820,44058,vcpu=0 cpu=236 ap1r0=100000 ap1r1=0
load,321655666920,44058,vcpu=0 cpu=236 ap1r0=100000 (shadow already dirty)
put,321655699380,44058,vcpu=0 cpu=236 ap1r0=100000 ap1r1=0
load,321655703030,44058,vcpu=0 cpu=236 ap1r0=100000 (shadow already dirty)
put,321655713230,44058,vcpu=0 cpu=236 ap1r0=100000 ap1r1=0
load,321655716850,44058,vcpu=0 cpu=236 ap1r0=100000 (shadow already dirty)
put,321657641040,44058,vcpu=0 cpu=236 ap1r0=100000 ap1r1=0
load,321657646290,44058,vcpu=0 cpu=236 ap1r0=100000 (shadow already dirty)
put,321657680060,44058,vcpu=0 cpu=236 ap1r0=100000 ap1r1=0
load,321657683960,44058,vcpu=0 cpu=236 ap1r0=100000 (shadow already dirty)
put,321659039760,44058,vcpu=0 cpu=236 ap1r0=100000 ap1r1=0
load,321659043590,44058,vcpu=0 cpu=236 ap1r0=100000 (shadow already dirty)
put,321659075310,44058,vcpu=0 cpu=236 ap1r0=100000 ap1r1=0
load,321659079170,44058,vcpu=0 cpu=236 ap1r0=100000 (shadow already dirty)
put,321659088890,44058,vcpu=0 cpu=236 ap1r0=100000 ap1r1=0
load,321659092470,44058,vcpu=0 cpu=236 ap1r0=100000 (shadow already dirty)
put,321688292350,44058,vcpu=0 cpu=236 ap1r0=100000 ap1r1=0
load,321688297740,44058,vcpu=0 cpu=236 ap1r0=100000 (shadow already dirty)
put,321688332250,44058,vcpu=0 cpu=236 ap1r0=100000 ap1r1=0
load,321688336150,44058,vcpu=0 cpu=236 ap1r0=100000 (shadow already dirty)
put,321690055870,44058,vcpu=0 cpu=236 ap1r0=100000 ap1r1=0
load,321690059570,44058,vcpu=0 cpu=236 ap1r0=100000 (shadow already dirty)
put,321690090380,44058,vcpu=0 cpu=236 ap1r0=100000 ap1r1=0
load,321690093960,44058,vcpu=0 cpu=236 ap1r0=100000 (shadow already dirty)
put,321690103570,44058,vcpu=0 cpu=236 ap1r0=100000 ap1r1=0
load,321690107130,44058,vcpu=0 cpu=236 ap1r0=100000 (shadow already dirty)
put,321703998000,44058,vcpu=0 cpu=236 ap1r0=100000 ap1r1=0
load,321704022540,44058,vcpu=0 cpu=236 ap1r0=100000 (shadow already dirty)
put,321705426150,44058,vcpu=0 cpu=236 ap1r0=100000 ap1r1=0
load,321705432020,44058,vcpu=0 cpu=236 ap1r0=100000 (shadow already dirty)
put,321705467800,44058,vcpu=0 cpu=236 ap1r0=100000 ap1r1=0
load,321705472780,44058,vcpu=0 cpu=236 ap1r0=100000 (shadow already dirty)
put,321705485300,44058,vcpu=0 cpu=236 ap1r0=100000 ap1r1=0
load,321705489810,44058,vcpu=0 cpu=236 ap1r0=100000 (shadow already dirty)
put,321705494150,44058,vcpu=0 cpu=236 ap1r0=100000 ap1r1=0
load,321705495810,44058,vcpu=0 cpu=236 ap1r0=100000 (shadow already dirty)
put,321706675390,44058,vcpu=0 cpu=236 ap1r0=100000 ap1r1=0
load,321706680720,44058,vcpu=0 cpu=236 ap1r0=100000 (shadow already dirty)
put,321706693210,44058,vcpu=0 cpu=236 ap1r0=100000 ap1r1=0
load,321706697720,44058,vcpu=0 cpu=236 ap1r0=100000 (shadow already dirty)
put,321706702010,44058,vcpu=0 cpu=236 ap1r0=100000 ap1r1=0
load,321706703690,44058,vcpu=0 cpu=236 ap1r0=100000 (shadow already dirty)
put,321714145050,44059,vcpu=1 cpu=198 ap1r0=100000 ap1r1=0
load,321714211050,44059,vcpu=1 cpu=198 ap1r0=100000 (shadow already dirty)
put,321714217990,44059,vcpu=1 cpu=198 ap1r0=100000 ap1r1=0
